QSystemTrayIcon::setVisible: No Icon set
WARNING:root:GUI 卡顿 814ms state=IDLE anim=待机呼吸休闲 physics=None
WARNING:pet.gui_stall_sampler:GUI 冻结现场（814ms，10 个采样点，旧→新）：
WARNING:pet.gui_stall_sampler:  [t-690ms] verify_seeky_multi.py:57:main <- app.py:1703:start <- app.py:1812:_create_ui_with_character_fallback <- app.py:572:_create_ui <- app.py:537:_build_window <- enum.py:695:__call__
WARNING:pet.gui_stall_sampler:  [t-566ms] verify_seeky_multi.py:57:main <- app.py:1703:start <- app.py:1812:_create_ui_with_character_fallback <- app.py:572:_create_ui <- app.py:537:_build_window <- file_eater.py:150:eventFilter
WARNING:pet.gui_stall_sampler:  [t-514ms] <frozen importlib._bootstrap>:1360:_find_and_load <- <frozen importlib._bootstrap>:1331:_find_and_load_unlocked <- <frozen importlib._bootstrap>:935:_load_unlocked <- <frozen importlib._bootstrap_external>:1022:exec_module <- <frozen importlib._bootstrap_external>:1118:get_code <- <frozen importlib._bootstrap_external>:1218:get_data
WARNING:pet.gui_stall_sampler:  [t-448ms] window_placement.py:400:_move_towards <- window.py:938:_move_window_towards <- window_placement.py:132:move_window_towards <- window.py:2270:_sync_mask <- window_optional_services.py:42:effects_coverage <- frame_edges.py:20:coverage_region
WARNING:pet.gui_stall_sampler:  [t-382ms] verify_seeky_multi.py:92:main <- app.py:2627:spawn_pet <- app.py:2768:spawn_in_process_window <- app.py:548:_build_window <- settings_commands.py:26:__init__ <- _local.py:731:mkdir
WARNING:pet.gui_stall_sampler:  [t-259ms] window_placement.py:393:restore_position <- window.py:1050:_write_runtime_marker <- window_placement.py:211:write_runtime_marker <- slot_manager.py:596:write_runtime_marker <- _local.py:555:write_text <- _abc.py:651:write_text
WARNING:pet.gui_stall_sampler:  [t-201ms] verify_seeky_multi.py:255:<module> <- verify_seeky_multi.py:208:main
WARNING:root:GUI 卡顿 485ms state=IDLE anim=待机呼吸休闲 physics=None
WARNING:pet.gui_stall_sampler:GUI 冻结现场（485ms，8 个采样点，旧→新）：
WARNING:pet.gui_stall_sampler:  [t-534ms] <frozen importlib._bootstrap>:1360:_find_and_load <- <frozen importlib._bootstrap>:1331:_find_and_load_unlocked <- <frozen importlib._bootstrap>:935:_load_unlocked <- <frozen importlib._bootstrap_external>:1022:exec_module <- <frozen importlib._bootstrap_external>:1118:get_code <- <frozen importlib._bootstrap_external>:1218:get_data
WARNING:pet.gui_stall_sampler:  [t-468ms] window_placement.py:400:_move_towards <- window.py:938:_move_window_towards <- window_placement.py:132:move_window_towards <- window.py:2270:_sync_mask <- window_optional_services.py:42:effects_coverage <- frame_edges.py:20:coverage_region
WARNING:pet.gui_stall_sampler:  [t-401ms] verify_seeky_multi.py:92:main <- app.py:2627:spawn_pet <- app.py:2768:spawn_in_process_window <- app.py:548:_build_window <- settings_commands.py:26:__init__ <- _local.py:731:mkdir
WARNING:pet.gui_stall_sampler:  [t-278ms] window_placement.py:393:restore_position <- window.py:1050:_write_runtime_marker <- window_placement.py:211:write_runtime_marker <- slot_manager.py:596:write_runtime_marker <- _local.py:555:write_text <- _abc.py:651:write_text
WARNING:pet.gui_stall_sampler:  [t-221ms] verify_seeky_multi.py:255:<module> <- verify_seeky_multi.py:208:main
WARNING:root:GUI 卡顿 364ms state=IDLE anim=待机呼吸休闲 physics=None
WARNING:pet.gui_stall_sampler:GUI 冻结现场（364ms，7 个采样点，旧→新）：
WARNING:pet.gui_stall_sampler:  [t-402ms] verify_seeky_multi.py:92:main <- app.py:2627:spawn_pet <- app.py:2768:spawn_in_process_window <- app.py:548:_build_window <- settings_commands.py:26:__init__ <- _local.py:731:mkdir
WARNING:pet.gui_stall_sampler:  [t-279ms] window_placement.py:393:restore_position <- window.py:1050:_write_runtime_marker <- window_placement.py:211:write_runtime_marker <- slot_manager.py:596:write_runtime_marker <- _local.py:555:write_text <- _abc.py:651:write_text
WARNING:pet.gui_stall_sampler:  [t-222ms] verify_seeky_multi.py:255:<module> <- verify_seeky_multi.py:208:main
WARNING:pet.gui_stall_sampler:  [t-0ms] verify_seeky_multi.py:255:<module> <- verify_seeky_multi.py:208:main <- webm_clip.py:2499:_poll <- webm_clip.py:2736:_process_frame <- webm_clip.py:635:_ffr_evict
WARNING:root:GUI 卡顿 107ms state=IDLE anim=待机呼吸休闲 physics=None
WARNING:pet.gui_stall_sampler:GUI 冻结现场（107ms，3 个采样点，旧→新）：
WARNING:pet.gui_stall_sampler:  [t-143ms] verify_seeky_multi.py:255:<module> <- verify_seeky_multi.py:208:main
WARNING:root:GUI 卡顿 108ms state=IDLE anim=待机呼吸休闲 physics=None
WARNING:pet.gui_stall_sampler:GUI 冻结现场（108ms，3 个采样点，旧→新）：
WARNING:pet.gui_stall_sampler:  [t-143ms] verify_seeky_multi.py:255:<module> <- verify_seeky_multi.py:208:main
WARNING:root:GUI 卡顿 108ms state=IDLE anim=待机呼吸休闲 physics=None
WARNING:pet.gui_stall_sampler:GUI 冻结现场（108ms，3 个采样点，旧→新）：
WARNING:pet.gui_stall_sampler:  [t-143ms] verify_seeky_multi.py:255:<module> <- verify_seeky_multi.py:208:main
WARNING:root:GUI 卡顿 286ms state=IDLE anim=待机呼吸休闲 physics=None
WARNING:pet.gui_stall_sampler:GUI 冻结现场（286ms，3 个采样点，旧→新）：
WARNING:pet.gui_stall_sampler:  [t-288ms] verify_seeky_multi.py:255:<module> <- verify_seeky_multi.py:208:main
WARNING:pet.gui_stall_sampler:  [t-91ms] verify_seeky_multi.py:255:<module> <- verify_seeky_multi.py:208:main <- webm_clip.py:2499:_poll <- webm_clip.py:2724:_process_frame
WARNING:pet.gui_stall_sampler:  [t-1ms] webm_clip.py:2499:_poll <- webm_clip.py:2750:_process_frame <- window_optional_services.py:62:<lambda> <- window.py:1917:_on_frame <- window.py:2068:_rebuild_frame <- window.py:1990:_frame_signature
WARNING:root:GUI 卡顿 286ms state=IDLE anim=待机呼吸休闲 physics=None
WARNING:pet.gui_stall_sampler:GUI 冻结现场（286ms，3 个采样点，旧→新）：
WARNING:pet.gui_stall_sampler:  [t-288ms] verify_seeky_multi.py:255:<module> <- verify_seeky_multi.py:208:main
WARNING:pet.gui_stall_sampler:  [t-91ms] verify_seeky_multi.py:255:<module> <- verify_seeky_multi.py:208:main <- webm_clip.py:2499:_poll <- webm_clip.py:2724:_process_frame
WARNING:pet.gui_stall_sampler:  [t-1ms] webm_clip.py:2499:_poll <- webm_clip.py:2750:_process_frame <- window_optional_services.py:62:<lambda> <- window.py:1917:_on_frame <- window.py:2068:_rebuild_frame <- window.py:1990:_frame_signature
WARNING:root:GUI 卡顿 286ms state=IDLE anim=待机呼吸休闲 physics=None
WARNING:pet.gui_stall_sampler:GUI 冻结现场（286ms，3 个采样点，旧→新）：
WARNING:pet.gui_stall_sampler:  [t-288ms] verify_seeky_multi.py:255:<module> <- verify_seeky_multi.py:208:main
WARNING:pet.gui_stall_sampler:  [t-92ms] verify_seeky_multi.py:255:<module> <- verify_seeky_multi.py:208:main <- webm_clip.py:2499:_poll <- webm_clip.py:2724:_process_frame
WARNING:pet.gui_stall_sampler:  [t-1ms] webm_clip.py:2499:_poll <- webm_clip.py:2750:_process_frame <- window_optional_services.py:62:<lambda> <- window.py:1917:_on_frame <- window.py:2068:_rebuild_frame <- window.py:1990:_frame_signature
WARNING:root:GUI 卡顿 170ms state=IDLE anim=待机呼吸休闲 physics=None
WARNING:pet.gui_stall_sampler:GUI 冻结现场（170ms，3 个采样点，旧→新）：
WARNING:pet.gui_stall_sampler:  [t-212ms] verify_seeky_multi.py:255:<module> <- verify_seeky_multi.py:208:main
WARNING:pet.gui_stall_sampler:  [t-134ms] verify_seeky_multi.py:255:<module> <- verify_seeky_multi.py:208:main <- webm_clip.py:2499:_poll <- webm_clip.py:2724:_process_frame
WARNING:pet.gui_stall_sampler:  [t-40ms] webm_clip.py:2750:_process_frame <- window_optional_services.py:62:<lambda> <- window.py:1917:_on_frame <- window.py:2124:_rebuild_frame <- window.py:2253:_sync_mask <- window_optional_services.py:299:_effects_current_angle
WARNING:root:GUI 卡顿 173ms state=IDLE anim=待机呼吸休闲 physics=None
WARNING:pet.gui_stall_sampler:GUI 冻结现场（173ms，3 个采样点，旧→新）：
WARNING:pet.gui_stall_sampler:  [t-213ms] verify_seeky_multi.py:255:<module> <- verify_seeky_multi.py:208:main
WARNING:pet.gui_stall_sampler:  [t-135ms] verify_seeky_multi.py:255:<module> <- verify_seeky_multi.py:208:main <- webm_clip.py:2499:_poll <- webm_clip.py:2724:_process_frame
WARNING:pet.gui_stall_sampler:  [t-41ms] webm_clip.py:2750:_process_frame <- window_optional_services.py:62:<lambda> <- window.py:1917:_on_frame <- window.py:2124:_rebuild_frame <- window.py:2253:_sync_mask <- window_optional_services.py:299:_effects_current_angle
WARNING:root:GUI 卡顿 174ms state=IDLE anim=待机呼吸休闲 physics=None
WARNING:pet.gui_stall_sampler:GUI 冻结现场（174ms，3 个采样点，旧→新）：
WARNING:pet.gui_stall_sampler:  [t-213ms] verify_seeky_multi.py:255:<module> <- verify_seeky_multi.py:208:main
WARNING:pet.gui_stall_sampler:  [t-135ms] verify_seeky_multi.py:255:<module> <- verify_seeky_multi.py:208:main <- webm_clip.py:2499:_poll <- webm_clip.py:2724:_process_frame
WARNING:pet.gui_stall_sampler:  [t-41ms] webm_clip.py:2750:_process_frame <- window_optional_services.py:62:<lambda> <- window.py:1917:_on_frame <- window.py:2124:_rebuild_frame <- window.py:2253:_sync_mask <- window_optional_services.py:299:_effects_current_angle
WARNING:root:GUI 卡顿 105ms state=IDLE anim=待机呼吸休闲 physics=None
WARNING:pet.gui_stall_sampler:GUI 冻结现场（105ms，2 个采样点，旧→新）：
WARNING:pet.gui_stall_sampler:  [t-129ms] verify_seeky_multi.py:255:<module> <- verify_seeky_multi.py:208:main
WARNING:pet.gui_stall_sampler:  [t-46ms] verify_seeky_multi.py:255:<module> <- verify_seeky_multi.py:208:main <- webm_clip.py:2499:_poll <- webm_clip.py:2724:_process_frame
WARNING:root:GUI 卡顿 106ms state=IDLE anim=待机呼吸休闲 physics=None
WARNING:pet.gui_stall_sampler:GUI 冻结现场（106ms，2 个采样点，旧→新）：
WARNING:pet.gui_stall_sampler:  [t-129ms] verify_seeky_multi.py:255:<module> <- verify_seeky_multi.py:208:main
WARNING:pet.gui_stall_sampler:  [t-47ms] verify_seeky_multi.py:255:<module> <- verify_seeky_multi.py:208:main <- webm_clip.py:2499:_poll <- webm_clip.py:2724:_process_frame
WARNING:root:GUI 卡顿 106ms state=IDLE anim=待机呼吸休闲 physics=None
WARNING:pet.gui_stall_sampler:GUI 冻结现场（106ms，2 个采样点，旧→新）：
WARNING:pet.gui_stall_sampler:  [t-130ms] verify_seeky_multi.py:255:<module> <- verify_seeky_multi.py:208:main
WARNING:pet.gui_stall_sampler:  [t-47ms] verify_seeky_multi.py:255:<module> <- verify_seeky_multi.py:208:main <- webm_clip.py:2499:_poll <- webm_clip.py:2724:_process_frame
WARNING:root:GUI 卡顿 104ms state=IDLE anim=待机呼吸休闲 physics=None
WARNING:pet.gui_stall_sampler:GUI 冻结现场（104ms，3 个采样点，旧→新）：
WARNING:pet.gui_stall_sampler:  [t-150ms] verify_seeky_multi.py:255:<module> <- verify_seeky_multi.py:208:main
WARNING:pet.gui_stall_sampler:  [t-79ms] verify_seeky_multi.py:255:<module> <- verify_seeky_multi.py:208:main <- webm_clip.py:2499:_poll <- webm_clip.py:2723:_process_frame
WARNING:pet.gui_stall_sampler:  [t-17ms] verify_seeky_multi.py:208:main <- webm_clip.py:2499:_poll <- webm_clip.py:2750:_process_frame <- window_optional_services.py:62:<lambda> <- window.py:1917:_on_frame <- window.py:2124:_rebuild_frame
WARNING:root:GUI 卡顿 108ms state=IDLE anim=待机呼吸休闲 physics=None
WARNING:pet.gui_stall_sampler:GUI 冻结现场（108ms，3 个采样点，旧→新）：
WARNING:pet.gui_stall_sampler:  [t-151ms] verify_seeky_multi.py:255:<module> <- verify_seeky_multi.py:208:main
WARNING:pet.gui_stall_sampler:  [t-79ms] verify_seeky_multi.py:255:<module> <- verify_seeky_multi.py:208:main <- webm_clip.py:2499:_poll <- webm_clip.py:2723:_process_frame
WARNING:pet.gui_stall_sampler:  [t-17ms] verify_seeky_multi.py:208:main <- webm_clip.py:2499:_poll <- webm_clip.py:2750:_process_frame <- window_optional_services.py:62:<lambda> <- window.py:1917:_on_frame <- window.py:2124:_rebuild_frame
WARNING:root:GUI 卡顿 108ms state=IDLE anim=待机呼吸休闲 physics=None
WARNING:pet.gui_stall_sampler:GUI 冻结现场（108ms，3 个采样点，旧→新）：
WARNING:pet.gui_stall_sampler:  [t-151ms] verify_seeky_multi.py:255:<module> <- verify_seeky_multi.py:208:main
WARNING:pet.gui_stall_sampler:  [t-79ms] verify_seeky_multi.py:255:<module> <- verify_seeky_multi.py:208:main <- webm_clip.py:2499:_poll <- webm_clip.py:2723:_process_frame
WARNING:pet.gui_stall_sampler:  [t-18ms] verify_seeky_multi.py:208:main <- webm_clip.py:2499:_poll <- webm_clip.py:2750:_process_frame <- window_optional_services.py:62:<lambda> <- window.py:1917:_on_frame <- window.py:2124:_rebuild_frame
WARNING:root:GUI 卡顿 137ms state=IDLE anim=待机呼吸休闲 physics=None
WARNING:pet.gui_stall_sampler:GUI 冻结现场（137ms，2 个采样点，旧→新）：
WARNING:pet.gui_stall_sampler:  [t-176ms] verify_seeky_multi.py:255:<module> <- verify_seeky_multi.py:208:main
WARNING:pet.gui_stall_sampler:  [t-82ms] verify_seeky_multi.py:255:<module> <- verify_seeky_multi.py:208:main <- webm_clip.py:2499:_poll <- webm_clip.py:2724:_process_frame
WARNING:root:GUI 卡顿 144ms state=IDLE anim=待机呼吸休闲 physics=None
WARNING:pet.gui_stall_sampler:GUI 冻结现场（144ms，2 个采样点，旧→新）：
WARNING:pet.gui_stall_sampler:  [t-177ms] verify_seeky_multi.py:255:<module> <- verify_seeky_multi.py:208:main
WARNING:pet.gui_stall_sampler:  [t-83ms] verify_seeky_multi.py:255:<module> <- verify_seeky_multi.py:208:main <- webm_clip.py:2499:_poll <- webm_clip.py:2724:_process_frame
WARNING:root:GUI 卡顿 144ms state=IDLE anim=待机呼吸休闲 physics=None
WARNING:pet.gui_stall_sampler:GUI 冻结现场（144ms，2 个采样点，旧→新）：
WARNING:pet.gui_stall_sampler:  [t-177ms] verify_seeky_multi.py:255:<module> <- verify_seeky_multi.py:208:main
WARNING:pet.gui_stall_sampler:  [t-83ms] verify_seeky_multi.py:255:<module> <- verify_seeky_multi.py:208:main <- webm_clip.py:2499:_poll <- webm_clip.py:2724:_process_frame
WARNING:root:GUI 卡顿 1182ms state=IDLE anim=待机呼吸休闲 physics=None
WARNING:pet.gui_stall_sampler:GUI 冻结现场（1182ms，2 个采样点，旧→新）：
WARNING:pet.gui_stall_sampler:  [t-1156ms] verify_seeky_multi.py:255:<module> <- verify_seeky_multi.py:208:main <- webm_clip.py:2499:_poll <- webm_clip.py:2750:_process_frame
WARNING:pet.gui_stall_sampler:  [t-1101ms] verify_seeky_multi.py:255:<module> <- verify_seeky_multi.py:208:main
WARNING:root:GUI 卡顿 1191ms state=IDLE anim=待机呼吸休闲 physics=None
WARNING:pet.gui_stall_sampler:GUI 冻结现场（1191ms，4 个采样点，旧→新）：
WARNING:pet.gui_stall_sampler:  [t-1237ms] verify_seeky_multi.py:208:main <- webm_clip.py:2499:_poll <- webm_clip.py:2750:_process_frame <- window_optional_services.py:62:<lambda> <- window.py:1917:_on_frame <- window.py:2119:_rebuild_frame
WARNING:pet.gui_stall_sampler:  [t-1158ms] verify_seeky_multi.py:255:<module> <- verify_seeky_multi.py:208:main <- webm_clip.py:2499:_poll <- webm_clip.py:2750:_process_frame
WARNING:pet.gui_stall_sampler:  [t-1103ms] verify_seeky_multi.py:255:<module> <- verify_seeky_multi.py:208:main
WARNING:pet.gui_stall_sampler:  [t-1ms] __init__.py:1531:warning <- __init__.py:1664:_log <- __init__.py:1680:handle <- __init__.py:1736:callHandlers <- __init__.py:1026:handle <- __init__.py:1153:emit
WARNING:root:GUI 卡顿 1192ms state=IDLE anim=待机呼吸休闲 physics=None
WARNING:pet.gui_stall_sampler:GUI 冻结现场（1192ms，4 个采样点，旧→新）：
WARNING:pet.gui_stall_sampler:  [t-1237ms] verify_seeky_multi.py:208:main <- webm_clip.py:2499:_poll <- webm_clip.py:2750:_process_frame <- window_optional_services.py:62:<lambda> <- window.py:1917:_on_frame <- window.py:2119:_rebuild_frame
WARNING:pet.gui_stall_sampler:  [t-1159ms] verify_seeky_multi.py:255:<module> <- verify_seeky_multi.py:208:main <- webm_clip.py:2499:_poll <- webm_clip.py:2750:_process_frame
WARNING:pet.gui_stall_sampler:  [t-1103ms] verify_seeky_multi.py:255:<module> <- verify_seeky_multi.py:208:main
WARNING:pet.gui_stall_sampler:  [t-1ms] __init__.py:1531:warning <- __init__.py:1664:_log <- __init__.py:1680:handle <- __init__.py:1736:callHandlers <- __init__.py:1026:handle <- __init__.py:1153:emit
WARNING:root:GUI 卡顿 205ms state=IDLE anim=待机呼吸休闲 physics=None
WARNING:pet.gui_stall_sampler:GUI 冻结现场（205ms，3 个采样点，旧→新）：
WARNING:pet.gui_stall_sampler:  [t-196ms] __init__.py:1531:warning <- __init__.py:1664:_log <- __init__.py:1680:handle <- __init__.py:1736:callHandlers <- __init__.py:1026:handle <- __init__.py:1153:emit
WARNING:pet.gui_stall_sampler:  [t-77ms] verify_seeky_multi.py:208:main <- webm_clip.py:2499:_poll <- webm_clip.py:2750:_process_frame <- window_optional_services.py:62:<lambda> <- window.py:1917:_on_frame <- window.py:2106:_rebuild_frame
WARNING:pet.gui_stall_sampler:  [t-12ms] verify_seeky_multi.py:255:<module> <- verify_seeky_multi.py:208:main <- collision_client.py:84:<lambda> <- collision_client.py:255:_submit_collision_state <- collision_ipc.py:1261:submit_state
WARNING:root:GUI 卡顿 196ms state=IDLE anim=待机呼吸休闲 physics=None
WARNING:pet.gui_stall_sampler:GUI 冻结现场（196ms，3 个采样点，旧→新）：
WARNING:pet.gui_stall_sampler:  [t-197ms] __init__.py:1531:warning <- __init__.py:1664:_log <- __init__.py:1680:handle <- __init__.py:1736:callHandlers <- __init__.py:1026:handle <- __init__.py:1153:emit
WARNING:pet.gui_stall_sampler:  [t-78ms] verify_seeky_multi.py:208:main <- webm_clip.py:2499:_poll <- webm_clip.py:2750:_process_frame <- window_optional_services.py:62:<lambda> <- window.py:1917:_on_frame <- window.py:2106:_rebuild_frame
WARNING:pet.gui_stall_sampler:  [t-12ms] verify_seeky_multi.py:255:<module> <- verify_seeky_multi.py:208:main <- collision_client.py:84:<lambda> <- collision_client.py:255:_submit_collision_state <- collision_ipc.py:1261:submit_state
WARNING:root:GUI 卡顿 196ms state=IDLE anim=待机呼吸休闲 physics=None
WARNING:pet.gui_stall_sampler:GUI 冻结现场（196ms，3 个采样点，旧→新）：
WARNING:pet.gui_stall_sampler:  [t-197ms] __init__.py:1531:warning <- __init__.py:1664:_log <- __init__.py:1680:handle <- __init__.py:1736:callHandlers <- __init__.py:1026:handle <- __init__.py:1153:emit
WARNING:pet.gui_stall_sampler:  [t-78ms] verify_seeky_multi.py:208:main <- webm_clip.py:2499:_poll <- webm_clip.py:2750:_process_frame <- window_optional_services.py:62:<lambda> <- window.py:1917:_on_frame <- window.py:2106:_rebuild_frame
WARNING:pet.gui_stall_sampler:  [t-12ms] verify_seeky_multi.py:255:<module> <- verify_seeky_multi.py:208:main <- collision_client.py:84:<lambda> <- collision_client.py:255:_submit_collision_state <- collision_ipc.py:1261:submit_state
WARNING:root:GUI 卡顿 218ms state=IDLE anim=待机呼吸休闲 physics=None
WARNING:pet.gui_stall_sampler:GUI 冻结现场（218ms，2 个采样点，旧→新）：
WARNING:pet.gui_stall_sampler:  [t-246ms] verify_seeky_multi.py:255:<module> <- verify_seeky_multi.py:208:main
WARNING:pet.gui_stall_sampler:  [t-183ms] window_optional_services.py:62:<lambda> <- window.py:1917:_on_frame <- window.py:2124:_rebuild_frame <- window.py:2270:_sync_mask <- window_optional_services.py:42:effects_coverage <- frame_edges.py:18:coverage_region
WARNING:root:GUI 卡顿 220ms state=IDLE anim=待机呼吸休闲 physics=None
WARNING:pet.gui_stall_sampler:GUI 冻结现场（220ms，2 个采样点，旧→新）：
WARNING:pet.gui_stall_sampler:  [t-247ms] verify_seeky_multi.py:255:<module> <- verify_seeky_multi.py:208:main
WARNING:pet.gui_stall_sampler:  [t-183ms] window_optional_services.py:62:<lambda> <- window.py:1917:_on_frame <- window.py:2124:_rebuild_frame <- window.py:2270:_sync_mask <- window_optional_services.py:42:effects_coverage <- frame_edges.py:18:coverage_region
WARNING:root:GUI 卡顿 220ms state=IDLE anim=待机呼吸休闲 physics=None
WARNING:pet.gui_stall_sampler:GUI 冻结现场（220ms，2 个采样点，旧→新）：
WARNING:pet.gui_stall_sampler:  [t-247ms] verify_seeky_multi.py:255:<module> <- verify_seeky_multi.py:208:main
WARNING:pet.gui_stall_sampler:  [t-183ms] window_optional_services.py:62:<lambda> <- window.py:1917:_on_frame <- window.py:2124:_rebuild_frame <- window.py:2270:_sync_mask <- window_optional_services.py:42:effects_coverage <- frame_edges.py:18:coverage_region
WARNING:root:GUI 卡顿 226ms state=IDLE anim=待机呼吸休闲 physics=None
WARNING:pet.gui_stall_sampler:GUI 冻结现场（226ms，3 个采样点，旧→新）：
WARNING:pet.gui_stall_sampler:  [t-266ms] verify_seeky_multi.py:255:<module> <- verify_seeky_multi.py:208:main
WARNING:pet.gui_stall_sampler:  [t-80ms] webm_clip.py:2499:_poll <- webm_clip.py:2750:_process_frame <- window_optional_services.py:62:<lambda> <- window.py:1917:_on_frame <- window.py:2068:_rebuild_frame <- window.py:1990:_frame_signature
WARNING:pet.gui_stall_sampler:  [t-24ms] verify_seeky_multi.py:255:<module> <- verify_seeky_multi.py:208:main
WARNING:root:GUI 卡顿 226ms state=IDLE anim=待机呼吸休闲 physics=None
WARNING:pet.gui_stall_sampler:GUI 冻结现场（226ms，3 个采样点，旧→新）：
WARNING:pet.gui_stall_sampler:  [t-267ms] verify_seeky_multi.py:255:<module> <- verify_seeky_multi.py:208:main
WARNING:pet.gui_stall_sampler:  [t-80ms] webm_clip.py:2499:_poll <- webm_clip.py:2750:_process_frame <- window_optional_services.py:62:<lambda> <- window.py:1917:_on_frame <- window.py:2068:_rebuild_frame <- window.py:1990:_frame_signature
WARNING:pet.gui_stall_sampler:  [t-24ms] verify_seeky_multi.py:255:<module> <- verify_seeky_multi.py:208:main
WARNING:root:GUI 卡顿 226ms state=IDLE anim=待机呼吸休闲 physics=None
WARNING:pet.gui_stall_sampler:GUI 冻结现场（226ms，3 个采样点，旧→新）：
WARNING:pet.gui_stall_sampler:  [t-267ms] verify_seeky_multi.py:255:<module> <- verify_seeky_multi.py:208:main
WARNING:pet.gui_stall_sampler:  [t-80ms] webm_clip.py:2499:_poll <- webm_clip.py:2750:_process_frame <- window_optional_services.py:62:<lambda> <- window.py:1917:_on_frame <- window.py:2068:_rebuild_frame <- window.py:1990:_frame_signature
WARNING:pet.gui_stall_sampler:  [t-24ms] verify_seeky_multi.py:255:<module> <- verify_seeky_multi.py:208:main
WARNING:root:GUI 卡顿 102ms state=IDLE anim=待机呼吸休闲 physics=None
WARNING:pet.gui_stall_sampler:GUI 冻结现场（102ms，3 个采样点，旧→新）：
WARNING:pet.gui_stall_sampler:  [t-140ms] verify_seeky_multi.py:255:<module> <- verify_seeky_multi.py:208:main
WARNING:pet.gui_stall_sampler:  [t-87ms] verify_seeky_multi.py:255:<module> <- verify_seeky_multi.py:208:main <- webm_clip.py:2499:_poll <- webm_clip.py:2723:_process_frame
WARNING:pet.gui_stall_sampler:  [t-6ms] verify_seeky_multi.py:208:main <- webm_clip.py:2499:_poll <- webm_clip.py:2750:_process_frame <- window_optional_services.py:62:<lambda> <- window.py:1917:_on_frame <- window.py:2114:_rebuild_frame
WARNING:root:GUI 卡顿 102ms state=IDLE anim=待机呼吸休闲 physics=None
WARNING:pet.gui_stall_sampler:GUI 冻结现场（102ms，3 个采样点，旧→新）：
WARNING:pet.gui_stall_sampler:  [t-140ms] verify_seeky_multi.py:255:<module> <- verify_seeky_multi.py:208:main
WARNING:pet.gui_stall_sampler:  [t-87ms] verify_seeky_multi.py:255:<module> <- verify_seeky_multi.py:208:main <- webm_clip.py:2499:_poll <- webm_clip.py:2723:_process_frame
WARNING:pet.gui_stall_sampler:  [t-6ms] verify_seeky_multi.py:208:main <- webm_clip.py:2499:_poll <- webm_clip.py:2750:_process_frame <- window_optional_services.py:62:<lambda> <- window.py:1917:_on_frame <- window.py:2114:_rebuild_frame
WARNING:root:GUI 卡顿 102ms state=IDLE anim=待机呼吸休闲 physics=None
WARNING:pet.gui_stall_sampler:GUI 冻结现场（102ms，3 个采样点，旧→新）：
WARNING:pet.gui_stall_sampler:  [t-140ms] verify_seeky_multi.py:255:<module> <- verify_seeky_multi.py:208:main
WARNING:pet.gui_stall_sampler:  [t-87ms] verify_seeky_multi.py:255:<module> <- verify_seeky_multi.py:208:main <- webm_clip.py:2499:_poll <- webm_clip.py:2723:_process_frame
WARNING:pet.gui_stall_sampler:  [t-6ms] verify_seeky_multi.py:208:main <- webm_clip.py:2499:_poll <- webm_clip.py:2750:_process_frame <- window_optional_services.py:62:<lambda> <- window.py:1917:_on_frame <- window.py:2114:_rebuild_frame
WARNING:root:GUI 卡顿 102ms state=IDLE anim=待机呼吸休闲 physics=None
WARNING:pet.gui_stall_sampler:GUI 冻结现场（102ms，2 个采样点，旧→新）：
WARNING:pet.gui_stall_sampler:  [t-140ms] verify_seeky_multi.py:255:<module> <- verify_seeky_multi.py:208:main
WARNING:pet.gui_stall_sampler:  [t-86ms] verify_seeky_multi.py:255:<module> <- verify_seeky_multi.py:208:main <- webm_clip.py:2499:_poll <- webm_clip.py:2724:_process_frame
WARNING:root:GUI 卡顿 103ms state=IDLE anim=待机呼吸休闲 physics=None
WARNING:pet.gui_stall_sampler:GUI 冻结现场（103ms，2 个采样点，旧→新）：
WARNING:pet.gui_stall_sampler:  [t-140ms] verify_seeky_multi.py:255:<module> <- verify_seeky_multi.py:208:main
WARNING:pet.gui_stall_sampler:  [t-86ms] verify_seeky_multi.py:255:<module> <- verify_seeky_multi.py:208:main <- webm_clip.py:2499:_poll <- webm_clip.py:2724:_process_frame
WARNING:root:GUI 卡顿 103ms state=IDLE anim=待机呼吸休闲 physics=None
WARNING:pet.gui_stall_sampler:GUI 冻结现场（103ms，2 个采样点，旧→新）：
WARNING:pet.gui_stall_sampler:  [t-140ms] verify_seeky_multi.py:255:<module> <- verify_seeky_multi.py:208:main
WARNING:pet.gui_stall_sampler:  [t-86ms] verify_seeky_multi.py:255:<module> <- verify_seeky_multi.py:208:main <- webm_clip.py:2499:_poll <- webm_clip.py:2724:_process_frame
WARNING:root:GUI 卡顿 106ms state=IDLE anim=待机呼吸休闲 physics=None
WARNING:pet.gui_stall_sampler:GUI 冻结现场（106ms，2 个采样点，旧→新）：
WARNING:pet.gui_stall_sampler:  [t-137ms] verify_seeky_multi.py:208:main <- webm_clip.py:2499:_poll <- webm_clip.py:2750:_process_frame <- window_optional_services.py:62:<lambda> <- window.py:1919:_on_frame <- window.py:2126:_rebuild_frame
WARNING:pet.gui_stall_sampler:  [t-16ms] verify_seeky_multi.py:255:<module> <- verify_seeky_multi.py:208:main <- webm_clip.py:2499:_poll <- webm_clip.py:2750:_process_frame
WARNING:root:GUI 卡顿 107ms state=IDLE anim=待机呼吸休闲 physics=None
WARNING:pet.gui_stall_sampler:GUI 冻结现场（107ms，2 个采样点，旧→新）：
WARNING:pet.gui_stall_sampler:  [t-137ms] verify_seeky_multi.py:208:main <- webm_clip.py:2499:_poll <- webm_clip.py:2750:_process_frame <- window_optional_services.py:62:<lambda> <- window.py:1919:_on_frame <- window.py:2126:_rebuild_frame
WARNING:pet.gui_stall_sampler:  [t-16ms] verify_seeky_multi.py:255:<module> <- verify_seeky_multi.py:208:main <- webm_clip.py:2499:_poll <- webm_clip.py:2750:_process_frame
WARNING:root:GUI 卡顿 107ms state=IDLE anim=待机呼吸休闲 physics=None
WARNING:pet.gui_stall_sampler:GUI 冻结现场（107ms，2 个采样点，旧→新）：
WARNING:pet.gui_stall_sampler:  [t-137ms] verify_seeky_multi.py:208:main <- webm_clip.py:2499:_poll <- webm_clip.py:2750:_process_frame <- window_optional_services.py:62:<lambda> <- window.py:1919:_on_frame <- window.py:2126:_rebuild_frame
WARNING:pet.gui_stall_sampler:  [t-17ms] verify_seeky_multi.py:255:<module> <- verify_seeky_multi.py:208:main <- webm_clip.py:2499:_poll <- webm_clip.py:2750:_process_frame
WARNING:root:GUI 卡顿 106ms state=IDLE anim=待机呼吸休闲 physics=None
WARNING:pet.gui_stall_sampler:GUI 冻结现场（106ms，2 个采样点，旧→新）：
WARNING:pet.gui_stall_sampler:  [t-151ms] verify_seeky_multi.py:255:<module> <- verify_seeky_multi.py:208:main
WARNING:pet.gui_stall_sampler:  [t-78ms] verify_seeky_multi.py:255:<module> <- verify_seeky_multi.py:208:main <- webm_clip.py:2499:_poll <- webm_clip.py:2724:_process_frame
WARNING:root:GUI 卡顿 107ms state=IDLE anim=待机呼吸休闲 physics=None
WARNING:pet.gui_stall_sampler:GUI 冻结现场（107ms，2 个采样点，旧→新）：
WARNING:pet.gui_stall_sampler:  [t-151ms] verify_seeky_multi.py:255:<module> <- verify_seeky_multi.py:208:main
WARNING:pet.gui_stall_sampler:  [t-78ms] verify_seeky_multi.py:255:<module> <- verify_seeky_multi.py:208:main <- webm_clip.py:2499:_poll <- webm_clip.py:2724:_process_frame
WARNING:root:GUI 卡顿 114ms state=IDLE anim=待机呼吸休闲 physics=None
WARNING:pet.gui_stall_sampler:GUI 冻结现场（114ms，2 个采样点，旧→新）：
WARNING:pet.gui_stall_sampler:  [t-159ms] verify_seeky_multi.py:255:<module> <- verify_seeky_multi.py:208:main
WARNING:pet.gui_stall_sampler:  [t-87ms] verify_seeky_multi.py:255:<module> <- verify_seeky_multi.py:208:main <- webm_clip.py:2499:_poll <- webm_clip.py:2724:_process_frame
WARNING:root:GUI 卡顿 116ms state=IDLE anim=待机呼吸休闲 physics=None
WARNING:pet.gui_stall_sampler:GUI 冻结现场（116ms，3 个采样点，旧→新）：
WARNING:pet.gui_stall_sampler:  [t-147ms] verify_seeky_multi.py:208:main <- webm_clip.py:2499:_poll <- webm_clip.py:2750:_process_frame <- window_optional_services.py:62:<lambda> <- window.py:1917:_on_frame <- window.py:2124:_rebuild_frame
WARNING:pet.gui_stall_sampler:  [t-18ms] verify_seeky_multi.py:208:main <- webm_clip.py:2499:_poll <- webm_clip.py:2750:_process_frame <- window_optional_services.py:62:<lambda> <- window.py:1917:_on_frame <- window.py:2119:_rebuild_frame
WARNING:root:GUI 卡顿 117ms state=IDLE anim=待机呼吸休闲 physics=None
WARNING:pet.gui_stall_sampler:GUI 冻结现场（117ms，3 个采样点，旧→新）：
WARNING:pet.gui_stall_sampler:  [t-148ms] verify_seeky_multi.py:208:main <- webm_clip.py:2499:_poll <- webm_clip.py:2750:_process_frame <- window_optional_services.py:62:<lambda> <- window.py:1917:_on_frame <- window.py:2124:_rebuild_frame
WARNING:pet.gui_stall_sampler:  [t-18ms] verify_seeky_multi.py:208:main <- webm_clip.py:2499:_poll <- webm_clip.py:2750:_process_frame <- window_optional_services.py:62:<lambda> <- window.py:1917:_on_frame <- window.py:2119:_rebuild_frame
WARNING:root:GUI 卡顿 117ms state=IDLE anim=待机呼吸休闲 physics=None
WARNING:pet.gui_stall_sampler:GUI 冻结现场（117ms，3 个采样点，旧→新）：
WARNING:pet.gui_stall_sampler:  [t-148ms] verify_seeky_multi.py:208:main <- webm_clip.py:2499:_poll <- webm_clip.py:2750:_process_frame <- window_optional_services.py:62:<lambda> <- window.py:1917:_on_frame <- window.py:2124:_rebuild_frame
WARNING:pet.gui_stall_sampler:  [t-18ms] verify_seeky_multi.py:208:main <- webm_clip.py:2499:_poll <- webm_clip.py:2750:_process_frame <- window_optional_services.py:62:<lambda> <- window.py:1917:_on_frame <- window.py:2119:_rebuild_frame
WARNING:root:GUI 卡顿 111ms state=IDLE anim=待机呼吸休闲 physics=None
WARNING:pet.gui_stall_sampler:GUI 冻结现场（111ms，2 个采样点，旧→新）：
WARNING:pet.gui_stall_sampler:  [t-119ms] verify_seeky_multi.py:255:<module> <- verify_seeky_multi.py:208:main
WARNING:pet.gui_stall_sampler:  [t-42ms] verify_seeky_multi.py:208:main <- webm_clip.py:2499:_poll <- webm_clip.py:2750:_process_frame <- window_optional_services.py:62:<lambda> <- window.py:1917:_on_frame <- window.py:2106:_rebuild_frame
WARNING:root:GUI 卡顿 115ms state=IDLE anim=待机呼吸休闲 physics=None
WARNING:pet.gui_stall_sampler:GUI 冻结现场（115ms，2 个采样点，旧→新）：
WARNING:pet.gui_stall_sampler:  [t-121ms] verify_seeky_multi.py:255:<module> <- verify_seeky_multi.py:208:main
WARNING:pet.gui_stall_sampler:  [t-44ms] verify_seeky_multi.py:208:main <- webm_clip.py:2499:_poll <- webm_clip.py:2750:_process_frame <- window_optional_services.py:62:<lambda> <- window.py:1917:_on_frame <- window.py:2106:_rebuild_frame
WARNING:root:GUI 卡顿 115ms state=IDLE anim=待机呼吸休闲 physics=None
WARNING:pet.gui_stall_sampler:GUI 冻结现场（115ms，2 个采样点，旧→新）：
WARNING:pet.gui_stall_sampler:  [t-121ms] verify_seeky_multi.py:255:<module> <- verify_seeky_multi.py:208:main
WARNING:pet.gui_stall_sampler:  [t-44ms] verify_seeky_multi.py:208:main <- webm_clip.py:2499:_poll <- webm_clip.py:2750:_process_frame <- window_optional_services.py:62:<lambda> <- window.py:1917:_on_frame <- window.py:2106:_rebuild_frame
WARNING:root:GUI 卡顿 425ms state=IDLE anim=待机呼吸休闲 physics=None
WARNING:pet.gui_stall_sampler:GUI 冻结现场（425ms，2 个采样点，旧→新）：
WARNING:pet.gui_stall_sampler:  [t-448ms] verify_seeky_multi.py:255:<module> <- verify_seeky_multi.py:208:main
WARNING:pet.gui_stall_sampler:  [t-37ms] verify_seeky_multi.py:208:main <- webm_clip.py:2499:_poll <- webm_clip.py:2750:_process_frame <- window_optional_services.py:62:<lambda> <- window.py:1917:_on_frame <- window.py:2106:_rebuild_frame
WARNING:root:GUI 卡顿 427ms state=IDLE anim=待机呼吸休闲 physics=None
WARNING:pet.gui_stall_sampler:GUI 冻结现场（427ms，2 个采样点，旧→新）：
WARNING:pet.gui_stall_sampler:  [t-449ms] verify_seeky_multi.py:255:<module> <- verify_seeky_multi.py:208:main
WARNING:pet.gui_stall_sampler:  [t-38ms] verify_seeky_multi.py:208:main <- webm_clip.py:2499:_poll <- webm_clip.py:2750:_process_frame <- window_optional_services.py:62:<lambda> <- window.py:1917:_on_frame <- window.py:2106:_rebuild_frame
WARNING:root:GUI 卡顿 427ms state=IDLE anim=待机呼吸休闲 physics=None
WARNING:pet.gui_stall_sampler:GUI 冻结现场（427ms，2 个采样点，旧→新）：
WARNING:pet.gui_stall_sampler:  [t-449ms] verify_seeky_multi.py:255:<module> <- verify_seeky_multi.py:208:main
WARNING:pet.gui_stall_sampler:  [t-39ms] verify_seeky_multi.py:208:main <- webm_clip.py:2499:_poll <- webm_clip.py:2750:_process_frame <- window_optional_services.py:62:<lambda> <- window.py:1917:_on_frame <- window.py:2106:_rebuild_frame
WARNING:root:GUI 卡顿 106ms state=IDLE anim=待机呼吸休闲 physics=None
WARNING:pet.gui_stall_sampler:GUI 冻结现场（106ms，2 个采样点，旧→新）：
WARNING:pet.gui_stall_sampler:  [t-143ms] verify_seeky_multi.py:255:<module> <- verify_seeky_multi.py:208:main <- webm_clip.py:2499:_poll <- webm_clip.py:2724:_process_frame
WARNING:pet.gui_stall_sampler:  [t-37ms] verify_seeky_multi.py:208:main <- webm_clip.py:2499:_poll <- webm_clip.py:2750:_process_frame <- window_optional_services.py:62:<lambda> <- window.py:1917:_on_frame <- window.py:2106:_rebuild_frame
WARNING:root:GUI 卡顿 109ms state=IDLE anim=待机呼吸休闲 physics=None
WARNING:pet.gui_stall_sampler:GUI 冻结现场（109ms，2 个采样点，旧→新）：
WARNING:pet.gui_stall_sampler:  [t-144ms] verify_seeky_multi.py:255:<module> <- verify_seeky_multi.py:208:main <- webm_clip.py:2499:_poll <- webm_clip.py:2724:_process_frame
WARNING:pet.gui_stall_sampler:  [t-38ms] verify_seeky_multi.py:208:main <- webm_clip.py:2499:_poll <- webm_clip.py:2750:_process_frame <- window_optional_services.py:62:<lambda> <- window.py:1917:_on_frame <- window.py:2106:_rebuild_frame
WARNING:root:GUI 卡顿 109ms state=IDLE anim=待机呼吸休闲 physics=None
WARNING:pet.gui_stall_sampler:GUI 冻结现场（109ms，2 个采样点，旧→新）：
WARNING:pet.gui_stall_sampler:  [t-144ms] verify_seeky_multi.py:255:<module> <- verify_seeky_multi.py:208:main <- webm_clip.py:2499:_poll <- webm_clip.py:2724:_process_frame
WARNING:pet.gui_stall_sampler:  [t-38ms] verify_seeky_multi.py:208:main <- webm_clip.py:2499:_poll <- webm_clip.py:2750:_process_frame <- window_optional_services.py:62:<lambda> <- window.py:1917:_on_frame <- window.py:2106:_rebuild_frame
WARNING:root:GUI 卡顿 118ms state=IDLE anim=待机呼吸休闲 physics=None
WARNING:pet.gui_stall_sampler:GUI 冻结现场（118ms，2 个采样点，旧→新）：
WARNING:pet.gui_stall_sampler:  [t-136ms] verify_seeky_multi.py:255:<module> <- verify_seeky_multi.py:208:main
WARNING:pet.gui_stall_sampler:  [t-5ms] webm_clip.py:2750:_process_frame <- window_optional_services.py:62:<lambda> <- window.py:1917:_on_frame <- window.py:2068:_rebuild_frame <- window.py:1993:_frame_signature <- window.py:2034:_frame_content_fingerprint
WARNING:root:GUI 卡顿 118ms state=IDLE anim=待机呼吸休闲 physics=None
WARNING:pet.gui_stall_sampler:GUI 冻结现场（118ms，2 个采样点，旧→新）：
WARNING:pet.gui_stall_sampler:  [t-136ms] verify_seeky_multi.py:255:<module> <- verify_seeky_multi.py:208:main
WARNING:pet.gui_stall_sampler:  [t-5ms] webm_clip.py:2750:_process_frame <- window_optional_services.py:62:<lambda> <- window.py:1917:_on_frame <- window.py:2068:_rebuild_frame <- window.py:1993:_frame_signature <- window.py:2034:_frame_content_fingerprint
WARNING:root:GUI 卡顿 118ms state=IDLE anim=待机呼吸休闲 physics=None
WARNING:pet.gui_stall_sampler:GUI 冻结现场（118ms，2 个采样点，旧→新）：
WARNING:pet.gui_stall_sampler:  [t-136ms] verify_seeky_multi.py:255:<module> <- verify_seeky_multi.py:208:main
WARNING:pet.gui_stall_sampler:  [t-5ms] webm_clip.py:2750:_process_frame <- window_optional_services.py:62:<lambda> <- window.py:1917:_on_frame <- window.py:2068:_rebuild_frame <- window.py:1993:_frame_signature <- window.py:2034:_frame_content_fingerprint
WARNING:root:GUI 卡顿 158ms state=IDLE anim=待机呼吸休闲 physics=None
WARNING:pet.gui_stall_sampler:GUI 冻结现场（158ms，3 个采样点，旧→新）：
WARNING:pet.gui_stall_sampler:  [t-171ms] webm_clip.py:2750:_process_frame <- window_optional_services.py:62:<lambda> <- window.py:1917:_on_frame <- window.py:2068:_rebuild_frame <- window.py:1993:_frame_signature <- window.py:2034:_frame_content_fingerprint
WARNING:pet.gui_stall_sampler:  [t-69ms] window_optional_services.py:62:<lambda> <- window.py:1919:_on_frame <- window.py:2126:_rebuild_frame <- window.py:2291:_sync_mask <- window_optional_services.py:44:effects_coverage <- frame_edges.py:32:coverage_region
WARNING:pet.gui_stall_sampler:  [t-13ms] verify_seeky_multi.py:255:<module> <- verify_seeky_multi.py:208:main
WARNING:root:GUI 卡顿 159ms state=IDLE anim=待机呼吸休闲 physics=None
WARNING:pet.gui_stall_sampler:GUI 冻结现场（159ms，3 个采样点，旧→新）：
WARNING:pet.gui_stall_sampler:  [t-172ms] webm_clip.py:2750:_process_frame <- window_optional_services.py:62:<lambda> <- window.py:1917:_on_frame <- window.py:2068:_rebuild_frame <- window.py:1993:_frame_signature <- window.py:2034:_frame_content_fingerprint
WARNING:pet.gui_stall_sampler:  [t-70ms] window_optional_services.py:62:<lambda> <- window.py:1919:_on_frame <- window.py:2126:_rebuild_frame <- window.py:2291:_sync_mask <- window_optional_services.py:44:effects_coverage <- frame_edges.py:32:coverage_region
WARNING:pet.gui_stall_sampler:  [t-13ms] verify_seeky_multi.py:255:<module> <- verify_seeky_multi.py:208:main
WARNING:root:GUI 卡顿 159ms state=IDLE anim=待机呼吸休闲 physics=None
WARNING:pet.gui_stall_sampler:GUI 冻结现场（159ms，3 个采样点，旧→新）：
WARNING:pet.gui_stall_sampler:  [t-172ms] webm_clip.py:2750:_process_frame <- window_optional_services.py:62:<lambda> <- window.py:1917:_on_frame <- window.py:2068:_rebuild_frame <- window.py:1993:_frame_signature <- window.py:2034:_frame_content_fingerprint
WARNING:pet.gui_stall_sampler:  [t-70ms] window_optional_services.py:62:<lambda> <- window.py:1919:_on_frame <- window.py:2126:_rebuild_frame <- window.py:2291:_sync_mask <- window_optional_services.py:44:effects_coverage <- frame_edges.py:32:coverage_region
WARNING:pet.gui_stall_sampler:  [t-13ms] verify_seeky_multi.py:255:<module> <- verify_seeky_multi.py:208:main
WARNING:root:GUI 卡顿 103ms state=IDLE anim=待机呼吸休闲 physics=None
WARNING:pet.gui_stall_sampler:GUI 冻结现场（103ms，2 个采样点，旧→新）：
WARNING:pet.gui_stall_sampler:  [t-132ms] verify_seeky_multi.py:255:<module> <- verify_seeky_multi.py:208:main
WARNING:pet.gui_stall_sampler:  [t-43ms] webm_clip.py:2499:_poll <- webm_clip.py:2750:_process_frame <- window_optional_services.py:62:<lambda> <- window.py:1917:_on_frame <- window.py:2124:_rebuild_frame <- window.py:2248:_sync_mask
WARNING:root:GUI 卡顿 103ms state=IDLE anim=待机呼吸休闲 physics=None
WARNING:pet.gui_stall_sampler:GUI 冻结现场（103ms，2 个采样点，旧→新）：
WARNING:pet.gui_stall_sampler:  [t-132ms] verify_seeky_multi.py:255:<module> <- verify_seeky_multi.py:208:main
WARNING:pet.gui_stall_sampler:  [t-44ms] webm_clip.py:2499:_poll <- webm_clip.py:2750:_process_frame <- window_optional_services.py:62:<lambda> <- window.py:1917:_on_frame <- window.py:2124:_rebuild_frame <- window.py:2248:_sync_mask
WARNING:root:GUI 卡顿 104ms state=IDLE anim=待机呼吸休闲 physics=None
WARNING:pet.gui_stall_sampler:GUI 冻结现场（104ms，2 个采样点，旧→新）：
WARNING:pet.gui_stall_sampler:  [t-133ms] verify_seeky_multi.py:255:<module> <- verify_seeky_multi.py:208:main
WARNING:pet.gui_stall_sampler:  [t-44ms] webm_clip.py:2499:_poll <- webm_clip.py:2750:_process_frame <- window_optional_services.py:62:<lambda> <- window.py:1917:_on_frame <- window.py:2124:_rebuild_frame <- window.py:2248:_sync_mask
WARNING:root:GUI 卡顿 137ms state=IDLE anim=待机呼吸休闲 physics=None
WARNING:pet.gui_stall_sampler:GUI 冻结现场（137ms，2 个采样点，旧→新）：
WARNING:pet.gui_stall_sampler:  [t-159ms] verify_seeky_multi.py:255:<module> <- verify_seeky_multi.py:208:main
WARNING:pet.gui_stall_sampler:  [t-106ms] webm_clip.py:2499:_poll <- webm_clip.py:2750:_process_frame <- window_optional_services.py:62:<lambda> <- window.py:1917:_on_frame <- window.py:2068:_rebuild_frame <- window.py:1990:_frame_signature
WARNING:root:GUI 卡顿 138ms state=IDLE anim=待机呼吸休闲 physics=None
WARNING:pet.gui_stall_sampler:GUI 冻结现场（138ms，2 个采样点，旧→新）：
WARNING:pet.gui_stall_sampler:  [t-160ms] verify_seeky_multi.py:255:<module> <- verify_seeky_multi.py:208:main
WARNING:pet.gui_stall_sampler:  [t-107ms] webm_clip.py:2499:_poll <- webm_clip.py:2750:_process_frame <- window_optional_services.py:62:<lambda> <- window.py:1917:_on_frame <- window.py:2068:_rebuild_frame <- window.py:1990:_frame_signature
WARNING:root:GUI 卡顿 138ms state=IDLE anim=待机呼吸休闲 physics=None
WARNING:pet.gui_stall_sampler:GUI 冻结现场（138ms，2 个采样点，旧→新）：
WARNING:pet.gui_stall_sampler:  [t-161ms] verify_seeky_multi.py:255:<module> <- verify_seeky_multi.py:208:main
WARNING:pet.gui_stall_sampler:  [t-107ms] webm_clip.py:2499:_poll <- webm_clip.py:2750:_process_frame <- window_optional_services.py:62:<lambda> <- window.py:1917:_on_frame <- window.py:2068:_rebuild_frame <- window.py:1990:_frame_signature
WARNING:root:GUI 卡顿 145ms state=IDLE anim=待机呼吸休闲 physics=None
WARNING:pet.gui_stall_sampler:GUI 冻结现场（145ms，2 个采样点，旧→新）：
WARNING:pet.gui_stall_sampler:  [t-160ms] verify_seeky_multi.py:255:<module> <- verify_seeky_multi.py:208:main
WARNING:pet.gui_stall_sampler:  [t-46ms] verify_seeky_multi.py:255:<module> <- verify_seeky_multi.py:208:main <- webm_clip.py:2499:_poll <- webm_clip.py:2724:_process_frame
WARNING:root:GUI 卡顿 147ms state=IDLE anim=待机呼吸休闲 physics=None
WARNING:pet.gui_stall_sampler:GUI 冻结现场（147ms，2 个采样点，旧→新）：
WARNING:pet.gui_stall_sampler:  [t-161ms] verify_seeky_multi.py:255:<module> <- verify_seeky_multi.py:208:main
WARNING:pet.gui_stall_sampler:  [t-47ms] verify_seeky_multi.py:255:<module> <- verify_seeky_multi.py:208:main <- webm_clip.py:2499:_poll <- webm_clip.py:2724:_process_frame
WARNING:root:GUI 卡顿 147ms state=IDLE anim=待机呼吸休闲 physics=None
WARNING:pet.gui_stall_sampler:GUI 冻结现场（147ms，2 个采样点，旧→新）：
WARNING:pet.gui_stall_sampler:  [t-161ms] verify_seeky_multi.py:255:<module> <- verify_seeky_multi.py:208:main
WARNING:pet.gui_stall_sampler:  [t-47ms] verify_seeky_multi.py:255:<module> <- verify_seeky_multi.py:208:main <- webm_clip.py:2499:_poll <- webm_clip.py:2724:_process_frame
WARNING:root:GUI 卡顿 185ms state=IDLE anim=待机呼吸休闲 physics=None
WARNING:pet.gui_stall_sampler:GUI 冻结现场（185ms，4 个采样点，旧→新）：
WARNING:pet.gui_stall_sampler:  [t-218ms] verify_seeky_multi.py:255:<module> <- verify_seeky_multi.py:208:main
WARNING:pet.gui_stall_sampler:  [t-154ms] verify_seeky_multi.py:255:<module> <- verify_seeky_multi.py:208:main <- webm_clip.py:2499:_poll <- webm_clip.py:2724:_process_frame
WARNING:pet.gui_stall_sampler:  [t-95ms] verify_seeky_multi.py:255:<module> <- verify_seeky_multi.py:208:main <- webm_clip.py:2499:_poll <- webm_clip.py:2723:_process_frame
WARNING:pet.gui_stall_sampler:  [t-18ms] verify_seeky_multi.py:255:<module> <- verify_seeky_multi.py:208:main
WARNING:root:GUI 卡顿 186ms state=IDLE anim=待机呼吸休闲 physics=None
WARNING:pet.gui_stall_sampler:GUI 冻结现场（186ms，4 个采样点，旧→新）：
WARNING:pet.gui_stall_sampler:  [t-218ms] verify_seeky_multi.py:255:<module> <- verify_seeky_multi.py:208:main
WARNING:pet.gui_stall_sampler:  [t-155ms] verify_seeky_multi.py:255:<module> <- verify_seeky_multi.py:208:main <- webm_clip.py:2499:_poll <- webm_clip.py:2724:_process_frame
WARNING:pet.gui_stall_sampler:  [t-95ms] verify_seeky_multi.py:255:<module> <- verify_seeky_multi.py:208:main <- webm_clip.py:2499:_poll <- webm_clip.py:2723:_process_frame
WARNING:pet.gui_stall_sampler:  [t-18ms] verify_seeky_multi.py:255:<module> <- verify_seeky_multi.py:208:main
WARNING:root:GUI 卡顿 186ms state=IDLE anim=待机呼吸休闲 physics=None
WARNING:pet.gui_stall_sampler:GUI 冻结现场（186ms，4 个采样点，旧→新）：
WARNING:pet.gui_stall_sampler:  [t-218ms] verify_seeky_multi.py:255:<module> <- verify_seeky_multi.py:208:main
WARNING:pet.gui_stall_sampler:  [t-155ms] verify_seeky_multi.py:255:<module> <- verify_seeky_multi.py:208:main <- webm_clip.py:2499:_poll <- webm_clip.py:2724:_process_frame
WARNING:pet.gui_stall_sampler:  [t-95ms] verify_seeky_multi.py:255:<module> <- verify_seeky_multi.py:208:main <- webm_clip.py:2499:_poll <- webm_clip.py:2723:_process_frame
WARNING:pet.gui_stall_sampler:  [t-19ms] verify_seeky_multi.py:255:<module> <- verify_seeky_multi.py:208:main
WARNING:root:GUI 卡顿 123ms state=IDLE anim=待机呼吸休闲 physics=None
WARNING:pet.gui_stall_sampler:GUI 冻结现场（123ms，2 个采样点，旧→新）：
WARNING:pet.gui_stall_sampler:  [t-166ms] verify_seeky_multi.py:255:<module> <- verify_seeky_multi.py:208:main
WARNING:pet.gui_stall_sampler:  [t-49ms] verify_seeky_multi.py:255:<module> <- verify_seeky_multi.py:208:main <- webm_clip.py:2499:_poll <- webm_clip.py:2724:_process_frame
WARNING:root:GUI 卡顿 124ms state=IDLE anim=待机呼吸休闲 physics=None
WARNING:pet.gui_stall_sampler:GUI 冻结现场（124ms，2 个采样点，旧→新）：
WARNING:pet.gui_stall_sampler:  [t-167ms] verify_seeky_multi.py:255:<module> <- verify_seeky_multi.py:208:main
WARNING:pet.gui_stall_sampler:  [t-49ms] verify_seeky_multi.py:255:<module> <- verify_seeky_multi.py:208:main <- webm_clip.py:2499:_poll <- webm_clip.py:2724:_process_frame
WARNING:root:GUI 卡顿 125ms state=IDLE anim=待机呼吸休闲 physics=None
WARNING:pet.gui_stall_sampler:GUI 冻结现场（125ms，2 个采样点，旧→新）：
WARNING:pet.gui_stall_sampler:  [t-167ms] verify_seeky_multi.py:255:<module> <- verify_seeky_multi.py:208:main
WARNING:pet.gui_stall_sampler:  [t-50ms] verify_seeky_multi.py:255:<module> <- verify_seeky_multi.py:208:main <- webm_clip.py:2499:_poll <- webm_clip.py:2724:_process_frame
WARNING:root:GUI 卡顿 146ms state=IDLE anim=待机呼吸休闲 physics=None
WARNING:pet.gui_stall_sampler:GUI 冻结现场（146ms，2 个采样点，旧→新）：
WARNING:pet.gui_stall_sampler:  [t-149ms] verify_seeky_multi.py:255:<module> <- verify_seeky_multi.py:208:main
WARNING:pet.gui_stall_sampler:  [t-22ms] verify_seeky_multi.py:208:main <- webm_clip.py:2499:_poll <- webm_clip.py:2750:_process_frame <- window_optional_services.py:62:<lambda> <- window.py:1919:_on_frame <- window.py:2106:_rebuild_frame
WARNING:root:GUI 卡顿 148ms state=IDLE anim=待机呼吸休闲 physics=None
WARNING:pet.gui_stall_sampler:GUI 冻结现场（148ms，2 个采样点，旧→新）：
WARNING:pet.gui_stall_sampler:  [t-150ms] verify_seeky_multi.py:255:<module> <- verify_seeky_multi.py:208:main
WARNING:pet.gui_stall_sampler:  [t-23ms] verify_seeky_multi.py:208:main <- webm_clip.py:2499:_poll <- webm_clip.py:2750:_process_frame <- window_optional_services.py:62:<lambda> <- window.py:1919:_on_frame <- window.py:2106:_rebuild_frame
WARNING:root:GUI 卡顿 148ms state=IDLE anim=待机呼吸休闲 physics=None
WARNING:pet.gui_stall_sampler:GUI 冻结现场（148ms，2 个采样点，旧→新）：
WARNING:pet.gui_stall_sampler:  [t-150ms] verify_seeky_multi.py:255:<module> <- verify_seeky_multi.py:208:main
WARNING:pet.gui_stall_sampler:  [t-23ms] verify_seeky_multi.py:208:main <- webm_clip.py:2499:_poll <- webm_clip.py:2750:_process_frame <- window_optional_services.py:62:<lambda> <- window.py:1919:_on_frame <- window.py:2106:_rebuild_frame
WARNING:root:GUI 卡顿 375ms state=IDLE anim=待机呼吸休闲 physics=None
WARNING:pet.gui_stall_sampler:GUI 冻结现场（375ms，2 个采样点，旧→新）：
WARNING:pet.gui_stall_sampler:  [t-418ms] webm_clip.py:2750:_process_frame <- window_optional_services.py:62:<lambda> <- window.py:1919:_on_frame <- window.py:2126:_rebuild_frame <- window.py:2291:_sync_mask <- window_optional_services.py:44:effects_coverage
WARNING:pet.gui_stall_sampler:  [t-10ms] verify_seeky_multi.py:255:<module> <- verify_seeky_multi.py:208:main <- webm_clip.py:2499:_poll <- webm_clip.py:2750:_process_frame
WARNING:root:GUI 卡顿 376ms state=IDLE anim=待机呼吸休闲 physics=None
WARNING:pet.gui_stall_sampler:GUI 冻结现场（376ms，2 个采样点，旧→新）：
WARNING:pet.gui_stall_sampler:  [t-419ms] webm_clip.py:2750:_process_frame <- window_optional_services.py:62:<lambda> <- window.py:1919:_on_frame <- window.py:2126:_rebuild_frame <- window.py:2291:_sync_mask <- window_optional_services.py:44:effects_coverage
WARNING:pet.gui_stall_sampler:  [t-10ms] verify_seeky_multi.py:255:<module> <- verify_seeky_multi.py:208:main <- webm_clip.py:2499:_poll <- webm_clip.py:2750:_process_frame
WARNING:root:GUI 卡顿 376ms state=IDLE anim=待机呼吸休闲 physics=None
WARNING:pet.gui_stall_sampler:GUI 冻结现场（376ms，2 个采样点，旧→新）：
WARNING:pet.gui_stall_sampler:  [t-419ms] webm_clip.py:2750:_process_frame <- window_optional_services.py:62:<lambda> <- window.py:1919:_on_frame <- window.py:2126:_rebuild_frame <- window.py:2291:_sync_mask <- window_optional_services.py:44:effects_coverage
WARNING:pet.gui_stall_sampler:  [t-10ms] verify_seeky_multi.py:255:<module> <- verify_seeky_multi.py:208:main <- webm_clip.py:2499:_poll <- webm_clip.py:2750:_process_frame
WARNING:root:GUI 卡顿 144ms state=IDLE anim=待机呼吸休闲 physics=None
WARNING:pet.gui_stall_sampler:GUI 冻结现场（144ms，2 个采样点，旧→新）：
WARNING:pet.gui_stall_sampler:  [t-147ms] verify_seeky_multi.py:255:<module> <- verify_seeky_multi.py:208:main
WARNING:pet.gui_stall_sampler:  [t-13ms] verify_seeky_multi.py:255:<module> <- verify_seeky_multi.py:208:main <- dsh_state.py:374:_schedule_online_probe <- threading.py:979:start <- threading.py:659:wait <- threading.py:359:wait
WARNING:root:GUI 卡顿 145ms state=IDLE anim=待机呼吸休闲 physics=None
WARNING:pet.gui_stall_sampler:GUI 冻结现场（145ms，2 个采样点，旧→新）：
WARNING:pet.gui_stall_sampler:  [t-147ms] verify_seeky_multi.py:255:<module> <- verify_seeky_multi.py:208:main
WARNING:pet.gui_stall_sampler:  [t-13ms] verify_seeky_multi.py:255:<module> <- verify_seeky_multi.py:208:main <- dsh_state.py:374:_schedule_online_probe <- threading.py:979:start <- threading.py:659:wait <- threading.py:359:wait
WARNING:root:GUI 卡顿 145ms state=IDLE anim=待机呼吸休闲 physics=None
WARNING:pet.gui_stall_sampler:GUI 冻结现场（145ms，2 个采样点，旧→新）：
WARNING:pet.gui_stall_sampler:  [t-147ms] verify_seeky_multi.py:255:<module> <- verify_seeky_multi.py:208:main
WARNING:pet.gui_stall_sampler:  [t-13ms] verify_seeky_multi.py:255:<module> <- verify_seeky_multi.py:208:main <- dsh_state.py:374:_schedule_online_probe <- threading.py:979:start <- threading.py:659:wait <- threading.py:359:wait
WARNING:root:GUI 卡顿 114ms state=IDLE anim=待机呼吸休闲 physics=None
WARNING:pet.gui_stall_sampler:GUI 冻结现场（114ms，2 个采样点，旧→新）：
WARNING:pet.gui_stall_sampler:  [t-95ms] verify_seeky_multi.py:255:<module> <- verify_seeky_multi.py:208:main
WARNING:pet.gui_stall_sampler:  [t-15ms] window_optional_services.py:62:<lambda> <- window.py:1917:_on_frame <- window.py:2124:_rebuild_frame <- window.py:2270:_sync_mask <- window_optional_services.py:42:effects_coverage <- frame_edges.py:18:coverage_region
WARNING:root:GUI 卡顿 115ms state=IDLE anim=待机呼吸休闲 physics=None
WARNING:pet.gui_stall_sampler:GUI 冻结现场（115ms，2 个采样点，旧→新）：
WARNING:pet.gui_stall_sampler:  [t-95ms] verify_seeky_multi.py:255:<module> <- verify_seeky_multi.py:208:main
WARNING:pet.gui_stall_sampler:  [t-15ms] window_optional_services.py:62:<lambda> <- window.py:1917:_on_frame <- window.py:2124:_rebuild_frame <- window.py:2270:_sync_mask <- window_optional_services.py:42:effects_coverage <- frame_edges.py:18:coverage_region
WARNING:root:GUI 卡顿 115ms state=IDLE anim=待机呼吸休闲 physics=None
WARNING:pet.gui_stall_sampler:GUI 冻结现场（115ms，2 个采样点，旧→新）：
WARNING:pet.gui_stall_sampler:  [t-96ms] verify_seeky_multi.py:255:<module> <- verify_seeky_multi.py:208:main
WARNING:pet.gui_stall_sampler:  [t-15ms] window_optional_services.py:62:<lambda> <- window.py:1917:_on_frame <- window.py:2124:_rebuild_frame <- window.py:2270:_sync_mask <- window_optional_services.py:42:effects_coverage <- frame_edges.py:18:coverage_region
WARNING:root:GUI 卡顿 186ms state=IDLE anim=待机呼吸休闲 physics=None
WARNING:pet.gui_stall_sampler:GUI 冻结现场（186ms，2 个采样点，旧→新）：
WARNING:pet.gui_stall_sampler:  [t-86ms] verify_seeky_multi.py:255:<module> <- verify_seeky_multi.py:208:main
WARNING:pet.gui_stall_sampler:  [t-11ms] window_optional_services.py:62:<lambda> <- window.py:1917:_on_frame <- window.py:2124:_rebuild_frame <- window.py:2270:_sync_mask <- window_optional_services.py:42:effects_coverage <- frame_edges.py:21:coverage_region
WARNING:root:GUI 卡顿 187ms state=IDLE anim=待机呼吸休闲 physics=None
WARNING:pet.gui_stall_sampler:GUI 冻结现场（187ms，2 个采样点，旧→新）：
WARNING:pet.gui_stall_sampler:  [t-87ms] verify_seeky_multi.py:255:<module> <- verify_seeky_multi.py:208:main
WARNING:pet.gui_stall_sampler:  [t-11ms] window_optional_services.py:62:<lambda> <- window.py:1917:_on_frame <- window.py:2124:_rebuild_frame <- window.py:2270:_sync_mask <- window_optional_services.py:42:effects_coverage <- frame_edges.py:21:coverage_region
WARNING:root:GUI 卡顿 187ms state=IDLE anim=待机呼吸休闲 physics=None
WARNING:pet.gui_stall_sampler:GUI 冻结现场（187ms，2 个采样点，旧→新）：
WARNING:pet.gui_stall_sampler:  [t-87ms] verify_seeky_multi.py:255:<module> <- verify_seeky_multi.py:208:main
WARNING:pet.gui_stall_sampler:  [t-11ms] window_optional_services.py:62:<lambda> <- window.py:1917:_on_frame <- window.py:2124:_rebuild_frame <- window.py:2270:_sync_mask <- window_optional_services.py:42:effects_coverage <- frame_edges.py:21:coverage_region
WARNING:root:GUI 卡顿 156ms state=IDLE anim=待机呼吸休闲 physics=None
WARNING:pet.gui_stall_sampler:GUI 冻结现场（156ms，1 个采样点，旧→新）：
WARNING:pet.gui_stall_sampler:  [t-2ms] verify_seeky_multi.py:208:main <- webm_clip.py:2499:_poll <- webm_clip.py:2750:_process_frame <- window_optional_services.py:62:<lambda> <- window.py:1919:_on_frame <- window.py:2126:_rebuild_frame
WARNING:root:GUI 卡顿 156ms state=IDLE anim=待机呼吸休闲 physics=None
WARNING:pet.gui_stall_sampler:GUI 冻结现场（156ms，1 个采样点，旧→新）：
WARNING:pet.gui_stall_sampler:  [t-2ms] verify_seeky_multi.py:208:main <- webm_clip.py:2499:_poll <- webm_clip.py:2750:_process_frame <- window_optional_services.py:62:<lambda> <- window.py:1919:_on_frame <- window.py:2126:_rebuild_frame
WARNING:root:GUI 卡顿 156ms state=IDLE anim=待机呼吸休闲 physics=None
WARNING:pet.gui_stall_sampler:GUI 冻结现场（156ms，1 个采样点，旧→新）：
WARNING:pet.gui_stall_sampler:  [t-2ms] verify_seeky_multi.py:208:main <- webm_clip.py:2499:_poll <- webm_clip.py:2750:_process_frame <- window_optional_services.py:62:<lambda> <- window.py:1919:_on_frame <- window.py:2126:_rebuild_frame
WARNING:root:GUI 卡顿 128ms state=IDLE anim=待机呼吸休闲 physics=None
WARNING:pet.gui_stall_sampler:GUI 冻结现场（128ms，2 个采样点，旧→新）：
WARNING:pet.gui_stall_sampler:  [t-176ms] verify_seeky_multi.py:208:main <- webm_clip.py:2499:_poll <- webm_clip.py:2750:_process_frame <- window_optional_services.py:62:<lambda> <- window.py:1919:_on_frame <- window.py:2126:_rebuild_frame
WARNING:pet.gui_stall_sampler:  [t-71ms] verify_seeky_multi.py:255:<module> <- verify_seeky_multi.py:208:main <- webm_clip.py:2499:_poll <- webm_clip.py:2750:_process_frame
WARNING:root:GUI 卡顿 129ms state=IDLE anim=待机呼吸休闲 physics=None
WARNING:pet.gui_stall_sampler:GUI 冻结现场（129ms，2 个采样点，旧→新）：
WARNING:pet.gui_stall_sampler:  [t-176ms] verify_seeky_multi.py:208:main <- webm_clip.py:2499:_poll <- webm_clip.py:2750:_process_frame <- window_optional_services.py:62:<lambda> <- window.py:1919:_on_frame <- window.py:2126:_rebuild_frame
WARNING:pet.gui_stall_sampler:  [t-71ms] verify_seeky_multi.py:255:<module> <- verify_seeky_multi.py:208:main <- webm_clip.py:2499:_poll <- webm_clip.py:2750:_process_frame
WARNING:root:GUI 卡顿 130ms state=IDLE anim=待机呼吸休闲 physics=None
WARNING:pet.gui_stall_sampler:GUI 冻结现场（130ms，2 个采样点，旧→新）：
WARNING:pet.gui_stall_sampler:  [t-176ms] verify_seeky_multi.py:208:main <- webm_clip.py:2499:_poll <- webm_clip.py:2750:_process_frame <- window_optional_services.py:62:<lambda> <- window.py:1919:_on_frame <- window.py:2126:_rebuild_frame
WARNING:pet.gui_stall_sampler:  [t-71ms] verify_seeky_multi.py:255:<module> <- verify_seeky_multi.py:208:main <- webm_clip.py:2499:_poll <- webm_clip.py:2750:_process_frame
WARNING:root:GUI 卡顿 403ms state=IDLE anim=待机呼吸休闲 physics=None
WARNING:root:GUI 卡顿 403ms state=IDLE anim=待机呼吸休闲 physics=None
WARNING:pet.gui_stall_sampler:GUI 冻结现场（403ms，1 个采样点，旧→新）：
WARNING:pet.gui_stall_sampler:  [t-0ms] verify_seeky_multi.py:208:main <- webm_clip.py:2499:_poll <- webm_clip.py:2750:_process_frame <- window_optional_services.py:62:<lambda> <- window.py:1917:_on_frame <- window.py:2114:_rebuild_frame
WARNING:root:GUI 卡顿 412ms state=IDLE anim=待机呼吸休闲 physics=None
WARNING:pet.gui_stall_sampler:GUI 冻结现场（412ms，1 个采样点，旧→新）：
WARNING:pet.gui_stall_sampler:  [t-8ms] verify_seeky_multi.py:208:main <- webm_clip.py:2499:_poll <- webm_clip.py:2750:_process_frame <- window_optional_services.py:62:<lambda> <- window.py:1917:_on_frame <- window.py:2114:_rebuild_frame
WARNING:root:GUI 卡顿 163ms state=IDLE anim=待机呼吸休闲 physics=None
WARNING:pet.gui_stall_sampler:GUI 冻结现场（163ms，3 个采样点，旧→新）：
WARNING:pet.gui_stall_sampler:  [t-202ms] verify_seeky_multi.py:255:<module> <- verify_seeky_multi.py:208:main
WARNING:pet.gui_stall_sampler:  [t-110ms] verify_seeky_multi.py:255:<module> <- verify_seeky_multi.py:208:main <- webm_clip.py:2499:_poll <- webm_clip.py:2724:_process_frame
WARNING:pet.gui_stall_sampler:  [t-19ms] verify_seeky_multi.py:208:main <- webm_clip.py:2499:_poll <- webm_clip.py:2750:_process_frame <- window_optional_services.py:62:<lambda> <- window.py:1917:_on_frame <- window.py:2099:_rebuild_frame
WARNING:root:GUI 卡顿 164ms state=IDLE anim=待机呼吸休闲 physics=None
WARNING:pet.gui_stall_sampler:GUI 冻结现场（164ms，3 个采样点，旧→新）：
WARNING:pet.gui_stall_sampler:  [t-203ms] verify_seeky_multi.py:255:<module> <- verify_seeky_multi.py:208:main
WARNING:pet.gui_stall_sampler:  [t-110ms] verify_seeky_multi.py:255:<module> <- verify_seeky_multi.py:208:main <- webm_clip.py:2499:_poll <- webm_clip.py:2724:_process_frame
WARNING:pet.gui_stall_sampler:  [t-20ms] verify_seeky_multi.py:208:main <- webm_clip.py:2499:_poll <- webm_clip.py:2750:_process_frame <- window_optional_services.py:62:<lambda> <- window.py:1917:_on_frame <- window.py:2099:_rebuild_frame
WARNING:root:GUI 卡顿 164ms state=IDLE anim=待机呼吸休闲 physics=None
WARNING:pet.gui_stall_sampler:GUI 冻结现场（164ms，3 个采样点，旧→新）：
WARNING:pet.gui_stall_sampler:  [t-203ms] verify_seeky_multi.py:255:<module> <- verify_seeky_multi.py:208:main
WARNING:pet.gui_stall_sampler:  [t-110ms] verify_seeky_multi.py:255:<module> <- verify_seeky_multi.py:208:main <- webm_clip.py:2499:_poll <- webm_clip.py:2724:_process_frame
WARNING:pet.gui_stall_sampler:  [t-20ms] verify_seeky_multi.py:208:main <- webm_clip.py:2499:_poll <- webm_clip.py:2750:_process_frame <- window_optional_services.py:62:<lambda> <- window.py:1917:_on_frame <- window.py:2099:_rebuild_frame
WARNING:root:GUI 卡顿 131ms state=IDLE anim=待机呼吸休闲 physics=None
WARNING:pet.gui_stall_sampler:GUI 冻结现场（131ms，2 个采样点，旧→新）：
WARNING:pet.gui_stall_sampler:  [t-141ms] verify_seeky_multi.py:255:<module> <- verify_seeky_multi.py:208:main
WARNING:pet.gui_stall_sampler:  [t-51ms] verify_seeky_multi.py:208:main <- webm_clip.py:2499:_poll <- webm_clip.py:2750:_process_frame <- window_optional_services.py:62:<lambda> <- window.py:1917:_on_frame <- window.py:2106:_rebuild_frame
WARNING:root:GUI 卡顿 132ms state=IDLE anim=待机呼吸休闲 physics=None
WARNING:pet.gui_stall_sampler:GUI 冻结现场（132ms，2 个采样点，旧→新）：
WARNING:pet.gui_stall_sampler:  [t-141ms] verify_seeky_multi.py:255:<module> <- verify_seeky_multi.py:208:main
WARNING:pet.gui_stall_sampler:  [t-51ms] verify_seeky_multi.py:208:main <- webm_clip.py:2499:_poll <- webm_clip.py:2750:_process_frame <- window_optional_services.py:62:<lambda> <- window.py:1917:_on_frame <- window.py:2106:_rebuild_frame
WARNING:root:GUI 卡顿 132ms state=IDLE anim=待机呼吸休闲 physics=None
WARNING:pet.gui_stall_sampler:GUI 冻结现场（132ms，2 个采样点，旧→新）：
WARNING:pet.gui_stall_sampler:  [t-141ms] verify_seeky_multi.py:255:<module> <- verify_seeky_multi.py:208:main
WARNING:pet.gui_stall_sampler:  [t-51ms] verify_seeky_multi.py:208:main <- webm_clip.py:2499:_poll <- webm_clip.py:2750:_process_frame <- window_optional_services.py:62:<lambda> <- window.py:1917:_on_frame <- window.py:2106:_rebuild_frame
WARNING:root:GUI 卡顿 155ms state=IDLE anim=待机呼吸休闲 physics=None
WARNING:pet.gui_stall_sampler:GUI 冻结现场（155ms，3 个采样点，旧→新）：
WARNING:pet.gui_stall_sampler:  [t-154ms] verify_seeky_multi.py:255:<module> <- verify_seeky_multi.py:208:main
WARNING:pet.gui_stall_sampler:  [t-83ms] verify_seeky_multi.py:255:<module> <- verify_seeky_multi.py:208:main <- webm_clip.py:2499:_poll <- webm_clip.py:2724:_process_frame
WARNING:pet.gui_stall_sampler:  [t-16ms] verify_seeky_multi.py:255:<module> <- verify_seeky_multi.py:208:main
WARNING:root:GUI 卡顿 157ms state=IDLE anim=待机呼吸休闲 physics=None
WARNING:pet.gui_stall_sampler:GUI 冻结现场（157ms，4 个采样点，旧→新）：
WARNING:pet.gui_stall_sampler:  [t-207ms] verify_seeky_multi.py:255:<module> <- verify_seeky_multi.py:208:main
WARNING:pet.gui_stall_sampler:  [t-84ms] verify_seeky_multi.py:255:<module> <- verify_seeky_multi.py:208:main <- webm_clip.py:2499:_poll <- webm_clip.py:2724:_process_frame
WARNING:pet.gui_stall_sampler:  [t-17ms] verify_seeky_multi.py:255:<module> <- verify_seeky_multi.py:208:main
WARNING:root:GUI 卡顿 158ms state=IDLE anim=待机呼吸休闲 physics=None
WARNING:pet.gui_stall_sampler:GUI 冻结现场（158ms，4 个采样点，旧→新）：
WARNING:pet.gui_stall_sampler:  [t-208ms] verify_seeky_multi.py:255:<module> <- verify_seeky_multi.py:208:main
WARNING:pet.gui_stall_sampler:  [t-85ms] verify_seeky_multi.py:255:<module> <- verify_seeky_multi.py:208:main <- webm_clip.py:2499:_poll <- webm_clip.py:2724:_process_frame
WARNING:pet.gui_stall_sampler:  [t-17ms] verify_seeky_multi.py:255:<module> <- verify_seeky_multi.py:208:main
WARNING:root:GUI 卡顿 108ms state=IDLE anim=待机呼吸休闲 physics=None
WARNING:pet.gui_stall_sampler:GUI 冻结现场（108ms，2 个采样点，旧→新）：
WARNING:pet.gui_stall_sampler:  [t-111ms] verify_seeky_multi.py:255:<module> <- verify_seeky_multi.py:208:main
WARNING:pet.gui_stall_sampler:  [t-47ms] verify_seeky_multi.py:255:<module> <- verify_seeky_multi.py:208:main <- webm_clip.py:2499:_poll <- webm_clip.py:2723:_process_frame
WARNING:root:GUI 卡顿 109ms state=IDLE anim=待机呼吸休闲 physics=None
WARNING:pet.gui_stall_sampler:GUI 冻结现场（109ms，2 个采样点，旧→新）：
WARNING:pet.gui_stall_sampler:  [t-112ms] verify_seeky_multi.py:255:<module> <- verify_seeky_multi.py:208:main
WARNING:pet.gui_stall_sampler:  [t-47ms] verify_seeky_multi.py:255:<module> <- verify_seeky_multi.py:208:main <- webm_clip.py:2499:_poll <- webm_clip.py:2723:_process_frame
WARNING:root:GUI 卡顿 109ms state=IDLE anim=待机呼吸休闲 physics=None
WARNING:pet.gui_stall_sampler:GUI 冻结现场（109ms，2 个采样点，旧→新）：
WARNING:pet.gui_stall_sampler:  [t-112ms] verify_seeky_multi.py:255:<module> <- verify_seeky_multi.py:208:main
WARNING:pet.gui_stall_sampler:  [t-47ms] verify_seeky_multi.py:255:<module> <- verify_seeky_multi.py:208:main <- webm_clip.py:2499:_poll <- webm_clip.py:2723:_process_frame
WARNING:root:GUI 卡顿 113ms state=IDLE anim=待机呼吸休闲 physics=None
WARNING:pet.gui_stall_sampler:GUI 冻结现场（113ms，3 个采样点，旧→新）：
WARNING:pet.gui_stall_sampler:  [t-160ms] verify_seeky_multi.py:255:<module> <- verify_seeky_multi.py:208:main
WARNING:pet.gui_stall_sampler:  [t-80ms] verify_seeky_multi.py:208:main <- webm_clip.py:2499:_poll <- webm_clip.py:2750:_process_frame <- window_optional_services.py:62:<lambda> <- window.py:1917:_on_frame <- window.py:2106:_rebuild_frame
WARNING:pet.gui_stall_sampler:  [t-1ms] verify_seeky_multi.py:255:<module> <- verify_seeky_multi.py:208:main
WARNING:root:GUI 卡顿 115ms state=IDLE anim=待机呼吸休闲 physics=None
WARNING:pet.gui_stall_sampler:GUI 冻结现场（115ms，3 个采样点，旧→新）：
WARNING:pet.gui_stall_sampler:  [t-161ms] verify_seeky_multi.py:255:<module> <- verify_seeky_multi.py:208:main
WARNING:pet.gui_stall_sampler:  [t-82ms] verify_seeky_multi.py:208:main <- webm_clip.py:2499:_poll <- webm_clip.py:2750:_process_frame <- window_optional_services.py:62:<lambda> <- window.py:1917:_on_frame <- window.py:2106:_rebuild_frame
WARNING:pet.gui_stall_sampler:  [t-2ms] verify_seeky_multi.py:255:<module> <- verify_seeky_multi.py:208:main
WARNING:root:GUI 卡顿 115ms state=IDLE anim=待机呼吸休闲 physics=None
WARNING:pet.gui_stall_sampler:GUI 冻结现场（115ms，3 个采样点，旧→新）：
WARNING:pet.gui_stall_sampler:  [t-161ms] verify_seeky_multi.py:255:<module> <- verify_seeky_multi.py:208:main
WARNING:pet.gui_stall_sampler:  [t-82ms] verify_seeky_multi.py:208:main <- webm_clip.py:2499:_poll <- webm_clip.py:2750:_process_frame <- window_optional_services.py:62:<lambda> <- window.py:1917:_on_frame <- window.py:2106:_rebuild_frame
WARNING:pet.gui_stall_sampler:  [t-2ms] verify_seeky_multi.py:255:<module> <- verify_seeky_multi.py:208:main
WARNING:root:GUI 卡顿 129ms state=IDLE anim=待机呼吸休闲 physics=None
WARNING:pet.gui_stall_sampler:GUI 冻结现场（129ms，2 个采样点，旧→新）：
WARNING:pet.gui_stall_sampler:  [t-128ms] verify_seeky_multi.py:255:<module> <- verify_seeky_multi.py:208:main
WARNING:pet.gui_stall_sampler:  [t-66ms] webm_clip.py:2499:_poll <- webm_clip.py:2750:_process_frame <- window_optional_services.py:62:<lambda> <- window.py:1917:_on_frame <- window.py:2068:_rebuild_frame <- window.py:1990:_frame_signature
WARNING:root:GUI 卡顿 130ms state=IDLE anim=待机呼吸休闲 physics=None
WARNING:pet.gui_stall_sampler:GUI 冻结现场（130ms，2 个采样点，旧→新）：
WARNING:pet.gui_stall_sampler:  [t-128ms] verify_seeky_multi.py:255:<module> <- verify_seeky_multi.py:208:main
WARNING:pet.gui_stall_sampler:  [t-66ms] webm_clip.py:2499:_poll <- webm_clip.py:2750:_process_frame <- window_optional_services.py:62:<lambda> <- window.py:1917:_on_frame <- window.py:2068:_rebuild_frame <- window.py:1990:_frame_signature
WARNING:root:GUI 卡顿 130ms state=IDLE anim=待机呼吸休闲 physics=None
WARNING:pet.gui_stall_sampler:GUI 冻结现场（130ms，2 个采样点，旧→新）：
WARNING:pet.gui_stall_sampler:  [t-128ms] verify_seeky_multi.py:255:<module> <- verify_seeky_multi.py:208:main
WARNING:pet.gui_stall_sampler:  [t-66ms] webm_clip.py:2499:_poll <- webm_clip.py:2750:_process_frame <- window_optional_services.py:62:<lambda> <- window.py:1917:_on_frame <- window.py:2068:_rebuild_frame <- window.py:1990:_frame_signature
WARNING:root:GUI 卡顿 102ms state=IDLE anim=待机呼吸休闲 physics=None
WARNING:pet.gui_stall_sampler:GUI 冻结现场（102ms，3 个采样点，旧→新）：
WARNING:pet.gui_stall_sampler:  [t-132ms] verify_seeky_multi.py:208:main <- webm_clip.py:2499:_poll <- webm_clip.py:2750:_process_frame <- window_optional_services.py:62:<lambda> <- window.py:1917:_on_frame <- window.py:2124:_rebuild_frame
WARNING:pet.gui_stall_sampler:  [t-71ms] verify_seeky_multi.py:255:<module> <- verify_seeky_multi.py:208:main <- webm_clip.py:2499:_poll <- webm_clip.py:2750:_process_frame
WARNING:pet.gui_stall_sampler:  [t-5ms] verify_seeky_multi.py:255:<module> <- verify_seeky_multi.py:208:main
WARNING:root:GUI 卡顿 103ms state=IDLE anim=待机呼吸休闲 physics=None
WARNING:pet.gui_stall_sampler:GUI 冻结现场（103ms，3 个采样点，旧→新）：
WARNING:pet.gui_stall_sampler:  [t-132ms] verify_seeky_multi.py:208:main <- webm_clip.py:2499:_poll <- webm_clip.py:2750:_process_frame <- window_optional_services.py:62:<lambda> <- window.py:1917:_on_frame <- window.py:2124:_rebuild_frame
WARNING:pet.gui_stall_sampler:  [t-71ms] verify_seeky_multi.py:255:<module> <- verify_seeky_multi.py:208:main <- webm_clip.py:2499:_poll <- webm_clip.py:2750:_process_frame
WARNING:pet.gui_stall_sampler:  [t-6ms] verify_seeky_multi.py:255:<module> <- verify_seeky_multi.py:208:main
WARNING:root:GUI 卡顿 103ms state=IDLE anim=待机呼吸休闲 physics=None
WARNING:pet.gui_stall_sampler:GUI 冻结现场（103ms，3 个采样点，旧→新）：
WARNING:pet.gui_stall_sampler:  [t-132ms] verify_seeky_multi.py:208:main <- webm_clip.py:2499:_poll <- webm_clip.py:2750:_process_frame <- window_optional_services.py:62:<lambda> <- window.py:1917:_on_frame <- window.py:2124:_rebuild_frame
WARNING:pet.gui_stall_sampler:  [t-71ms] verify_seeky_multi.py:255:<module> <- verify_seeky_multi.py:208:main <- webm_clip.py:2499:_poll <- webm_clip.py:2750:_process_frame
WARNING:pet.gui_stall_sampler:  [t-6ms] verify_seeky_multi.py:255:<module> <- verify_seeky_multi.py:208:main
WARNING:root:GUI 卡顿 131ms state=IDLE anim=待机呼吸休闲 physics=None
WARNING:pet.gui_stall_sampler:GUI 冻结现场（131ms，3 个采样点，旧→新）：
WARNING:pet.gui_stall_sampler:  [t-139ms] verify_seeky_multi.py:255:<module> <- verify_seeky_multi.py:208:main
WARNING:root:GUI 卡顿 133ms state=IDLE anim=待机呼吸休闲 physics=None
WARNING:pet.gui_stall_sampler:GUI 冻结现场（133ms，3 个采样点，旧→新）：
WARNING:pet.gui_stall_sampler:  [t-140ms] verify_seeky_multi.py:255:<module> <- verify_seeky_multi.py:208:main
WARNING:root:GUI 卡顿 133ms state=IDLE anim=待机呼吸休闲 physics=None
WARNING:pet.gui_stall_sampler:GUI 冻结现场（133ms，3 个采样点，旧→新）：
WARNING:pet.gui_stall_sampler:  [t-140ms] verify_seeky_multi.py:255:<module> <- verify_seeky_multi.py:208:main
WARNING:root:GUI 卡顿 133ms state=IDLE anim=待机呼吸休闲 physics=None
WARNING:pet.gui_stall_sampler:GUI 冻结现场（133ms，2 个采样点，旧→新）：
WARNING:pet.gui_stall_sampler:  [t-155ms] verify_seeky_multi.py:255:<module> <- verify_seeky_multi.py:208:main <- webm_clip.py:2499:_poll <- webm_clip.py:2724:_process_frame
WARNING:pet.gui_stall_sampler:  [t-49ms] verify_seeky_multi.py:255:<module> <- verify_seeky_multi.py:208:main <- webm_clip.py:2499:_poll <- webm_clip.py:2723:_process_frame
WARNING:root:GUI 卡顿 135ms state=IDLE anim=待机呼吸休闲 physics=None
WARNING:pet.gui_stall_sampler:GUI 冻结现场（135ms，2 个采样点，旧→新）：
WARNING:pet.gui_stall_sampler:  [t-156ms] verify_seeky_multi.py:255:<module> <- verify_seeky_multi.py:208:main <- webm_clip.py:2499:_poll <- webm_clip.py:2724:_process_frame
WARNING:pet.gui_stall_sampler:  [t-50ms] verify_seeky_multi.py:255:<module> <- verify_seeky_multi.py:208:main <- webm_clip.py:2499:_poll <- webm_clip.py:2723:_process_frame
WARNING:root:GUI 卡顿 136ms state=IDLE anim=待机呼吸休闲 physics=None
WARNING:pet.gui_stall_sampler:GUI 冻结现场（136ms，2 个采样点，旧→新）：
WARNING:pet.gui_stall_sampler:  [t-156ms] verify_seeky_multi.py:255:<module> <- verify_seeky_multi.py:208:main <- webm_clip.py:2499:_poll <- webm_clip.py:2724:_process_frame
WARNING:pet.gui_stall_sampler:  [t-50ms] verify_seeky_multi.py:255:<module> <- verify_seeky_multi.py:208:main <- webm_clip.py:2499:_poll <- webm_clip.py:2723:_process_frame
WARNING:root:GUI 卡顿 120ms state=IDLE anim=待机呼吸休闲 physics=None
WARNING:pet.gui_stall_sampler:GUI 冻结现场（120ms，2 个采样点，旧→新）：
WARNING:pet.gui_stall_sampler:  [t-135ms] verify_seeky_multi.py:255:<module> <- verify_seeky_multi.py:208:main
WARNING:root:GUI 卡顿 121ms state=IDLE anim=待机呼吸休闲 physics=None
WARNING:pet.gui_stall_sampler:GUI 冻结现场（121ms，2 个采样点，旧→新）：
WARNING:pet.gui_stall_sampler:  [t-135ms] verify_seeky_multi.py:255:<module> <- verify_seeky_multi.py:208:main
WARNING:root:GUI 卡顿 121ms state=IDLE anim=待机呼吸休闲 physics=None
WARNING:pet.gui_stall_sampler:GUI 冻结现场（121ms，2 个采样点，旧→新）：
WARNING:pet.gui_stall_sampler:  [t-135ms] verify_seeky_multi.py:255:<module> <- verify_seeky_multi.py:208:main
WARNING:root:GUI 卡顿 194ms state=IDLE anim=待机呼吸休闲 physics=None
WARNING:pet.gui_stall_sampler:GUI 冻结现场（194ms，3 个采样点，旧→新）：
WARNING:pet.gui_stall_sampler:  [t-212ms] verify_seeky_multi.py:255:<module> <- verify_seeky_multi.py:208:main
WARNING:pet.gui_stall_sampler:  [t-85ms] verify_seeky_multi.py:255:<module> <- verify_seeky_multi.py:208:main <- webm_clip.py:2499:_poll <- webm_clip.py:2724:_process_frame
WARNING:pet.gui_stall_sampler:  [t-11ms] webm_clip.py:2499:_poll <- webm_clip.py:2750:_process_frame <- window_optional_services.py:62:<lambda> <- window.py:1917:_on_frame <- window.py:2124:_rebuild_frame <- window.py:2265:_sync_mask
WARNING:root:GUI 卡顿 194ms state=IDLE anim=待机呼吸休闲 physics=None
WARNING:pet.gui_stall_sampler:GUI 冻结现场（194ms，3 个采样点，旧→新）：
WARNING:pet.gui_stall_sampler:  [t-212ms] verify_seeky_multi.py:255:<module> <- verify_seeky_multi.py:208:main
WARNING:pet.gui_stall_sampler:  [t-86ms] verify_seeky_multi.py:255:<module> <- verify_seeky_multi.py:208:main <- webm_clip.py:2499:_poll <- webm_clip.py:2724:_process_frame
WARNING:pet.gui_stall_sampler:  [t-11ms] webm_clip.py:2499:_poll <- webm_clip.py:2750:_process_frame <- window_optional_services.py:62:<lambda> <- window.py:1917:_on_frame <- window.py:2124:_rebuild_frame <- window.py:2265:_sync_mask
WARNING:root:GUI 卡顿 194ms state=IDLE anim=待机呼吸休闲 physics=None
WARNING:pet.gui_stall_sampler:GUI 冻结现场（194ms，3 个采样点，旧→新）：
WARNING:pet.gui_stall_sampler:  [t-212ms] verify_seeky_multi.py:255:<module> <- verify_seeky_multi.py:208:main
WARNING:pet.gui_stall_sampler:  [t-86ms] verify_seeky_multi.py:255:<module> <- verify_seeky_multi.py:208:main <- webm_clip.py:2499:_poll <- webm_clip.py:2724:_process_frame
WARNING:pet.gui_stall_sampler:  [t-11ms] webm_clip.py:2499:_poll <- webm_clip.py:2750:_process_frame <- window_optional_services.py:62:<lambda> <- window.py:1917:_on_frame <- window.py:2124:_rebuild_frame <- window.py:2265:_sync_mask
WARNING:root:GUI 卡顿 396ms state=IDLE anim=待机呼吸休闲 physics=None
WARNING:pet.gui_stall_sampler:GUI 冻结现场（396ms，4 个采样点，旧→新）：
WARNING:pet.gui_stall_sampler:  [t-435ms] verify_seeky_multi.py:255:<module> <- verify_seeky_multi.py:208:main
WARNING:pet.gui_stall_sampler:  [t-379ms] verify_seeky_multi.py:255:<module> <- verify_seeky_multi.py:208:main <- webm_clip.py:2499:_poll <- webm_clip.py:2723:_process_frame
WARNING:pet.gui_stall_sampler:  [t-115ms] verify_seeky_multi.py:208:main <- webm_clip.py:2499:_poll <- webm_clip.py:2750:_process_frame <- window_optional_services.py:62:<lambda> <- window.py:1917:_on_frame <- window.py:2099:_rebuild_frame
WARNING:pet.gui_stall_sampler:  [t-18ms] verify_seeky_multi.py:255:<module> <- verify_seeky_multi.py:208:main
WARNING:root:GUI 卡顿 399ms state=IDLE anim=待机呼吸休闲 physics=None
WARNING:pet.gui_stall_sampler:GUI 冻结现场（399ms，4 个采样点，旧→新）：
WARNING:pet.gui_stall_sampler:  [t-436ms] verify_seeky_multi.py:255:<module> <- verify_seeky_multi.py:208:main
WARNING:pet.gui_stall_sampler:  [t-380ms] verify_seeky_multi.py:255:<module> <- verify_seeky_multi.py:208:main <- webm_clip.py:2499:_poll <- webm_clip.py:2723:_process_frame
WARNING:pet.gui_stall_sampler:  [t-116ms] verify_seeky_multi.py:208:main <- webm_clip.py:2499:_poll <- webm_clip.py:2750:_process_frame <- window_optional_services.py:62:<lambda> <- window.py:1917:_on_frame <- window.py:2099:_rebuild_frame
WARNING:pet.gui_stall_sampler:  [t-19ms] verify_seeky_multi.py:255:<module> <- verify_seeky_multi.py:208:main
WARNING:root:GUI 卡顿 399ms state=IDLE anim=待机呼吸休闲 physics=None
WARNING:pet.gui_stall_sampler:GUI 冻结现场（399ms，4 个采样点，旧→新）：
WARNING:pet.gui_stall_sampler:  [t-436ms] verify_seeky_multi.py:255:<module> <- verify_seeky_multi.py:208:main
WARNING:pet.gui_stall_sampler:  [t-380ms] verify_seeky_multi.py:255:<module> <- verify_seeky_multi.py:208:main <- webm_clip.py:2499:_poll <- webm_clip.py:2723:_process_frame
WARNING:pet.gui_stall_sampler:  [t-116ms] verify_seeky_multi.py:208:main <- webm_clip.py:2499:_poll <- webm_clip.py:2750:_process_frame <- window_optional_services.py:62:<lambda> <- window.py:1917:_on_frame <- window.py:2099:_rebuild_frame
WARNING:pet.gui_stall_sampler:  [t-19ms] verify_seeky_multi.py:255:<module> <- verify_seeky_multi.py:208:main
WARNING:root:GUI 卡顿 349ms state=IDLE anim=待机呼吸休闲 physics=None
WARNING:pet.gui_stall_sampler:GUI 冻结现场（349ms，3 个采样点，旧→新）：
WARNING:pet.gui_stall_sampler:  [t-351ms] verify_seeky_multi.py:255:<module> <- verify_seeky_multi.py:208:main
WARNING:pet.gui_stall_sampler:  [t-123ms] verify_seeky_multi.py:208:main <- webm_clip.py:2499:_poll <- webm_clip.py:2750:_process_frame <- window_optional_services.py:62:<lambda> <- window.py:1917:_on_frame <- window.py:2124:_rebuild_frame
WARNING:pet.gui_stall_sampler:  [t-47ms] verify_seeky_multi.py:255:<module> <- verify_seeky_multi.py:208:main
WARNING:root:GUI 卡顿 350ms state=IDLE anim=待机呼吸休闲 physics=None
WARNING:pet.gui_stall_sampler:GUI 冻结现场（350ms，3 个采样点，旧→新）：
WARNING:pet.gui_stall_sampler:  [t-352ms] verify_seeky_multi.py:255:<module> <- verify_seeky_multi.py:208:main
WARNING:pet.gui_stall_sampler:  [t-124ms] verify_seeky_multi.py:208:main <- webm_clip.py:2499:_poll <- webm_clip.py:2750:_process_frame <- window_optional_services.py:62:<lambda> <- window.py:1917:_on_frame <- window.py:2124:_rebuild_frame
WARNING:pet.gui_stall_sampler:  [t-48ms] verify_seeky_multi.py:255:<module> <- verify_seeky_multi.py:208:main
WARNING:root:GUI 卡顿 350ms state=IDLE anim=待机呼吸休闲 physics=None
WARNING:pet.gui_stall_sampler:GUI 冻结现场（350ms，3 个采样点，旧→新）：
WARNING:pet.gui_stall_sampler:  [t-352ms] verify_seeky_multi.py:255:<module> <- verify_seeky_multi.py:208:main
WARNING:pet.gui_stall_sampler:  [t-124ms] verify_seeky_multi.py:208:main <- webm_clip.py:2499:_poll <- webm_clip.py:2750:_process_frame <- window_optional_services.py:62:<lambda> <- window.py:1917:_on_frame <- window.py:2124:_rebuild_frame
WARNING:pet.gui_stall_sampler:  [t-48ms] verify_seeky_multi.py:255:<module> <- verify_seeky_multi.py:208:main
WARNING:root:GUI 卡顿 272ms state=IDLE anim=待机呼吸休闲 physics=None
WARNING:pet.gui_stall_sampler:GUI 冻结现场（272ms，2 个采样点，旧→新）：
WARNING:pet.gui_stall_sampler:  [t-287ms] verify_seeky_multi.py:255:<module> <- verify_seeky_multi.py:208:main
WARNING:pet.gui_stall_sampler:  [t-40ms] verify_seeky_multi.py:255:<module> <- verify_seeky_multi.py:208:main <- webm_clip.py:2499:_poll <- webm_clip.py:2750:_process_frame
WARNING:root:GUI 卡顿 277ms state=IDLE anim=待机呼吸休闲 physics=None
WARNING:pet.gui_stall_sampler:GUI 冻结现场（277ms，2 个采样点，旧→新）：
WARNING:pet.gui_stall_sampler:  [t-290ms] verify_seeky_multi.py:255:<module> <- verify_seeky_multi.py:208:main
WARNING:pet.gui_stall_sampler:  [t-42ms] verify_seeky_multi.py:255:<module> <- verify_seeky_multi.py:208:main <- webm_clip.py:2499:_poll <- webm_clip.py:2750:_process_frame
WARNING:root:GUI 卡顿 277ms state=IDLE anim=待机呼吸休闲 physics=None
WARNING:pet.gui_stall_sampler:GUI 冻结现场（277ms，2 个采样点，旧→新）：
WARNING:pet.gui_stall_sampler:  [t-290ms] verify_seeky_multi.py:255:<module> <- verify_seeky_multi.py:208:main
WARNING:pet.gui_stall_sampler:  [t-42ms] verify_seeky_multi.py:255:<module> <- verify_seeky_multi.py:208:main <- webm_clip.py:2499:_poll <- webm_clip.py:2750:_process_frame
WARNING:root:GUI 卡顿 410ms state=IDLE anim=待机呼吸休闲 physics=None
WARNING:pet.gui_stall_sampler:GUI 冻结现场（410ms，3 个采样点，旧→新）：
WARNING:pet.gui_stall_sampler:  [t-437ms] verify_seeky_multi.py:255:<module> <- verify_seeky_multi.py:208:main
WARNING:pet.gui_stall_sampler:  [t-83ms] verify_seeky_multi.py:255:<module> <- verify_seeky_multi.py:208:main <- webm_clip.py:2499:_poll <- webm_clip.py:2724:_process_frame
WARNING:pet.gui_stall_sampler:  [t-18ms] verify_seeky_multi.py:255:<module> <- verify_seeky_multi.py:208:main
WARNING:root:GUI 卡顿 412ms state=IDLE anim=待机呼吸休闲 physics=None
WARNING:pet.gui_stall_sampler:GUI 冻结现场（412ms，3 个采样点，旧→新）：
WARNING:pet.gui_stall_sampler:  [t-437ms] verify_seeky_multi.py:255:<module> <- verify_seeky_multi.py:208:main
WARNING:pet.gui_stall_sampler:  [t-84ms] verify_seeky_multi.py:255:<module> <- verify_seeky_multi.py:208:main <- webm_clip.py:2499:_poll <- webm_clip.py:2724:_process_frame
WARNING:pet.gui_stall_sampler:  [t-19ms] verify_seeky_multi.py:255:<module> <- verify_seeky_multi.py:208:main
WARNING:root:GUI 卡顿 412ms state=IDLE anim=待机呼吸休闲 physics=None
WARNING:pet.gui_stall_sampler:GUI 冻结现场（412ms，3 个采样点，旧→新）：
WARNING:pet.gui_stall_sampler:  [t-438ms] verify_seeky_multi.py:255:<module> <- verify_seeky_multi.py:208:main
WARNING:pet.gui_stall_sampler:  [t-84ms] verify_seeky_multi.py:255:<module> <- verify_seeky_multi.py:208:main <- webm_clip.py:2499:_poll <- webm_clip.py:2724:_process_frame
WARNING:pet.gui_stall_sampler:  [t-19ms] verify_seeky_multi.py:255:<module> <- verify_seeky_multi.py:208:main
WARNING:root:GUI 卡顿 224ms state=IDLE anim=待机呼吸休闲 physics=None
WARNING:pet.gui_stall_sampler:GUI 冻结现场（224ms，1 个采样点，旧→新）：
WARNING:pet.gui_stall_sampler:  [t-73ms] window_optional_services.py:62:<lambda> <- window.py:1917:_on_frame <- window.py:2124:_rebuild_frame <- window.py:2270:_sync_mask <- window_optional_services.py:42:effects_coverage <- frame_edges.py:18:coverage_region
WARNING:root:GUI 卡顿 225ms state=IDLE anim=待机呼吸休闲 physics=None
WARNING:pet.gui_stall_sampler:GUI 冻结现场（225ms，1 个采样点，旧→新）：
WARNING:pet.gui_stall_sampler:  [t-74ms] window_optional_services.py:62:<lambda> <- window.py:1917:_on_frame <- window.py:2124:_rebuild_frame <- window.py:2270:_sync_mask <- window_optional_services.py:42:effects_coverage <- frame_edges.py:18:coverage_region
WARNING:root:GUI 卡顿 225ms state=IDLE anim=待机呼吸休闲 physics=None
WARNING:pet.gui_stall_sampler:GUI 冻结现场（225ms，1 个采样点，旧→新）：
WARNING:pet.gui_stall_sampler:  [t-74ms] window_optional_services.py:62:<lambda> <- window.py:1917:_on_frame <- window.py:2124:_rebuild_frame <- window.py:2270:_sync_mask <- window_optional_services.py:42:effects_coverage <- frame_edges.py:18:coverage_region
WARNING:root:GUI 卡顿 188ms state=IDLE anim=待机呼吸休闲 physics=None
WARNING:pet.gui_stall_sampler:GUI 冻结现场（188ms，2 个采样点，旧→新）：
WARNING:pet.gui_stall_sampler:  [t-199ms] verify_seeky_multi.py:255:<module> <- verify_seeky_multi.py:208:main
WARNING:pet.gui_stall_sampler:  [t-110ms] verify_seeky_multi.py:208:main <- webm_clip.py:2499:_poll <- webm_clip.py:2750:_process_frame <- window_optional_services.py:62:<lambda> <- window.py:1917:_on_frame <- window.py:2106:_rebuild_frame
WARNING:root:GUI 卡顿 188ms state=IDLE anim=待机呼吸休闲 physics=None
WARNING:pet.gui_stall_sampler:GUI 冻结现场（188ms，2 个采样点，旧→新）：
WARNING:pet.gui_stall_sampler:  [t-199ms] verify_seeky_multi.py:255:<module> <- verify_seeky_multi.py:208:main
WARNING:pet.gui_stall_sampler:  [t-111ms] verify_seeky_multi.py:208:main <- webm_clip.py:2499:_poll <- webm_clip.py:2750:_process_frame <- window_optional_services.py:62:<lambda> <- window.py:1917:_on_frame <- window.py:2106:_rebuild_frame
WARNING:root:GUI 卡顿 189ms state=IDLE anim=待机呼吸休闲 physics=None
WARNING:pet.gui_stall_sampler:GUI 冻结现场（189ms，2 个采样点，旧→新）：
WARNING:pet.gui_stall_sampler:  [t-200ms] verify_seeky_multi.py:255:<module> <- verify_seeky_multi.py:208:main
WARNING:pet.gui_stall_sampler:  [t-111ms] verify_seeky_multi.py:208:main <- webm_clip.py:2499:_poll <- webm_clip.py:2750:_process_frame <- window_optional_services.py:62:<lambda> <- window.py:1917:_on_frame <- window.py:2106:_rebuild_frame
WARNING:root:GUI 卡顿 114ms state=IDLE anim=待机呼吸休闲 physics=None
WARNING:pet.gui_stall_sampler:GUI 冻结现场（114ms，2 个采样点，旧→新）：
WARNING:pet.gui_stall_sampler:  [t-125ms] verify_seeky_multi.py:255:<module> <- verify_seeky_multi.py:208:main
WARNING:pet.gui_stall_sampler:  [t-18ms] verify_seeky_multi.py:208:main <- webm_clip.py:2499:_poll <- webm_clip.py:2750:_process_frame <- window_optional_services.py:62:<lambda> <- window.py:1917:_on_frame <- window.py:2099:_rebuild_frame
WARNING:root:GUI 卡顿 115ms state=IDLE anim=待机呼吸休闲 physics=None
WARNING:pet.gui_stall_sampler:GUI 冻结现场（115ms，2 个采样点，旧→新）：
WARNING:pet.gui_stall_sampler:  [t-126ms] verify_seeky_multi.py:255:<module> <- verify_seeky_multi.py:208:main
WARNING:pet.gui_stall_sampler:  [t-18ms] verify_seeky_multi.py:208:main <- webm_clip.py:2499:_poll <- webm_clip.py:2750:_process_frame <- window_optional_services.py:62:<lambda> <- window.py:1917:_on_frame <- window.py:2099:_rebuild_frame
WARNING:root:GUI 卡顿 115ms state=IDLE anim=待机呼吸休闲 physics=None
WARNING:pet.gui_stall_sampler:GUI 冻结现场（115ms，2 个采样点，旧→新）：
WARNING:pet.gui_stall_sampler:  [t-126ms] verify_seeky_multi.py:255:<module> <- verify_seeky_multi.py:208:main
WARNING:pet.gui_stall_sampler:  [t-18ms] verify_seeky_multi.py:208:main <- webm_clip.py:2499:_poll <- webm_clip.py:2750:_process_frame <- window_optional_services.py:62:<lambda> <- window.py:1917:_on_frame <- window.py:2099:_rebuild_frame
WARNING:root:GUI 卡顿 340ms state=IDLE anim=待机呼吸休闲 physics=None
WARNING:pet.gui_stall_sampler:GUI 冻结现场（340ms，2 个采样点，旧→新）：
WARNING:pet.gui_stall_sampler:  [t-358ms] verify_seeky_multi.py:255:<module> <- verify_seeky_multi.py:208:main
WARNING:pet.gui_stall_sampler:  [t-36ms] verify_seeky_multi.py:208:main <- webm_clip.py:2499:_poll <- webm_clip.py:2750:_process_frame <- window_optional_services.py:62:<lambda> <- window.py:1917:_on_frame <- window.py:2106:_rebuild_frame
WARNING:root:GUI 卡顿 345ms state=IDLE anim=待机呼吸休闲 physics=None
WARNING:pet.gui_stall_sampler:GUI 冻结现场（345ms，2 个采样点，旧→新）：
WARNING:pet.gui_stall_sampler:  [t-362ms] verify_seeky_multi.py:255:<module> <- verify_seeky_multi.py:208:main
WARNING:pet.gui_stall_sampler:  [t-40ms] verify_seeky_multi.py:208:main <- webm_clip.py:2499:_poll <- webm_clip.py:2750:_process_frame <- window_optional_services.py:62:<lambda> <- window.py:1917:_on_frame <- window.py:2106:_rebuild_frame
WARNING:root:GUI 卡顿 345ms state=IDLE anim=待机呼吸休闲 physics=None
WARNING:pet.gui_stall_sampler:GUI 冻结现场（345ms，2 个采样点，旧→新）：
WARNING:pet.gui_stall_sampler:  [t-362ms] verify_seeky_multi.py:255:<module> <- verify_seeky_multi.py:208:main
WARNING:pet.gui_stall_sampler:  [t-40ms] verify_seeky_multi.py:208:main <- webm_clip.py:2499:_poll <- webm_clip.py:2750:_process_frame <- window_optional_services.py:62:<lambda> <- window.py:1917:_on_frame <- window.py:2106:_rebuild_frame
WARNING:root:GUI 卡顿 157ms state=IDLE anim=待机呼吸休闲 physics=None
WARNING:pet.gui_stall_sampler:GUI 冻结现场（157ms，3 个采样点，旧→新）：
WARNING:pet.gui_stall_sampler:  [t-160ms] verify_seeky_multi.py:255:<module> <- verify_seeky_multi.py:208:main
WARNING:pet.gui_stall_sampler:  [t-74ms] window_optional_services.py:62:<lambda> <- window.py:1917:_on_frame <- window.py:2124:_rebuild_frame <- window.py:2270:_sync_mask <- window_optional_services.py:42:effects_coverage <- frame_edges.py:18:coverage_region
WARNING:pet.gui_stall_sampler:  [t-2ms] __init__.py:1531:warning <- __init__.py:1664:_log <- __init__.py:1680:handle <- __init__.py:1736:callHandlers <- __init__.py:1026:handle <- __init__.py:1153:emit
WARNING:root:GUI 卡顿 161ms state=IDLE anim=待机呼吸休闲 physics=None
WARNING:pet.gui_stall_sampler:GUI 冻结现场（161ms，3 个采样点，旧→新）：
WARNING:pet.gui_stall_sampler:  [t-161ms] verify_seeky_multi.py:255:<module> <- verify_seeky_multi.py:208:main
WARNING:pet.gui_stall_sampler:  [t-75ms] window_optional_services.py:62:<lambda> <- window.py:1917:_on_frame <- window.py:2124:_rebuild_frame <- window.py:2270:_sync_mask <- window_optional_services.py:42:effects_coverage <- frame_edges.py:18:coverage_region
WARNING:pet.gui_stall_sampler:  [t-3ms] __init__.py:1531:warning <- __init__.py:1664:_log <- __init__.py:1680:handle <- __init__.py:1736:callHandlers <- __init__.py:1026:handle <- __init__.py:1153:emit
WARNING:root:GUI 卡顿 161ms state=IDLE anim=待机呼吸休闲 physics=None
WARNING:pet.gui_stall_sampler:GUI 冻结现场（161ms，3 个采样点，旧→新）：
WARNING:pet.gui_stall_sampler:  [t-161ms] verify_seeky_multi.py:255:<module> <- verify_seeky_multi.py:208:main
WARNING:pet.gui_stall_sampler:  [t-76ms] window_optional_services.py:62:<lambda> <- window.py:1917:_on_frame <- window.py:2124:_rebuild_frame <- window.py:2270:_sync_mask <- window_optional_services.py:42:effects_coverage <- frame_edges.py:18:coverage_region
WARNING:pet.gui_stall_sampler:  [t-3ms] __init__.py:1531:warning <- __init__.py:1664:_log <- __init__.py:1680:handle <- __init__.py:1736:callHandlers <- __init__.py:1026:handle <- __init__.py:1153:emit
WARNING:root:GUI 卡顿 190ms state=IDLE anim=待机呼吸休闲 physics=None
WARNING:pet.gui_stall_sampler:GUI 冻结现场（190ms，2 个采样点，旧→新）：
WARNING:pet.gui_stall_sampler:  [t-98ms] verify_seeky_multi.py:208:main <- webm_clip.py:2499:_poll <- webm_clip.py:2750:_process_frame <- window_optional_services.py:62:<lambda> <- window.py:1917:_on_frame <- window.py:2099:_rebuild_frame
WARNING:pet.gui_stall_sampler:  [t-39ms] window_optional_services.py:62:<lambda> <- window.py:1917:_on_frame <- window.py:2124:_rebuild_frame <- window.py:2270:_sync_mask <- window_optional_services.py:42:effects_coverage <- frame_edges.py:28:coverage_region
WARNING:root:GUI 卡顿 191ms state=IDLE anim=待机呼吸休闲 physics=None
WARNING:pet.gui_stall_sampler:GUI 冻结现场（191ms，2 个采样点，旧→新）：
WARNING:pet.gui_stall_sampler:  [t-98ms] verify_seeky_multi.py:208:main <- webm_clip.py:2499:_poll <- webm_clip.py:2750:_process_frame <- window_optional_services.py:62:<lambda> <- window.py:1917:_on_frame <- window.py:2099:_rebuild_frame
WARNING:pet.gui_stall_sampler:  [t-39ms] window_optional_services.py:62:<lambda> <- window.py:1917:_on_frame <- window.py:2124:_rebuild_frame <- window.py:2270:_sync_mask <- window_optional_services.py:42:effects_coverage <- frame_edges.py:28:coverage_region
WARNING:root:GUI 卡顿 191ms state=IDLE anim=待机呼吸休闲 physics=None
WARNING:pet.gui_stall_sampler:GUI 冻结现场（191ms，2 个采样点，旧→新）：
WARNING:pet.gui_stall_sampler:  [t-98ms] verify_seeky_multi.py:208:main <- webm_clip.py:2499:_poll <- webm_clip.py:2750:_process_frame <- window_optional_services.py:62:<lambda> <- window.py:1917:_on_frame <- window.py:2099:_rebuild_frame
WARNING:pet.gui_stall_sampler:  [t-39ms] window_optional_services.py:62:<lambda> <- window.py:1917:_on_frame <- window.py:2124:_rebuild_frame <- window.py:2270:_sync_mask <- window_optional_services.py:42:effects_coverage <- frame_edges.py:28:coverage_region
WARNING:root:GUI 卡顿 180ms state=IDLE anim=待机呼吸休闲 physics=None
WARNING:pet.gui_stall_sampler:GUI 冻结现场（180ms，3 个采样点，旧→新）：
WARNING:pet.gui_stall_sampler:  [t-205ms] verify_seeky_multi.py:255:<module> <- verify_seeky_multi.py:208:main
WARNING:pet.gui_stall_sampler:  [t-138ms] verify_seeky_multi.py:255:<module> <- verify_seeky_multi.py:208:main <- webm_clip.py:2499:_poll <- webm_clip.py:2724:_process_frame
WARNING:pet.gui_stall_sampler:  [t-19ms] verify_seeky_multi.py:208:main <- webm_clip.py:2499:_poll <- webm_clip.py:2750:_process_frame <- window_optional_services.py:62:<lambda> <- window.py:1917:_on_frame <- window.py:2106:_rebuild_frame
WARNING:root:GUI 卡顿 181ms state=IDLE anim=待机呼吸休闲 physics=None
WARNING:pet.gui_stall_sampler:GUI 冻结现场（181ms，3 个采样点，旧→新）：
WARNING:pet.gui_stall_sampler:  [t-205ms] verify_seeky_multi.py:255:<module> <- verify_seeky_multi.py:208:main
WARNING:pet.gui_stall_sampler:  [t-139ms] verify_seeky_multi.py:255:<module> <- verify_seeky_multi.py:208:main <- webm_clip.py:2499:_poll <- webm_clip.py:2724:_process_frame
WARNING:pet.gui_stall_sampler:  [t-19ms] verify_seeky_multi.py:208:main <- webm_clip.py:2499:_poll <- webm_clip.py:2750:_process_frame <- window_optional_services.py:62:<lambda> <- window.py:1917:_on_frame <- window.py:2106:_rebuild_frame
WARNING:root:GUI 卡顿 181ms state=IDLE anim=待机呼吸休闲 physics=None
WARNING:pet.gui_stall_sampler:GUI 冻结现场（181ms，3 个采样点，旧→新）：
WARNING:pet.gui_stall_sampler:  [t-205ms] verify_seeky_multi.py:255:<module> <- verify_seeky_multi.py:208:main
WARNING:pet.gui_stall_sampler:  [t-139ms] verify_seeky_multi.py:255:<module> <- verify_seeky_multi.py:208:main <- webm_clip.py:2499:_poll <- webm_clip.py:2724:_process_frame
WARNING:pet.gui_stall_sampler:  [t-19ms] verify_seeky_multi.py:208:main <- webm_clip.py:2499:_poll <- webm_clip.py:2750:_process_frame <- window_optional_services.py:62:<lambda> <- window.py:1917:_on_frame <- window.py:2106:_rebuild_frame
WARNING:root:GUI 卡顿 129ms state=IDLE anim=待机呼吸休闲 physics=None
WARNING:pet.gui_stall_sampler:GUI 冻结现场（129ms，3 个采样点，旧→新）：
WARNING:pet.gui_stall_sampler:  [t-151ms] verify_seeky_multi.py:255:<module> <- verify_seeky_multi.py:208:main
WARNING:pet.gui_stall_sampler:  [t-81ms] verify_seeky_multi.py:255:<module> <- verify_seeky_multi.py:208:main <- webm_clip.py:2499:_poll <- webm_clip.py:2750:_process_frame
WARNING:pet.gui_stall_sampler:  [t-24ms] verify_seeky_multi.py:208:main <- webm_clip.py:2499:_poll <- webm_clip.py:2750:_process_frame <- window_optional_services.py:62:<lambda> <- window.py:1917:_on_frame <- window.py:2106:_rebuild_frame
WARNING:root:GUI 卡顿 129ms state=IDLE anim=待机呼吸休闲 physics=None
WARNING:pet.gui_stall_sampler:GUI 冻结现场（129ms，3 个采样点，旧→新）：
WARNING:pet.gui_stall_sampler:  [t-151ms] verify_seeky_multi.py:255:<module> <- verify_seeky_multi.py:208:main
WARNING:pet.gui_stall_sampler:  [t-81ms] verify_seeky_multi.py:255:<module> <- verify_seeky_multi.py:208:main <- webm_clip.py:2499:_poll <- webm_clip.py:2750:_process_frame
WARNING:pet.gui_stall_sampler:  [t-25ms] verify_seeky_multi.py:208:main <- webm_clip.py:2499:_poll <- webm_clip.py:2750:_process_frame <- window_optional_services.py:62:<lambda> <- window.py:1917:_on_frame <- window.py:2106:_rebuild_frame
WARNING:root:GUI 卡顿 130ms state=IDLE anim=待机呼吸休闲 physics=None
WARNING:pet.gui_stall_sampler:GUI 冻结现场（130ms，3 个采样点，旧→新）：
WARNING:pet.gui_stall_sampler:  [t-151ms] verify_seeky_multi.py:255:<module> <- verify_seeky_multi.py:208:main
WARNING:pet.gui_stall_sampler:  [t-82ms] verify_seeky_multi.py:255:<module> <- verify_seeky_multi.py:208:main <- webm_clip.py:2499:_poll <- webm_clip.py:2750:_process_frame
WARNING:pet.gui_stall_sampler:  [t-25ms] verify_seeky_multi.py:208:main <- webm_clip.py:2499:_poll <- webm_clip.py:2750:_process_frame <- window_optional_services.py:62:<lambda> <- window.py:1917:_on_frame <- window.py:2106:_rebuild_frame
WARNING:root:GUI 卡顿 162ms state=IDLE anim=待机呼吸休闲 physics=None
WARNING:pet.gui_stall_sampler:GUI 冻结现场（162ms，3 个采样点，旧→新）：
WARNING:pet.gui_stall_sampler:  [t-196ms] verify_seeky_multi.py:255:<module> <- verify_seeky_multi.py:208:main
WARNING:pet.gui_stall_sampler:  [t-116ms] verify_seeky_multi.py:255:<module> <- verify_seeky_multi.py:208:main <- webm_clip.py:2499:_poll <- webm_clip.py:2724:_process_frame
WARNING:pet.gui_stall_sampler:  [t-43ms] verify_seeky_multi.py:208:main <- webm_clip.py:2499:_poll <- webm_clip.py:2750:_process_frame <- window_optional_services.py:62:<lambda> <- window.py:1917:_on_frame <- window.py:2106:_rebuild_frame
WARNING:root:GUI 卡顿 164ms state=IDLE anim=待机呼吸休闲 physics=None
WARNING:pet.gui_stall_sampler:GUI 冻结现场（164ms，3 个采样点，旧→新）：
WARNING:pet.gui_stall_sampler:  [t-196ms] verify_seeky_multi.py:255:<module> <- verify_seeky_multi.py:208:main
WARNING:pet.gui_stall_sampler:  [t-116ms] verify_seeky_multi.py:255:<module> <- verify_seeky_multi.py:208:main <- webm_clip.py:2499:_poll <- webm_clip.py:2724:_process_frame
WARNING:pet.gui_stall_sampler:  [t-43ms] verify_seeky_multi.py:208:main <- webm_clip.py:2499:_poll <- webm_clip.py:2750:_process_frame <- window_optional_services.py:62:<lambda> <- window.py:1917:_on_frame <- window.py:2106:_rebuild_frame
WARNING:root:GUI 卡顿 164ms state=IDLE anim=待机呼吸休闲 physics=None
WARNING:pet.gui_stall_sampler:GUI 冻结现场（164ms，3 个采样点，旧→新）：
WARNING:pet.gui_stall_sampler:  [t-196ms] verify_seeky_multi.py:255:<module> <- verify_seeky_multi.py:208:main
WARNING:pet.gui_stall_sampler:  [t-116ms] verify_seeky_multi.py:255:<module> <- verify_seeky_multi.py:208:main <- webm_clip.py:2499:_poll <- webm_clip.py:2724:_process_frame
WARNING:pet.gui_stall_sampler:  [t-43ms] verify_seeky_multi.py:208:main <- webm_clip.py:2499:_poll <- webm_clip.py:2750:_process_frame <- window_optional_services.py:62:<lambda> <- window.py:1917:_on_frame <- window.py:2106:_rebuild_frame
WARNING:root:GUI 卡顿 188ms state=IDLE anim=待机呼吸休闲 physics=None
WARNING:pet.gui_stall_sampler:GUI 冻结现场（188ms，3 个采样点，旧→新）：
WARNING:pet.gui_stall_sampler:  [t-229ms] verify_seeky_multi.py:208:main <- webm_clip.py:2499:_poll <- webm_clip.py:2750:_process_frame <- window_optional_services.py:62:<lambda> <- window.py:1917:_on_frame <- window.py:2106:_rebuild_frame
WARNING:pet.gui_stall_sampler:  [t-165ms] verify_seeky_multi.py:255:<module> <- verify_seeky_multi.py:208:main <- webm_clip.py:2499:_poll <- webm_clip.py:2724:_process_frame
WARNING:pet.gui_stall_sampler:  [t-53ms] verify_seeky_multi.py:208:main <- webm_clip.py:2499:_poll <- webm_clip.py:2750:_process_frame <- window_optional_services.py:62:<lambda> <- window.py:1917:_on_frame <- window.py:2106:_rebuild_frame
WARNING:root:GUI 卡顿 186ms state=IDLE anim=待机呼吸休闲 physics=None
WARNING:pet.gui_stall_sampler:GUI 冻结现场（186ms，3 个采样点，旧→新）：
WARNING:pet.gui_stall_sampler:  [t-230ms] verify_seeky_multi.py:208:main <- webm_clip.py:2499:_poll <- webm_clip.py:2750:_process_frame <- window_optional_services.py:62:<lambda> <- window.py:1917:_on_frame <- window.py:2106:_rebuild_frame
WARNING:pet.gui_stall_sampler:  [t-166ms] verify_seeky_multi.py:255:<module> <- verify_seeky_multi.py:208:main <- webm_clip.py:2499:_poll <- webm_clip.py:2724:_process_frame
WARNING:pet.gui_stall_sampler:  [t-54ms] verify_seeky_multi.py:208:main <- webm_clip.py:2499:_poll <- webm_clip.py:2750:_process_frame <- window_optional_services.py:62:<lambda> <- window.py:1917:_on_frame <- window.py:2106:_rebuild_frame
WARNING:root:GUI 卡顿 186ms state=IDLE anim=待机呼吸休闲 physics=None
WARNING:pet.gui_stall_sampler:GUI 冻结现场（186ms，3 个采样点，旧→新）：
WARNING:pet.gui_stall_sampler:  [t-230ms] verify_seeky_multi.py:208:main <- webm_clip.py:2499:_poll <- webm_clip.py:2750:_process_frame <- window_optional_services.py:62:<lambda> <- window.py:1917:_on_frame <- window.py:2106:_rebuild_frame
WARNING:pet.gui_stall_sampler:  [t-166ms] verify_seeky_multi.py:255:<module> <- verify_seeky_multi.py:208:main <- webm_clip.py:2499:_poll <- webm_clip.py:2724:_process_frame
WARNING:pet.gui_stall_sampler:  [t-54ms] verify_seeky_multi.py:208:main <- webm_clip.py:2499:_poll <- webm_clip.py:2750:_process_frame <- window_optional_services.py:62:<lambda> <- window.py:1917:_on_frame <- window.py:2106:_rebuild_frame
WARNING:root:GUI 卡顿 115ms state=IDLE anim=待机呼吸休闲 physics=None
WARNING:pet.gui_stall_sampler:GUI 冻结现场（115ms，2 个采样点，旧→新）：
WARNING:pet.gui_stall_sampler:  [t-118ms] verify_seeky_multi.py:255:<module> <- verify_seeky_multi.py:208:main
WARNING:pet.gui_stall_sampler:  [t-30ms] verify_seeky_multi.py:208:main <- webm_clip.py:2499:_poll <- webm_clip.py:2750:_process_frame <- window_optional_services.py:62:<lambda> <- window.py:1917:_on_frame <- window.py:2106:_rebuild_frame
WARNING:root:GUI 卡顿 116ms state=IDLE anim=待机呼吸休闲 physics=None
WARNING:pet.gui_stall_sampler:GUI 冻结现场（116ms，2 个采样点，旧→新）：
WARNING:pet.gui_stall_sampler:  [t-118ms] verify_seeky_multi.py:255:<module> <- verify_seeky_multi.py:208:main
WARNING:pet.gui_stall_sampler:  [t-30ms] verify_seeky_multi.py:208:main <- webm_clip.py:2499:_poll <- webm_clip.py:2750:_process_frame <- window_optional_services.py:62:<lambda> <- window.py:1917:_on_frame <- window.py:2106:_rebuild_frame
WARNING:root:GUI 卡顿 116ms state=IDLE anim=待机呼吸休闲 physics=None
WARNING:pet.gui_stall_sampler:GUI 冻结现场（116ms，2 个采样点，旧→新）：
WARNING:pet.gui_stall_sampler:  [t-118ms] verify_seeky_multi.py:255:<module> <- verify_seeky_multi.py:208:main
WARNING:pet.gui_stall_sampler:  [t-30ms] verify_seeky_multi.py:208:main <- webm_clip.py:2499:_poll <- webm_clip.py:2750:_process_frame <- window_optional_services.py:62:<lambda> <- window.py:1917:_on_frame <- window.py:2106:_rebuild_frame
WARNING:root:GUI 卡顿 185ms state=IDLE anim=待机呼吸休闲 physics=None
WARNING:pet.gui_stall_sampler:GUI 冻结现场（185ms，3 个采样点，旧→新）：
WARNING:pet.gui_stall_sampler:  [t-232ms] verify_seeky_multi.py:208:main <- webm_clip.py:2499:_poll <- webm_clip.py:2750:_process_frame <- window_optional_services.py:62:<lambda> <- window.py:1917:_on_frame <- window.py:2106:_rebuild_frame
WARNING:pet.gui_stall_sampler:  [t-58ms] verify_seeky_multi.py:208:main <- webm_clip.py:2499:_poll <- webm_clip.py:2750:_process_frame <- window_optional_services.py:62:<lambda> <- window.py:1917:_on_frame <- window.py:2114:_rebuild_frame
WARNING:pet.gui_stall_sampler:  [t-4ms] verify_seeky_multi.py:255:<module> <- verify_seeky_multi.py:208:main
WARNING:root:GUI 卡顿 188ms state=IDLE anim=待机呼吸休闲 physics=None
WARNING:pet.gui_stall_sampler:GUI 冻结现场（188ms，3 个采样点，旧→新）：
WARNING:pet.gui_stall_sampler:  [t-232ms] verify_seeky_multi.py:208:main <- webm_clip.py:2499:_poll <- webm_clip.py:2750:_process_frame <- window_optional_services.py:62:<lambda> <- window.py:1917:_on_frame <- window.py:2106:_rebuild_frame
WARNING:pet.gui_stall_sampler:  [t-58ms] verify_seeky_multi.py:208:main <- webm_clip.py:2499:_poll <- webm_clip.py:2750:_process_frame <- window_optional_services.py:62:<lambda> <- window.py:1917:_on_frame <- window.py:2114:_rebuild_frame
WARNING:pet.gui_stall_sampler:  [t-4ms] verify_seeky_multi.py:255:<module> <- verify_seeky_multi.py:208:main
WARNING:root:GUI 卡顿 188ms state=IDLE anim=待机呼吸休闲 physics=None
WARNING:pet.gui_stall_sampler:GUI 冻结现场（188ms，3 个采样点，旧→新）：
WARNING:pet.gui_stall_sampler:  [t-232ms] verify_seeky_multi.py:208:main <- webm_clip.py:2499:_poll <- webm_clip.py:2750:_process_frame <- window_optional_services.py:62:<lambda> <- window.py:1917:_on_frame <- window.py:2106:_rebuild_frame
WARNING:pet.gui_stall_sampler:  [t-58ms] verify_seeky_multi.py:208:main <- webm_clip.py:2499:_poll <- webm_clip.py:2750:_process_frame <- window_optional_services.py:62:<lambda> <- window.py:1917:_on_frame <- window.py:2114:_rebuild_frame
WARNING:pet.gui_stall_sampler:  [t-4ms] verify_seeky_multi.py:255:<module> <- verify_seeky_multi.py:208:main
WARNING:root:GUI 卡顿 182ms state=IDLE anim=待机呼吸休闲 physics=None
WARNING:pet.gui_stall_sampler:GUI 冻结现场（182ms，3 个采样点，旧→新）：
WARNING:pet.gui_stall_sampler:  [t-230ms] verify_seeky_multi.py:255:<module> <- verify_seeky_multi.py:208:main
WARNING:pet.gui_stall_sampler:  [t-146ms] verify_seeky_multi.py:255:<module> <- verify_seeky_multi.py:208:main <- webm_clip.py:2499:_poll <- webm_clip.py:2724:_process_frame
WARNING:pet.gui_stall_sampler:  [t-15ms] verify_seeky_multi.py:208:main <- webm_clip.py:2499:_poll <- webm_clip.py:2750:_process_frame <- window_optional_services.py:62:<lambda> <- window.py:1917:_on_frame <- window.py:2106:_rebuild_frame
WARNING:root:GUI 卡顿 183ms state=IDLE anim=待机呼吸休闲 physics=None
WARNING:pet.gui_stall_sampler:GUI 冻结现场（183ms，3 个采样点，旧→新）：
WARNING:pet.gui_stall_sampler:  [t-230ms] verify_seeky_multi.py:255:<module> <- verify_seeky_multi.py:208:main
WARNING:pet.gui_stall_sampler:  [t-146ms] verify_seeky_multi.py:255:<module> <- verify_seeky_multi.py:208:main <- webm_clip.py:2499:_poll <- webm_clip.py:2724:_process_frame
WARNING:pet.gui_stall_sampler:  [t-15ms] verify_seeky_multi.py:208:main <- webm_clip.py:2499:_poll <- webm_clip.py:2750:_process_frame <- window_optional_services.py:62:<lambda> <- window.py:1917:_on_frame <- window.py:2106:_rebuild_frame
WARNING:root:GUI 卡顿 183ms state=IDLE anim=待机呼吸休闲 physics=None
WARNING:pet.gui_stall_sampler:GUI 冻结现场（183ms，3 个采样点，旧→新）：
WARNING:pet.gui_stall_sampler:  [t-230ms] verify_seeky_multi.py:255:<module> <- verify_seeky_multi.py:208:main
WARNING:pet.gui_stall_sampler:  [t-146ms] verify_seeky_multi.py:255:<module> <- verify_seeky_multi.py:208:main <- webm_clip.py:2499:_poll <- webm_clip.py:2724:_process_frame
WARNING:pet.gui_stall_sampler:  [t-15ms] verify_seeky_multi.py:208:main <- webm_clip.py:2499:_poll <- webm_clip.py:2750:_process_frame <- window_optional_services.py:62:<lambda> <- window.py:1917:_on_frame <- window.py:2106:_rebuild_frame
WARNING:root:GUI 卡顿 119ms state=IDLE anim=待机呼吸休闲 physics=None
WARNING:pet.gui_stall_sampler:GUI 冻结现场（119ms，3 个采样点，旧→新）：
WARNING:pet.gui_stall_sampler:  [t-152ms] verify_seeky_multi.py:255:<module> <- verify_seeky_multi.py:208:main
WARNING:pet.gui_stall_sampler:  [t-83ms] verify_seeky_multi.py:255:<module> <- verify_seeky_multi.py:208:main <- webm_clip.py:2499:_poll <- webm_clip.py:2724:_process_frame
WARNING:pet.gui_stall_sampler:  [t-11ms] verify_seeky_multi.py:208:main <- webm_clip.py:2499:_poll <- webm_clip.py:2750:_process_frame <- window_optional_services.py:62:<lambda> <- window.py:1917:_on_frame <- window.py:2124:_rebuild_frame
WARNING:root:GUI 卡顿 120ms state=IDLE anim=待机呼吸休闲 physics=None
WARNING:pet.gui_stall_sampler:GUI 冻结现场（120ms，3 个采样点，旧→新）：
WARNING:pet.gui_stall_sampler:  [t-152ms] verify_seeky_multi.py:255:<module> <- verify_seeky_multi.py:208:main
WARNING:pet.gui_stall_sampler:  [t-84ms] verify_seeky_multi.py:255:<module> <- verify_seeky_multi.py:208:main <- webm_clip.py:2499:_poll <- webm_clip.py:2724:_process_frame
WARNING:pet.gui_stall_sampler:  [t-11ms] verify_seeky_multi.py:208:main <- webm_clip.py:2499:_poll <- webm_clip.py:2750:_process_frame <- window_optional_services.py:62:<lambda> <- window.py:1917:_on_frame <- window.py:2124:_rebuild_frame
WARNING:root:GUI 卡顿 120ms state=IDLE anim=待机呼吸休闲 physics=None
WARNING:pet.gui_stall_sampler:GUI 冻结现场（120ms，3 个采样点，旧→新）：
WARNING:pet.gui_stall_sampler:  [t-152ms] verify_seeky_multi.py:255:<module> <- verify_seeky_multi.py:208:main
WARNING:pet.gui_stall_sampler:  [t-84ms] verify_seeky_multi.py:255:<module> <- verify_seeky_multi.py:208:main <- webm_clip.py:2499:_poll <- webm_clip.py:2724:_process_frame
WARNING:pet.gui_stall_sampler:  [t-11ms] verify_seeky_multi.py:208:main <- webm_clip.py:2499:_poll <- webm_clip.py:2750:_process_frame <- window_optional_services.py:62:<lambda> <- window.py:1917:_on_frame <- window.py:2124:_rebuild_frame
WARNING:root:GUI 卡顿 147ms state=IDLE anim=待机呼吸休闲 physics=None
WARNING:pet.gui_stall_sampler:GUI 冻结现场（147ms，3 个采样点，旧→新）：
WARNING:pet.gui_stall_sampler:  [t-178ms] webm_clip.py:2499:_poll <- webm_clip.py:2750:_process_frame <- window_optional_services.py:62:<lambda> <- window.py:1917:_on_frame <- window.py:2068:_rebuild_frame <- window.py:1990:_frame_signature
WARNING:pet.gui_stall_sampler:  [t-65ms] verify_seeky_multi.py:255:<module> <- verify_seeky_multi.py:208:main <- webm_clip.py:2499:_poll <- webm_clip.py:2724:_process_frame
WARNING:pet.gui_stall_sampler:  [t-0ms] verify_seeky_multi.py:208:main <- webm_clip.py:2499:_poll <- webm_clip.py:2750:_process_frame <- window_optional_services.py:62:<lambda> <- window.py:1917:_on_frame <- window.py:2106:_rebuild_frame
WARNING:root:GUI 卡顿 148ms state=IDLE anim=待机呼吸休闲 physics=None
WARNING:pet.gui_stall_sampler:GUI 冻结现场（148ms，3 个采样点，旧→新）：
WARNING:pet.gui_stall_sampler:  [t-179ms] webm_clip.py:2499:_poll <- webm_clip.py:2750:_process_frame <- window_optional_services.py:62:<lambda> <- window.py:1917:_on_frame <- window.py:2068:_rebuild_frame <- window.py:1990:_frame_signature
WARNING:pet.gui_stall_sampler:  [t-65ms] verify_seeky_multi.py:255:<module> <- verify_seeky_multi.py:208:main <- webm_clip.py:2499:_poll <- webm_clip.py:2724:_process_frame
WARNING:pet.gui_stall_sampler:  [t-1ms] verify_seeky_multi.py:208:main <- webm_clip.py:2499:_poll <- webm_clip.py:2750:_process_frame <- window_optional_services.py:62:<lambda> <- window.py:1917:_on_frame <- window.py:2106:_rebuild_frame
WARNING:root:GUI 卡顿 148ms state=IDLE anim=待机呼吸休闲 physics=None
WARNING:pet.gui_stall_sampler:GUI 冻结现场（148ms，3 个采样点，旧→新）：
WARNING:pet.gui_stall_sampler:  [t-179ms] webm_clip.py:2499:_poll <- webm_clip.py:2750:_process_frame <- window_optional_services.py:62:<lambda> <- window.py:1917:_on_frame <- window.py:2068:_rebuild_frame <- window.py:1990:_frame_signature
WARNING:pet.gui_stall_sampler:  [t-65ms] verify_seeky_multi.py:255:<module> <- verify_seeky_multi.py:208:main <- webm_clip.py:2499:_poll <- webm_clip.py:2724:_process_frame
WARNING:pet.gui_stall_sampler:  [t-1ms] verify_seeky_multi.py:208:main <- webm_clip.py:2499:_poll <- webm_clip.py:2750:_process_frame <- window_optional_services.py:62:<lambda> <- window.py:1917:_on_frame <- window.py:2106:_rebuild_frame
WARNING:root:GUI 卡顿 164ms state=IDLE anim=待机呼吸休闲 physics=None
WARNING:pet.gui_stall_sampler:GUI 冻结现场（164ms，3 个采样点，旧→新）：
WARNING:pet.gui_stall_sampler:  [t-167ms] verify_seeky_multi.py:255:<module> <- verify_seeky_multi.py:208:main
WARNING:pet.gui_stall_sampler:  [t-75ms] verify_seeky_multi.py:255:<module> <- verify_seeky_multi.py:208:main <- webm_clip.py:2499:_poll <- webm_clip.py:2724:_process_frame
WARNING:pet.gui_stall_sampler:  [t-9ms] verify_seeky_multi.py:208:main <- webm_clip.py:2499:_poll <- webm_clip.py:2750:_process_frame <- window_optional_services.py:62:<lambda> <- window.py:1917:_on_frame <- window.py:2114:_rebuild_frame
WARNING:root:GUI 卡顿 165ms state=IDLE anim=待机呼吸休闲 physics=None
WARNING:pet.gui_stall_sampler:GUI 冻结现场（165ms，3 个采样点，旧→新）：
WARNING:pet.gui_stall_sampler:  [t-167ms] verify_seeky_multi.py:255:<module> <- verify_seeky_multi.py:208:main
WARNING:pet.gui_stall_sampler:  [t-75ms] verify_seeky_multi.py:255:<module> <- verify_seeky_multi.py:208:main <- webm_clip.py:2499:_poll <- webm_clip.py:2724:_process_frame
WARNING:pet.gui_stall_sampler:  [t-9ms] verify_seeky_multi.py:208:main <- webm_clip.py:2499:_poll <- webm_clip.py:2750:_process_frame <- window_optional_services.py:62:<lambda> <- window.py:1917:_on_frame <- window.py:2114:_rebuild_frame
WARNING:root:GUI 卡顿 165ms state=IDLE anim=待机呼吸休闲 physics=None
WARNING:pet.gui_stall_sampler:GUI 冻结现场（165ms，3 个采样点，旧→新）：
WARNING:pet.gui_stall_sampler:  [t-167ms] verify_seeky_multi.py:255:<module> <- verify_seeky_multi.py:208:main
WARNING:pet.gui_stall_sampler:  [t-75ms] verify_seeky_multi.py:255:<module> <- verify_seeky_multi.py:208:main <- webm_clip.py:2499:_poll <- webm_clip.py:2724:_process_frame
WARNING:pet.gui_stall_sampler:  [t-9ms] verify_seeky_multi.py:208:main <- webm_clip.py:2499:_poll <- webm_clip.py:2750:_process_frame <- window_optional_services.py:62:<lambda> <- window.py:1917:_on_frame <- window.py:2114:_rebuild_frame
WARNING:root:GUI 卡顿 157ms state=IDLE anim=待机呼吸休闲 physics=None
WARNING:pet.gui_stall_sampler:GUI 冻结现场（157ms，2 个采样点，旧→新）：
WARNING:pet.gui_stall_sampler:  [t-183ms] verify_seeky_multi.py:208:main <- webm_clip.py:2499:_poll <- webm_clip.py:2750:_process_frame <- window_optional_services.py:62:<lambda> <- window.py:1917:_on_frame <- window.py:2099:_rebuild_frame
WARNING:pet.gui_stall_sampler:  [t-33ms] verify_seeky_multi.py:208:main <- webm_clip.py:2499:_poll <- webm_clip.py:2750:_process_frame <- window_optional_services.py:62:<lambda> <- window.py:1919:_on_frame <- window.py:2126:_rebuild_frame
WARNING:root:GUI 卡顿 159ms state=IDLE anim=待机呼吸休闲 physics=None
WARNING:pet.gui_stall_sampler:GUI 冻结现场（159ms，2 个采样点，旧→新）：
WARNING:pet.gui_stall_sampler:  [t-184ms] verify_seeky_multi.py:208:main <- webm_clip.py:2499:_poll <- webm_clip.py:2750:_process_frame <- window_optional_services.py:62:<lambda> <- window.py:1917:_on_frame <- window.py:2099:_rebuild_frame
WARNING:pet.gui_stall_sampler:  [t-34ms] verify_seeky_multi.py:208:main <- webm_clip.py:2499:_poll <- webm_clip.py:2750:_process_frame <- window_optional_services.py:62:<lambda> <- window.py:1919:_on_frame <- window.py:2126:_rebuild_frame
WARNING:root:GUI 卡顿 159ms state=IDLE anim=待机呼吸休闲 physics=None
WARNING:pet.gui_stall_sampler:GUI 冻结现场（159ms，2 个采样点，旧→新）：
WARNING:pet.gui_stall_sampler:  [t-184ms] verify_seeky_multi.py:208:main <- webm_clip.py:2499:_poll <- webm_clip.py:2750:_process_frame <- window_optional_services.py:62:<lambda> <- window.py:1917:_on_frame <- window.py:2099:_rebuild_frame
WARNING:pet.gui_stall_sampler:  [t-34ms] verify_seeky_multi.py:208:main <- webm_clip.py:2499:_poll <- webm_clip.py:2750:_process_frame <- window_optional_services.py:62:<lambda> <- window.py:1919:_on_frame <- window.py:2126:_rebuild_frame
WARNING:root:GUI 卡顿 335ms state=IDLE anim=待机呼吸休闲 physics=None
WARNING:pet.gui_stall_sampler:GUI 冻结现场（335ms，2 个采样点，旧→新）：
WARNING:pet.gui_stall_sampler:  [t-173ms] verify_seeky_multi.py:255:<module> <- verify_seeky_multi.py:208:main <- webm_clip.py:2499:_poll <- webm_clip.py:2724:_process_frame
WARNING:pet.gui_stall_sampler:  [t-35ms] verify_seeky_multi.py:208:main <- webm_clip.py:2499:_poll <- webm_clip.py:2750:_process_frame <- window_optional_services.py:62:<lambda> <- window.py:1917:_on_frame <- window.py:2106:_rebuild_frame
WARNING:root:GUI 卡顿 340ms state=IDLE anim=待机呼吸休闲 physics=None
WARNING:pet.gui_stall_sampler:GUI 冻结现场（340ms，3 个采样点，旧→新）：
WARNING:pet.gui_stall_sampler:  [t-386ms] verify_seeky_multi.py:255:<module> <- verify_seeky_multi.py:208:main
WARNING:pet.gui_stall_sampler:  [t-174ms] verify_seeky_multi.py:255:<module> <- verify_seeky_multi.py:208:main <- webm_clip.py:2499:_poll <- webm_clip.py:2724:_process_frame
WARNING:pet.gui_stall_sampler:  [t-36ms] verify_seeky_multi.py:208:main <- webm_clip.py:2499:_poll <- webm_clip.py:2750:_process_frame <- window_optional_services.py:62:<lambda> <- window.py:1917:_on_frame <- window.py:2106:_rebuild_frame
WARNING:root:GUI 卡顿 340ms state=IDLE anim=待机呼吸休闲 physics=None
WARNING:pet.gui_stall_sampler:GUI 冻结现场（340ms，3 个采样点，旧→新）：
WARNING:pet.gui_stall_sampler:  [t-386ms] verify_seeky_multi.py:255:<module> <- verify_seeky_multi.py:208:main
WARNING:pet.gui_stall_sampler:  [t-174ms] verify_seeky_multi.py:255:<module> <- verify_seeky_multi.py:208:main <- webm_clip.py:2499:_poll <- webm_clip.py:2724:_process_frame
WARNING:pet.gui_stall_sampler:  [t-36ms] verify_seeky_multi.py:208:main <- webm_clip.py:2499:_poll <- webm_clip.py:2750:_process_frame <- window_optional_services.py:62:<lambda> <- window.py:1917:_on_frame <- window.py:2106:_rebuild_frame
WARNING:root:GUI 卡顿 183ms state=IDLE anim=待机呼吸休闲 physics=None
WARNING:pet.gui_stall_sampler:GUI 冻结现场（183ms，1 个采样点，旧→新）：
WARNING:pet.gui_stall_sampler:  [t-194ms] verify_seeky_multi.py:255:<module> <- verify_seeky_multi.py:208:main
WARNING:root:GUI 卡顿 184ms state=IDLE anim=待机呼吸休闲 physics=None
WARNING:pet.gui_stall_sampler:GUI 冻结现场（184ms，1 个采样点，旧→新）：
WARNING:pet.gui_stall_sampler:  [t-195ms] verify_seeky_multi.py:255:<module> <- verify_seeky_multi.py:208:main
WARNING:root:GUI 卡顿 185ms state=IDLE anim=待机呼吸休闲 physics=None
WARNING:pet.gui_stall_sampler:GUI 冻结现场（185ms，1 个采样点，旧→新）：
WARNING:pet.gui_stall_sampler:  [t-195ms] verify_seeky_multi.py:255:<module> <- verify_seeky_multi.py:208:main
WARNING:root:GUI 卡顿 267ms state=IDLE anim=待机呼吸休闲 physics=None
WARNING:pet.gui_stall_sampler:GUI 冻结现场（267ms，3 个采样点，旧→新）：
WARNING:pet.gui_stall_sampler:  [t-312ms] verify_seeky_multi.py:255:<module> <- verify_seeky_multi.py:208:main
WARNING:pet.gui_stall_sampler:  [t-106ms] verify_seeky_multi.py:255:<module> <- verify_seeky_multi.py:208:main <- webm_clip.py:2499:_poll <- webm_clip.py:2724:_process_frame
WARNING:pet.gui_stall_sampler:  [t-47ms] verify_seeky_multi.py:255:<module> <- verify_seeky_multi.py:208:main <- webm_clip.py:2499:_poll <- webm_clip.py:2750:_process_frame
WARNING:root:GUI 卡顿 268ms state=IDLE anim=待机呼吸休闲 physics=None
WARNING:pet.gui_stall_sampler:GUI 冻结现场（268ms，3 个采样点，旧→新）：
WARNING:pet.gui_stall_sampler:  [t-313ms] verify_seeky_multi.py:255:<module> <- verify_seeky_multi.py:208:main
WARNING:pet.gui_stall_sampler:  [t-106ms] verify_seeky_multi.py:255:<module> <- verify_seeky_multi.py:208:main <- webm_clip.py:2499:_poll <- webm_clip.py:2724:_process_frame
WARNING:pet.gui_stall_sampler:  [t-47ms] verify_seeky_multi.py:255:<module> <- verify_seeky_multi.py:208:main <- webm_clip.py:2499:_poll <- webm_clip.py:2750:_process_frame
WARNING:root:GUI 卡顿 269ms state=IDLE anim=待机呼吸休闲 physics=None
WARNING:pet.gui_stall_sampler:GUI 冻结现场（269ms，3 个采样点，旧→新）：
WARNING:pet.gui_stall_sampler:  [t-313ms] verify_seeky_multi.py:255:<module> <- verify_seeky_multi.py:208:main
WARNING:pet.gui_stall_sampler:  [t-106ms] verify_seeky_multi.py:255:<module> <- verify_seeky_multi.py:208:main <- webm_clip.py:2499:_poll <- webm_clip.py:2724:_process_frame
WARNING:pet.gui_stall_sampler:  [t-47ms] verify_seeky_multi.py:255:<module> <- verify_seeky_multi.py:208:main <- webm_clip.py:2499:_poll <- webm_clip.py:2750:_process_frame
WARNING:root:GUI 卡顿 177ms state=IDLE anim=待机呼吸休闲 physics=None
WARNING:pet.gui_stall_sampler:GUI 冻结现场（177ms，2 个采样点，旧→新）：
WARNING:pet.gui_stall_sampler:  [t-182ms] verify_seeky_multi.py:255:<module> <- verify_seeky_multi.py:208:main
WARNING:pet.gui_stall_sampler:  [t-33ms] verify_seeky_multi.py:208:main <- webm_clip.py:2499:_poll <- webm_clip.py:2750:_process_frame <- window_optional_services.py:62:<lambda> <- window.py:1917:_on_frame <- window.py:2106:_rebuild_frame
WARNING:root:GUI 卡顿 179ms state=IDLE anim=待机呼吸休闲 physics=None
WARNING:pet.gui_stall_sampler:GUI 冻结现场（179ms，2 个采样点，旧→新）：
WARNING:pet.gui_stall_sampler:  [t-182ms] verify_seeky_multi.py:255:<module> <- verify_seeky_multi.py:208:main
WARNING:pet.gui_stall_sampler:  [t-34ms] verify_seeky_multi.py:208:main <- webm_clip.py:2499:_poll <- webm_clip.py:2750:_process_frame <- window_optional_services.py:62:<lambda> <- window.py:1917:_on_frame <- window.py:2106:_rebuild_frame
WARNING:root:GUI 卡顿 179ms state=IDLE anim=待机呼吸休闲 physics=None
WARNING:pet.gui_stall_sampler:GUI 冻结现场（179ms，2 个采样点，旧→新）：
WARNING:pet.gui_stall_sampler:  [t-182ms] verify_seeky_multi.py:255:<module> <- verify_seeky_multi.py:208:main
WARNING:pet.gui_stall_sampler:  [t-34ms] verify_seeky_multi.py:208:main <- webm_clip.py:2499:_poll <- webm_clip.py:2750:_process_frame <- window_optional_services.py:62:<lambda> <- window.py:1917:_on_frame <- window.py:2106:_rebuild_frame
WARNING:root:GUI 卡顿 267ms state=IDLE anim=待机呼吸休闲 physics=None
WARNING:pet.gui_stall_sampler:GUI 冻结现场（267ms，2 个采样点，旧→新）：
WARNING:pet.gui_stall_sampler:  [t-97ms] window_optional_services.py:62:<lambda> <- window.py:1917:_on_frame <- window.py:2124:_rebuild_frame <- window.py:2270:_sync_mask <- window_optional_services.py:42:effects_coverage <- frame_edges.py:20:coverage_region
WARNING:pet.gui_stall_sampler:  [t-24ms] window_optional_services.py:62:<lambda> <- window.py:1919:_on_frame <- window.py:2126:_rebuild_frame <- window.py:2291:_sync_mask <- window_optional_services.py:44:effects_coverage <- frame_edges.py:32:coverage_region
WARNING:root:GUI 卡顿 270ms state=IDLE anim=待机呼吸休闲 physics=None
WARNING:pet.gui_stall_sampler:GUI 冻结现场（270ms，3 个采样点，旧→新）：
WARNING:pet.gui_stall_sampler:  [t-319ms] verify_seeky_multi.py:255:<module> <- verify_seeky_multi.py:208:main
WARNING:pet.gui_stall_sampler:  [t-98ms] window_optional_services.py:62:<lambda> <- window.py:1917:_on_frame <- window.py:2124:_rebuild_frame <- window.py:2270:_sync_mask <- window_optional_services.py:42:effects_coverage <- frame_edges.py:20:coverage_region
WARNING:pet.gui_stall_sampler:  [t-25ms] window_optional_services.py:62:<lambda> <- window.py:1919:_on_frame <- window.py:2126:_rebuild_frame <- window.py:2291:_sync_mask <- window_optional_services.py:44:effects_coverage <- frame_edges.py:32:coverage_region
WARNING:root:GUI 卡顿 270ms state=IDLE anim=待机呼吸休闲 physics=None
WARNING:pet.gui_stall_sampler:GUI 冻结现场（270ms，3 个采样点，旧→新）：
WARNING:pet.gui_stall_sampler:  [t-320ms] verify_seeky_multi.py:255:<module> <- verify_seeky_multi.py:208:main
WARNING:pet.gui_stall_sampler:  [t-98ms] window_optional_services.py:62:<lambda> <- window.py:1917:_on_frame <- window.py:2124:_rebuild_frame <- window.py:2270:_sync_mask <- window_optional_services.py:42:effects_coverage <- frame_edges.py:20:coverage_region
WARNING:pet.gui_stall_sampler:  [t-25ms] window_optional_services.py:62:<lambda> <- window.py:1919:_on_frame <- window.py:2126:_rebuild_frame <- window.py:2291:_sync_mask <- window_optional_services.py:44:effects_coverage <- frame_edges.py:32:coverage_region
WARNING:root:GUI 卡顿 313ms state=IDLE anim=待机呼吸休闲 physics=None
WARNING:pet.gui_stall_sampler:GUI 冻结现场（313ms，1 个采样点，旧→新）：
WARNING:pet.gui_stall_sampler:  [t-337ms] verify_seeky_multi.py:255:<module> <- verify_seeky_multi.py:208:main
WARNING:root:GUI 卡顿 314ms state=IDLE anim=待机呼吸休闲 physics=None
WARNING:pet.gui_stall_sampler:GUI 冻结现场（314ms，1 个采样点，旧→新）：
WARNING:pet.gui_stall_sampler:  [t-337ms] verify_seeky_multi.py:255:<module> <- verify_seeky_multi.py:208:main
WARNING:root:GUI 卡顿 314ms state=IDLE anim=待机呼吸休闲 physics=None
WARNING:pet.gui_stall_sampler:GUI 冻结现场（314ms，1 个采样点，旧→新）：
WARNING:pet.gui_stall_sampler:  [t-337ms] verify_seeky_multi.py:255:<module> <- verify_seeky_multi.py:208:main
WARNING:root:GUI 卡顿 206ms state=IDLE anim=待机呼吸休闲 physics=None
WARNING:pet.gui_stall_sampler:GUI 冻结现场（206ms，3 个采样点，旧→新）：
WARNING:pet.gui_stall_sampler:  [t-232ms] verify_seeky_multi.py:255:<module> <- verify_seeky_multi.py:208:main
WARNING:pet.gui_stall_sampler:  [t-62ms] window_optional_services.py:62:<lambda> <- window.py:1917:_on_frame <- window.py:2124:_rebuild_frame <- window.py:2270:_sync_mask <- window_optional_services.py:305:_effects_current_angle <- window_optional_services.py:291:_effects_probe_active
WARNING:pet.gui_stall_sampler:  [t-3ms] verify_seeky_multi.py:255:<module> <- verify_seeky_multi.py:208:main
WARNING:root:GUI 卡顿 207ms state=IDLE anim=待机呼吸休闲 physics=None
WARNING:pet.gui_stall_sampler:GUI 冻结现场（207ms，3 个采样点，旧→新）：
WARNING:pet.gui_stall_sampler:  [t-232ms] verify_seeky_multi.py:255:<module> <- verify_seeky_multi.py:208:main
WARNING:pet.gui_stall_sampler:  [t-62ms] window_optional_services.py:62:<lambda> <- window.py:1917:_on_frame <- window.py:2124:_rebuild_frame <- window.py:2270:_sync_mask <- window_optional_services.py:305:_effects_current_angle <- window_optional_services.py:291:_effects_probe_active
WARNING:pet.gui_stall_sampler:  [t-3ms] verify_seeky_multi.py:255:<module> <- verify_seeky_multi.py:208:main
WARNING:root:GUI 卡顿 207ms state=IDLE anim=待机呼吸休闲 physics=None
WARNING:pet.gui_stall_sampler:GUI 冻结现场（207ms，3 个采样点，旧→新）：
WARNING:pet.gui_stall_sampler:  [t-232ms] verify_seeky_multi.py:255:<module> <- verify_seeky_multi.py:208:main
WARNING:pet.gui_stall_sampler:  [t-62ms] window_optional_services.py:62:<lambda> <- window.py:1917:_on_frame <- window.py:2124:_rebuild_frame <- window.py:2270:_sync_mask <- window_optional_services.py:305:_effects_current_angle <- window_optional_services.py:291:_effects_probe_active
WARNING:pet.gui_stall_sampler:  [t-3ms] verify_seeky_multi.py:255:<module> <- verify_seeky_multi.py:208:main
WARNING:root:GUI 卡顿 241ms state=IDLE anim=待机呼吸休闲 physics=None
WARNING:pet.gui_stall_sampler:GUI 冻结现场（241ms，2 个采样点，旧→新）：
WARNING:pet.gui_stall_sampler:  [t-284ms] verify_seeky_multi.py:255:<module> <- verify_seeky_multi.py:208:main
WARNING:pet.gui_stall_sampler:  [t-16ms] verify_seeky_multi.py:255:<module> <- verify_seeky_multi.py:208:main <- webm_clip.py:2499:_poll <- webm_clip.py:2724:_process_frame
WARNING:root:GUI 卡顿 242ms state=IDLE anim=待机呼吸休闲 physics=None
WARNING:pet.gui_stall_sampler:GUI 冻结现场（242ms，2 个采样点，旧→新）：
WARNING:pet.gui_stall_sampler:  [t-284ms] verify_seeky_multi.py:255:<module> <- verify_seeky_multi.py:208:main
WARNING:pet.gui_stall_sampler:  [t-16ms] verify_seeky_multi.py:255:<module> <- verify_seeky_multi.py:208:main <- webm_clip.py:2499:_poll <- webm_clip.py:2724:_process_frame
WARNING:root:GUI 卡顿 242ms state=IDLE anim=待机呼吸休闲 physics=None
WARNING:pet.gui_stall_sampler:GUI 冻结现场（242ms，2 个采样点，旧→新）：
WARNING:pet.gui_stall_sampler:  [t-284ms] verify_seeky_multi.py:255:<module> <- verify_seeky_multi.py:208:main
WARNING:pet.gui_stall_sampler:  [t-16ms] verify_seeky_multi.py:255:<module> <- verify_seeky_multi.py:208:main <- webm_clip.py:2499:_poll <- webm_clip.py:2724:_process_frame
WARNING:root:GUI 卡顿 188ms state=IDLE anim=待机呼吸休闲 physics=None
WARNING:pet.gui_stall_sampler:GUI 冻结现场（188ms，2 个采样点，旧→新）：
WARNING:pet.gui_stall_sampler:  [t-190ms] verify_seeky_multi.py:255:<module> <- verify_seeky_multi.py:208:main
WARNING:pet.gui_stall_sampler:  [t-20ms] verify_seeky_multi.py:255:<module> <- verify_seeky_multi.py:208:main <- webm_clip.py:2499:_poll <- webm_clip.py:2750:_process_frame
WARNING:root:GUI 卡顿 188ms state=IDLE anim=待机呼吸休闲 physics=None
WARNING:pet.gui_stall_sampler:GUI 冻结现场（188ms，2 个采样点，旧→新）：
WARNING:pet.gui_stall_sampler:  [t-191ms] verify_seeky_multi.py:255:<module> <- verify_seeky_multi.py:208:main
WARNING:pet.gui_stall_sampler:  [t-20ms] verify_seeky_multi.py:255:<module> <- verify_seeky_multi.py:208:main <- webm_clip.py:2499:_poll <- webm_clip.py:2750:_process_frame
WARNING:root:GUI 卡顿 188ms state=IDLE anim=待机呼吸休闲 physics=None
WARNING:pet.gui_stall_sampler:GUI 冻结现场（188ms，2 个采样点，旧→新）：
WARNING:pet.gui_stall_sampler:  [t-191ms] verify_seeky_multi.py:255:<module> <- verify_seeky_multi.py:208:main
WARNING:pet.gui_stall_sampler:  [t-20ms] verify_seeky_multi.py:255:<module> <- verify_seeky_multi.py:208:main <- webm_clip.py:2499:_poll <- webm_clip.py:2750:_process_frame
WARNING:root:GUI 卡顿 350ms state=IDLE anim=待机呼吸休闲 physics=None
WARNING:pet.gui_stall_sampler:GUI 冻结现场（350ms，1 个采样点，旧→新）：
WARNING:pet.gui_stall_sampler:  [t-57ms] verify_seeky_multi.py:255:<module> <- verify_seeky_multi.py:208:main
WARNING:root:GUI 卡顿 351ms state=IDLE anim=待机呼吸休闲 physics=None
WARNING:pet.gui_stall_sampler:GUI 冻结现场（351ms，1 个采样点，旧→新）：
WARNING:pet.gui_stall_sampler:  [t-57ms] verify_seeky_multi.py:255:<module> <- verify_seeky_multi.py:208:main
WARNING:root:GUI 卡顿 351ms state=IDLE anim=待机呼吸休闲 physics=None
WARNING:pet.gui_stall_sampler:GUI 冻结现场（351ms，1 个采样点，旧→新）：
WARNING:pet.gui_stall_sampler:  [t-57ms] verify_seeky_multi.py:255:<module> <- verify_seeky_multi.py:208:main
WARNING:root:GUI 卡顿 254ms state=IDLE anim=待机呼吸休闲 physics=None
WARNING:pet.gui_stall_sampler:GUI 冻结现场（254ms，1 个采样点，旧→新）：
WARNING:pet.gui_stall_sampler:  [t-178ms] verify_seeky_multi.py:208:main <- webm_clip.py:2499:_poll <- webm_clip.py:2750:_process_frame <- window_optional_services.py:62:<lambda> <- window.py:1917:_on_frame <- window.py:2124:_rebuild_frame
WARNING:root:GUI 卡顿 255ms state=IDLE anim=待机呼吸休闲 physics=None
WARNING:pet.gui_stall_sampler:GUI 冻结现场（255ms，1 个采样点，旧→新）：
WARNING:pet.gui_stall_sampler:  [t-178ms] verify_seeky_multi.py:208:main <- webm_clip.py:2499:_poll <- webm_clip.py:2750:_process_frame <- window_optional_services.py:62:<lambda> <- window.py:1917:_on_frame <- window.py:2124:_rebuild_frame
WARNING:root:GUI 卡顿 255ms state=IDLE anim=待机呼吸休闲 physics=None
WARNING:pet.gui_stall_sampler:GUI 冻结现场（255ms，1 个采样点，旧→新）：
WARNING:pet.gui_stall_sampler:  [t-179ms] verify_seeky_multi.py:208:main <- webm_clip.py:2499:_poll <- webm_clip.py:2750:_process_frame <- window_optional_services.py:62:<lambda> <- window.py:1917:_on_frame <- window.py:2124:_rebuild_frame
WARNING:root:GUI 卡顿 331ms state=IDLE anim=待机呼吸休闲 physics=None
WARNING:pet.gui_stall_sampler:GUI 冻结现场（331ms，2 个采样点，旧→新）：
WARNING:pet.gui_stall_sampler:  [t-365ms] window_optional_services.py:62:<lambda> <- window.py:1919:_on_frame <- window.py:2126:_rebuild_frame <- window.py:2291:_sync_mask <- window_optional_services.py:44:effects_coverage <- frame_edges.py:32:coverage_region
WARNING:pet.gui_stall_sampler:  [t-23ms] verify_seeky_multi.py:255:<module> <- verify_seeky_multi.py:208:main
WARNING:root:GUI 卡顿 332ms state=IDLE anim=待机呼吸休闲 physics=None
WARNING:pet.gui_stall_sampler:GUI 冻结现场（332ms，2 个采样点，旧→新）：
WARNING:pet.gui_stall_sampler:  [t-365ms] window_optional_services.py:62:<lambda> <- window.py:1919:_on_frame <- window.py:2126:_rebuild_frame <- window.py:2291:_sync_mask <- window_optional_services.py:44:effects_coverage <- frame_edges.py:32:coverage_region
WARNING:pet.gui_stall_sampler:  [t-23ms] verify_seeky_multi.py:255:<module> <- verify_seeky_multi.py:208:main
WARNING:root:GUI 卡顿 332ms state=IDLE anim=待机呼吸休闲 physics=None
WARNING:pet.gui_stall_sampler:GUI 冻结现场（332ms，2 个采样点，旧→新）：
WARNING:pet.gui_stall_sampler:  [t-365ms] window_optional_services.py:62:<lambda> <- window.py:1919:_on_frame <- window.py:2126:_rebuild_frame <- window.py:2291:_sync_mask <- window_optional_services.py:44:effects_coverage <- frame_edges.py:32:coverage_region
WARNING:pet.gui_stall_sampler:  [t-23ms] verify_seeky_multi.py:255:<module> <- verify_seeky_multi.py:208:main
WARNING:root:GUI 卡顿 113ms state=IDLE anim=待机呼吸休闲 physics=None
WARNING:pet.gui_stall_sampler:GUI 冻结现场（113ms，2 个采样点，旧→新）：
WARNING:pet.gui_stall_sampler:  [t-85ms] verify_seeky_multi.py:255:<module> <- verify_seeky_multi.py:208:main
WARNING:pet.gui_stall_sampler:  [t-19ms] webm_clip.py:2499:_poll <- webm_clip.py:2750:_process_frame <- window_optional_services.py:62:<lambda> <- window.py:1917:_on_frame <- window.py:2068:_rebuild_frame <- window.py:1990:_frame_signature
WARNING:root:GUI 卡顿 114ms state=IDLE anim=待机呼吸休闲 physics=None
WARNING:pet.gui_stall_sampler:GUI 冻结现场（114ms，2 个采样点，旧→新）：
WARNING:pet.gui_stall_sampler:  [t-86ms] verify_seeky_multi.py:255:<module> <- verify_seeky_multi.py:208:main
WARNING:pet.gui_stall_sampler:  [t-20ms] webm_clip.py:2499:_poll <- webm_clip.py:2750:_process_frame <- window_optional_services.py:62:<lambda> <- window.py:1917:_on_frame <- window.py:2068:_rebuild_frame <- window.py:1990:_frame_signature
WARNING:root:GUI 卡顿 114ms state=IDLE anim=待机呼吸休闲 physics=None
WARNING:pet.gui_stall_sampler:GUI 冻结现场（114ms，2 个采样点，旧→新）：
WARNING:pet.gui_stall_sampler:  [t-86ms] verify_seeky_multi.py:255:<module> <- verify_seeky_multi.py:208:main
WARNING:pet.gui_stall_sampler:  [t-20ms] webm_clip.py:2499:_poll <- webm_clip.py:2750:_process_frame <- window_optional_services.py:62:<lambda> <- window.py:1917:_on_frame <- window.py:2068:_rebuild_frame <- window.py:1990:_frame_signature
{'max_first_frame_decoders': 2, 'steady_mib': 1194.5500564575195, 'peak_mib': 2011.7557220458984, 'growth_mib': -427.3523979187012, 'playback': {0: {'fps': 12.844351845628813, 'forward_gaps': 0, 'frames': 861, 'ten_second_bins': [{'start': 0, 'fps': 14.018393831906714, 'frames': 133}, {'start': 10, 'fps': 14.206130960232983, 'frames': 141}, {'start': 20, 'fps': 17.174192511650332, 'frames': 172}, {'start': 30, 'fps': 6.6678116444237885, 'frames': 67}, {'start': 40, 'fps': 11.872868972235755, 'frames': 118}, {'start': 50, 'fps': 5.049128015591706, 'frames': 51}, {'start': 60, 'fps': 2.7779492561269215, 'frames': 28}, {'start': 70, 'fps': 8.879471267847233, 'frames': 89}, {'start': 80, 'fps': 19.481432387379265, 'frames': 195}, {'start': 90, 'fps': 20.38561960232979, 'frames': 204}, {'start': 100, 'fps': 21.75853044690216, 'frames': 218}]}, 1: {'fps': 12.75481628733285, 'forward_gaps': 0, 'frames': 855, 'ten_second_bins': [{'start': 0, 'fps': 13.826110077107153, 'frames': 131}, {'start': 10, 'fps': 14.519641848834395, 'frames': 145}, {'start': 20, 'fps': 16.8480947528778, 'frames': 168}, {'start': 30, 'fps': 6.840014082381931, 'frames': 69}, {'start': 40, 'fps': 11.899959661153694, 'frames': 119}, {'start': 50, 'fps': 4.949116891954595, 'frames': 49}, {'start': 60, 'fps': 2.8484811491586832, 'frames': 29}, {'start': 70, 'fps': 8.391579766059134, 'frames': 83}, {'start': 80, 'fps': 19.665880700346168, 'frames': 197}, {'start': 90, 'fps': 20.1890336383451, 'frames': 202}, {'start': 100, 'fps': 21.770099721101925, 'frames': 218}]}, 2: {'fps': 12.843527011729426, 'forward_gaps': 0, 'frames': 861, 'ten_second_bins': [{'start': 0, 'fps': 14.347670134020284, 'frames': 133}, {'start': 10, 'fps': 14.3793099956457, 'frames': 143}, {'start': 20, 'fps': 16.86052930018767, 'frames': 169}, {'start': 30, 'fps': 6.843180468757864, 'frames': 69}, {'start': 40, 'fps': 11.878636574120682, 'frames': 119}, {'start': 50, 'fps': 4.937712810278672, 'frames': 49}, {'start': 60, 'fps': 2.8282828282828287, 'frames': 29}, {'start': 70, 'fps': 8.822455684906492, 'frames': 88}, {'start': 80, 'fps': 19.844451571520214, 'frames': 199}, {'start': 90, 'fps': 20.173026355406588, 'frames': 202}, {'start': 100, 'fps': 21.765855821358755, 'frames': 217}]}}, 'queue_drops': 0, 'duplicate_first_images': [], 'lifecycle': {}, 'shared_process_enabled': True, 'source_widths': [2560, 2560, 2560], 'actions': {0: '待机呼吸休闲', 1: '待机呼吸休闲', 2: '待机呼吸休闲'}} ['Pet 0: fps=12.84, skipped source frames=0', 'Pet 1: fps=12.75, skipped source frames=0', 'Pet 2: fps=12.84, skipped source frames=0']
