QSystemTrayIcon::setVisible: No Icon set
WARNING:root:GUI 卡顿 1625ms state=IDLE anim=待机呼吸休闲 physics=None
WARNING:pet.gui_stall_sampler:GUI 冻结现场（1625ms，11 个采样点，旧→新）：
WARNING:pet.gui_stall_sampler:  [t-1438ms] verify_multi.py:58:main <- app.py:1703:start <- app.py:1812:_create_ui_with_character_fallback <- app.py:572:_create_ui <- app.py:537:_build_window <- enum.py:695:__call__
WARNING:pet.gui_stall_sampler:  [t-1300ms] verify_multi.py:58:main <- app.py:1703:start <- app.py:1812:_create_ui_with_character_fallback <- app.py:572:_create_ui <- app.py:537:_build_window <- file_eater.py:150:eventFilter
WARNING:pet.gui_stall_sampler:  [t-1249ms] <frozen importlib._bootstrap>:1360:_find_and_load <- <frozen importlib._bootstrap>:1331:_find_and_load_unlocked <- <frozen importlib._bootstrap>:935:_load_unlocked <- <frozen importlib._bootstrap_external>:1022:exec_module <- <frozen importlib._bootstrap_external>:1118:get_code <- <frozen importlib._bootstrap_external>:1218:get_data
WARNING:pet.gui_stall_sampler:  [t-1190ms] app.py:537:_build_window <- window.py:1131:showEvent <- window.py:1454:_submit_collision_state <- collision_client.py:244:_submit_collision_state <- collision_client.py:199:_collision_state <- window.py:2310:collision_content_rect
WARNING:pet.gui_stall_sampler:  [t-1127ms] app.py:651:_apply_spawn_offset <- window.py:938:_move_window_towards <- window_placement.py:136:move_window_towards <- window.py:2270:_sync_mask <- window_optional_services.py:42:effects_coverage <- frame_edges.py:39:coverage_region
WARNING:pet.gui_stall_sampler:  [t-1051ms] verify_multi.py:309:<module> <- verify_multi.py:114:main <- app.py:2627:spawn_pet <- app.py:2775:spawn_in_process_window <- app.py:652:_apply_spawn_offset
WARNING:pet.gui_stall_sampler:  [t-277ms] verify_multi.py:309:<module> <- verify_multi.py:245:main
WARNING:pet.gui_stall_sampler:  [t-194ms] verify_multi.py:309:<module> <- verify_multi.py:245:main <- window.py:1090:apply_current_native_window <- platform_mac.py:78:_mac_set_window_level
WARNING:pet.gui_stall_sampler:  [t-125ms] verify_multi.py:309:<module> <- verify_multi.py:245:main
WARNING:root:GUI 卡顿 1254ms state=IDLE anim=待机呼吸休闲 physics=None
WARNING:pet.gui_stall_sampler:GUI 冻结现场（1254ms，10 个采样点，旧→新）：
WARNING:pet.gui_stall_sampler:  [t-1303ms] <frozen importlib._bootstrap>:1360:_find_and_load <- <frozen importlib._bootstrap>:1331:_find_and_load_unlocked <- <frozen importlib._bootstrap>:935:_load_unlocked <- <frozen importlib._bootstrap_external>:1022:exec_module <- <frozen importlib._bootstrap_external>:1118:get_code <- <frozen importlib._bootstrap_external>:1218:get_data
WARNING:pet.gui_stall_sampler:  [t-1244ms] app.py:537:_build_window <- window.py:1131:showEvent <- window.py:1454:_submit_collision_state <- collision_client.py:244:_submit_collision_state <- collision_client.py:199:_collision_state <- window.py:2310:collision_content_rect
WARNING:pet.gui_stall_sampler:  [t-1181ms] app.py:651:_apply_spawn_offset <- window.py:938:_move_window_towards <- window_placement.py:136:move_window_towards <- window.py:2270:_sync_mask <- window_optional_services.py:42:effects_coverage <- frame_edges.py:39:coverage_region
WARNING:pet.gui_stall_sampler:  [t-1105ms] verify_multi.py:309:<module> <- verify_multi.py:114:main <- app.py:2627:spawn_pet <- app.py:2775:spawn_in_process_window <- app.py:652:_apply_spawn_offset
WARNING:pet.gui_stall_sampler:  [t-331ms] verify_multi.py:309:<module> <- verify_multi.py:245:main
WARNING:pet.gui_stall_sampler:  [t-248ms] verify_multi.py:309:<module> <- verify_multi.py:245:main <- window.py:1090:apply_current_native_window <- platform_mac.py:78:_mac_set_window_level
WARNING:pet.gui_stall_sampler:  [t-179ms] verify_multi.py:309:<module> <- verify_multi.py:245:main
WARNING:pet.gui_stall_sampler:  [t-12ms] verify_multi.py:309:<module> <- verify_multi.py:245:main <- window.py:1090:apply_current_native_window <- platform_mac.py:71:_mac_set_window_level
WARNING:root:GUI 卡顿 1248ms state=IDLE anim=待机呼吸休闲 physics=None
WARNING:pet.gui_stall_sampler:GUI 冻结现场（1248ms，8 个采样点，旧→新）：
WARNING:pet.gui_stall_sampler:  [t-1257ms] app.py:651:_apply_spawn_offset <- window.py:938:_move_window_towards <- window_placement.py:136:move_window_towards <- window.py:2270:_sync_mask <- window_optional_services.py:42:effects_coverage <- frame_edges.py:39:coverage_region
WARNING:pet.gui_stall_sampler:  [t-1181ms] verify_multi.py:309:<module> <- verify_multi.py:114:main <- app.py:2627:spawn_pet <- app.py:2775:spawn_in_process_window <- app.py:652:_apply_spawn_offset
WARNING:pet.gui_stall_sampler:  [t-408ms] verify_multi.py:309:<module> <- verify_multi.py:245:main
WARNING:pet.gui_stall_sampler:  [t-324ms] verify_multi.py:309:<module> <- verify_multi.py:245:main <- window.py:1090:apply_current_native_window <- platform_mac.py:78:_mac_set_window_level
WARNING:pet.gui_stall_sampler:  [t-255ms] verify_multi.py:309:<module> <- verify_multi.py:245:main
WARNING:pet.gui_stall_sampler:  [t-89ms] verify_multi.py:309:<module> <- verify_multi.py:245:main <- window.py:1090:apply_current_native_window <- platform_mac.py:71:_mac_set_window_level
WARNING:root:GUI 卡顿 636ms state=IDLE anim=待机呼吸休闲 physics=None
WARNING:pet.gui_stall_sampler:GUI 冻结现场（636ms，6 个采样点，旧→新）：
WARNING:pet.gui_stall_sampler:  [t-649ms] verify_multi.py:309:<module> <- verify_multi.py:245:main
WARNING:pet.gui_stall_sampler:  [t-594ms] verify_multi.py:309:<module> <- verify_multi.py:245:main <- window.py:1090:apply_current_native_window <- platform_mac.py:71:_mac_set_window_level
WARNING:pet.gui_stall_sampler:  [t-486ms] verify_multi.py:309:<module> <- verify_multi.py:245:main <- window.py:1090:apply_current_native_window <- platform_mac.py:78:_mac_set_window_level
WARNING:pet.gui_stall_sampler:  [t-428ms] verify_multi.py:309:<module> <- verify_multi.py:245:main
WARNING:root:GUI 卡顿 582ms state=IDLE anim=待机呼吸休闲 physics=None
WARNING:pet.gui_stall_sampler:GUI 冻结现场（582ms，5 个采样点，旧→新）：
WARNING:pet.gui_stall_sampler:  [t-594ms] verify_multi.py:309:<module> <- verify_multi.py:245:main <- window.py:1090:apply_current_native_window <- platform_mac.py:71:_mac_set_window_level
WARNING:pet.gui_stall_sampler:  [t-486ms] verify_multi.py:309:<module> <- verify_multi.py:245:main <- window.py:1090:apply_current_native_window <- platform_mac.py:78:_mac_set_window_level
WARNING:pet.gui_stall_sampler:  [t-428ms] verify_multi.py:309:<module> <- verify_multi.py:245:main
WARNING:root:GUI 卡顿 506ms state=IDLE anim=待机呼吸休闲 physics=None
WARNING:pet.gui_stall_sampler:GUI 冻结现场（506ms，4 个采样点，旧→新）：
WARNING:pet.gui_stall_sampler:  [t-486ms] verify_multi.py:309:<module> <- verify_multi.py:245:main <- window.py:1090:apply_current_native_window <- platform_mac.py:78:_mac_set_window_level
WARNING:pet.gui_stall_sampler:  [t-428ms] verify_multi.py:309:<module> <- verify_multi.py:245:main
WARNING:root:GUI 卡顿 177ms state=IDLE anim=待机呼吸休闲 physics=None
WARNING:pet.gui_stall_sampler:GUI 冻结现场（177ms，3 个采样点，旧→新）：
WARNING:pet.gui_stall_sampler:  [t-211ms] verify_multi.py:309:<module> <- verify_multi.py:245:main
WARNING:pet.gui_stall_sampler:  [t-151ms] verify_multi.py:309:<module> <- verify_multi.py:245:main <- webm_clip.py:2508:_poll <- webm_clip.py:2759:_process_frame <- window_optional_services.py:62:<lambda> <- verify_multi.py:92:observed_frame
WARNING:pet.gui_stall_sampler:  [t-64ms] verify_multi.py:309:<module> <- verify_multi.py:245:main <- webm_clip.py:2508:_poll <- webm_clip.py:2732:_process_frame
WARNING:root:GUI 卡顿 176ms state=IDLE anim=待机呼吸休闲 physics=None
WARNING:pet.gui_stall_sampler:GUI 冻结现场（176ms，3 个采样点，旧→新）：
WARNING:pet.gui_stall_sampler:  [t-211ms] verify_multi.py:309:<module> <- verify_multi.py:245:main
WARNING:pet.gui_stall_sampler:  [t-151ms] verify_multi.py:309:<module> <- verify_multi.py:245:main <- webm_clip.py:2508:_poll <- webm_clip.py:2759:_process_frame <- window_optional_services.py:62:<lambda> <- verify_multi.py:92:observed_frame
WARNING:pet.gui_stall_sampler:  [t-64ms] verify_multi.py:309:<module> <- verify_multi.py:245:main <- webm_clip.py:2508:_poll <- webm_clip.py:2732:_process_frame
WARNING:root:GUI 卡顿 176ms state=IDLE anim=待机呼吸休闲 physics=None
WARNING:pet.gui_stall_sampler:GUI 冻结现场（176ms，3 个采样点，旧→新）：
WARNING:pet.gui_stall_sampler:  [t-212ms] verify_multi.py:309:<module> <- verify_multi.py:245:main
WARNING:pet.gui_stall_sampler:  [t-151ms] verify_multi.py:309:<module> <- verify_multi.py:245:main <- webm_clip.py:2508:_poll <- webm_clip.py:2759:_process_frame <- window_optional_services.py:62:<lambda> <- verify_multi.py:92:observed_frame
WARNING:pet.gui_stall_sampler:  [t-64ms] verify_multi.py:309:<module> <- verify_multi.py:245:main <- webm_clip.py:2508:_poll <- webm_clip.py:2732:_process_frame
WARNING:root:GUI 卡顿 327ms state=IDLE anim=待机呼吸休闲 physics=None
WARNING:pet.gui_stall_sampler:GUI 冻结现场（327ms，3 个采样点，旧→新）：
WARNING:pet.gui_stall_sampler:  [t-344ms] verify_multi.py:309:<module> <- verify_multi.py:245:main
WARNING:pet.gui_stall_sampler:  [t-157ms] webm_clip.py:2508:_poll <- webm_clip.py:2759:_process_frame <- window_optional_services.py:62:<lambda> <- verify_multi.py:93:observed_frame <- window.py:1917:_on_frame <- window.py:2114:_rebuild_frame
WARNING:pet.gui_stall_sampler:  [t-2ms] verify_multi.py:309:<module> <- verify_multi.py:245:main <- window.py:1113:_restore_on_top_after_context_menu <- window.py:1095:_schedule_macos_window_level <- window.py:1090:apply_current_native_window <- platform_mac.py:78:_mac_set_window_level
WARNING:root:GUI 卡顿 329ms state=IDLE anim=待机呼吸休闲 physics=None
WARNING:pet.gui_stall_sampler:GUI 冻结现场（329ms，3 个采样点，旧→新）：
WARNING:pet.gui_stall_sampler:  [t-344ms] verify_multi.py:309:<module> <- verify_multi.py:245:main
WARNING:pet.gui_stall_sampler:  [t-157ms] webm_clip.py:2508:_poll <- webm_clip.py:2759:_process_frame <- window_optional_services.py:62:<lambda> <- verify_multi.py:93:observed_frame <- window.py:1917:_on_frame <- window.py:2114:_rebuild_frame
WARNING:pet.gui_stall_sampler:  [t-3ms] verify_multi.py:309:<module> <- verify_multi.py:245:main <- window.py:1113:_restore_on_top_after_context_menu <- window.py:1095:_schedule_macos_window_level <- window.py:1090:apply_current_native_window <- platform_mac.py:78:_mac_set_window_level
WARNING:root:GUI 卡顿 329ms state=IDLE anim=待机呼吸休闲 physics=None
WARNING:pet.gui_stall_sampler:GUI 冻结现场（329ms，3 个采样点，旧→新）：
WARNING:pet.gui_stall_sampler:  [t-344ms] verify_multi.py:309:<module> <- verify_multi.py:245:main
WARNING:pet.gui_stall_sampler:  [t-157ms] webm_clip.py:2508:_poll <- webm_clip.py:2759:_process_frame <- window_optional_services.py:62:<lambda> <- verify_multi.py:93:observed_frame <- window.py:1917:_on_frame <- window.py:2114:_rebuild_frame
WARNING:pet.gui_stall_sampler:  [t-3ms] verify_multi.py:309:<module> <- verify_multi.py:245:main <- window.py:1113:_restore_on_top_after_context_menu <- window.py:1095:_schedule_macos_window_level <- window.py:1090:apply_current_native_window <- platform_mac.py:78:_mac_set_window_level
WARNING:root:GUI 卡顿 298ms state=IDLE anim=待机呼吸休闲 physics=None
WARNING:pet.gui_stall_sampler:GUI 冻结现场（298ms，3 个采样点，旧→新）：
WARNING:pet.gui_stall_sampler:  [t-300ms] verify_multi.py:309:<module> <- verify_multi.py:245:main <- window.py:1113:_restore_on_top_after_context_menu <- window.py:1095:_schedule_macos_window_level <- window.py:1090:apply_current_native_window <- platform_mac.py:78:_mac_set_window_level
WARNING:pet.gui_stall_sampler:  [t-209ms] verify_multi.py:309:<module> <- verify_multi.py:245:main <- webm_clip.py:2508:_poll <- webm_clip.py:2733:_process_frame
WARNING:pet.gui_stall_sampler:  [t-39ms] webm_clip.py:2508:_poll <- webm_clip.py:2759:_process_frame <- window_optional_services.py:62:<lambda> <- verify_multi.py:93:observed_frame <- window.py:1919:_on_frame <- window.py:2126:_rebuild_frame
WARNING:root:GUI 卡顿 298ms state=IDLE anim=待机呼吸休闲 physics=None
WARNING:pet.gui_stall_sampler:GUI 冻结现场（298ms，3 个采样点，旧→新）：
WARNING:pet.gui_stall_sampler:  [t-301ms] verify_multi.py:309:<module> <- verify_multi.py:245:main <- window.py:1113:_restore_on_top_after_context_menu <- window.py:1095:_schedule_macos_window_level <- window.py:1090:apply_current_native_window <- platform_mac.py:78:_mac_set_window_level
WARNING:pet.gui_stall_sampler:  [t-209ms] verify_multi.py:309:<module> <- verify_multi.py:245:main <- webm_clip.py:2508:_poll <- webm_clip.py:2733:_process_frame
WARNING:pet.gui_stall_sampler:  [t-40ms] webm_clip.py:2508:_poll <- webm_clip.py:2759:_process_frame <- window_optional_services.py:62:<lambda> <- verify_multi.py:93:observed_frame <- window.py:1919:_on_frame <- window.py:2126:_rebuild_frame
WARNING:root:GUI 卡顿 298ms state=IDLE anim=待机呼吸休闲 physics=None
WARNING:pet.gui_stall_sampler:GUI 冻结现场（298ms，3 个采样点，旧→新）：
WARNING:pet.gui_stall_sampler:  [t-301ms] verify_multi.py:309:<module> <- verify_multi.py:245:main <- window.py:1113:_restore_on_top_after_context_menu <- window.py:1095:_schedule_macos_window_level <- window.py:1090:apply_current_native_window <- platform_mac.py:78:_mac_set_window_level
WARNING:pet.gui_stall_sampler:  [t-209ms] verify_multi.py:309:<module> <- verify_multi.py:245:main <- webm_clip.py:2508:_poll <- webm_clip.py:2733:_process_frame
WARNING:pet.gui_stall_sampler:  [t-40ms] webm_clip.py:2508:_poll <- webm_clip.py:2759:_process_frame <- window_optional_services.py:62:<lambda> <- verify_multi.py:93:observed_frame <- window.py:1919:_on_frame <- window.py:2126:_rebuild_frame
WARNING:root:GUI 卡顿 336ms state=IDLE anim=待机呼吸休闲 physics=None
WARNING:pet.gui_stall_sampler:GUI 冻结现场（336ms，3 个采样点，旧→新）：
WARNING:pet.gui_stall_sampler:  [t-376ms] webm_clip.py:2508:_poll <- webm_clip.py:2759:_process_frame <- window_optional_services.py:62:<lambda> <- verify_multi.py:93:observed_frame <- window.py:1919:_on_frame <- window.py:2126:_rebuild_frame
WARNING:pet.gui_stall_sampler:  [t-146ms] webm_clip.py:2508:_poll <- webm_clip.py:2759:_process_frame <- window_optional_services.py:62:<lambda> <- verify_multi.py:93:observed_frame <- window.py:1917:_on_frame <- window.py:2124:_rebuild_frame
WARNING:root:GUI 卡顿 337ms state=IDLE anim=待机呼吸休闲 physics=None
WARNING:pet.gui_stall_sampler:GUI 冻结现场（337ms，3 个采样点，旧→新）：
WARNING:pet.gui_stall_sampler:  [t-376ms] webm_clip.py:2508:_poll <- webm_clip.py:2759:_process_frame <- window_optional_services.py:62:<lambda> <- verify_multi.py:93:observed_frame <- window.py:1919:_on_frame <- window.py:2126:_rebuild_frame
WARNING:pet.gui_stall_sampler:  [t-147ms] webm_clip.py:2508:_poll <- webm_clip.py:2759:_process_frame <- window_optional_services.py:62:<lambda> <- verify_multi.py:93:observed_frame <- window.py:1917:_on_frame <- window.py:2124:_rebuild_frame
WARNING:root:GUI 卡顿 337ms state=IDLE anim=待机呼吸休闲 physics=None
WARNING:pet.gui_stall_sampler:GUI 冻结现场（337ms，3 个采样点，旧→新）：
WARNING:pet.gui_stall_sampler:  [t-376ms] webm_clip.py:2508:_poll <- webm_clip.py:2759:_process_frame <- window_optional_services.py:62:<lambda> <- verify_multi.py:93:observed_frame <- window.py:1919:_on_frame <- window.py:2126:_rebuild_frame
WARNING:pet.gui_stall_sampler:  [t-147ms] webm_clip.py:2508:_poll <- webm_clip.py:2759:_process_frame <- window_optional_services.py:62:<lambda> <- verify_multi.py:93:observed_frame <- window.py:1917:_on_frame <- window.py:2124:_rebuild_frame
WARNING:root:GUI 卡顿 207ms state=IDLE anim=待机呼吸休闲 physics=None
WARNING:pet.gui_stall_sampler:GUI 冻结现场（207ms，4 个采样点，旧→新）：
WARNING:pet.gui_stall_sampler:  [t-201ms] verify_multi.py:309:<module> <- verify_multi.py:245:main
WARNING:root:GUI 卡顿 206ms state=IDLE anim=待机呼吸休闲 physics=None
WARNING:pet.gui_stall_sampler:GUI 冻结现场（206ms，4 个采样点，旧→新）：
WARNING:pet.gui_stall_sampler:  [t-202ms] verify_multi.py:309:<module> <- verify_multi.py:245:main
WARNING:root:GUI 卡顿 206ms state=IDLE anim=待机呼吸休闲 physics=None
WARNING:pet.gui_stall_sampler:GUI 冻结现场（206ms，4 个采样点，旧→新）：
WARNING:pet.gui_stall_sampler:  [t-202ms] verify_multi.py:309:<module> <- verify_multi.py:245:main
WARNING:root:GUI 卡顿 143ms state=IDLE anim=待机呼吸休闲 physics=None
WARNING:pet.gui_stall_sampler:GUI 冻结现场（143ms，3 个采样点，旧→新）：
WARNING:pet.gui_stall_sampler:  [t-163ms] verify_multi.py:309:<module> <- verify_multi.py:245:main
WARNING:pet.gui_stall_sampler:  [t-68ms] webm_clip.py:2508:_poll <- webm_clip.py:2759:_process_frame <- window_optional_services.py:62:<lambda> <- verify_multi.py:93:observed_frame <- window.py:1917:_on_frame <- window.py:2106:_rebuild_frame
WARNING:pet.gui_stall_sampler:  [t-5ms] verify_multi.py:309:<module> <- verify_multi.py:245:main
WARNING:root:GUI 卡顿 143ms state=IDLE anim=待机呼吸休闲 physics=None
WARNING:pet.gui_stall_sampler:GUI 冻结现场（143ms，3 个采样点，旧→新）：
WARNING:pet.gui_stall_sampler:  [t-164ms] verify_multi.py:309:<module> <- verify_multi.py:245:main
WARNING:pet.gui_stall_sampler:  [t-68ms] webm_clip.py:2508:_poll <- webm_clip.py:2759:_process_frame <- window_optional_services.py:62:<lambda> <- verify_multi.py:93:observed_frame <- window.py:1917:_on_frame <- window.py:2106:_rebuild_frame
WARNING:pet.gui_stall_sampler:  [t-5ms] verify_multi.py:309:<module> <- verify_multi.py:245:main
WARNING:root:GUI 卡顿 143ms state=IDLE anim=待机呼吸休闲 physics=None
WARNING:pet.gui_stall_sampler:GUI 冻结现场（143ms，3 个采样点，旧→新）：
WARNING:pet.gui_stall_sampler:  [t-164ms] verify_multi.py:309:<module> <- verify_multi.py:245:main
WARNING:pet.gui_stall_sampler:  [t-68ms] webm_clip.py:2508:_poll <- webm_clip.py:2759:_process_frame <- window_optional_services.py:62:<lambda> <- verify_multi.py:93:observed_frame <- window.py:1917:_on_frame <- window.py:2106:_rebuild_frame
WARNING:pet.gui_stall_sampler:  [t-5ms] verify_multi.py:309:<module> <- verify_multi.py:245:main
WARNING:root:GUI 卡顿 143ms state=IDLE anim=待机呼吸休闲 physics=None
WARNING:pet.gui_stall_sampler:GUI 冻结现场（143ms，2 个采样点，旧→新）：
WARNING:pet.gui_stall_sampler:  [t-155ms] verify_multi.py:309:<module> <- verify_multi.py:245:main
WARNING:pet.gui_stall_sampler:  [t-14ms] webm_clip.py:2759:_process_frame <- window_optional_services.py:62:<lambda> <- verify_multi.py:93:observed_frame <- window.py:1917:_on_frame <- window.py:2124:_rebuild_frame <- window.py:2265:_sync_mask
WARNING:root:GUI 卡顿 145ms state=IDLE anim=待机呼吸休闲 physics=None
WARNING:pet.gui_stall_sampler:GUI 冻结现场（145ms，2 个采样点，旧→新）：
WARNING:pet.gui_stall_sampler:  [t-155ms] verify_multi.py:309:<module> <- verify_multi.py:245:main
WARNING:pet.gui_stall_sampler:  [t-14ms] webm_clip.py:2759:_process_frame <- window_optional_services.py:62:<lambda> <- verify_multi.py:93:observed_frame <- window.py:1917:_on_frame <- window.py:2124:_rebuild_frame <- window.py:2265:_sync_mask
WARNING:root:GUI 卡顿 145ms state=IDLE anim=待机呼吸休闲 physics=None
WARNING:pet.gui_stall_sampler:GUI 冻结现场（145ms，2 个采样点，旧→新）：
WARNING:pet.gui_stall_sampler:  [t-155ms] verify_multi.py:309:<module> <- verify_multi.py:245:main
WARNING:pet.gui_stall_sampler:  [t-14ms] webm_clip.py:2759:_process_frame <- window_optional_services.py:62:<lambda> <- verify_multi.py:93:observed_frame <- window.py:1917:_on_frame <- window.py:2124:_rebuild_frame <- window.py:2265:_sync_mask
WARNING:root:GUI 卡顿 125ms state=IDLE anim=待机呼吸休闲 physics=None
WARNING:pet.gui_stall_sampler:GUI 冻结现场（125ms，2 个采样点，旧→新）：
WARNING:pet.gui_stall_sampler:  [t-132ms] verify_multi.py:309:<module> <- verify_multi.py:245:main
WARNING:pet.gui_stall_sampler:  [t-31ms] webm_clip.py:2508:_poll <- webm_clip.py:2759:_process_frame <- window_optional_services.py:62:<lambda> <- verify_multi.py:93:observed_frame <- window.py:1917:_on_frame <- window.py:2106:_rebuild_frame
WARNING:root:GUI 卡顿 126ms state=IDLE anim=待机呼吸休闲 physics=None
WARNING:pet.gui_stall_sampler:GUI 冻结现场（126ms，2 个采样点，旧→新）：
WARNING:pet.gui_stall_sampler:  [t-132ms] verify_multi.py:309:<module> <- verify_multi.py:245:main
WARNING:pet.gui_stall_sampler:  [t-32ms] webm_clip.py:2508:_poll <- webm_clip.py:2759:_process_frame <- window_optional_services.py:62:<lambda> <- verify_multi.py:93:observed_frame <- window.py:1917:_on_frame <- window.py:2106:_rebuild_frame
WARNING:root:GUI 卡顿 126ms state=IDLE anim=待机呼吸休闲 physics=None
WARNING:pet.gui_stall_sampler:GUI 冻结现场（126ms，2 个采样点，旧→新）：
WARNING:pet.gui_stall_sampler:  [t-132ms] verify_multi.py:309:<module> <- verify_multi.py:245:main
WARNING:pet.gui_stall_sampler:  [t-32ms] webm_clip.py:2508:_poll <- webm_clip.py:2759:_process_frame <- window_optional_services.py:62:<lambda> <- verify_multi.py:93:observed_frame <- window.py:1917:_on_frame <- window.py:2106:_rebuild_frame
WARNING:root:GUI 卡顿 181ms state=IDLE anim=待机呼吸休闲 physics=None
WARNING:pet.gui_stall_sampler:GUI 冻结现场（181ms，1 个采样点，旧→新）：
WARNING:pet.gui_stall_sampler:  [t-214ms] webm_clip.py:2508:_poll <- webm_clip.py:2759:_process_frame <- window_optional_services.py:62:<lambda> <- verify_multi.py:93:observed_frame <- window.py:1917:_on_frame <- window.py:2114:_rebuild_frame
WARNING:root:GUI 卡顿 182ms state=IDLE anim=待机呼吸休闲 physics=None
WARNING:pet.gui_stall_sampler:GUI 冻结现场（182ms，1 个采样点，旧→新）：
WARNING:pet.gui_stall_sampler:  [t-215ms] webm_clip.py:2508:_poll <- webm_clip.py:2759:_process_frame <- window_optional_services.py:62:<lambda> <- verify_multi.py:93:observed_frame <- window.py:1917:_on_frame <- window.py:2114:_rebuild_frame
WARNING:root:GUI 卡顿 182ms state=IDLE anim=待机呼吸休闲 physics=None
WARNING:pet.gui_stall_sampler:GUI 冻结现场（182ms，1 个采样点，旧→新）：
WARNING:pet.gui_stall_sampler:  [t-215ms] webm_clip.py:2508:_poll <- webm_clip.py:2759:_process_frame <- window_optional_services.py:62:<lambda> <- verify_multi.py:93:observed_frame <- window.py:1917:_on_frame <- window.py:2114:_rebuild_frame
WARNING:root:GUI 卡顿 335ms state=IDLE anim=待机呼吸休闲 physics=None
WARNING:pet.gui_stall_sampler:GUI 冻结现场（335ms，3 个采样点，旧→新）：
WARNING:pet.gui_stall_sampler:  [t-362ms] verify_multi.py:309:<module> <- verify_multi.py:245:main
WARNING:pet.gui_stall_sampler:  [t-88ms] verify_multi.py:309:<module> <- verify_multi.py:245:main <- webm_clip.py:2508:_poll <- webm_clip.py:2733:_process_frame
WARNING:pet.gui_stall_sampler:  [t-32ms] webm_clip.py:2508:_poll <- webm_clip.py:2759:_process_frame <- window_optional_services.py:62:<lambda> <- verify_multi.py:93:observed_frame <- window.py:1917:_on_frame <- window.py:2124:_rebuild_frame
WARNING:root:GUI 卡顿 337ms state=IDLE anim=待机呼吸休闲 physics=None
WARNING:pet.gui_stall_sampler:GUI 冻结现场（337ms，3 个采样点，旧→新）：
WARNING:pet.gui_stall_sampler:  [t-363ms] verify_multi.py:309:<module> <- verify_multi.py:245:main
WARNING:pet.gui_stall_sampler:  [t-88ms] verify_multi.py:309:<module> <- verify_multi.py:245:main <- webm_clip.py:2508:_poll <- webm_clip.py:2733:_process_frame
WARNING:pet.gui_stall_sampler:  [t-32ms] webm_clip.py:2508:_poll <- webm_clip.py:2759:_process_frame <- window_optional_services.py:62:<lambda> <- verify_multi.py:93:observed_frame <- window.py:1917:_on_frame <- window.py:2124:_rebuild_frame
WARNING:root:GUI 卡顿 337ms state=IDLE anim=待机呼吸休闲 physics=None
WARNING:pet.gui_stall_sampler:GUI 冻结现场（337ms，3 个采样点，旧→新）：
WARNING:pet.gui_stall_sampler:  [t-363ms] verify_multi.py:309:<module> <- verify_multi.py:245:main
WARNING:pet.gui_stall_sampler:  [t-88ms] verify_multi.py:309:<module> <- verify_multi.py:245:main <- webm_clip.py:2508:_poll <- webm_clip.py:2733:_process_frame
WARNING:pet.gui_stall_sampler:  [t-32ms] webm_clip.py:2508:_poll <- webm_clip.py:2759:_process_frame <- window_optional_services.py:62:<lambda> <- verify_multi.py:93:observed_frame <- window.py:1917:_on_frame <- window.py:2124:_rebuild_frame
WARNING:root:GUI 卡顿 108ms state=IDLE anim=待机呼吸休闲 physics=None
WARNING:pet.gui_stall_sampler:GUI 冻结现场（108ms，3 个采样点，旧→新）：
WARNING:pet.gui_stall_sampler:  [t-132ms] verify_multi.py:309:<module> <- verify_multi.py:245:main
WARNING:pet.gui_stall_sampler:  [t-68ms] webm_clip.py:2508:_poll <- webm_clip.py:2759:_process_frame <- window_optional_services.py:62:<lambda> <- verify_multi.py:93:observed_frame <- window.py:1917:_on_frame <- window.py:2106:_rebuild_frame
WARNING:pet.gui_stall_sampler:  [t-10ms] verify_multi.py:309:<module> <- verify_multi.py:245:main
WARNING:root:GUI 卡顿 109ms state=IDLE anim=待机呼吸休闲 physics=None
WARNING:pet.gui_stall_sampler:GUI 冻结现场（109ms，3 个采样点，旧→新）：
WARNING:pet.gui_stall_sampler:  [t-132ms] verify_multi.py:309:<module> <- verify_multi.py:245:main
WARNING:pet.gui_stall_sampler:  [t-69ms] webm_clip.py:2508:_poll <- webm_clip.py:2759:_process_frame <- window_optional_services.py:62:<lambda> <- verify_multi.py:93:observed_frame <- window.py:1917:_on_frame <- window.py:2106:_rebuild_frame
WARNING:pet.gui_stall_sampler:  [t-10ms] verify_multi.py:309:<module> <- verify_multi.py:245:main
WARNING:root:GUI 卡顿 109ms state=IDLE anim=待机呼吸休闲 physics=None
WARNING:pet.gui_stall_sampler:GUI 冻结现场（109ms，3 个采样点，旧→新）：
WARNING:pet.gui_stall_sampler:  [t-132ms] verify_multi.py:309:<module> <- verify_multi.py:245:main
WARNING:pet.gui_stall_sampler:  [t-69ms] webm_clip.py:2508:_poll <- webm_clip.py:2759:_process_frame <- window_optional_services.py:62:<lambda> <- verify_multi.py:93:observed_frame <- window.py:1917:_on_frame <- window.py:2106:_rebuild_frame
WARNING:pet.gui_stall_sampler:  [t-10ms] verify_multi.py:309:<module> <- verify_multi.py:245:main
WARNING:root:GUI 卡顿 260ms state=IDLE anim=待机呼吸休闲 physics=None
WARNING:pet.gui_stall_sampler:GUI 冻结现场（260ms，2 个采样点，旧→新）：
WARNING:pet.gui_stall_sampler:  [t-264ms] verify_multi.py:309:<module> <- verify_multi.py:245:main
WARNING:pet.gui_stall_sampler:  [t-45ms] verify_multi.py:93:observed_frame <- window.py:1917:_on_frame <- window.py:2124:_rebuild_frame <- window.py:2270:_sync_mask <- window_optional_services.py:42:effects_coverage <- frame_edges.py:34:coverage_region
WARNING:root:GUI 卡顿 261ms state=IDLE anim=待机呼吸休闲 physics=None
WARNING:pet.gui_stall_sampler:GUI 冻结现场（261ms，2 个采样点，旧→新）：
WARNING:pet.gui_stall_sampler:  [t-265ms] verify_multi.py:309:<module> <- verify_multi.py:245:main
WARNING:pet.gui_stall_sampler:  [t-45ms] verify_multi.py:93:observed_frame <- window.py:1917:_on_frame <- window.py:2124:_rebuild_frame <- window.py:2270:_sync_mask <- window_optional_services.py:42:effects_coverage <- frame_edges.py:34:coverage_region
WARNING:root:GUI 卡顿 261ms state=IDLE anim=待机呼吸休闲 physics=None
WARNING:pet.gui_stall_sampler:GUI 冻结现场（261ms，2 个采样点，旧→新）：
WARNING:pet.gui_stall_sampler:  [t-265ms] verify_multi.py:309:<module> <- verify_multi.py:245:main
WARNING:pet.gui_stall_sampler:  [t-45ms] verify_multi.py:93:observed_frame <- window.py:1917:_on_frame <- window.py:2124:_rebuild_frame <- window.py:2270:_sync_mask <- window_optional_services.py:42:effects_coverage <- frame_edges.py:34:coverage_region
WARNING:root:GUI 卡顿 143ms state=IDLE anim=待机呼吸休闲 physics=None
WARNING:pet.gui_stall_sampler:GUI 冻结现场（143ms，2 个采样点，旧→新）：
WARNING:pet.gui_stall_sampler:  [t-188ms] verify_multi.py:93:observed_frame <- window.py:1917:_on_frame <- window.py:2124:_rebuild_frame <- window.py:2270:_sync_mask <- window_optional_services.py:42:effects_coverage <- frame_edges.py:34:coverage_region
WARNING:pet.gui_stall_sampler:  [t-40ms] verify_multi.py:309:<module> <- verify_multi.py:245:main <- webm_clip.py:2508:_poll <- webm_clip.py:2759:_process_frame
WARNING:root:GUI 卡顿 142ms state=IDLE anim=待机呼吸休闲 physics=None
WARNING:pet.gui_stall_sampler:GUI 冻结现场（142ms，2 个采样点，旧→新）：
WARNING:pet.gui_stall_sampler:  [t-188ms] verify_multi.py:93:observed_frame <- window.py:1917:_on_frame <- window.py:2124:_rebuild_frame <- window.py:2270:_sync_mask <- window_optional_services.py:42:effects_coverage <- frame_edges.py:34:coverage_region
WARNING:pet.gui_stall_sampler:  [t-40ms] verify_multi.py:309:<module> <- verify_multi.py:245:main <- webm_clip.py:2508:_poll <- webm_clip.py:2759:_process_frame
WARNING:root:GUI 卡顿 142ms state=IDLE anim=待机呼吸休闲 physics=None
WARNING:pet.gui_stall_sampler:GUI 冻结现场（142ms，2 个采样点，旧→新）：
WARNING:pet.gui_stall_sampler:  [t-188ms] verify_multi.py:93:observed_frame <- window.py:1917:_on_frame <- window.py:2124:_rebuild_frame <- window.py:2270:_sync_mask <- window_optional_services.py:42:effects_coverage <- frame_edges.py:34:coverage_region
WARNING:pet.gui_stall_sampler:  [t-41ms] verify_multi.py:309:<module> <- verify_multi.py:245:main <- webm_clip.py:2508:_poll <- webm_clip.py:2759:_process_frame
WARNING:root:GUI 卡顿 204ms state=IDLE anim=待机呼吸休闲 physics=None
WARNING:pet.gui_stall_sampler:GUI 冻结现场（204ms，3 个采样点，旧→新）：
WARNING:pet.gui_stall_sampler:  [t-219ms] verify_multi.py:309:<module> <- verify_multi.py:245:main
WARNING:pet.gui_stall_sampler:  [t-134ms] webm_clip.py:2508:_poll <- webm_clip.py:2759:_process_frame <- window_optional_services.py:62:<lambda> <- verify_multi.py:93:observed_frame <- window.py:1917:_on_frame <- window.py:2106:_rebuild_frame
WARNING:pet.gui_stall_sampler:  [t-47ms] verify_multi.py:309:<module> <- verify_multi.py:245:main
WARNING:root:GUI 卡顿 208ms state=IDLE anim=待机呼吸休闲 physics=None
WARNING:pet.gui_stall_sampler:GUI 冻结现场（208ms，3 个采样点，旧→新）：
WARNING:pet.gui_stall_sampler:  [t-220ms] verify_multi.py:309:<module> <- verify_multi.py:245:main
WARNING:pet.gui_stall_sampler:  [t-134ms] webm_clip.py:2508:_poll <- webm_clip.py:2759:_process_frame <- window_optional_services.py:62:<lambda> <- verify_multi.py:93:observed_frame <- window.py:1917:_on_frame <- window.py:2106:_rebuild_frame
WARNING:pet.gui_stall_sampler:  [t-47ms] verify_multi.py:309:<module> <- verify_multi.py:245:main
WARNING:root:GUI 卡顿 208ms state=IDLE anim=待机呼吸休闲 physics=None
WARNING:pet.gui_stall_sampler:GUI 冻结现场（208ms，3 个采样点，旧→新）：
WARNING:pet.gui_stall_sampler:  [t-220ms] verify_multi.py:309:<module> <- verify_multi.py:245:main
WARNING:pet.gui_stall_sampler:  [t-134ms] webm_clip.py:2508:_poll <- webm_clip.py:2759:_process_frame <- window_optional_services.py:62:<lambda> <- verify_multi.py:93:observed_frame <- window.py:1917:_on_frame <- window.py:2106:_rebuild_frame
WARNING:pet.gui_stall_sampler:  [t-48ms] verify_multi.py:309:<module> <- verify_multi.py:245:main
WARNING:root:GUI 卡顿 134ms state=IDLE anim=待机呼吸休闲 physics=None
WARNING:pet.gui_stall_sampler:GUI 冻结现场（134ms，3 个采样点，旧→新）：
WARNING:pet.gui_stall_sampler:  [t-138ms] verify_multi.py:309:<module> <- verify_multi.py:245:main
WARNING:pet.gui_stall_sampler:  [t-65ms] webm_clip.py:2508:_poll <- webm_clip.py:2759:_process_frame <- window_optional_services.py:62:<lambda> <- verify_multi.py:93:observed_frame <- window.py:1917:_on_frame <- window.py:2106:_rebuild_frame
WARNING:pet.gui_stall_sampler:  [t-10ms] verify_multi.py:309:<module> <- verify_multi.py:245:main
WARNING:root:GUI 卡顿 135ms state=IDLE anim=待机呼吸休闲 physics=None
WARNING:pet.gui_stall_sampler:GUI 冻结现场（135ms，3 个采样点，旧→新）：
WARNING:pet.gui_stall_sampler:  [t-138ms] verify_multi.py:309:<module> <- verify_multi.py:245:main
WARNING:pet.gui_stall_sampler:  [t-65ms] webm_clip.py:2508:_poll <- webm_clip.py:2759:_process_frame <- window_optional_services.py:62:<lambda> <- verify_multi.py:93:observed_frame <- window.py:1917:_on_frame <- window.py:2106:_rebuild_frame
WARNING:pet.gui_stall_sampler:  [t-11ms] verify_multi.py:309:<module> <- verify_multi.py:245:main
WARNING:root:GUI 卡顿 135ms state=IDLE anim=待机呼吸休闲 physics=None
WARNING:pet.gui_stall_sampler:GUI 冻结现场（135ms，3 个采样点，旧→新）：
WARNING:pet.gui_stall_sampler:  [t-139ms] verify_multi.py:309:<module> <- verify_multi.py:245:main
WARNING:pet.gui_stall_sampler:  [t-65ms] webm_clip.py:2508:_poll <- webm_clip.py:2759:_process_frame <- window_optional_services.py:62:<lambda> <- verify_multi.py:93:observed_frame <- window.py:1917:_on_frame <- window.py:2106:_rebuild_frame
WARNING:pet.gui_stall_sampler:  [t-11ms] verify_multi.py:309:<module> <- verify_multi.py:245:main
WARNING:root:GUI 卡顿 166ms state=IDLE anim=待机呼吸休闲 physics=None
WARNING:pet.gui_stall_sampler:GUI 冻结现场（166ms，2 个采样点，旧→新）：
WARNING:pet.gui_stall_sampler:  [t-197ms] verify_multi.py:309:<module> <- verify_multi.py:245:main <- webm_clip.py:2508:_poll <- webm_clip.py:2733:_process_frame
WARNING:pet.gui_stall_sampler:  [t-69ms] webm_clip.py:2508:_poll <- webm_clip.py:2759:_process_frame <- window_optional_services.py:62:<lambda> <- verify_multi.py:93:observed_frame <- window.py:1919:_on_frame <- window.py:2126:_rebuild_frame
WARNING:root:GUI 卡顿 167ms state=IDLE anim=待机呼吸休闲 physics=None
WARNING:pet.gui_stall_sampler:GUI 冻结现场（167ms，2 个采样点，旧→新）：
WARNING:pet.gui_stall_sampler:  [t-197ms] verify_multi.py:309:<module> <- verify_multi.py:245:main <- webm_clip.py:2508:_poll <- webm_clip.py:2733:_process_frame
WARNING:pet.gui_stall_sampler:  [t-69ms] webm_clip.py:2508:_poll <- webm_clip.py:2759:_process_frame <- window_optional_services.py:62:<lambda> <- verify_multi.py:93:observed_frame <- window.py:1919:_on_frame <- window.py:2126:_rebuild_frame
WARNING:root:GUI 卡顿 167ms state=IDLE anim=待机呼吸休闲 physics=None
WARNING:pet.gui_stall_sampler:GUI 冻结现场（167ms，2 个采样点，旧→新）：
WARNING:pet.gui_stall_sampler:  [t-197ms] verify_multi.py:309:<module> <- verify_multi.py:245:main <- webm_clip.py:2508:_poll <- webm_clip.py:2733:_process_frame
WARNING:pet.gui_stall_sampler:  [t-69ms] webm_clip.py:2508:_poll <- webm_clip.py:2759:_process_frame <- window_optional_services.py:62:<lambda> <- verify_multi.py:93:observed_frame <- window.py:1919:_on_frame <- window.py:2126:_rebuild_frame
WARNING:root:GUI 卡顿 359ms state=IDLE anim=待机呼吸休闲 physics=None
WARNING:pet.gui_stall_sampler:GUI 冻结现场（359ms，3 个采样点，旧→新）：
WARNING:pet.gui_stall_sampler:  [t-198ms] verify_multi.py:309:<module> <- verify_multi.py:245:main
WARNING:pet.gui_stall_sampler:  [t-120ms] verify_multi.py:309:<module> <- verify_multi.py:245:main <- webm_clip.py:2508:_poll <- webm_clip.py:2733:_process_frame
WARNING:root:GUI 卡顿 359ms state=IDLE anim=待机呼吸休闲 physics=None
WARNING:pet.gui_stall_sampler:GUI 冻结现场（359ms，3 个采样点，旧→新）：
WARNING:pet.gui_stall_sampler:  [t-198ms] verify_multi.py:309:<module> <- verify_multi.py:245:main
WARNING:pet.gui_stall_sampler:  [t-120ms] verify_multi.py:309:<module> <- verify_multi.py:245:main <- webm_clip.py:2508:_poll <- webm_clip.py:2733:_process_frame
WARNING:root:GUI 卡顿 359ms state=IDLE anim=待机呼吸休闲 physics=None
WARNING:pet.gui_stall_sampler:GUI 冻结现场（359ms，3 个采样点，旧→新）：
WARNING:pet.gui_stall_sampler:  [t-198ms] verify_multi.py:309:<module> <- verify_multi.py:245:main
WARNING:pet.gui_stall_sampler:  [t-121ms] verify_multi.py:309:<module> <- verify_multi.py:245:main <- webm_clip.py:2508:_poll <- webm_clip.py:2733:_process_frame
WARNING:root:GUI 卡顿 107ms state=IDLE anim=待机呼吸休闲 physics=None
WARNING:pet.gui_stall_sampler:GUI 冻结现场（107ms，2 个采样点，旧→新）：
WARNING:pet.gui_stall_sampler:  [t-123ms] verify_multi.py:309:<module> <- verify_multi.py:245:main
WARNING:pet.gui_stall_sampler:  [t-49ms] webm_clip.py:2508:_poll <- webm_clip.py:2759:_process_frame <- window_optional_services.py:62:<lambda> <- verify_multi.py:93:observed_frame <- window.py:1917:_on_frame <- window.py:2106:_rebuild_frame
WARNING:root:GUI 卡顿 108ms state=IDLE anim=待机呼吸休闲 physics=None
WARNING:pet.gui_stall_sampler:GUI 冻结现场（108ms，2 个采样点，旧→新）：
WARNING:pet.gui_stall_sampler:  [t-123ms] verify_multi.py:309:<module> <- verify_multi.py:245:main
WARNING:pet.gui_stall_sampler:  [t-49ms] webm_clip.py:2508:_poll <- webm_clip.py:2759:_process_frame <- window_optional_services.py:62:<lambda> <- verify_multi.py:93:observed_frame <- window.py:1917:_on_frame <- window.py:2106:_rebuild_frame
WARNING:root:GUI 卡顿 108ms state=IDLE anim=待机呼吸休闲 physics=None
WARNING:pet.gui_stall_sampler:GUI 冻结现场（108ms，2 个采样点，旧→新）：
WARNING:pet.gui_stall_sampler:  [t-123ms] verify_multi.py:309:<module> <- verify_multi.py:245:main
WARNING:pet.gui_stall_sampler:  [t-49ms] webm_clip.py:2508:_poll <- webm_clip.py:2759:_process_frame <- window_optional_services.py:62:<lambda> <- verify_multi.py:93:observed_frame <- window.py:1917:_on_frame <- window.py:2106:_rebuild_frame
WARNING:root:GUI 卡顿 162ms state=IDLE anim=待机呼吸休闲 physics=None
WARNING:pet.gui_stall_sampler:GUI 冻结现场（162ms，3 个采样点，旧→新）：
WARNING:pet.gui_stall_sampler:  [t-205ms] webm_clip.py:2508:_poll <- webm_clip.py:2759:_process_frame <- window_optional_services.py:62:<lambda> <- verify_multi.py:93:observed_frame <- window.py:1917:_on_frame <- window.py:2106:_rebuild_frame
WARNING:pet.gui_stall_sampler:  [t-141ms] verify_multi.py:309:<module> <- verify_multi.py:245:main <- webm_clip.py:2508:_poll <- webm_clip.py:2733:_process_frame
WARNING:pet.gui_stall_sampler:  [t-45ms] webm_clip.py:2508:_poll <- webm_clip.py:2759:_process_frame <- window_optional_services.py:62:<lambda> <- verify_multi.py:93:observed_frame <- window.py:1917:_on_frame <- window.py:2119:_rebuild_frame
WARNING:root:GUI 卡顿 162ms state=IDLE anim=待机呼吸休闲 physics=None
WARNING:pet.gui_stall_sampler:GUI 冻结现场（162ms，3 个采样点，旧→新）：
WARNING:pet.gui_stall_sampler:  [t-206ms] webm_clip.py:2508:_poll <- webm_clip.py:2759:_process_frame <- window_optional_services.py:62:<lambda> <- verify_multi.py:93:observed_frame <- window.py:1917:_on_frame <- window.py:2106:_rebuild_frame
WARNING:pet.gui_stall_sampler:  [t-141ms] verify_multi.py:309:<module> <- verify_multi.py:245:main <- webm_clip.py:2508:_poll <- webm_clip.py:2733:_process_frame
WARNING:pet.gui_stall_sampler:  [t-45ms] webm_clip.py:2508:_poll <- webm_clip.py:2759:_process_frame <- window_optional_services.py:62:<lambda> <- verify_multi.py:93:observed_frame <- window.py:1917:_on_frame <- window.py:2119:_rebuild_frame
WARNING:root:GUI 卡顿 162ms state=IDLE anim=待机呼吸休闲 physics=None
WARNING:pet.gui_stall_sampler:GUI 冻结现场（162ms，3 个采样点，旧→新）：
WARNING:pet.gui_stall_sampler:  [t-206ms] webm_clip.py:2508:_poll <- webm_clip.py:2759:_process_frame <- window_optional_services.py:62:<lambda> <- verify_multi.py:93:observed_frame <- window.py:1917:_on_frame <- window.py:2106:_rebuild_frame
WARNING:pet.gui_stall_sampler:  [t-141ms] verify_multi.py:309:<module> <- verify_multi.py:245:main <- webm_clip.py:2508:_poll <- webm_clip.py:2733:_process_frame
WARNING:pet.gui_stall_sampler:  [t-46ms] webm_clip.py:2508:_poll <- webm_clip.py:2759:_process_frame <- window_optional_services.py:62:<lambda> <- verify_multi.py:93:observed_frame <- window.py:1917:_on_frame <- window.py:2119:_rebuild_frame
WARNING:root:GUI 卡顿 135ms state=IDLE anim=待机呼吸休闲 physics=None
WARNING:pet.gui_stall_sampler:GUI 冻结现场（135ms，2 个采样点，旧→新）：
WARNING:pet.gui_stall_sampler:  [t-89ms] verify_multi.py:309:<module> <- verify_multi.py:245:main <- webm_clip.py:2508:_poll <- webm_clip.py:2733:_process_frame
WARNING:pet.gui_stall_sampler:  [t-34ms] verify_multi.py:309:<module> <- verify_multi.py:245:main
WARNING:root:GUI 卡顿 147ms state=IDLE anim=待机呼吸休闲 physics=None
WARNING:pet.gui_stall_sampler:GUI 冻结现场（147ms，3 个采样点，旧→新）：
WARNING:pet.gui_stall_sampler:  [t-196ms] webm_clip.py:2759:_process_frame <- window_optional_services.py:62:<lambda> <- verify_multi.py:93:observed_frame <- window.py:1917:_on_frame <- window.py:2068:_rebuild_frame <- window.py:1990:_frame_signature
WARNING:pet.gui_stall_sampler:  [t-91ms] verify_multi.py:309:<module> <- verify_multi.py:245:main <- webm_clip.py:2508:_poll <- webm_clip.py:2733:_process_frame
WARNING:pet.gui_stall_sampler:  [t-36ms] verify_multi.py:309:<module> <- verify_multi.py:245:main
WARNING:root:GUI 卡顿 147ms state=IDLE anim=待机呼吸休闲 physics=None
WARNING:pet.gui_stall_sampler:GUI 冻结现场（147ms，3 个采样点，旧→新）：
WARNING:pet.gui_stall_sampler:  [t-197ms] webm_clip.py:2759:_process_frame <- window_optional_services.py:62:<lambda> <- verify_multi.py:93:observed_frame <- window.py:1917:_on_frame <- window.py:2068:_rebuild_frame <- window.py:1990:_frame_signature
WARNING:pet.gui_stall_sampler:  [t-91ms] verify_multi.py:309:<module> <- verify_multi.py:245:main <- webm_clip.py:2508:_poll <- webm_clip.py:2733:_process_frame
WARNING:pet.gui_stall_sampler:  [t-37ms] verify_multi.py:309:<module> <- verify_multi.py:245:main
WARNING:root:GUI 卡顿 246ms state=IDLE anim=待机呼吸休闲 physics=None
WARNING:pet.gui_stall_sampler:GUI 冻结现场（246ms，1 个采样点，旧→新）：
WARNING:pet.gui_stall_sampler:  [t-286ms] window_optional_services.py:62:<lambda> <- verify_multi.py:93:observed_frame <- window.py:1919:_on_frame <- window.py:2126:_rebuild_frame <- window.py:2291:_sync_mask <- window_optional_services.py:44:effects_coverage
WARNING:root:GUI 卡顿 252ms state=IDLE anim=待机呼吸休闲 physics=None
WARNING:pet.gui_stall_sampler:GUI 冻结现场（252ms，2 个采样点，旧→新）：
WARNING:pet.gui_stall_sampler:  [t-291ms] window_optional_services.py:62:<lambda> <- verify_multi.py:93:observed_frame <- window.py:1919:_on_frame <- window.py:2126:_rebuild_frame <- window.py:2291:_sync_mask <- window_optional_services.py:44:effects_coverage
WARNING:pet.gui_stall_sampler:  [t-4ms] webm_clip.py:2508:_poll <- webm_clip.py:2759:_process_frame <- window_optional_services.py:62:<lambda> <- verify_multi.py:93:observed_frame <- window.py:1919:_on_frame <- window.py:2126:_rebuild_frame
WARNING:root:GUI 卡顿 252ms state=IDLE anim=待机呼吸休闲 physics=None
WARNING:pet.gui_stall_sampler:GUI 冻结现场（252ms，2 个采样点，旧→新）：
WARNING:pet.gui_stall_sampler:  [t-292ms] window_optional_services.py:62:<lambda> <- verify_multi.py:93:observed_frame <- window.py:1919:_on_frame <- window.py:2126:_rebuild_frame <- window.py:2291:_sync_mask <- window_optional_services.py:44:effects_coverage
WARNING:pet.gui_stall_sampler:  [t-4ms] webm_clip.py:2508:_poll <- webm_clip.py:2759:_process_frame <- window_optional_services.py:62:<lambda> <- verify_multi.py:93:observed_frame <- window.py:1919:_on_frame <- window.py:2126:_rebuild_frame
WARNING:root:GUI 卡顿 189ms state=IDLE anim=待机呼吸休闲 physics=None
WARNING:pet.gui_stall_sampler:GUI 冻结现场（189ms，3 个采样点，旧→新）：
WARNING:pet.gui_stall_sampler:  [t-231ms] webm_clip.py:2508:_poll <- webm_clip.py:2759:_process_frame <- window_optional_services.py:62:<lambda> <- verify_multi.py:93:observed_frame <- window.py:1919:_on_frame <- window.py:2126:_rebuild_frame
WARNING:pet.gui_stall_sampler:  [t-119ms] webm_clip.py:2759:_process_frame <- window_optional_services.py:62:<lambda> <- verify_multi.py:93:observed_frame <- window.py:1917:_on_frame <- window.py:2068:_rebuild_frame <- window.py:1990:_frame_signature
WARNING:pet.gui_stall_sampler:  [t-9ms] verify_multi.py:309:<module> <- verify_multi.py:245:main <- webm_clip.py:2508:_poll <- webm_clip.py:2759:_process_frame
WARNING:root:GUI 卡顿 189ms state=IDLE anim=待机呼吸休闲 physics=None
WARNING:pet.gui_stall_sampler:GUI 冻结现场（189ms，3 个采样点，旧→新）：
WARNING:pet.gui_stall_sampler:  [t-231ms] webm_clip.py:2508:_poll <- webm_clip.py:2759:_process_frame <- window_optional_services.py:62:<lambda> <- verify_multi.py:93:observed_frame <- window.py:1919:_on_frame <- window.py:2126:_rebuild_frame
WARNING:pet.gui_stall_sampler:  [t-119ms] webm_clip.py:2759:_process_frame <- window_optional_services.py:62:<lambda> <- verify_multi.py:93:observed_frame <- window.py:1917:_on_frame <- window.py:2068:_rebuild_frame <- window.py:1990:_frame_signature
WARNING:pet.gui_stall_sampler:  [t-9ms] verify_multi.py:309:<module> <- verify_multi.py:245:main <- webm_clip.py:2508:_poll <- webm_clip.py:2759:_process_frame
WARNING:root:GUI 卡顿 189ms state=IDLE anim=待机呼吸休闲 physics=None
WARNING:pet.gui_stall_sampler:GUI 冻结现场（189ms，3 个采样点，旧→新）：
WARNING:pet.gui_stall_sampler:  [t-231ms] webm_clip.py:2508:_poll <- webm_clip.py:2759:_process_frame <- window_optional_services.py:62:<lambda> <- verify_multi.py:93:observed_frame <- window.py:1919:_on_frame <- window.py:2126:_rebuild_frame
WARNING:pet.gui_stall_sampler:  [t-119ms] webm_clip.py:2759:_process_frame <- window_optional_services.py:62:<lambda> <- verify_multi.py:93:observed_frame <- window.py:1917:_on_frame <- window.py:2068:_rebuild_frame <- window.py:1990:_frame_signature
WARNING:pet.gui_stall_sampler:  [t-9ms] verify_multi.py:309:<module> <- verify_multi.py:245:main <- webm_clip.py:2508:_poll <- webm_clip.py:2759:_process_frame
WARNING:root:GUI 卡顿 172ms state=IDLE anim=待机呼吸休闲 physics=None
WARNING:pet.gui_stall_sampler:GUI 冻结现场（172ms，3 个采样点，旧→新）：
WARNING:pet.gui_stall_sampler:  [t-190ms] verify_multi.py:309:<module> <- verify_multi.py:245:main
WARNING:pet.gui_stall_sampler:  [t-66ms] webm_clip.py:2508:_poll <- webm_clip.py:2759:_process_frame <- window_optional_services.py:62:<lambda> <- verify_multi.py:93:observed_frame <- window.py:1917:_on_frame <- window.py:2106:_rebuild_frame
WARNING:pet.gui_stall_sampler:  [t-11ms] verify_multi.py:309:<module> <- verify_multi.py:245:main
WARNING:root:GUI 卡顿 173ms state=IDLE anim=待机呼吸休闲 physics=None
WARNING:pet.gui_stall_sampler:GUI 冻结现场（173ms，3 个采样点，旧→新）：
WARNING:pet.gui_stall_sampler:  [t-190ms] verify_multi.py:309:<module> <- verify_multi.py:245:main
WARNING:pet.gui_stall_sampler:  [t-66ms] webm_clip.py:2508:_poll <- webm_clip.py:2759:_process_frame <- window_optional_services.py:62:<lambda> <- verify_multi.py:93:observed_frame <- window.py:1917:_on_frame <- window.py:2106:_rebuild_frame
WARNING:pet.gui_stall_sampler:  [t-11ms] verify_multi.py:309:<module> <- verify_multi.py:245:main
WARNING:root:GUI 卡顿 173ms state=IDLE anim=待机呼吸休闲 physics=None
WARNING:pet.gui_stall_sampler:GUI 冻结现场（173ms，3 个采样点，旧→新）：
WARNING:pet.gui_stall_sampler:  [t-190ms] verify_multi.py:309:<module> <- verify_multi.py:245:main
WARNING:pet.gui_stall_sampler:  [t-66ms] webm_clip.py:2508:_poll <- webm_clip.py:2759:_process_frame <- window_optional_services.py:62:<lambda> <- verify_multi.py:93:observed_frame <- window.py:1917:_on_frame <- window.py:2106:_rebuild_frame
WARNING:pet.gui_stall_sampler:  [t-11ms] verify_multi.py:309:<module> <- verify_multi.py:245:main
WARNING:root:GUI 卡顿 113ms state=IDLE anim=待机呼吸休闲 physics=None
WARNING:pet.gui_stall_sampler:GUI 冻结现场（113ms，2 个采样点，旧→新）：
WARNING:pet.gui_stall_sampler:  [t-122ms] verify_multi.py:309:<module> <- verify_multi.py:245:main
WARNING:root:GUI 卡顿 113ms state=IDLE anim=待机呼吸休闲 physics=None
WARNING:pet.gui_stall_sampler:GUI 冻结现场（113ms，2 个采样点，旧→新）：
WARNING:pet.gui_stall_sampler:  [t-122ms] verify_multi.py:309:<module> <- verify_multi.py:245:main
WARNING:root:GUI 卡顿 113ms state=IDLE anim=待机呼吸休闲 physics=None
WARNING:pet.gui_stall_sampler:GUI 冻结现场（113ms，2 个采样点，旧→新）：
WARNING:pet.gui_stall_sampler:  [t-122ms] verify_multi.py:309:<module> <- verify_multi.py:245:main
WARNING:root:GUI 卡顿 108ms state=IDLE anim=待机呼吸休闲 physics=None
WARNING:pet.gui_stall_sampler:GUI 冻结现场（108ms，2 个采样点，旧→新）：
WARNING:pet.gui_stall_sampler:  [t-131ms] verify_multi.py:309:<module> <- verify_multi.py:245:main
WARNING:pet.gui_stall_sampler:  [t-17ms] webm_clip.py:2508:_poll <- webm_clip.py:2759:_process_frame <- window_optional_services.py:62:<lambda> <- verify_multi.py:93:observed_frame <- window.py:1917:_on_frame <- window.py:2106:_rebuild_frame
WARNING:root:GUI 卡顿 110ms state=IDLE anim=待机呼吸休闲 physics=None
WARNING:pet.gui_stall_sampler:GUI 冻结现场（110ms，2 个采样点，旧→新）：
WARNING:pet.gui_stall_sampler:  [t-131ms] verify_multi.py:309:<module> <- verify_multi.py:245:main
WARNING:pet.gui_stall_sampler:  [t-17ms] webm_clip.py:2508:_poll <- webm_clip.py:2759:_process_frame <- window_optional_services.py:62:<lambda> <- verify_multi.py:93:observed_frame <- window.py:1917:_on_frame <- window.py:2106:_rebuild_frame
WARNING:root:GUI 卡顿 110ms state=IDLE anim=待机呼吸休闲 physics=None
WARNING:pet.gui_stall_sampler:GUI 冻结现场（110ms，2 个采样点，旧→新）：
WARNING:pet.gui_stall_sampler:  [t-131ms] verify_multi.py:309:<module> <- verify_multi.py:245:main
WARNING:pet.gui_stall_sampler:  [t-17ms] webm_clip.py:2508:_poll <- webm_clip.py:2759:_process_frame <- window_optional_services.py:62:<lambda> <- verify_multi.py:93:observed_frame <- window.py:1917:_on_frame <- window.py:2106:_rebuild_frame
WARNING:root:GUI 卡顿 266ms state=IDLE anim=待机呼吸休闲 physics=None
WARNING:pet.gui_stall_sampler:GUI 冻结现场（266ms，2 个采样点，旧→新）：
WARNING:pet.gui_stall_sampler:  [t-86ms] verify_multi.py:309:<module> <- verify_multi.py:245:main
WARNING:pet.gui_stall_sampler:  [t-24ms] webm_clip.py:2759:_process_frame <- window_optional_services.py:62:<lambda> <- verify_multi.py:93:observed_frame <- window.py:1917:_on_frame <- window.py:2124:_rebuild_frame <- window.py:2263:_sync_mask
WARNING:root:GUI 卡顿 267ms state=IDLE anim=待机呼吸休闲 physics=None
WARNING:pet.gui_stall_sampler:GUI 冻结现场（267ms，2 个采样点，旧→新）：
WARNING:pet.gui_stall_sampler:  [t-86ms] verify_multi.py:309:<module> <- verify_multi.py:245:main
WARNING:pet.gui_stall_sampler:  [t-24ms] webm_clip.py:2759:_process_frame <- window_optional_services.py:62:<lambda> <- verify_multi.py:93:observed_frame <- window.py:1917:_on_frame <- window.py:2124:_rebuild_frame <- window.py:2263:_sync_mask
WARNING:root:GUI 卡顿 267ms state=IDLE anim=待机呼吸休闲 physics=None
WARNING:pet.gui_stall_sampler:GUI 冻结现场（267ms，2 个采样点，旧→新）：
WARNING:pet.gui_stall_sampler:  [t-86ms] verify_multi.py:309:<module> <- verify_multi.py:245:main
WARNING:pet.gui_stall_sampler:  [t-24ms] webm_clip.py:2759:_process_frame <- window_optional_services.py:62:<lambda> <- verify_multi.py:93:observed_frame <- window.py:1917:_on_frame <- window.py:2124:_rebuild_frame <- window.py:2263:_sync_mask
WARNING:root:GUI 卡顿 100ms state=IDLE anim=待机呼吸休闲 physics=None
WARNING:pet.gui_stall_sampler:GUI 冻结现场（100ms，2 个采样点，旧→新）：
WARNING:pet.gui_stall_sampler:  [t-140ms] verify_multi.py:309:<module> <- verify_multi.py:245:main
WARNING:pet.gui_stall_sampler:  [t-50ms] verify_multi.py:93:observed_frame <- window.py:1917:_on_frame <- window.py:2124:_rebuild_frame <- window.py:2270:_sync_mask <- window_optional_services.py:42:effects_coverage <- frame_edges.py:27:coverage_region
WARNING:root:GUI 卡顿 104ms state=IDLE anim=待机呼吸休闲 physics=None
WARNING:pet.gui_stall_sampler:GUI 冻结现场（104ms，2 个采样点，旧→新）：
WARNING:pet.gui_stall_sampler:  [t-141ms] verify_multi.py:309:<module> <- verify_multi.py:245:main
WARNING:pet.gui_stall_sampler:  [t-50ms] verify_multi.py:93:observed_frame <- window.py:1917:_on_frame <- window.py:2124:_rebuild_frame <- window.py:2270:_sync_mask <- window_optional_services.py:42:effects_coverage <- frame_edges.py:27:coverage_region
WARNING:root:GUI 卡顿 104ms state=IDLE anim=待机呼吸休闲 physics=None
WARNING:pet.gui_stall_sampler:GUI 冻结现场（104ms，2 个采样点，旧→新）：
WARNING:pet.gui_stall_sampler:  [t-141ms] verify_multi.py:309:<module> <- verify_multi.py:245:main
WARNING:pet.gui_stall_sampler:  [t-50ms] verify_multi.py:93:observed_frame <- window.py:1917:_on_frame <- window.py:2124:_rebuild_frame <- window.py:2270:_sync_mask <- window_optional_services.py:42:effects_coverage <- frame_edges.py:27:coverage_region
WARNING:root:GUI 卡顿 352ms state=IDLE anim=待机呼吸休闲 physics=None
WARNING:pet.gui_stall_sampler:GUI 冻结现场（352ms，3 个采样点，旧→新）：
WARNING:pet.gui_stall_sampler:  [t-387ms] webm_clip.py:2508:_poll <- webm_clip.py:2759:_process_frame <- window_optional_services.py:62:<lambda> <- verify_multi.py:93:observed_frame <- window.py:1919:_on_frame <- window.py:2126:_rebuild_frame
WARNING:pet.gui_stall_sampler:  [t-2ms] verify_multi.py:309:<module> <- verify_multi.py:245:main
WARNING:root:GUI 卡顿 352ms state=IDLE anim=待机呼吸休闲 physics=None
WARNING:pet.gui_stall_sampler:GUI 冻结现场（352ms，3 个采样点，旧→新）：
WARNING:pet.gui_stall_sampler:  [t-387ms] webm_clip.py:2508:_poll <- webm_clip.py:2759:_process_frame <- window_optional_services.py:62:<lambda> <- verify_multi.py:93:observed_frame <- window.py:1919:_on_frame <- window.py:2126:_rebuild_frame
WARNING:pet.gui_stall_sampler:  [t-2ms] verify_multi.py:309:<module> <- verify_multi.py:245:main
WARNING:root:GUI 卡顿 352ms state=IDLE anim=待机呼吸休闲 physics=None
WARNING:pet.gui_stall_sampler:GUI 冻结现场（352ms，3 个采样点，旧→新）：
WARNING:pet.gui_stall_sampler:  [t-387ms] webm_clip.py:2508:_poll <- webm_clip.py:2759:_process_frame <- window_optional_services.py:62:<lambda> <- verify_multi.py:93:observed_frame <- window.py:1919:_on_frame <- window.py:2126:_rebuild_frame
WARNING:pet.gui_stall_sampler:  [t-2ms] verify_multi.py:309:<module> <- verify_multi.py:245:main
WARNING:root:GUI 卡顿 171ms state=IDLE anim=待机呼吸休闲 physics=None
WARNING:pet.gui_stall_sampler:GUI 冻结现场（171ms，3 个采样点，旧→新）：
WARNING:pet.gui_stall_sampler:  [t-214ms] verify_multi.py:309:<module> <- verify_multi.py:245:main
WARNING:pet.gui_stall_sampler:  [t-147ms] verify_multi.py:309:<module> <- verify_multi.py:245:main <- webm_clip.py:2508:_poll <- webm_clip.py:2733:_process_frame
WARNING:pet.gui_stall_sampler:  [t-33ms] webm_clip.py:2508:_poll <- webm_clip.py:2759:_process_frame <- window_optional_services.py:62:<lambda> <- verify_multi.py:93:observed_frame <- window.py:1919:_on_frame <- window.py:2126:_rebuild_frame
WARNING:root:GUI 卡顿 171ms state=IDLE anim=待机呼吸休闲 physics=None
WARNING:pet.gui_stall_sampler:GUI 冻结现场（171ms，3 个采样点，旧→新）：
WARNING:pet.gui_stall_sampler:  [t-214ms] verify_multi.py:309:<module> <- verify_multi.py:245:main
WARNING:pet.gui_stall_sampler:  [t-148ms] verify_multi.py:309:<module> <- verify_multi.py:245:main <- webm_clip.py:2508:_poll <- webm_clip.py:2733:_process_frame
WARNING:pet.gui_stall_sampler:  [t-33ms] webm_clip.py:2508:_poll <- webm_clip.py:2759:_process_frame <- window_optional_services.py:62:<lambda> <- verify_multi.py:93:observed_frame <- window.py:1919:_on_frame <- window.py:2126:_rebuild_frame
WARNING:root:GUI 卡顿 172ms state=IDLE anim=待机呼吸休闲 physics=None
WARNING:pet.gui_stall_sampler:GUI 冻结现场（172ms，3 个采样点，旧→新）：
WARNING:pet.gui_stall_sampler:  [t-214ms] verify_multi.py:309:<module> <- verify_multi.py:245:main
WARNING:pet.gui_stall_sampler:  [t-148ms] verify_multi.py:309:<module> <- verify_multi.py:245:main <- webm_clip.py:2508:_poll <- webm_clip.py:2733:_process_frame
WARNING:pet.gui_stall_sampler:  [t-34ms] webm_clip.py:2508:_poll <- webm_clip.py:2759:_process_frame <- window_optional_services.py:62:<lambda> <- verify_multi.py:93:observed_frame <- window.py:1919:_on_frame <- window.py:2126:_rebuild_frame
WARNING:root:GUI 卡顿 141ms state=IDLE anim=待机呼吸休闲 physics=None
WARNING:pet.gui_stall_sampler:GUI 冻结现场（141ms，2 个采样点，旧→新）：
WARNING:pet.gui_stall_sampler:  [t-177ms] webm_clip.py:2508:_poll <- webm_clip.py:2759:_process_frame <- window_optional_services.py:62:<lambda> <- verify_multi.py:93:observed_frame <- window.py:1917:_on_frame <- window.py:2124:_rebuild_frame
WARNING:pet.gui_stall_sampler:  [t-50ms] webm_clip.py:2508:_poll <- webm_clip.py:2759:_process_frame <- window_optional_services.py:62:<lambda> <- verify_multi.py:93:observed_frame <- window.py:1917:_on_frame <- window.py:2106:_rebuild_frame
WARNING:root:GUI 卡顿 144ms state=IDLE anim=待机呼吸休闲 physics=None
WARNING:pet.gui_stall_sampler:GUI 冻结现场（144ms，2 个采样点，旧→新）：
WARNING:pet.gui_stall_sampler:  [t-177ms] webm_clip.py:2508:_poll <- webm_clip.py:2759:_process_frame <- window_optional_services.py:62:<lambda> <- verify_multi.py:93:observed_frame <- window.py:1917:_on_frame <- window.py:2124:_rebuild_frame
WARNING:pet.gui_stall_sampler:  [t-50ms] webm_clip.py:2508:_poll <- webm_clip.py:2759:_process_frame <- window_optional_services.py:62:<lambda> <- verify_multi.py:93:observed_frame <- window.py:1917:_on_frame <- window.py:2106:_rebuild_frame
WARNING:root:GUI 卡顿 144ms state=IDLE anim=待机呼吸休闲 physics=None
WARNING:pet.gui_stall_sampler:GUI 冻结现场（144ms，2 个采样点，旧→新）：
WARNING:pet.gui_stall_sampler:  [t-177ms] webm_clip.py:2508:_poll <- webm_clip.py:2759:_process_frame <- window_optional_services.py:62:<lambda> <- verify_multi.py:93:observed_frame <- window.py:1917:_on_frame <- window.py:2124:_rebuild_frame
WARNING:pet.gui_stall_sampler:  [t-50ms] webm_clip.py:2508:_poll <- webm_clip.py:2759:_process_frame <- window_optional_services.py:62:<lambda> <- verify_multi.py:93:observed_frame <- window.py:1917:_on_frame <- window.py:2106:_rebuild_frame
WARNING:root:GUI 卡顿 129ms state=IDLE anim=待机呼吸休闲 physics=None
WARNING:pet.gui_stall_sampler:GUI 冻结现场（129ms，2 个采样点，旧→新）：
WARNING:pet.gui_stall_sampler:  [t-137ms] verify_multi.py:309:<module> <- verify_multi.py:245:main
WARNING:pet.gui_stall_sampler:  [t-38ms] verify_multi.py:309:<module> <- verify_multi.py:245:main <- webm_clip.py:2508:_poll <- webm_clip.py:2733:_process_frame
WARNING:root:GUI 卡顿 133ms state=IDLE anim=待机呼吸休闲 physics=None
WARNING:pet.gui_stall_sampler:GUI 冻结现场（133ms，2 个采样点，旧→新）：
WARNING:pet.gui_stall_sampler:  [t-138ms] verify_multi.py:309:<module> <- verify_multi.py:245:main
WARNING:pet.gui_stall_sampler:  [t-38ms] verify_multi.py:309:<module> <- verify_multi.py:245:main <- webm_clip.py:2508:_poll <- webm_clip.py:2733:_process_frame
WARNING:root:GUI 卡顿 133ms state=IDLE anim=待机呼吸休闲 physics=None
WARNING:pet.gui_stall_sampler:GUI 冻结现场（133ms，2 个采样点，旧→新）：
WARNING:pet.gui_stall_sampler:  [t-138ms] verify_multi.py:309:<module> <- verify_multi.py:245:main
WARNING:pet.gui_stall_sampler:  [t-38ms] verify_multi.py:309:<module> <- verify_multi.py:245:main <- webm_clip.py:2508:_poll <- webm_clip.py:2733:_process_frame
WARNING:root:GUI 卡顿 190ms state=IDLE anim=待机呼吸休闲 physics=None
WARNING:pet.gui_stall_sampler:GUI 冻结现场（190ms，2 个采样点，旧→新）：
WARNING:pet.gui_stall_sampler:  [t-189ms] verify_multi.py:309:<module> <- verify_multi.py:245:main
WARNING:pet.gui_stall_sampler:  [t-21ms] webm_clip.py:2508:_poll <- webm_clip.py:2759:_process_frame <- window_optional_services.py:62:<lambda> <- verify_multi.py:93:observed_frame <- window.py:1917:_on_frame <- window.py:2106:_rebuild_frame
WARNING:root:GUI 卡顿 191ms state=IDLE anim=待机呼吸休闲 physics=None
WARNING:pet.gui_stall_sampler:GUI 冻结现场（191ms，2 个采样点，旧→新）：
WARNING:pet.gui_stall_sampler:  [t-189ms] verify_multi.py:309:<module> <- verify_multi.py:245:main
WARNING:pet.gui_stall_sampler:  [t-21ms] webm_clip.py:2508:_poll <- webm_clip.py:2759:_process_frame <- window_optional_services.py:62:<lambda> <- verify_multi.py:93:observed_frame <- window.py:1917:_on_frame <- window.py:2106:_rebuild_frame
WARNING:root:GUI 卡顿 191ms state=IDLE anim=待机呼吸休闲 physics=None
WARNING:pet.gui_stall_sampler:GUI 冻结现场（191ms，2 个采样点，旧→新）：
WARNING:pet.gui_stall_sampler:  [t-189ms] verify_multi.py:309:<module> <- verify_multi.py:245:main
WARNING:pet.gui_stall_sampler:  [t-21ms] webm_clip.py:2508:_poll <- webm_clip.py:2759:_process_frame <- window_optional_services.py:62:<lambda> <- verify_multi.py:93:observed_frame <- window.py:1917:_on_frame <- window.py:2106:_rebuild_frame
WARNING:root:GUI 卡顿 175ms state=IDLE anim=待机呼吸休闲 physics=None
WARNING:pet.gui_stall_sampler:GUI 冻结现场（175ms，3 个采样点，旧→新）：
WARNING:pet.gui_stall_sampler:  [t-180ms] verify_multi.py:309:<module> <- verify_multi.py:245:main
WARNING:pet.gui_stall_sampler:  [t-76ms] verify_multi.py:309:<module> <- verify_multi.py:245:main <- webm_clip.py:2508:_poll <- webm_clip.py:2733:_process_frame
WARNING:pet.gui_stall_sampler:  [t-1ms] webm_clip.py:2508:_poll <- webm_clip.py:2759:_process_frame <- window_optional_services.py:62:<lambda> <- verify_multi.py:93:observed_frame <- window.py:1917:_on_frame <- window.py:2114:_rebuild_frame
WARNING:root:GUI 卡顿 176ms state=IDLE anim=待机呼吸休闲 physics=None
WARNING:pet.gui_stall_sampler:GUI 冻结现场（176ms，3 个采样点，旧→新）：
WARNING:pet.gui_stall_sampler:  [t-181ms] verify_multi.py:309:<module> <- verify_multi.py:245:main
WARNING:pet.gui_stall_sampler:  [t-76ms] verify_multi.py:309:<module> <- verify_multi.py:245:main <- webm_clip.py:2508:_poll <- webm_clip.py:2733:_process_frame
WARNING:pet.gui_stall_sampler:  [t-1ms] webm_clip.py:2508:_poll <- webm_clip.py:2759:_process_frame <- window_optional_services.py:62:<lambda> <- verify_multi.py:93:observed_frame <- window.py:1917:_on_frame <- window.py:2114:_rebuild_frame
WARNING:root:GUI 卡顿 177ms state=IDLE anim=待机呼吸休闲 physics=None
WARNING:pet.gui_stall_sampler:GUI 冻结现场（177ms，3 个采样点，旧→新）：
WARNING:pet.gui_stall_sampler:  [t-181ms] verify_multi.py:309:<module> <- verify_multi.py:245:main
WARNING:pet.gui_stall_sampler:  [t-77ms] verify_multi.py:309:<module> <- verify_multi.py:245:main <- webm_clip.py:2508:_poll <- webm_clip.py:2733:_process_frame
WARNING:pet.gui_stall_sampler:  [t-2ms] webm_clip.py:2508:_poll <- webm_clip.py:2759:_process_frame <- window_optional_services.py:62:<lambda> <- verify_multi.py:93:observed_frame <- window.py:1917:_on_frame <- window.py:2114:_rebuild_frame
WARNING:root:GUI 卡顿 111ms state=IDLE anim=待机呼吸休闲 physics=None
WARNING:pet.gui_stall_sampler:GUI 冻结现场（111ms，1 个采样点，旧→新）：
WARNING:pet.gui_stall_sampler:  [t-113ms] webm_clip.py:2508:_poll <- webm_clip.py:2759:_process_frame <- window_optional_services.py:62:<lambda> <- verify_multi.py:93:observed_frame <- window.py:1917:_on_frame <- window.py:2114:_rebuild_frame
WARNING:root:GUI 卡顿 129ms state=IDLE anim=待机呼吸休闲 physics=None
WARNING:pet.gui_stall_sampler:GUI 冻结现场（129ms，2 个采样点，旧→新）：
WARNING:pet.gui_stall_sampler:  [t-131ms] webm_clip.py:2508:_poll <- webm_clip.py:2759:_process_frame <- window_optional_services.py:62:<lambda> <- verify_multi.py:93:observed_frame <- window.py:1917:_on_frame <- window.py:2114:_rebuild_frame
WARNING:pet.gui_stall_sampler:  [t-3ms] __init__.py:1531:warning <- __init__.py:1664:_log <- __init__.py:1680:handle <- __init__.py:1736:callHandlers <- __init__.py:1026:handle <- __init__.py:1153:emit
WARNING:root:GUI 卡顿 129ms state=IDLE anim=待机呼吸休闲 physics=None
WARNING:pet.gui_stall_sampler:GUI 冻结现场（129ms，2 个采样点，旧→新）：
WARNING:pet.gui_stall_sampler:  [t-131ms] webm_clip.py:2508:_poll <- webm_clip.py:2759:_process_frame <- window_optional_services.py:62:<lambda> <- verify_multi.py:93:observed_frame <- window.py:1917:_on_frame <- window.py:2114:_rebuild_frame
WARNING:pet.gui_stall_sampler:  [t-3ms] __init__.py:1531:warning <- __init__.py:1664:_log <- __init__.py:1680:handle <- __init__.py:1736:callHandlers <- __init__.py:1026:handle <- __init__.py:1153:emit
WARNING:root:GUI 卡顿 211ms state=IDLE anim=待机呼吸休闲 physics=None
WARNING:pet.gui_stall_sampler:GUI 冻结现场（211ms，2 个采样点，旧→新）：
WARNING:pet.gui_stall_sampler:  [t-136ms] verify_multi.py:309:<module> <- verify_multi.py:245:main <- webm_clip.py:2508:_poll <- webm_clip.py:2733:_process_frame
WARNING:pet.gui_stall_sampler:  [t-42ms] webm_clip.py:2508:_poll <- webm_clip.py:2759:_process_frame <- window_optional_services.py:62:<lambda> <- verify_multi.py:93:observed_frame <- window.py:1917:_on_frame <- window.py:2106:_rebuild_frame
WARNING:root:GUI 卡顿 213ms state=IDLE anim=待机呼吸休闲 physics=None
WARNING:pet.gui_stall_sampler:GUI 冻结现场（213ms，3 个采样点，旧→新）：
WARNING:pet.gui_stall_sampler:  [t-263ms] verify_multi.py:309:<module> <- verify_multi.py:245:main
WARNING:pet.gui_stall_sampler:  [t-136ms] verify_multi.py:309:<module> <- verify_multi.py:245:main <- webm_clip.py:2508:_poll <- webm_clip.py:2733:_process_frame
WARNING:pet.gui_stall_sampler:  [t-43ms] webm_clip.py:2508:_poll <- webm_clip.py:2759:_process_frame <- window_optional_services.py:62:<lambda> <- verify_multi.py:93:observed_frame <- window.py:1917:_on_frame <- window.py:2106:_rebuild_frame
WARNING:root:GUI 卡顿 213ms state=IDLE anim=待机呼吸休闲 physics=None
WARNING:pet.gui_stall_sampler:GUI 冻结现场（213ms，3 个采样点，旧→新）：
WARNING:pet.gui_stall_sampler:  [t-263ms] verify_multi.py:309:<module> <- verify_multi.py:245:main
WARNING:pet.gui_stall_sampler:  [t-136ms] verify_multi.py:309:<module> <- verify_multi.py:245:main <- webm_clip.py:2508:_poll <- webm_clip.py:2733:_process_frame
WARNING:pet.gui_stall_sampler:  [t-43ms] webm_clip.py:2508:_poll <- webm_clip.py:2759:_process_frame <- window_optional_services.py:62:<lambda> <- verify_multi.py:93:observed_frame <- window.py:1917:_on_frame <- window.py:2106:_rebuild_frame
WARNING:root:GUI 卡顿 104ms state=IDLE anim=待机呼吸休闲 physics=None
WARNING:pet.gui_stall_sampler:GUI 冻结现场（104ms，2 个采样点，旧→新）：
WARNING:pet.gui_stall_sampler:  [t-124ms] verify_multi.py:309:<module> <- verify_multi.py:245:main
WARNING:pet.gui_stall_sampler:  [t-35ms] webm_clip.py:2508:_poll <- webm_clip.py:2759:_process_frame <- window_optional_services.py:62:<lambda> <- verify_multi.py:93:observed_frame <- window.py:1917:_on_frame <- window.py:2106:_rebuild_frame
WARNING:root:GUI 卡顿 105ms state=IDLE anim=待机呼吸休闲 physics=None
WARNING:pet.gui_stall_sampler:GUI 冻结现场（105ms，2 个采样点，旧→新）：
WARNING:pet.gui_stall_sampler:  [t-125ms] verify_multi.py:309:<module> <- verify_multi.py:245:main
WARNING:pet.gui_stall_sampler:  [t-35ms] webm_clip.py:2508:_poll <- webm_clip.py:2759:_process_frame <- window_optional_services.py:62:<lambda> <- verify_multi.py:93:observed_frame <- window.py:1917:_on_frame <- window.py:2106:_rebuild_frame
WARNING:root:GUI 卡顿 106ms state=IDLE anim=待机呼吸休闲 physics=None
WARNING:pet.gui_stall_sampler:GUI 冻结现场（106ms，2 个采样点，旧→新）：
WARNING:pet.gui_stall_sampler:  [t-125ms] verify_multi.py:309:<module> <- verify_multi.py:245:main
WARNING:pet.gui_stall_sampler:  [t-36ms] webm_clip.py:2508:_poll <- webm_clip.py:2759:_process_frame <- window_optional_services.py:62:<lambda> <- verify_multi.py:93:observed_frame <- window.py:1917:_on_frame <- window.py:2106:_rebuild_frame
WARNING:root:GUI 卡顿 121ms state=IDLE anim=待机呼吸休闲 physics=None
WARNING:pet.gui_stall_sampler:GUI 冻结现场（121ms，2 个采样点，旧→新）：
WARNING:pet.gui_stall_sampler:  [t-104ms] verify_multi.py:309:<module> <- verify_multi.py:245:main <- webm_clip.py:2508:_poll <- webm_clip.py:2733:_process_frame
WARNING:pet.gui_stall_sampler:  [t-44ms] verify_multi.py:309:<module> <- verify_multi.py:245:main
WARNING:root:GUI 卡顿 156ms state=IDLE anim=待机呼吸休闲 physics=None
WARNING:pet.gui_stall_sampler:GUI 冻结现场（156ms，3 个采样点，旧→新）：
WARNING:pet.gui_stall_sampler:  [t-200ms] webm_clip.py:2508:_poll <- webm_clip.py:2759:_process_frame <- window_optional_services.py:62:<lambda> <- verify_multi.py:93:observed_frame <- window.py:1917:_on_frame <- window.py:2121:_rebuild_frame
WARNING:pet.gui_stall_sampler:  [t-104ms] verify_multi.py:309:<module> <- verify_multi.py:245:main <- webm_clip.py:2508:_poll <- webm_clip.py:2733:_process_frame
WARNING:pet.gui_stall_sampler:  [t-44ms] verify_multi.py:309:<module> <- verify_multi.py:245:main
WARNING:root:GUI 卡顿 156ms state=IDLE anim=待机呼吸休闲 physics=None
WARNING:pet.gui_stall_sampler:GUI 冻结现场（156ms，3 个采样点，旧→新）：
WARNING:pet.gui_stall_sampler:  [t-200ms] webm_clip.py:2508:_poll <- webm_clip.py:2759:_process_frame <- window_optional_services.py:62:<lambda> <- verify_multi.py:93:observed_frame <- window.py:1917:_on_frame <- window.py:2121:_rebuild_frame
WARNING:pet.gui_stall_sampler:  [t-104ms] verify_multi.py:309:<module> <- verify_multi.py:245:main <- webm_clip.py:2508:_poll <- webm_clip.py:2733:_process_frame
WARNING:pet.gui_stall_sampler:  [t-44ms] verify_multi.py:309:<module> <- verify_multi.py:245:main
WARNING:root:GUI 卡顿 161ms state=IDLE anim=待机呼吸休闲 physics=None
WARNING:pet.gui_stall_sampler:GUI 冻结现场（161ms，3 个采样点，旧→新）：
WARNING:pet.gui_stall_sampler:  [t-170ms] verify_multi.py:309:<module> <- verify_multi.py:245:main
WARNING:pet.gui_stall_sampler:  [t-78ms] webm_clip.py:2508:_poll <- webm_clip.py:2759:_process_frame <- window_optional_services.py:62:<lambda> <- verify_multi.py:93:observed_frame <- window.py:1917:_on_frame <- window.py:2106:_rebuild_frame
WARNING:pet.gui_stall_sampler:  [t-19ms] webm_clip.py:2508:_poll <- webm_clip.py:2759:_process_frame <- window_optional_services.py:62:<lambda> <- verify_multi.py:93:observed_frame <- window.py:1917:_on_frame <- window.py:2119:_rebuild_frame
WARNING:root:GUI 卡顿 127ms state=IDLE anim=待机呼吸休闲 physics=None
WARNING:pet.gui_stall_sampler:GUI 冻结现场（127ms，3 个采样点，旧→新）：
WARNING:pet.gui_stall_sampler:  [t-171ms] verify_multi.py:309:<module> <- verify_multi.py:245:main
WARNING:pet.gui_stall_sampler:  [t-79ms] webm_clip.py:2508:_poll <- webm_clip.py:2759:_process_frame <- window_optional_services.py:62:<lambda> <- verify_multi.py:93:observed_frame <- window.py:1917:_on_frame <- window.py:2106:_rebuild_frame
WARNING:pet.gui_stall_sampler:  [t-19ms] webm_clip.py:2508:_poll <- webm_clip.py:2759:_process_frame <- window_optional_services.py:62:<lambda> <- verify_multi.py:93:observed_frame <- window.py:1917:_on_frame <- window.py:2119:_rebuild_frame
WARNING:root:GUI 卡顿 127ms state=IDLE anim=待机呼吸休闲 physics=None
WARNING:pet.gui_stall_sampler:GUI 冻结现场（127ms，3 个采样点，旧→新）：
WARNING:pet.gui_stall_sampler:  [t-171ms] verify_multi.py:309:<module> <- verify_multi.py:245:main
WARNING:pet.gui_stall_sampler:  [t-79ms] webm_clip.py:2508:_poll <- webm_clip.py:2759:_process_frame <- window_optional_services.py:62:<lambda> <- verify_multi.py:93:observed_frame <- window.py:1917:_on_frame <- window.py:2106:_rebuild_frame
WARNING:pet.gui_stall_sampler:  [t-20ms] webm_clip.py:2508:_poll <- webm_clip.py:2759:_process_frame <- window_optional_services.py:62:<lambda> <- verify_multi.py:93:observed_frame <- window.py:1917:_on_frame <- window.py:2119:_rebuild_frame
WARNING:root:GUI 卡顿 170ms state=IDLE anim=待机呼吸休闲 physics=None
WARNING:pet.gui_stall_sampler:GUI 冻结现场（170ms，3 个采样点，旧→新）：
WARNING:pet.gui_stall_sampler:  [t-203ms] verify_multi.py:309:<module> <- verify_multi.py:245:main
WARNING:pet.gui_stall_sampler:  [t-133ms] verify_multi.py:309:<module> <- verify_multi.py:245:main <- webm_clip.py:2508:_poll <- webm_clip.py:2733:_process_frame
WARNING:pet.gui_stall_sampler:  [t-43ms] verify_multi.py:309:<module> <- verify_multi.py:245:main <- webm_clip.py:2508:_poll <- webm_clip.py:2732:_process_frame
WARNING:root:GUI 卡顿 176ms state=IDLE anim=待机呼吸休闲 physics=None
WARNING:pet.gui_stall_sampler:GUI 冻结现场（176ms，3 个采样点，旧→新）：
WARNING:pet.gui_stall_sampler:  [t-204ms] verify_multi.py:309:<module> <- verify_multi.py:245:main
WARNING:pet.gui_stall_sampler:  [t-133ms] verify_multi.py:309:<module> <- verify_multi.py:245:main <- webm_clip.py:2508:_poll <- webm_clip.py:2733:_process_frame
WARNING:pet.gui_stall_sampler:  [t-44ms] verify_multi.py:309:<module> <- verify_multi.py:245:main <- webm_clip.py:2508:_poll <- webm_clip.py:2732:_process_frame
WARNING:root:GUI 卡顿 176ms state=IDLE anim=待机呼吸休闲 physics=None
WARNING:pet.gui_stall_sampler:GUI 冻结现场（176ms，3 个采样点，旧→新）：
WARNING:pet.gui_stall_sampler:  [t-204ms] verify_multi.py:309:<module> <- verify_multi.py:245:main
WARNING:pet.gui_stall_sampler:  [t-134ms] verify_multi.py:309:<module> <- verify_multi.py:245:main <- webm_clip.py:2508:_poll <- webm_clip.py:2733:_process_frame
WARNING:pet.gui_stall_sampler:  [t-44ms] verify_multi.py:309:<module> <- verify_multi.py:245:main <- webm_clip.py:2508:_poll <- webm_clip.py:2732:_process_frame
WARNING:root:GUI 卡顿 129ms state=IDLE anim=待机呼吸休闲 physics=None
WARNING:pet.gui_stall_sampler:GUI 冻结现场（129ms，2 个采样点，旧→新）：
WARNING:pet.gui_stall_sampler:  [t-127ms] verify_multi.py:309:<module> <- verify_multi.py:245:main
WARNING:pet.gui_stall_sampler:  [t-41ms] webm_clip.py:2759:_process_frame <- window_optional_services.py:62:<lambda> <- verify_multi.py:93:observed_frame <- window.py:1917:_on_frame <- window.py:2124:_rebuild_frame <- window.py:2266:_sync_mask
WARNING:root:GUI 卡顿 129ms state=IDLE anim=待机呼吸休闲 physics=None
WARNING:pet.gui_stall_sampler:GUI 冻结现场（129ms，3 个采样点，旧→新）：
WARNING:pet.gui_stall_sampler:  [t-179ms] verify_multi.py:309:<module> <- verify_multi.py:245:main
WARNING:pet.gui_stall_sampler:  [t-41ms] webm_clip.py:2759:_process_frame <- window_optional_services.py:62:<lambda> <- verify_multi.py:93:observed_frame <- window.py:1917:_on_frame <- window.py:2124:_rebuild_frame <- window.py:2266:_sync_mask
WARNING:root:GUI 卡顿 129ms state=IDLE anim=待机呼吸休闲 physics=None
WARNING:pet.gui_stall_sampler:GUI 冻结现场（129ms，3 个采样点，旧→新）：
WARNING:pet.gui_stall_sampler:  [t-179ms] verify_multi.py:309:<module> <- verify_multi.py:245:main
WARNING:pet.gui_stall_sampler:  [t-41ms] webm_clip.py:2759:_process_frame <- window_optional_services.py:62:<lambda> <- verify_multi.py:93:observed_frame <- window.py:1917:_on_frame <- window.py:2124:_rebuild_frame <- window.py:2266:_sync_mask
WARNING:root:GUI 卡顿 107ms state=IDLE anim=待机呼吸休闲 physics=None
WARNING:pet.gui_stall_sampler:GUI 冻结现场（107ms，3 个采样点，旧→新）：
WARNING:pet.gui_stall_sampler:  [t-142ms] verify_multi.py:309:<module> <- verify_multi.py:245:main
WARNING:pet.gui_stall_sampler:  [t-57ms] verify_multi.py:309:<module> <- verify_multi.py:245:main <- webm_clip.py:2508:_poll <- webm_clip.py:2733:_process_frame
WARNING:pet.gui_stall_sampler:  [t-3ms] verify_multi.py:309:<module> <- verify_multi.py:245:main
WARNING:root:GUI 卡顿 108ms state=IDLE anim=待机呼吸休闲 physics=None
WARNING:pet.gui_stall_sampler:GUI 冻结现场（108ms，3 个采样点，旧→新）：
WARNING:pet.gui_stall_sampler:  [t-143ms] verify_multi.py:309:<module> <- verify_multi.py:245:main
WARNING:pet.gui_stall_sampler:  [t-57ms] verify_multi.py:309:<module> <- verify_multi.py:245:main <- webm_clip.py:2508:_poll <- webm_clip.py:2733:_process_frame
WARNING:pet.gui_stall_sampler:  [t-3ms] verify_multi.py:309:<module> <- verify_multi.py:245:main
WARNING:root:GUI 卡顿 108ms state=IDLE anim=待机呼吸休闲 physics=None
WARNING:pet.gui_stall_sampler:GUI 冻结现场（108ms，3 个采样点，旧→新）：
WARNING:pet.gui_stall_sampler:  [t-143ms] verify_multi.py:309:<module> <- verify_multi.py:245:main
WARNING:pet.gui_stall_sampler:  [t-57ms] verify_multi.py:309:<module> <- verify_multi.py:245:main <- webm_clip.py:2508:_poll <- webm_clip.py:2733:_process_frame
WARNING:pet.gui_stall_sampler:  [t-3ms] verify_multi.py:309:<module> <- verify_multi.py:245:main
WARNING:root:GUI 卡顿 109ms state=IDLE anim=待机呼吸休闲 physics=None
WARNING:pet.gui_stall_sampler:GUI 冻结现场（109ms，3 个采样点，旧→新）：
WARNING:pet.gui_stall_sampler:  [t-150ms] verify_multi.py:309:<module> <- verify_multi.py:245:main
WARNING:pet.gui_stall_sampler:  [t-57ms] webm_clip.py:2508:_poll <- webm_clip.py:2759:_process_frame <- window_optional_services.py:62:<lambda> <- verify_multi.py:93:observed_frame <- window.py:1917:_on_frame <- window.py:2106:_rebuild_frame
WARNING:pet.gui_stall_sampler:  [t-0ms] __init__.py:1531:warning <- __init__.py:1664:_log <- __init__.py:1680:handle <- __init__.py:1736:callHandlers <- __init__.py:1026:handle <- __init__.py:1153:emit
WARNING:root:GUI 卡顿 113ms state=IDLE anim=待机呼吸休闲 physics=None
WARNING:pet.gui_stall_sampler:GUI 冻结现场（113ms，3 个采样点，旧→新）：
WARNING:pet.gui_stall_sampler:  [t-150ms] verify_multi.py:309:<module> <- verify_multi.py:245:main
WARNING:pet.gui_stall_sampler:  [t-57ms] webm_clip.py:2508:_poll <- webm_clip.py:2759:_process_frame <- window_optional_services.py:62:<lambda> <- verify_multi.py:93:observed_frame <- window.py:1917:_on_frame <- window.py:2106:_rebuild_frame
WARNING:pet.gui_stall_sampler:  [t-0ms] __init__.py:1531:warning <- __init__.py:1664:_log <- __init__.py:1680:handle <- __init__.py:1736:callHandlers <- __init__.py:1026:handle <- __init__.py:1153:emit
WARNING:root:GUI 卡顿 113ms state=IDLE anim=待机呼吸休闲 physics=None
WARNING:pet.gui_stall_sampler:GUI 冻结现场（113ms，3 个采样点，旧→新）：
WARNING:pet.gui_stall_sampler:  [t-150ms] verify_multi.py:309:<module> <- verify_multi.py:245:main
WARNING:pet.gui_stall_sampler:  [t-57ms] webm_clip.py:2508:_poll <- webm_clip.py:2759:_process_frame <- window_optional_services.py:62:<lambda> <- verify_multi.py:93:observed_frame <- window.py:1917:_on_frame <- window.py:2106:_rebuild_frame
WARNING:pet.gui_stall_sampler:  [t-0ms] __init__.py:1531:warning <- __init__.py:1664:_log <- __init__.py:1680:handle <- __init__.py:1736:callHandlers <- __init__.py:1026:handle <- __init__.py:1153:emit
WARNING:root:GUI 卡顿 100ms state=IDLE anim=待机呼吸休闲 physics=None
WARNING:pet.gui_stall_sampler:GUI 冻结现场（100ms，2 个采样点，旧→新）：
WARNING:pet.gui_stall_sampler:  [t-134ms] verify_multi.py:309:<module> <- verify_multi.py:245:main
WARNING:pet.gui_stall_sampler:  [t-13ms] webm_clip.py:2759:_process_frame <- window_optional_services.py:62:<lambda> <- verify_multi.py:93:observed_frame <- window.py:1917:_on_frame <- window.py:2124:_rebuild_frame <- window.py:2248:_sync_mask
WARNING:root:GUI 卡顿 102ms state=IDLE anim=待机呼吸休闲 physics=None
WARNING:pet.gui_stall_sampler:GUI 冻结现场（102ms，2 个采样点，旧→新）：
WARNING:pet.gui_stall_sampler:  [t-134ms] verify_multi.py:309:<module> <- verify_multi.py:245:main
WARNING:pet.gui_stall_sampler:  [t-14ms] webm_clip.py:2759:_process_frame <- window_optional_services.py:62:<lambda> <- verify_multi.py:93:observed_frame <- window.py:1917:_on_frame <- window.py:2124:_rebuild_frame <- window.py:2248:_sync_mask
WARNING:root:GUI 卡顿 102ms state=IDLE anim=待机呼吸休闲 physics=None
WARNING:pet.gui_stall_sampler:GUI 冻结现场（102ms，2 个采样点，旧→新）：
WARNING:pet.gui_stall_sampler:  [t-134ms] verify_multi.py:309:<module> <- verify_multi.py:245:main
WARNING:pet.gui_stall_sampler:  [t-14ms] webm_clip.py:2759:_process_frame <- window_optional_services.py:62:<lambda> <- verify_multi.py:93:observed_frame <- window.py:1917:_on_frame <- window.py:2124:_rebuild_frame <- window.py:2248:_sync_mask
WARNING:root:GUI 卡顿 130ms state=IDLE anim=待机呼吸休闲 physics=None
WARNING:pet.gui_stall_sampler:GUI 冻结现场（130ms，2 个采样点，旧→新）：
WARNING:pet.gui_stall_sampler:  [t-139ms] verify_multi.py:309:<module> <- verify_multi.py:245:main
WARNING:pet.gui_stall_sampler:  [t-20ms] webm_clip.py:2508:_poll <- webm_clip.py:2759:_process_frame <- window_optional_services.py:62:<lambda> <- verify_multi.py:93:observed_frame <- window.py:1917:_on_frame <- window.py:2106:_rebuild_frame
WARNING:root:GUI 卡顿 132ms state=IDLE anim=待机呼吸休闲 physics=None
WARNING:pet.gui_stall_sampler:GUI 冻结现场（132ms，2 个采样点，旧→新）：
WARNING:pet.gui_stall_sampler:  [t-140ms] verify_multi.py:309:<module> <- verify_multi.py:245:main
WARNING:pet.gui_stall_sampler:  [t-20ms] webm_clip.py:2508:_poll <- webm_clip.py:2759:_process_frame <- window_optional_services.py:62:<lambda> <- verify_multi.py:93:observed_frame <- window.py:1917:_on_frame <- window.py:2106:_rebuild_frame
WARNING:root:GUI 卡顿 132ms state=IDLE anim=待机呼吸休闲 physics=None
WARNING:pet.gui_stall_sampler:GUI 冻结现场（132ms，2 个采样点，旧→新）：
WARNING:pet.gui_stall_sampler:  [t-140ms] verify_multi.py:309:<module> <- verify_multi.py:245:main
WARNING:pet.gui_stall_sampler:  [t-20ms] webm_clip.py:2508:_poll <- webm_clip.py:2759:_process_frame <- window_optional_services.py:62:<lambda> <- verify_multi.py:93:observed_frame <- window.py:1917:_on_frame <- window.py:2106:_rebuild_frame
WARNING:root:GUI 卡顿 186ms state=IDLE anim=待机呼吸休闲 physics=None
WARNING:pet.gui_stall_sampler:GUI 冻结现场（186ms，3 个采样点，旧→新）：
WARNING:pet.gui_stall_sampler:  [t-194ms] verify_multi.py:309:<module> <- verify_multi.py:245:main
WARNING:pet.gui_stall_sampler:  [t-64ms] webm_clip.py:2508:_poll <- webm_clip.py:2759:_process_frame <- window_optional_services.py:62:<lambda> <- verify_multi.py:93:observed_frame <- window.py:1917:_on_frame <- window.py:2119:_rebuild_frame
WARNING:pet.gui_stall_sampler:  [t-10ms] verify_multi.py:309:<module> <- verify_multi.py:245:main
WARNING:root:GUI 卡顿 187ms state=IDLE anim=待机呼吸休闲 physics=None
WARNING:pet.gui_stall_sampler:GUI 冻结现场（187ms，3 个采样点，旧→新）：
WARNING:pet.gui_stall_sampler:  [t-194ms] verify_multi.py:309:<module> <- verify_multi.py:245:main
WARNING:pet.gui_stall_sampler:  [t-64ms] webm_clip.py:2508:_poll <- webm_clip.py:2759:_process_frame <- window_optional_services.py:62:<lambda> <- verify_multi.py:93:observed_frame <- window.py:1917:_on_frame <- window.py:2119:_rebuild_frame
WARNING:pet.gui_stall_sampler:  [t-10ms] verify_multi.py:309:<module> <- verify_multi.py:245:main
WARNING:root:GUI 卡顿 187ms state=IDLE anim=待机呼吸休闲 physics=None
WARNING:pet.gui_stall_sampler:GUI 冻结现场（187ms，3 个采样点，旧→新）：
WARNING:pet.gui_stall_sampler:  [t-194ms] verify_multi.py:309:<module> <- verify_multi.py:245:main
WARNING:pet.gui_stall_sampler:  [t-64ms] webm_clip.py:2508:_poll <- webm_clip.py:2759:_process_frame <- window_optional_services.py:62:<lambda> <- verify_multi.py:93:observed_frame <- window.py:1917:_on_frame <- window.py:2119:_rebuild_frame
WARNING:pet.gui_stall_sampler:  [t-10ms] verify_multi.py:309:<module> <- verify_multi.py:245:main
WARNING:root:GUI 卡顿 247ms state=IDLE anim=待机呼吸休闲 physics=None
WARNING:pet.gui_stall_sampler:GUI 冻结现场（247ms，3 个采样点，旧→新）：
WARNING:pet.gui_stall_sampler:  [t-249ms] verify_multi.py:309:<module> <- verify_multi.py:245:main
WARNING:pet.gui_stall_sampler:  [t-183ms] webm_clip.py:2508:_poll <- webm_clip.py:2759:_process_frame <- window_optional_services.py:62:<lambda> <- verify_multi.py:93:observed_frame <- window.py:1917:_on_frame <- window.py:2106:_rebuild_frame
WARNING:pet.gui_stall_sampler:  [t-23ms] verify_multi.py:309:<module> <- verify_multi.py:245:main <- webm_clip.py:2508:_poll <- webm_clip.py:2759:_process_frame
WARNING:root:GUI 卡顿 248ms state=IDLE anim=待机呼吸休闲 physics=None
WARNING:pet.gui_stall_sampler:GUI 冻结现场（248ms，3 个采样点，旧→新）：
WARNING:pet.gui_stall_sampler:  [t-250ms] verify_multi.py:309:<module> <- verify_multi.py:245:main
WARNING:pet.gui_stall_sampler:  [t-183ms] webm_clip.py:2508:_poll <- webm_clip.py:2759:_process_frame <- window_optional_services.py:62:<lambda> <- verify_multi.py:93:observed_frame <- window.py:1917:_on_frame <- window.py:2106:_rebuild_frame
WARNING:pet.gui_stall_sampler:  [t-23ms] verify_multi.py:309:<module> <- verify_multi.py:245:main <- webm_clip.py:2508:_poll <- webm_clip.py:2759:_process_frame
WARNING:root:GUI 卡顿 248ms state=IDLE anim=待机呼吸休闲 physics=None
WARNING:pet.gui_stall_sampler:GUI 冻结现场（248ms，3 个采样点，旧→新）：
WARNING:pet.gui_stall_sampler:  [t-250ms] verify_multi.py:309:<module> <- verify_multi.py:245:main
WARNING:pet.gui_stall_sampler:  [t-183ms] webm_clip.py:2508:_poll <- webm_clip.py:2759:_process_frame <- window_optional_services.py:62:<lambda> <- verify_multi.py:93:observed_frame <- window.py:1917:_on_frame <- window.py:2106:_rebuild_frame
WARNING:pet.gui_stall_sampler:  [t-23ms] verify_multi.py:309:<module> <- verify_multi.py:245:main <- webm_clip.py:2508:_poll <- webm_clip.py:2759:_process_frame
WARNING:root:GUI 卡顿 255ms state=IDLE anim=待机呼吸休闲 physics=None
WARNING:pet.gui_stall_sampler:GUI 冻结现场（255ms，4 个采样点，旧→新）：
WARNING:pet.gui_stall_sampler:  [t-295ms] verify_multi.py:309:<module> <- verify_multi.py:245:main
WARNING:pet.gui_stall_sampler:  [t-160ms] verify_multi.py:309:<module> <- verify_multi.py:245:main <- webm_clip.py:2508:_poll <- webm_clip.py:2759:_process_frame
WARNING:pet.gui_stall_sampler:  [t-59ms] verify_multi.py:309:<module> <- verify_multi.py:245:main <- webm_clip.py:2508:_poll <- webm_clip.py:2733:_process_frame
WARNING:pet.gui_stall_sampler:  [t-4ms] verify_multi.py:309:<module> <- verify_multi.py:245:main
WARNING:root:GUI 卡顿 256ms state=IDLE anim=待机呼吸休闲 physics=None
WARNING:pet.gui_stall_sampler:GUI 冻结现场（256ms，4 个采样点，旧→新）：
WARNING:pet.gui_stall_sampler:  [t-295ms] verify_multi.py:309:<module> <- verify_multi.py:245:main
WARNING:pet.gui_stall_sampler:  [t-160ms] verify_multi.py:309:<module> <- verify_multi.py:245:main <- webm_clip.py:2508:_poll <- webm_clip.py:2759:_process_frame
WARNING:pet.gui_stall_sampler:  [t-59ms] verify_multi.py:309:<module> <- verify_multi.py:245:main <- webm_clip.py:2508:_poll <- webm_clip.py:2733:_process_frame
WARNING:pet.gui_stall_sampler:  [t-5ms] verify_multi.py:309:<module> <- verify_multi.py:245:main
WARNING:root:GUI 卡顿 256ms state=IDLE anim=待机呼吸休闲 physics=None
WARNING:pet.gui_stall_sampler:GUI 冻结现场（256ms，4 个采样点，旧→新）：
WARNING:pet.gui_stall_sampler:  [t-296ms] verify_multi.py:309:<module> <- verify_multi.py:245:main
WARNING:pet.gui_stall_sampler:  [t-160ms] verify_multi.py:309:<module> <- verify_multi.py:245:main <- webm_clip.py:2508:_poll <- webm_clip.py:2759:_process_frame
WARNING:pet.gui_stall_sampler:  [t-60ms] verify_multi.py:309:<module> <- verify_multi.py:245:main <- webm_clip.py:2508:_poll <- webm_clip.py:2733:_process_frame
WARNING:pet.gui_stall_sampler:  [t-5ms] verify_multi.py:309:<module> <- verify_multi.py:245:main
WARNING:root:GUI 卡顿 107ms state=IDLE anim=待机呼吸休闲 physics=None
WARNING:pet.gui_stall_sampler:GUI 冻结现场（107ms，2 个采样点，旧→新）：
WARNING:pet.gui_stall_sampler:  [t-115ms] verify_multi.py:309:<module> <- verify_multi.py:245:main
WARNING:pet.gui_stall_sampler:  [t-25ms] webm_clip.py:2508:_poll <- webm_clip.py:2759:_process_frame <- window_optional_services.py:62:<lambda> <- verify_multi.py:93:observed_frame <- window.py:1917:_on_frame <- window.py:2119:_rebuild_frame
WARNING:root:GUI 卡顿 108ms state=IDLE anim=待机呼吸休闲 physics=None
WARNING:pet.gui_stall_sampler:GUI 冻结现场（108ms，2 个采样点，旧→新）：
WARNING:pet.gui_stall_sampler:  [t-115ms] verify_multi.py:309:<module> <- verify_multi.py:245:main
WARNING:pet.gui_stall_sampler:  [t-25ms] webm_clip.py:2508:_poll <- webm_clip.py:2759:_process_frame <- window_optional_services.py:62:<lambda> <- verify_multi.py:93:observed_frame <- window.py:1917:_on_frame <- window.py:2119:_rebuild_frame
WARNING:root:GUI 卡顿 108ms state=IDLE anim=待机呼吸休闲 physics=None
WARNING:pet.gui_stall_sampler:GUI 冻结现场（108ms，2 个采样点，旧→新）：
WARNING:pet.gui_stall_sampler:  [t-115ms] verify_multi.py:309:<module> <- verify_multi.py:245:main
WARNING:pet.gui_stall_sampler:  [t-25ms] webm_clip.py:2508:_poll <- webm_clip.py:2759:_process_frame <- window_optional_services.py:62:<lambda> <- verify_multi.py:93:observed_frame <- window.py:1917:_on_frame <- window.py:2119:_rebuild_frame
WARNING:root:GUI 卡顿 112ms state=IDLE anim=待机呼吸休闲 physics=None
WARNING:pet.gui_stall_sampler:GUI 冻结现场（112ms，3 个采样点，旧→新）：
WARNING:pet.gui_stall_sampler:  [t-160ms] webm_clip.py:2508:_poll <- webm_clip.py:2759:_process_frame <- window_optional_services.py:62:<lambda> <- verify_multi.py:93:observed_frame <- window.py:1917:_on_frame <- window.py:2124:_rebuild_frame
WARNING:pet.gui_stall_sampler:  [t-73ms] verify_multi.py:309:<module> <- verify_multi.py:245:main <- webm_clip.py:2508:_poll <- webm_clip.py:2733:_process_frame
WARNING:pet.gui_stall_sampler:  [t-16ms] verify_multi.py:309:<module> <- verify_multi.py:245:main
WARNING:root:GUI 卡顿 113ms state=IDLE anim=待机呼吸休闲 physics=None
WARNING:pet.gui_stall_sampler:GUI 冻结现场（113ms，3 个采样点，旧→新）：
WARNING:pet.gui_stall_sampler:  [t-161ms] webm_clip.py:2508:_poll <- webm_clip.py:2759:_process_frame <- window_optional_services.py:62:<lambda> <- verify_multi.py:93:observed_frame <- window.py:1917:_on_frame <- window.py:2124:_rebuild_frame
WARNING:pet.gui_stall_sampler:  [t-74ms] verify_multi.py:309:<module> <- verify_multi.py:245:main <- webm_clip.py:2508:_poll <- webm_clip.py:2733:_process_frame
WARNING:pet.gui_stall_sampler:  [t-17ms] verify_multi.py:309:<module> <- verify_multi.py:245:main
WARNING:root:GUI 卡顿 113ms state=IDLE anim=待机呼吸休闲 physics=None
WARNING:pet.gui_stall_sampler:GUI 冻结现场（113ms，3 个采样点，旧→新）：
WARNING:pet.gui_stall_sampler:  [t-161ms] webm_clip.py:2508:_poll <- webm_clip.py:2759:_process_frame <- window_optional_services.py:62:<lambda> <- verify_multi.py:93:observed_frame <- window.py:1917:_on_frame <- window.py:2124:_rebuild_frame
WARNING:pet.gui_stall_sampler:  [t-74ms] verify_multi.py:309:<module> <- verify_multi.py:245:main <- webm_clip.py:2508:_poll <- webm_clip.py:2733:_process_frame
WARNING:pet.gui_stall_sampler:  [t-17ms] verify_multi.py:309:<module> <- verify_multi.py:245:main
WARNING:root:GUI 卡顿 104ms state=IDLE anim=待机呼吸休闲 physics=None
WARNING:pet.gui_stall_sampler:GUI 冻结现场（104ms，3 个采样点，旧→新）：
WARNING:pet.gui_stall_sampler:  [t-142ms] webm_clip.py:2508:_poll <- webm_clip.py:2759:_process_frame <- window_optional_services.py:62:<lambda> <- verify_multi.py:93:observed_frame <- window.py:1917:_on_frame <- window.py:2106:_rebuild_frame
WARNING:pet.gui_stall_sampler:  [t-64ms] verify_multi.py:309:<module> <- verify_multi.py:245:main <- webm_clip.py:2508:_poll <- webm_clip.py:2733:_process_frame
WARNING:pet.gui_stall_sampler:  [t-0ms] webm_clip.py:2508:_poll <- webm_clip.py:2759:_process_frame <- window_optional_services.py:62:<lambda> <- verify_multi.py:93:observed_frame <- window.py:1917:_on_frame <- window.py:2119:_rebuild_frame
WARNING:root:GUI 卡顿 107ms state=IDLE anim=待机呼吸休闲 physics=None
WARNING:pet.gui_stall_sampler:GUI 冻结现场（107ms，3 个采样点，旧→新）：
WARNING:pet.gui_stall_sampler:  [t-143ms] webm_clip.py:2508:_poll <- webm_clip.py:2759:_process_frame <- window_optional_services.py:62:<lambda> <- verify_multi.py:93:observed_frame <- window.py:1917:_on_frame <- window.py:2106:_rebuild_frame
WARNING:pet.gui_stall_sampler:  [t-65ms] verify_multi.py:309:<module> <- verify_multi.py:245:main <- webm_clip.py:2508:_poll <- webm_clip.py:2733:_process_frame
WARNING:pet.gui_stall_sampler:  [t-0ms] webm_clip.py:2508:_poll <- webm_clip.py:2759:_process_frame <- window_optional_services.py:62:<lambda> <- verify_multi.py:93:observed_frame <- window.py:1917:_on_frame <- window.py:2119:_rebuild_frame
WARNING:root:GUI 卡顿 107ms state=IDLE anim=待机呼吸休闲 physics=None
WARNING:pet.gui_stall_sampler:GUI 冻结现场（107ms，3 个采样点，旧→新）：
WARNING:pet.gui_stall_sampler:  [t-143ms] webm_clip.py:2508:_poll <- webm_clip.py:2759:_process_frame <- window_optional_services.py:62:<lambda> <- verify_multi.py:93:observed_frame <- window.py:1917:_on_frame <- window.py:2106:_rebuild_frame
WARNING:pet.gui_stall_sampler:  [t-65ms] verify_multi.py:309:<module> <- verify_multi.py:245:main <- webm_clip.py:2508:_poll <- webm_clip.py:2733:_process_frame
WARNING:pet.gui_stall_sampler:  [t-0ms] webm_clip.py:2508:_poll <- webm_clip.py:2759:_process_frame <- window_optional_services.py:62:<lambda> <- verify_multi.py:93:observed_frame <- window.py:1917:_on_frame <- window.py:2119:_rebuild_frame
WARNING:root:GUI 卡顿 104ms state=IDLE anim=待机呼吸休闲 physics=None
WARNING:pet.gui_stall_sampler:GUI 冻结现场（104ms，2 个采样点，旧→新）：
WARNING:pet.gui_stall_sampler:  [t-127ms] verify_multi.py:309:<module> <- verify_multi.py:245:main
WARNING:pet.gui_stall_sampler:  [t-43ms] webm_clip.py:2508:_poll <- webm_clip.py:2759:_process_frame <- window_optional_services.py:62:<lambda> <- verify_multi.py:93:observed_frame <- window.py:1917:_on_frame <- window.py:2106:_rebuild_frame
WARNING:root:GUI 卡顿 105ms state=IDLE anim=待机呼吸休闲 physics=None
WARNING:pet.gui_stall_sampler:GUI 冻结现场（105ms，2 个采样点，旧→新）：
WARNING:pet.gui_stall_sampler:  [t-127ms] verify_multi.py:309:<module> <- verify_multi.py:245:main
WARNING:pet.gui_stall_sampler:  [t-43ms] webm_clip.py:2508:_poll <- webm_clip.py:2759:_process_frame <- window_optional_services.py:62:<lambda> <- verify_multi.py:93:observed_frame <- window.py:1917:_on_frame <- window.py:2106:_rebuild_frame
WARNING:root:GUI 卡顿 105ms state=IDLE anim=待机呼吸休闲 physics=None
WARNING:pet.gui_stall_sampler:GUI 冻结现场（105ms，2 个采样点，旧→新）：
WARNING:pet.gui_stall_sampler:  [t-127ms] verify_multi.py:309:<module> <- verify_multi.py:245:main
WARNING:pet.gui_stall_sampler:  [t-43ms] webm_clip.py:2508:_poll <- webm_clip.py:2759:_process_frame <- window_optional_services.py:62:<lambda> <- verify_multi.py:93:observed_frame <- window.py:1917:_on_frame <- window.py:2106:_rebuild_frame
WARNING:root:GUI 卡顿 115ms state=IDLE anim=待机呼吸休闲 physics=None
WARNING:pet.gui_stall_sampler:GUI 冻结现场（115ms，2 个采样点，旧→新）：
WARNING:pet.gui_stall_sampler:  [t-148ms] verify_multi.py:309:<module> <- verify_multi.py:245:main
WARNING:pet.gui_stall_sampler:  [t-49ms] verify_multi.py:309:<module> <- verify_multi.py:245:main <- webm_clip.py:2508:_poll <- webm_clip.py:2733:_process_frame
WARNING:root:GUI 卡顿 116ms state=IDLE anim=待机呼吸休闲 physics=None
WARNING:pet.gui_stall_sampler:GUI 冻结现场（116ms，2 个采样点，旧→新）：
WARNING:pet.gui_stall_sampler:  [t-149ms] verify_multi.py:309:<module> <- verify_multi.py:245:main
WARNING:pet.gui_stall_sampler:  [t-50ms] verify_multi.py:309:<module> <- verify_multi.py:245:main <- webm_clip.py:2508:_poll <- webm_clip.py:2733:_process_frame
WARNING:root:GUI 卡顿 116ms state=IDLE anim=待机呼吸休闲 physics=None
WARNING:pet.gui_stall_sampler:GUI 冻结现场（116ms，2 个采样点，旧→新）：
WARNING:pet.gui_stall_sampler:  [t-149ms] verify_multi.py:309:<module> <- verify_multi.py:245:main
WARNING:pet.gui_stall_sampler:  [t-50ms] verify_multi.py:309:<module> <- verify_multi.py:245:main <- webm_clip.py:2508:_poll <- webm_clip.py:2733:_process_frame
WARNING:root:GUI 卡顿 111ms state=IDLE anim=待机呼吸休闲 physics=None
WARNING:pet.gui_stall_sampler:GUI 冻结现场（111ms，2 个采样点，旧→新）：
WARNING:pet.gui_stall_sampler:  [t-116ms] verify_multi.py:309:<module> <- verify_multi.py:245:main
WARNING:pet.gui_stall_sampler:  [t-21ms] webm_clip.py:2508:_poll <- webm_clip.py:2759:_process_frame <- window_optional_services.py:62:<lambda> <- verify_multi.py:93:observed_frame <- window.py:1917:_on_frame <- window.py:2106:_rebuild_frame
WARNING:root:GUI 卡顿 113ms state=IDLE anim=待机呼吸休闲 physics=None
WARNING:pet.gui_stall_sampler:GUI 冻结现场（113ms，2 个采样点，旧→新）：
WARNING:pet.gui_stall_sampler:  [t-117ms] verify_multi.py:309:<module> <- verify_multi.py:245:main
WARNING:pet.gui_stall_sampler:  [t-22ms] webm_clip.py:2508:_poll <- webm_clip.py:2759:_process_frame <- window_optional_services.py:62:<lambda> <- verify_multi.py:93:observed_frame <- window.py:1917:_on_frame <- window.py:2106:_rebuild_frame
WARNING:root:GUI 卡顿 113ms state=IDLE anim=待机呼吸休闲 physics=None
WARNING:pet.gui_stall_sampler:GUI 冻结现场（113ms，2 个采样点，旧→新）：
WARNING:pet.gui_stall_sampler:  [t-117ms] verify_multi.py:309:<module> <- verify_multi.py:245:main
WARNING:pet.gui_stall_sampler:  [t-22ms] webm_clip.py:2508:_poll <- webm_clip.py:2759:_process_frame <- window_optional_services.py:62:<lambda> <- verify_multi.py:93:observed_frame <- window.py:1917:_on_frame <- window.py:2106:_rebuild_frame
WARNING:root:GUI 卡顿 134ms state=IDLE anim=待机呼吸休闲 physics=None
WARNING:pet.gui_stall_sampler:GUI 冻结现场（134ms，2 个采样点，旧→新）：
WARNING:pet.gui_stall_sampler:  [t-133ms] verify_multi.py:309:<module> <- verify_multi.py:245:main
WARNING:pet.gui_stall_sampler:  [t-53ms] webm_clip.py:2508:_poll <- webm_clip.py:2759:_process_frame <- window_optional_services.py:62:<lambda> <- verify_multi.py:93:observed_frame <- window.py:1917:_on_frame <- window.py:2119:_rebuild_frame
WARNING:root:GUI 卡顿 136ms state=IDLE anim=待机呼吸休闲 physics=None
WARNING:pet.gui_stall_sampler:GUI 冻结现场（136ms，2 个采样点，旧→新）：
WARNING:pet.gui_stall_sampler:  [t-133ms] verify_multi.py:309:<module> <- verify_multi.py:245:main
WARNING:pet.gui_stall_sampler:  [t-53ms] webm_clip.py:2508:_poll <- webm_clip.py:2759:_process_frame <- window_optional_services.py:62:<lambda> <- verify_multi.py:93:observed_frame <- window.py:1917:_on_frame <- window.py:2119:_rebuild_frame
WARNING:root:GUI 卡顿 136ms state=IDLE anim=待机呼吸休闲 physics=None
WARNING:pet.gui_stall_sampler:GUI 冻结现场（136ms，2 个采样点，旧→新）：
WARNING:pet.gui_stall_sampler:  [t-133ms] verify_multi.py:309:<module> <- verify_multi.py:245:main
WARNING:pet.gui_stall_sampler:  [t-53ms] webm_clip.py:2508:_poll <- webm_clip.py:2759:_process_frame <- window_optional_services.py:62:<lambda> <- verify_multi.py:93:observed_frame <- window.py:1917:_on_frame <- window.py:2119:_rebuild_frame
WARNING:root:GUI 卡顿 104ms state=IDLE anim=待机呼吸休闲 physics=None
WARNING:pet.gui_stall_sampler:GUI 冻结现场（104ms，2 个采样点，旧→新）：
WARNING:pet.gui_stall_sampler:  [t-121ms] verify_multi.py:309:<module> <- verify_multi.py:245:main
WARNING:pet.gui_stall_sampler:  [t-44ms] verify_multi.py:309:<module> <- verify_multi.py:245:main <- webm_clip.py:2508:_poll <- webm_clip.py:2733:_process_frame
WARNING:root:GUI 卡顿 105ms state=IDLE anim=待机呼吸休闲 physics=None
WARNING:pet.gui_stall_sampler:GUI 冻结现场（105ms，2 个采样点，旧→新）：
WARNING:pet.gui_stall_sampler:  [t-121ms] verify_multi.py:309:<module> <- verify_multi.py:245:main
WARNING:pet.gui_stall_sampler:  [t-44ms] verify_multi.py:309:<module> <- verify_multi.py:245:main <- webm_clip.py:2508:_poll <- webm_clip.py:2733:_process_frame
WARNING:root:GUI 卡顿 105ms state=IDLE anim=待机呼吸休闲 physics=None
WARNING:pet.gui_stall_sampler:GUI 冻结现场（105ms，2 个采样点，旧→新）：
WARNING:pet.gui_stall_sampler:  [t-122ms] verify_multi.py:309:<module> <- verify_multi.py:245:main
WARNING:pet.gui_stall_sampler:  [t-44ms] verify_multi.py:309:<module> <- verify_multi.py:245:main <- webm_clip.py:2508:_poll <- webm_clip.py:2733:_process_frame
WARNING:root:GUI 卡顿 151ms state=IDLE anim=待机呼吸休闲 physics=None
WARNING:pet.gui_stall_sampler:GUI 冻结现场（151ms，2 个采样点，旧→新）：
WARNING:pet.gui_stall_sampler:  [t-177ms] verify_multi.py:309:<module> <- verify_multi.py:245:main
WARNING:pet.gui_stall_sampler:  [t-4ms] webm_clip.py:2759:_process_frame <- window_optional_services.py:62:<lambda> <- verify_multi.py:93:observed_frame <- window.py:1917:_on_frame <- window.py:2068:_rebuild_frame <- window.py:1990:_frame_signature
WARNING:root:GUI 卡顿 151ms state=IDLE anim=待机呼吸休闲 physics=None
WARNING:pet.gui_stall_sampler:GUI 冻结现场（151ms，2 个采样点，旧→新）：
WARNING:pet.gui_stall_sampler:  [t-177ms] verify_multi.py:309:<module> <- verify_multi.py:245:main
WARNING:pet.gui_stall_sampler:  [t-4ms] webm_clip.py:2759:_process_frame <- window_optional_services.py:62:<lambda> <- verify_multi.py:93:observed_frame <- window.py:1917:_on_frame <- window.py:2068:_rebuild_frame <- window.py:1990:_frame_signature
WARNING:root:GUI 卡顿 151ms state=IDLE anim=待机呼吸休闲 physics=None
WARNING:pet.gui_stall_sampler:GUI 冻结现场（151ms，2 个采样点，旧→新）：
WARNING:pet.gui_stall_sampler:  [t-178ms] verify_multi.py:309:<module> <- verify_multi.py:245:main
WARNING:pet.gui_stall_sampler:  [t-4ms] webm_clip.py:2759:_process_frame <- window_optional_services.py:62:<lambda> <- verify_multi.py:93:observed_frame <- window.py:1917:_on_frame <- window.py:2068:_rebuild_frame <- window.py:1990:_frame_signature
WARNING:root:GUI 卡顿 135ms state=IDLE anim=待机呼吸休闲 physics=None
WARNING:pet.gui_stall_sampler:GUI 冻结现场（135ms，3 个采样点，旧→新）：
WARNING:pet.gui_stall_sampler:  [t-180ms] webm_clip.py:2508:_poll <- webm_clip.py:2759:_process_frame <- window_optional_services.py:62:<lambda> <- verify_multi.py:93:observed_frame <- window.py:1917:_on_frame <- window.py:2114:_rebuild_frame
WARNING:pet.gui_stall_sampler:  [t-88ms] verify_multi.py:309:<module> <- verify_multi.py:245:main <- webm_clip.py:2508:_poll <- webm_clip.py:2732:_process_frame
WARNING:pet.gui_stall_sampler:  [t-6ms] webm_clip.py:2508:_poll <- webm_clip.py:2759:_process_frame <- window_optional_services.py:62:<lambda> <- verify_multi.py:93:observed_frame <- window.py:1919:_on_frame <- window.py:2126:_rebuild_frame
WARNING:root:GUI 卡顿 136ms state=IDLE anim=待机呼吸休闲 physics=None
WARNING:pet.gui_stall_sampler:GUI 冻结现场（136ms，3 个采样点，旧→新）：
WARNING:pet.gui_stall_sampler:  [t-180ms] webm_clip.py:2508:_poll <- webm_clip.py:2759:_process_frame <- window_optional_services.py:62:<lambda> <- verify_multi.py:93:observed_frame <- window.py:1917:_on_frame <- window.py:2114:_rebuild_frame
WARNING:pet.gui_stall_sampler:  [t-88ms] verify_multi.py:309:<module> <- verify_multi.py:245:main <- webm_clip.py:2508:_poll <- webm_clip.py:2732:_process_frame
WARNING:pet.gui_stall_sampler:  [t-6ms] webm_clip.py:2508:_poll <- webm_clip.py:2759:_process_frame <- window_optional_services.py:62:<lambda> <- verify_multi.py:93:observed_frame <- window.py:1919:_on_frame <- window.py:2126:_rebuild_frame
WARNING:root:GUI 卡顿 136ms state=IDLE anim=待机呼吸休闲 physics=None
WARNING:pet.gui_stall_sampler:GUI 冻结现场（136ms，3 个采样点，旧→新）：
WARNING:pet.gui_stall_sampler:  [t-181ms] webm_clip.py:2508:_poll <- webm_clip.py:2759:_process_frame <- window_optional_services.py:62:<lambda> <- verify_multi.py:93:observed_frame <- window.py:1917:_on_frame <- window.py:2114:_rebuild_frame
WARNING:pet.gui_stall_sampler:  [t-88ms] verify_multi.py:309:<module> <- verify_multi.py:245:main <- webm_clip.py:2508:_poll <- webm_clip.py:2732:_process_frame
WARNING:pet.gui_stall_sampler:  [t-6ms] webm_clip.py:2508:_poll <- webm_clip.py:2759:_process_frame <- window_optional_services.py:62:<lambda> <- verify_multi.py:93:observed_frame <- window.py:1919:_on_frame <- window.py:2126:_rebuild_frame
WARNING:root:GUI 卡顿 130ms state=IDLE anim=待机呼吸休闲 physics=None
WARNING:pet.gui_stall_sampler:GUI 冻结现场（130ms，2 个采样点，旧→新）：
WARNING:pet.gui_stall_sampler:  [t-151ms] verify_multi.py:309:<module> <- verify_multi.py:245:main
WARNING:pet.gui_stall_sampler:  [t-50ms] verify_multi.py:309:<module> <- verify_multi.py:245:main <- webm_clip.py:2508:_poll <- webm_clip.py:2733:_process_frame
WARNING:root:GUI 卡顿 131ms state=IDLE anim=待机呼吸休闲 physics=None
WARNING:pet.gui_stall_sampler:GUI 冻结现场（131ms，2 个采样点，旧→新）：
WARNING:pet.gui_stall_sampler:  [t-151ms] verify_multi.py:309:<module> <- verify_multi.py:245:main
WARNING:pet.gui_stall_sampler:  [t-50ms] verify_multi.py:309:<module> <- verify_multi.py:245:main <- webm_clip.py:2508:_poll <- webm_clip.py:2733:_process_frame
WARNING:root:GUI 卡顿 131ms state=IDLE anim=待机呼吸休闲 physics=None
WARNING:pet.gui_stall_sampler:GUI 冻结现场（131ms，2 个采样点，旧→新）：
WARNING:pet.gui_stall_sampler:  [t-151ms] verify_multi.py:309:<module> <- verify_multi.py:245:main
WARNING:pet.gui_stall_sampler:  [t-50ms] verify_multi.py:309:<module> <- verify_multi.py:245:main <- webm_clip.py:2508:_poll <- webm_clip.py:2733:_process_frame
WARNING:root:GUI 卡顿 111ms state=IDLE anim=待机呼吸休闲 physics=None
WARNING:pet.gui_stall_sampler:GUI 冻结现场（111ms，2 个采样点，旧→新）：
WARNING:pet.gui_stall_sampler:  [t-114ms] verify_multi.py:309:<module> <- verify_multi.py:245:main
WARNING:pet.gui_stall_sampler:  [t-37ms] verify_multi.py:309:<module> <- verify_multi.py:245:main <- webm_clip.py:2508:_poll <- webm_clip.py:2733:_process_frame
WARNING:root:GUI 卡顿 112ms state=IDLE anim=待机呼吸休闲 physics=None
WARNING:pet.gui_stall_sampler:GUI 冻结现场（112ms，2 个采样点，旧→新）：
WARNING:pet.gui_stall_sampler:  [t-114ms] verify_multi.py:309:<module> <- verify_multi.py:245:main
WARNING:pet.gui_stall_sampler:  [t-37ms] verify_multi.py:309:<module> <- verify_multi.py:245:main <- webm_clip.py:2508:_poll <- webm_clip.py:2733:_process_frame
WARNING:root:GUI 卡顿 112ms state=IDLE anim=待机呼吸休闲 physics=None
WARNING:pet.gui_stall_sampler:GUI 冻结现场（112ms，2 个采样点，旧→新）：
WARNING:pet.gui_stall_sampler:  [t-114ms] verify_multi.py:309:<module> <- verify_multi.py:245:main
WARNING:pet.gui_stall_sampler:  [t-37ms] verify_multi.py:309:<module> <- verify_multi.py:245:main <- webm_clip.py:2508:_poll <- webm_clip.py:2733:_process_frame
WARNING:root:GUI 卡顿 161ms state=IDLE anim=待机呼吸休闲 physics=None
WARNING:pet.gui_stall_sampler:GUI 冻结现场（161ms，3 个采样点，旧→新）：
WARNING:pet.gui_stall_sampler:  [t-186ms] verify_multi.py:309:<module> <- verify_multi.py:245:main
WARNING:pet.gui_stall_sampler:  [t-74ms] webm_clip.py:2508:_poll <- webm_clip.py:2759:_process_frame <- window_optional_services.py:62:<lambda> <- verify_multi.py:93:observed_frame <- window.py:1917:_on_frame <- window.py:2119:_rebuild_frame
WARNING:pet.gui_stall_sampler:  [t-14ms] webm_clip.py:2508:_poll <- webm_clip.py:2759:_process_frame <- window_optional_services.py:62:<lambda> <- verify_multi.py:93:observed_frame <- window.py:1917:_on_frame <- window.py:2106:_rebuild_frame
WARNING:root:GUI 卡顿 162ms state=IDLE anim=待机呼吸休闲 physics=None
WARNING:pet.gui_stall_sampler:GUI 冻结现场（162ms，3 个采样点，旧→新）：
WARNING:pet.gui_stall_sampler:  [t-186ms] verify_multi.py:309:<module> <- verify_multi.py:245:main
WARNING:pet.gui_stall_sampler:  [t-74ms] webm_clip.py:2508:_poll <- webm_clip.py:2759:_process_frame <- window_optional_services.py:62:<lambda> <- verify_multi.py:93:observed_frame <- window.py:1917:_on_frame <- window.py:2119:_rebuild_frame
WARNING:pet.gui_stall_sampler:  [t-14ms] webm_clip.py:2508:_poll <- webm_clip.py:2759:_process_frame <- window_optional_services.py:62:<lambda> <- verify_multi.py:93:observed_frame <- window.py:1917:_on_frame <- window.py:2106:_rebuild_frame
WARNING:root:GUI 卡顿 162ms state=IDLE anim=待机呼吸休闲 physics=None
WARNING:pet.gui_stall_sampler:GUI 冻结现场（162ms，3 个采样点，旧→新）：
WARNING:pet.gui_stall_sampler:  [t-186ms] verify_multi.py:309:<module> <- verify_multi.py:245:main
WARNING:pet.gui_stall_sampler:  [t-74ms] webm_clip.py:2508:_poll <- webm_clip.py:2759:_process_frame <- window_optional_services.py:62:<lambda> <- verify_multi.py:93:observed_frame <- window.py:1917:_on_frame <- window.py:2119:_rebuild_frame
WARNING:pet.gui_stall_sampler:  [t-14ms] webm_clip.py:2508:_poll <- webm_clip.py:2759:_process_frame <- window_optional_services.py:62:<lambda> <- verify_multi.py:93:observed_frame <- window.py:1917:_on_frame <- window.py:2106:_rebuild_frame
WARNING:root:GUI 卡顿 110ms state=IDLE anim=待机呼吸休闲 physics=None
WARNING:pet.gui_stall_sampler:GUI 冻结现场（110ms，2 个采样点，旧→新）：
WARNING:pet.gui_stall_sampler:  [t-113ms] verify_multi.py:309:<module> <- verify_multi.py:245:main
WARNING:pet.gui_stall_sampler:  [t-37ms] verify_multi.py:309:<module> <- verify_multi.py:245:main <- webm_clip.py:2508:_poll <- webm_clip.py:2733:_process_frame
WARNING:root:GUI 卡顿 111ms state=IDLE anim=待机呼吸休闲 physics=None
WARNING:pet.gui_stall_sampler:GUI 冻结现场（111ms，2 个采样点，旧→新）：
WARNING:pet.gui_stall_sampler:  [t-114ms] verify_multi.py:309:<module> <- verify_multi.py:245:main
WARNING:pet.gui_stall_sampler:  [t-37ms] verify_multi.py:309:<module> <- verify_multi.py:245:main <- webm_clip.py:2508:_poll <- webm_clip.py:2733:_process_frame
WARNING:root:GUI 卡顿 111ms state=IDLE anim=待机呼吸休闲 physics=None
WARNING:pet.gui_stall_sampler:GUI 冻结现场（111ms，2 个采样点，旧→新）：
WARNING:pet.gui_stall_sampler:  [t-114ms] verify_multi.py:309:<module> <- verify_multi.py:245:main
WARNING:pet.gui_stall_sampler:  [t-38ms] verify_multi.py:309:<module> <- verify_multi.py:245:main <- webm_clip.py:2508:_poll <- webm_clip.py:2733:_process_frame
WARNING:root:GUI 卡顿 137ms state=IDLE anim=待机呼吸休闲 physics=None
WARNING:pet.gui_stall_sampler:GUI 冻结现场（137ms，3 个采样点，旧→新）：
WARNING:pet.gui_stall_sampler:  [t-168ms] webm_clip.py:2508:_poll <- webm_clip.py:2759:_process_frame <- window_optional_services.py:62:<lambda> <- verify_multi.py:93:observed_frame <- window.py:1917:_on_frame <- window.py:2106:_rebuild_frame
WARNING:pet.gui_stall_sampler:  [t-104ms] verify_multi.py:309:<module> <- verify_multi.py:245:main <- webm_clip.py:2508:_poll <- webm_clip.py:2733:_process_frame
WARNING:pet.gui_stall_sampler:  [t-7ms] verify_multi.py:309:<module> <- verify_multi.py:245:main <- webm_clip.py:2508:_poll <- webm_clip.py:2759:_process_frame
WARNING:root:GUI 卡顿 140ms state=IDLE anim=待机呼吸休闲 physics=None
WARNING:pet.gui_stall_sampler:GUI 冻结现场（140ms，3 个采样点，旧→新）：
WARNING:pet.gui_stall_sampler:  [t-168ms] webm_clip.py:2508:_poll <- webm_clip.py:2759:_process_frame <- window_optional_services.py:62:<lambda> <- verify_multi.py:93:observed_frame <- window.py:1917:_on_frame <- window.py:2106:_rebuild_frame
WARNING:pet.gui_stall_sampler:  [t-104ms] verify_multi.py:309:<module> <- verify_multi.py:245:main <- webm_clip.py:2508:_poll <- webm_clip.py:2733:_process_frame
WARNING:pet.gui_stall_sampler:  [t-8ms] verify_multi.py:309:<module> <- verify_multi.py:245:main <- webm_clip.py:2508:_poll <- webm_clip.py:2759:_process_frame
WARNING:root:GUI 卡顿 140ms state=IDLE anim=待机呼吸休闲 physics=None
WARNING:pet.gui_stall_sampler:GUI 冻结现场（140ms，3 个采样点，旧→新）：
WARNING:pet.gui_stall_sampler:  [t-168ms] webm_clip.py:2508:_poll <- webm_clip.py:2759:_process_frame <- window_optional_services.py:62:<lambda> <- verify_multi.py:93:observed_frame <- window.py:1917:_on_frame <- window.py:2106:_rebuild_frame
WARNING:pet.gui_stall_sampler:  [t-104ms] verify_multi.py:309:<module> <- verify_multi.py:245:main <- webm_clip.py:2508:_poll <- webm_clip.py:2733:_process_frame
WARNING:pet.gui_stall_sampler:  [t-8ms] verify_multi.py:309:<module> <- verify_multi.py:245:main <- webm_clip.py:2508:_poll <- webm_clip.py:2759:_process_frame
{'max_first_frame_decoders': 2, 'steady_mib': 1201.120346069336, 'peak_mib': 1259.4718627929688, 'growth_mib': 432.37591552734375, 'playback': {0: {'fps': 8.068522139622761, 'forward_gaps': 0, 'frames': 282, 'ten_second_bins': [{'start': 0, 'fps': 10.031478086409075, 'frames': 88}, {'start': 10, 'fps': 10.3265392057588, 'frames': 104}, {'start': 20, 'fps': 8.198629513041894, 'frames': 82}, {'start': 30, 'fps': 6.476487315192421, 'frames': 65}, {'start': 40, 'fps': 8.178370255267382, 'frames': 81}]}, 1: {'fps': 8.066258552394672, 'forward_gaps': 0, 'frames': 281, 'ten_second_bins': [{'start': 0, 'fps': 10.06851217479863, 'frames': 88}, {'start': 10, 'fps': 10.32457248250837, 'frames': 104}, {'start': 20, 'fps': 8.195394390707838, 'frames': 82}, {'start': 30, 'fps': 6.497264042719508, 'frames': 65}, {'start': 40, 'fps': 8.215323632405347, 'frames': 81}]}, 2: {'fps': 7.969315269552055, 'forward_gaps': 0, 'frames': 279, 'ten_second_bins': [{'start': 0, 'fps': 10.043561026311794, 'frames': 87}, {'start': 10, 'fps': 10.278010096633448, 'frames': 103}, {'start': 20, 'fps': 7.974240176038922, 'frames': 80}, {'start': 30, 'fps': 6.39211030956077, 'frames': 64}, {'start': 40, 'fps': 8.258396035969904, 'frames': 82}]}}, 'queue_drops': 0, 'duplicate_first_images': [], 'lifecycle': {}, 'shared_process_enabled': True, 'source_widths': [2560, 2560, 2560], 'actions': {0: '待机呼吸休闲', 1: '待机呼吸休闲', 2: '待机呼吸休闲'}, 'initial_decode_routes': {0: {'idle_eligible': True, 'broker_active': True, 'feed': False, 'publish': True, 'path': '/Users/ray/Library/Caches/seeky8-candidate/assets/characters_hq/shenshen/videos/idle/待机呼吸休闲.webm'}, 1: {'idle_eligible': True, 'broker_active': True, 'feed': True, 'publish': False, 'path': '/Users/ray/Library/Caches/seeky8-candidate/assets/characters_hq/shenshen/videos/idle/待机呼吸休闲.webm'}, 2: {'idle_eligible': True, 'broker_active': True, 'feed': True, 'publish': False, 'path': '/Users/ray/Library/Caches/seeky8-candidate/assets/characters_hq/shenshen/videos/idle/待机呼吸休闲.webm'}}, 'live_ffmpeg_after_cleanup': []} ['Pet 0: fps=8.07, skipped source frames=0', 'Pet 1: fps=8.07, skipped source frames=0', 'Pet 2: fps=7.97, skipped source frames=0']
