QSystemTrayIcon::setVisible: No Icon set
WARNING:root:GUI 卡顿 2146ms state=IDLE anim=待机呼吸休闲 physics=None
WARNING:pet.gui_stall_sampler:GUI 冻结现场（2146ms，10 个采样点，旧→新）：
WARNING:pet.gui_stall_sampler:  [t-1966ms] verify_multi.py:58:main <- app.py:1703:start <- app.py:1812:_create_ui_with_character_fallback <- app.py:572:_create_ui <- app.py:537:_build_window <- enum.py:695:__call__
WARNING:pet.gui_stall_sampler:  [t-1673ms] verify_multi.py:58:main <- app.py:1703:start <- app.py:1812:_create_ui_with_character_fallback <- app.py:572:_create_ui <- app.py:537:_build_window <- file_eater.py:150:eventFilter
WARNING:pet.gui_stall_sampler:  [t-1600ms] app.py:2768:spawn_in_process_window <- app.py:537:_build_window <- window.py:1132:showEvent <- window.py:1095:_schedule_macos_window_level <- window.py:1090:apply_current_native_window <- platform_mac.py:78:_mac_set_window_level
WARNING:pet.gui_stall_sampler:  [t-1533ms] verify_multi.py:309:<module> <- verify_multi.py:114:main <- app.py:2627:spawn_pet <- app.py:2768:spawn_in_process_window <- app.py:537:_build_window <- file_eater.py:150:eventFilter
WARNING:pet.gui_stall_sampler:  [t-489ms] app.py:514:_build_window <- window.py:470:__init__ <- speech_bubble_text.py:137:list_self_talk_images <- speech_bubble_text.py:139:<genexpr> <- _abc.py:482:is_file <- _local.py:515:stat
WARNING:pet.gui_stall_sampler:  [t-431ms] verify_multi.py:309:<module> <- verify_multi.py:245:main
WARNING:root:GUI 卡顿 1662ms state=IDLE anim=东张西望 physics=None
WARNING:pet.gui_stall_sampler:GUI 冻结现场（1662ms，9 个采样点，旧→新）：
WARNING:pet.gui_stall_sampler:  [t-1711ms] verify_multi.py:58:main <- app.py:1703:start <- app.py:1812:_create_ui_with_character_fallback <- app.py:572:_create_ui <- app.py:537:_build_window <- file_eater.py:150:eventFilter
WARNING:pet.gui_stall_sampler:  [t-1639ms] app.py:2768:spawn_in_process_window <- app.py:537:_build_window <- window.py:1132:showEvent <- window.py:1095:_schedule_macos_window_level <- window.py:1090:apply_current_native_window <- platform_mac.py:78:_mac_set_window_level
WARNING:pet.gui_stall_sampler:  [t-1572ms] verify_multi.py:309:<module> <- verify_multi.py:114:main <- app.py:2627:spawn_pet <- app.py:2768:spawn_in_process_window <- app.py:537:_build_window <- file_eater.py:150:eventFilter
WARNING:pet.gui_stall_sampler:  [t-528ms] app.py:514:_build_window <- window.py:470:__init__ <- speech_bubble_text.py:137:list_self_talk_images <- speech_bubble_text.py:139:<genexpr> <- _abc.py:482:is_file <- _local.py:515:stat
WARNING:pet.gui_stall_sampler:  [t-470ms] verify_multi.py:309:<module> <- verify_multi.py:245:main
WARNING:root:GUI 卡顿 1516ms state=IDLE anim=余额-分文不剩 physics=None
WARNING:pet.gui_stall_sampler:GUI 冻结现场（1516ms，6 个采样点，旧→新）：
WARNING:pet.gui_stall_sampler:  [t-529ms] app.py:514:_build_window <- window.py:470:__init__ <- speech_bubble_text.py:137:list_self_talk_images <- speech_bubble_text.py:139:<genexpr> <- _abc.py:482:is_file <- _local.py:515:stat
WARNING:pet.gui_stall_sampler:  [t-470ms] verify_multi.py:309:<module> <- verify_multi.py:245:main
WARNING:root:GUI 卡顿 171ms state=IDLE anim=待机呼吸休闲 physics=None
WARNING:pet.gui_stall_sampler:GUI 冻结现场（171ms，1 个采样点，旧→新）：
WARNING:pet.gui_stall_sampler:  [t-31ms] verify_multi.py:309:<module> <- verify_multi.py:245:main <- library.py:746:_warm_low_priority_background <- threading.py:979:start <- threading.py:659:wait <- threading.py:359:wait
WARNING:root:GUI 卡顿 131ms state=IDLE anim=东张西望 physics=None
WARNING:pet.gui_stall_sampler:GUI 冻结现场（131ms，1 个采样点，旧→新）：
WARNING:pet.gui_stall_sampler:  [t-32ms] verify_multi.py:309:<module> <- verify_multi.py:245:main <- library.py:746:_warm_low_priority_background <- threading.py:979:start <- threading.py:659:wait <- threading.py:359:wait
WARNING:root:GUI 卡顿 130ms state=IDLE anim=余额-分文不剩 physics=None
WARNING:pet.gui_stall_sampler:GUI 冻结现场（130ms，1 个采样点，旧→新）：
WARNING:pet.gui_stall_sampler:  [t-32ms] verify_multi.py:309:<module> <- verify_multi.py:245:main <- library.py:746:_warm_low_priority_background <- threading.py:979:start <- threading.py:659:wait <- threading.py:359:wait
WARNING:root:GUI 卡顿 161ms state=IDLE anim=待机呼吸休闲 physics=None
WARNING:pet.gui_stall_sampler:GUI 冻结现场（161ms，4 个采样点，旧→新）：
WARNING:pet.gui_stall_sampler:  [t-198ms] verify_multi.py:309:<module> <- verify_multi.py:245:main <- library.py:746:_warm_low_priority_background <- threading.py:979:start <- threading.py:659:wait <- threading.py:359:wait
WARNING:pet.gui_stall_sampler:  [t-130ms] verify_multi.py:309:<module> <- verify_multi.py:245:main <- webm_clip.py:2499:_poll <- webm_clip.py:2723:_process_frame
WARNING:pet.gui_stall_sampler:  [t-60ms] verify_multi.py:309:<module> <- verify_multi.py:245:main
WARNING:pet.gui_stall_sampler:  [t-0ms] __init__.py:1531:warning <- __init__.py:1664:_log <- __init__.py:1680:handle <- __init__.py:1736:callHandlers <- __init__.py:1026:handle <- __init__.py:1153:emit
WARNING:root:GUI 卡顿 167ms state=IDLE anim=东张西望 physics=None
WARNING:pet.gui_stall_sampler:GUI 冻结现场（167ms，4 个采样点，旧→新）：
WARNING:pet.gui_stall_sampler:  [t-199ms] verify_multi.py:309:<module> <- verify_multi.py:245:main <- library.py:746:_warm_low_priority_background <- threading.py:979:start <- threading.py:659:wait <- threading.py:359:wait
WARNING:pet.gui_stall_sampler:  [t-131ms] verify_multi.py:309:<module> <- verify_multi.py:245:main <- webm_clip.py:2499:_poll <- webm_clip.py:2723:_process_frame
WARNING:pet.gui_stall_sampler:  [t-60ms] verify_multi.py:309:<module> <- verify_multi.py:245:main
WARNING:pet.gui_stall_sampler:  [t-1ms] __init__.py:1531:warning <- __init__.py:1664:_log <- __init__.py:1680:handle <- __init__.py:1736:callHandlers <- __init__.py:1026:handle <- __init__.py:1153:emit
WARNING:root:GUI 卡顿 168ms state=IDLE anim=余额-分文不剩 physics=None
WARNING:pet.gui_stall_sampler:GUI 冻结现场（168ms，4 个采样点，旧→新）：
WARNING:pet.gui_stall_sampler:  [t-199ms] verify_multi.py:309:<module> <- verify_multi.py:245:main <- library.py:746:_warm_low_priority_background <- threading.py:979:start <- threading.py:659:wait <- threading.py:359:wait
WARNING:pet.gui_stall_sampler:  [t-131ms] verify_multi.py:309:<module> <- verify_multi.py:245:main <- webm_clip.py:2499:_poll <- webm_clip.py:2723:_process_frame
WARNING:pet.gui_stall_sampler:  [t-61ms] verify_multi.py:309:<module> <- verify_multi.py:245:main
WARNING:pet.gui_stall_sampler:  [t-1ms] __init__.py:1531:warning <- __init__.py:1664:_log <- __init__.py:1680:handle <- __init__.py:1736:callHandlers <- __init__.py:1026:handle <- __init__.py:1153:emit
WARNING:root:GUI 卡顿 181ms state=IDLE anim=待机呼吸休闲 physics=None
WARNING:pet.gui_stall_sampler:GUI 冻结现场（181ms，2 个采样点，旧→新）：
WARNING:pet.gui_stall_sampler:  [t-180ms] verify_multi.py:309:<module> <- verify_multi.py:245:main
WARNING:root:GUI 卡顿 182ms state=IDLE anim=东张西望 physics=None
WARNING:pet.gui_stall_sampler:GUI 冻结现场（182ms，3 个采样点，旧→新）：
WARNING:pet.gui_stall_sampler:  [t-232ms] window_optional_services.py:62:<lambda> <- verify_multi.py:93:observed_frame <- window.py:1917:_on_frame <- window.py:2068:_rebuild_frame <- window.py:1993:_frame_signature <- window.py:2034:_frame_content_fingerprint
WARNING:pet.gui_stall_sampler:  [t-180ms] verify_multi.py:309:<module> <- verify_multi.py:245:main
WARNING:root:GUI 卡顿 183ms state=IDLE anim=余额-分文不剩 physics=None
WARNING:pet.gui_stall_sampler:GUI 冻结现场（183ms，3 个采样点，旧→新）：
WARNING:pet.gui_stall_sampler:  [t-232ms] window_optional_services.py:62:<lambda> <- verify_multi.py:93:observed_frame <- window.py:1917:_on_frame <- window.py:2068:_rebuild_frame <- window.py:1993:_frame_signature <- window.py:2034:_frame_content_fingerprint
WARNING:pet.gui_stall_sampler:  [t-180ms] verify_multi.py:309:<module> <- verify_multi.py:245:main
WARNING:root:GUI 卡顿 231ms state=IDLE anim=待机呼吸休闲 physics=None
WARNING:pet.gui_stall_sampler:GUI 冻结现场（231ms，3 个采样点，旧→新）：
WARNING:pet.gui_stall_sampler:  [t-211ms] verify_multi.py:309:<module> <- verify_multi.py:245:main
WARNING:root:GUI 卡顿 230ms state=IDLE anim=东张西望 physics=None
WARNING:pet.gui_stall_sampler:GUI 冻结现场（230ms，3 个采样点，旧→新）：
WARNING:pet.gui_stall_sampler:  [t-211ms] verify_multi.py:309:<module> <- verify_multi.py:245:main
WARNING:root:GUI 卡顿 230ms state=IDLE anim=余额-分文不剩 physics=None
WARNING:pet.gui_stall_sampler:GUI 冻结现场（230ms，3 个采样点，旧→新）：
WARNING:pet.gui_stall_sampler:  [t-211ms] verify_multi.py:309:<module> <- verify_multi.py:245:main
WARNING:root:GUI 卡顿 167ms state=IDLE anim=待机呼吸休闲 physics=None
WARNING:pet.gui_stall_sampler:GUI 冻结现场（167ms，1 个采样点，旧→新）：
WARNING:pet.gui_stall_sampler:  [t-199ms] verify_multi.py:309:<module> <- verify_multi.py:245:main
WARNING:root:GUI 卡顿 171ms state=IDLE anim=东张西望 physics=None
WARNING:pet.gui_stall_sampler:GUI 冻结现场（171ms，1 个采样点，旧→新）：
WARNING:pet.gui_stall_sampler:  [t-199ms] verify_multi.py:309:<module> <- verify_multi.py:245:main
WARNING:root:GUI 卡顿 171ms state=IDLE anim=余额-分文不剩 physics=None
WARNING:pet.gui_stall_sampler:GUI 冻结现场（171ms，1 个采样点，旧→新）：
WARNING:pet.gui_stall_sampler:  [t-199ms] verify_multi.py:309:<module> <- verify_multi.py:245:main
WARNING:root:GUI 卡顿 107ms state=IDLE anim=待机呼吸休闲 physics=None
WARNING:pet.gui_stall_sampler:GUI 冻结现场（107ms，1 个采样点，旧→新）：
WARNING:pet.gui_stall_sampler:  [t-127ms] verify_multi.py:309:<module> <- verify_multi.py:245:main
WARNING:root:GUI 卡顿 109ms state=IDLE anim=东张西望 physics=None
WARNING:pet.gui_stall_sampler:GUI 冻结现场（109ms，1 个采样点，旧→新）：
WARNING:pet.gui_stall_sampler:  [t-129ms] verify_multi.py:309:<module> <- verify_multi.py:245:main
WARNING:root:GUI 卡顿 109ms state=IDLE anim=余额-分文不剩 physics=None
WARNING:pet.gui_stall_sampler:GUI 冻结现场（109ms，1 个采样点，旧→新）：
WARNING:pet.gui_stall_sampler:  [t-129ms] verify_multi.py:309:<module> <- verify_multi.py:245:main
WARNING:root:GUI 卡顿 176ms state=IDLE anim=待机呼吸休闲 physics=None
WARNING:pet.gui_stall_sampler:GUI 冻结现场（176ms，4 个采样点，旧→新）：
WARNING:pet.gui_stall_sampler:  [t-182ms] __init__.py:1531:warning <- __init__.py:1664:_log <- __init__.py:1680:handle <- __init__.py:1736:callHandlers <- __init__.py:1026:handle <- __init__.py:1153:emit
WARNING:pet.gui_stall_sampler:  [t-128ms] verify_multi.py:309:<module> <- verify_multi.py:245:main
WARNING:root:GUI 卡顿 177ms state=IDLE anim=东张西望 physics=None
WARNING:pet.gui_stall_sampler:GUI 冻结现场（177ms，4 个采样点，旧→新）：
WARNING:pet.gui_stall_sampler:  [t-182ms] __init__.py:1531:warning <- __init__.py:1664:_log <- __init__.py:1680:handle <- __init__.py:1736:callHandlers <- __init__.py:1026:handle <- __init__.py:1153:emit
WARNING:pet.gui_stall_sampler:  [t-129ms] verify_multi.py:309:<module> <- verify_multi.py:245:main
WARNING:root:GUI 卡顿 177ms state=IDLE anim=余额-分文不剩 physics=None
WARNING:pet.gui_stall_sampler:GUI 冻结现场（177ms，4 个采样点，旧→新）：
WARNING:pet.gui_stall_sampler:  [t-182ms] __init__.py:1531:warning <- __init__.py:1664:_log <- __init__.py:1680:handle <- __init__.py:1736:callHandlers <- __init__.py:1026:handle <- __init__.py:1153:emit
WARNING:pet.gui_stall_sampler:  [t-129ms] verify_multi.py:309:<module> <- verify_multi.py:245:main
WARNING:root:GUI 卡顿 147ms state=IDLE anim=待机呼吸休闲 physics=None
WARNING:pet.gui_stall_sampler:GUI 冻结现场（147ms，3 个采样点，旧→新）：
WARNING:pet.gui_stall_sampler:  [t-167ms] verify_multi.py:309:<module> <- verify_multi.py:245:main
WARNING:pet.gui_stall_sampler:  [t-75ms] verify_multi.py:309:<module> <- verify_multi.py:245:main <- webm_clip.py:2499:_poll <- webm_clip.py:2724:_process_frame
WARNING:pet.gui_stall_sampler:  [t-18ms] verify_multi.py:309:<module> <- verify_multi.py:245:main
WARNING:root:GUI 卡顿 147ms state=IDLE anim=东张西望 physics=None
WARNING:pet.gui_stall_sampler:GUI 冻结现场（147ms，3 个采样点，旧→新）：
WARNING:pet.gui_stall_sampler:  [t-167ms] verify_multi.py:309:<module> <- verify_multi.py:245:main
WARNING:pet.gui_stall_sampler:  [t-75ms] verify_multi.py:309:<module> <- verify_multi.py:245:main <- webm_clip.py:2499:_poll <- webm_clip.py:2724:_process_frame
WARNING:pet.gui_stall_sampler:  [t-18ms] verify_multi.py:309:<module> <- verify_multi.py:245:main
WARNING:root:GUI 卡顿 147ms state=IDLE anim=余额-分文不剩 physics=None
WARNING:pet.gui_stall_sampler:GUI 冻结现场（147ms，3 个采样点，旧→新）：
WARNING:pet.gui_stall_sampler:  [t-167ms] verify_multi.py:309:<module> <- verify_multi.py:245:main
WARNING:pet.gui_stall_sampler:  [t-75ms] verify_multi.py:309:<module> <- verify_multi.py:245:main <- webm_clip.py:2499:_poll <- webm_clip.py:2724:_process_frame
WARNING:pet.gui_stall_sampler:  [t-18ms] verify_multi.py:309:<module> <- verify_multi.py:245:main
WARNING:root:GUI 卡顿 227ms state=IDLE anim=待机呼吸休闲 physics=None
WARNING:pet.gui_stall_sampler:GUI 冻结现场（227ms，1 个采样点，旧→新）：
WARNING:pet.gui_stall_sampler:  [t-250ms] verify_multi.py:309:<module> <- verify_multi.py:245:main
WARNING:root:GUI 卡顿 229ms state=IDLE anim=东张西望 physics=None
WARNING:pet.gui_stall_sampler:GUI 冻结现场（229ms，1 个采样点，旧→新）：
WARNING:pet.gui_stall_sampler:  [t-250ms] verify_multi.py:309:<module> <- verify_multi.py:245:main
WARNING:root:GUI 卡顿 229ms state=IDLE anim=余额-分文不剩 physics=None
WARNING:pet.gui_stall_sampler:GUI 冻结现场（229ms，1 个采样点，旧→新）：
WARNING:pet.gui_stall_sampler:  [t-250ms] verify_multi.py:309:<module> <- verify_multi.py:245:main
WARNING:root:GUI 卡顿 118ms state=IDLE anim=待机呼吸休闲 physics=None
WARNING:pet.gui_stall_sampler:GUI 冻结现场（118ms，3 个采样点，旧→新）：
WARNING:pet.gui_stall_sampler:  [t-163ms] verify_multi.py:309:<module> <- verify_multi.py:245:main
WARNING:pet.gui_stall_sampler:  [t-65ms] verify_multi.py:309:<module> <- verify_multi.py:245:main <- webm_clip.py:2499:_poll <- webm_clip.py:2723:_process_frame
WARNING:pet.gui_stall_sampler:  [t-14ms] verify_multi.py:309:<module> <- verify_multi.py:245:main
WARNING:root:GUI 卡顿 121ms state=IDLE anim=东张西望 physics=None
WARNING:pet.gui_stall_sampler:GUI 冻结现场（121ms，3 个采样点，旧→新）：
WARNING:pet.gui_stall_sampler:  [t-164ms] verify_multi.py:309:<module> <- verify_multi.py:245:main
WARNING:pet.gui_stall_sampler:  [t-66ms] verify_multi.py:309:<module> <- verify_multi.py:245:main <- webm_clip.py:2499:_poll <- webm_clip.py:2723:_process_frame
WARNING:pet.gui_stall_sampler:  [t-15ms] verify_multi.py:309:<module> <- verify_multi.py:245:main
WARNING:root:GUI 卡顿 121ms state=IDLE anim=余额-分文不剩 physics=None
WARNING:pet.gui_stall_sampler:GUI 冻结现场（121ms，3 个采样点，旧→新）：
WARNING:pet.gui_stall_sampler:  [t-164ms] verify_multi.py:309:<module> <- verify_multi.py:245:main
WARNING:pet.gui_stall_sampler:  [t-66ms] verify_multi.py:309:<module> <- verify_multi.py:245:main <- webm_clip.py:2499:_poll <- webm_clip.py:2723:_process_frame
WARNING:pet.gui_stall_sampler:  [t-15ms] verify_multi.py:309:<module> <- verify_multi.py:245:main
WARNING:root:GUI 卡顿 193ms state=IDLE anim=待机呼吸休闲 physics=None
WARNING:pet.gui_stall_sampler:GUI 冻结现场（193ms，2 个采样点，旧→新）：
WARNING:pet.gui_stall_sampler:  [t-214ms] verify_multi.py:309:<module> <- verify_multi.py:245:main
WARNING:pet.gui_stall_sampler:  [t-20ms] verify_multi.py:309:<module> <- verify_multi.py:245:main <- webm_clip.py:2499:_poll <- webm_clip.py:2724:_process_frame
WARNING:root:GUI 卡顿 195ms state=IDLE anim=东张西望 physics=None
WARNING:pet.gui_stall_sampler:GUI 冻结现场（195ms，2 个采样点，旧→新）：
WARNING:pet.gui_stall_sampler:  [t-214ms] verify_multi.py:309:<module> <- verify_multi.py:245:main
WARNING:pet.gui_stall_sampler:  [t-21ms] verify_multi.py:309:<module> <- verify_multi.py:245:main <- webm_clip.py:2499:_poll <- webm_clip.py:2724:_process_frame
WARNING:root:GUI 卡顿 195ms state=IDLE anim=余额-分文不剩 physics=None
WARNING:pet.gui_stall_sampler:GUI 冻结现场（195ms，2 个采样点，旧→新）：
WARNING:pet.gui_stall_sampler:  [t-214ms] verify_multi.py:309:<module> <- verify_multi.py:245:main
WARNING:pet.gui_stall_sampler:  [t-21ms] verify_multi.py:309:<module> <- verify_multi.py:245:main <- webm_clip.py:2499:_poll <- webm_clip.py:2724:_process_frame
WARNING:root:GUI 卡顿 109ms state=IDLE anim=待机呼吸休闲 physics=None
WARNING:pet.gui_stall_sampler:GUI 冻结现场（109ms，2 个采样点，旧→新）：
WARNING:pet.gui_stall_sampler:  [t-122ms] verify_multi.py:309:<module> <- verify_multi.py:245:main
WARNING:pet.gui_stall_sampler:  [t-20ms] webm_clip.py:2750:_process_frame <- window_optional_services.py:62:<lambda> <- verify_multi.py:93:observed_frame <- window.py:1917:_on_frame <- window.py:2068:_rebuild_frame <- window.py:1990:_frame_signature
WARNING:root:GUI 卡顿 114ms state=IDLE anim=东张西望 physics=None
WARNING:pet.gui_stall_sampler:GUI 冻结现场（114ms，2 个采样点，旧→新）：
WARNING:pet.gui_stall_sampler:  [t-123ms] verify_multi.py:309:<module> <- verify_multi.py:245:main
WARNING:pet.gui_stall_sampler:  [t-21ms] webm_clip.py:2750:_process_frame <- window_optional_services.py:62:<lambda> <- verify_multi.py:93:observed_frame <- window.py:1917:_on_frame <- window.py:2068:_rebuild_frame <- window.py:1990:_frame_signature
WARNING:root:GUI 卡顿 114ms state=IDLE anim=余额-分文不剩 physics=None
WARNING:pet.gui_stall_sampler:GUI 冻结现场（114ms，2 个采样点，旧→新）：
WARNING:pet.gui_stall_sampler:  [t-123ms] verify_multi.py:309:<module> <- verify_multi.py:245:main
WARNING:pet.gui_stall_sampler:  [t-21ms] webm_clip.py:2750:_process_frame <- window_optional_services.py:62:<lambda> <- verify_multi.py:93:observed_frame <- window.py:1917:_on_frame <- window.py:2068:_rebuild_frame <- window.py:1990:_frame_signature
WARNING:root:GUI 卡顿 138ms state=IDLE anim=待机呼吸休闲 physics=None
WARNING:pet.gui_stall_sampler:GUI 冻结现场（138ms，2 个采样点，旧→新）：
WARNING:pet.gui_stall_sampler:  [t-149ms] verify_multi.py:309:<module> <- verify_multi.py:245:main
WARNING:pet.gui_stall_sampler:  [t-12ms] webm_clip.py:2499:_poll <- webm_clip.py:2750:_process_frame <- window_optional_services.py:62:<lambda> <- verify_multi.py:93:observed_frame <- window.py:1917:_on_frame <- window.py:2099:_rebuild_frame
WARNING:root:GUI 卡顿 142ms state=IDLE anim=东张西望 physics=None
WARNING:pet.gui_stall_sampler:GUI 冻结现场（142ms，2 个采样点，旧→新）：
WARNING:pet.gui_stall_sampler:  [t-149ms] verify_multi.py:309:<module> <- verify_multi.py:245:main
WARNING:pet.gui_stall_sampler:  [t-12ms] webm_clip.py:2499:_poll <- webm_clip.py:2750:_process_frame <- window_optional_services.py:62:<lambda> <- verify_multi.py:93:observed_frame <- window.py:1917:_on_frame <- window.py:2099:_rebuild_frame
WARNING:root:GUI 卡顿 143ms state=IDLE anim=余额-分文不剩 physics=None
WARNING:pet.gui_stall_sampler:GUI 冻结现场（143ms，2 个采样点，旧→新）：
WARNING:pet.gui_stall_sampler:  [t-150ms] verify_multi.py:309:<module> <- verify_multi.py:245:main
WARNING:pet.gui_stall_sampler:  [t-13ms] webm_clip.py:2499:_poll <- webm_clip.py:2750:_process_frame <- window_optional_services.py:62:<lambda> <- verify_multi.py:93:observed_frame <- window.py:1917:_on_frame <- window.py:2099:_rebuild_frame
WARNING:root:GUI 卡顿 130ms state=IDLE anim=待机呼吸休闲 physics=None
WARNING:pet.gui_stall_sampler:GUI 冻结现场（130ms，1 个采样点，旧→新）：
WARNING:pet.gui_stall_sampler:  [t-10ms] verify_multi.py:309:<module> <- verify_multi.py:245:main <- webm_clip.py:2499:_poll <- webm_clip.py:2724:_process_frame
WARNING:root:GUI 卡顿 131ms state=IDLE anim=东张西望 physics=None
WARNING:pet.gui_stall_sampler:GUI 冻结现场（131ms，1 个采样点，旧→新）：
WARNING:pet.gui_stall_sampler:  [t-10ms] verify_multi.py:309:<module> <- verify_multi.py:245:main <- webm_clip.py:2499:_poll <- webm_clip.py:2724:_process_frame
WARNING:root:GUI 卡顿 131ms state=IDLE anim=余额-分文不剩 physics=None
WARNING:pet.gui_stall_sampler:GUI 冻结现场（131ms，1 个采样点，旧→新）：
WARNING:pet.gui_stall_sampler:  [t-10ms] verify_multi.py:309:<module> <- verify_multi.py:245:main <- webm_clip.py:2499:_poll <- webm_clip.py:2724:_process_frame
WARNING:root:GUI 卡顿 121ms state=IDLE anim=待机呼吸休闲 physics=None
WARNING:pet.gui_stall_sampler:GUI 冻结现场（121ms，2 个采样点，旧→新）：
WARNING:pet.gui_stall_sampler:  [t-160ms] verify_multi.py:309:<module> <- verify_multi.py:245:main
WARNING:pet.gui_stall_sampler:  [t-11ms] verify_multi.py:309:<module> <- verify_multi.py:245:main <- webm_clip.py:2499:_poll <- webm_clip.py:2724:_process_frame
WARNING:root:GUI 卡顿 124ms state=IDLE anim=东张西望 physics=None
WARNING:pet.gui_stall_sampler:GUI 冻结现场（124ms，2 个采样点，旧→新）：
WARNING:pet.gui_stall_sampler:  [t-161ms] verify_multi.py:309:<module> <- verify_multi.py:245:main
WARNING:pet.gui_stall_sampler:  [t-11ms] verify_multi.py:309:<module> <- verify_multi.py:245:main <- webm_clip.py:2499:_poll <- webm_clip.py:2724:_process_frame
WARNING:root:GUI 卡顿 124ms state=IDLE anim=余额-分文不剩 physics=None
WARNING:pet.gui_stall_sampler:GUI 冻结现场（124ms，2 个采样点，旧→新）：
WARNING:pet.gui_stall_sampler:  [t-161ms] verify_multi.py:309:<module> <- verify_multi.py:245:main
WARNING:pet.gui_stall_sampler:  [t-11ms] verify_multi.py:309:<module> <- verify_multi.py:245:main <- webm_clip.py:2499:_poll <- webm_clip.py:2724:_process_frame
WARNING:root:GUI 卡顿 555ms state=IDLE anim=待机呼吸休闲 physics=None
WARNING:pet.gui_stall_sampler:GUI 冻结现场（555ms，11 个采样点，旧→新）：
WARNING:pet.gui_stall_sampler:  [t-556ms] verify_multi.py:309:<module> <- verify_multi.py:245:main
WARNING:pet.gui_stall_sampler:  [t-502ms] window.py:1705:switch_clip <- window.py:1687:_switch <- library.py:918:release_superseded_movies <- webm_clip.py:1140:cleanup <- webm_clip.py:1197:_reap_retired <- threading.py:1092:join
WARNING:pet.gui_stall_sampler:  [t-29ms] window.py:1705:switch_clip <- window.py:1687:_switch <- library.py:918:release_superseded_movies <- webm_clip.py:1144:cleanup <- webm_clip.py:1165:_retire_grace_wait <- threading.py:1092:join
WARNING:root:GUI 卡顿 556ms state=IDLE anim=东张西望 physics=None
WARNING:pet.gui_stall_sampler:GUI 冻结现场（556ms，11 个采样点，旧→新）：
WARNING:pet.gui_stall_sampler:  [t-556ms] verify_multi.py:309:<module> <- verify_multi.py:245:main
WARNING:pet.gui_stall_sampler:  [t-502ms] window.py:1705:switch_clip <- window.py:1687:_switch <- library.py:918:release_superseded_movies <- webm_clip.py:1140:cleanup <- webm_clip.py:1197:_reap_retired <- threading.py:1092:join
WARNING:pet.gui_stall_sampler:  [t-30ms] window.py:1705:switch_clip <- window.py:1687:_switch <- library.py:918:release_superseded_movies <- webm_clip.py:1144:cleanup <- webm_clip.py:1165:_retire_grace_wait <- threading.py:1092:join
WARNING:root:GUI 卡顿 556ms state=IDLE anim=余额-分文不剩 physics=None
WARNING:pet.gui_stall_sampler:GUI 冻结现场（556ms，11 个采样点，旧→新）：
WARNING:pet.gui_stall_sampler:  [t-556ms] verify_multi.py:309:<module> <- verify_multi.py:245:main
WARNING:pet.gui_stall_sampler:  [t-502ms] window.py:1705:switch_clip <- window.py:1687:_switch <- library.py:918:release_superseded_movies <- webm_clip.py:1140:cleanup <- webm_clip.py:1197:_reap_retired <- threading.py:1092:join
WARNING:pet.gui_stall_sampler:  [t-30ms] window.py:1705:switch_clip <- window.py:1687:_switch <- library.py:918:release_superseded_movies <- webm_clip.py:1144:cleanup <- webm_clip.py:1165:_retire_grace_wait <- threading.py:1092:join
WARNING:root:GUI 卡顿 538ms state=IDLE anim=待机呼吸休闲 physics=None
WARNING:pet.gui_stall_sampler:GUI 冻结现场（538ms，11 个采样点，旧→新）：
WARNING:pet.gui_stall_sampler:  [t-555ms] verify_multi.py:309:<module> <- verify_multi.py:245:main
WARNING:pet.gui_stall_sampler:  [t-500ms] window.py:1705:switch_clip <- window.py:1687:_switch <- library.py:918:release_superseded_movies <- webm_clip.py:1140:cleanup <- webm_clip.py:1197:_reap_retired <- threading.py:1092:join
WARNING:pet.gui_stall_sampler:  [t-13ms] window.py:1705:switch_clip <- window.py:1687:_switch <- library.py:918:release_superseded_movies <- webm_clip.py:1144:cleanup <- webm_clip.py:1165:_retire_grace_wait <- threading.py:1092:join
WARNING:root:GUI 卡顿 538ms state=IDLE anim=东张西望 physics=None
WARNING:pet.gui_stall_sampler:GUI 冻结现场（538ms，11 个采样点，旧→新）：
WARNING:pet.gui_stall_sampler:  [t-555ms] verify_multi.py:309:<module> <- verify_multi.py:245:main
WARNING:pet.gui_stall_sampler:  [t-500ms] window.py:1705:switch_clip <- window.py:1687:_switch <- library.py:918:release_superseded_movies <- webm_clip.py:1140:cleanup <- webm_clip.py:1197:_reap_retired <- threading.py:1092:join
WARNING:pet.gui_stall_sampler:  [t-13ms] window.py:1705:switch_clip <- window.py:1687:_switch <- library.py:918:release_superseded_movies <- webm_clip.py:1144:cleanup <- webm_clip.py:1165:_retire_grace_wait <- threading.py:1092:join
WARNING:root:GUI 卡顿 538ms state=IDLE anim=余额-分文不剩 physics=None
WARNING:pet.gui_stall_sampler:GUI 冻结现场（538ms，11 个采样点，旧→新）：
WARNING:pet.gui_stall_sampler:  [t-555ms] verify_multi.py:309:<module> <- verify_multi.py:245:main
WARNING:pet.gui_stall_sampler:  [t-500ms] window.py:1705:switch_clip <- window.py:1687:_switch <- library.py:918:release_superseded_movies <- webm_clip.py:1140:cleanup <- webm_clip.py:1197:_reap_retired <- threading.py:1092:join
WARNING:pet.gui_stall_sampler:  [t-13ms] window.py:1705:switch_clip <- window.py:1687:_switch <- library.py:918:release_superseded_movies <- webm_clip.py:1144:cleanup <- webm_clip.py:1165:_retire_grace_wait <- threading.py:1092:join
WARNING:root:GUI 卡顿 135ms state=IDLE anim=待机呼吸休闲 physics=None
WARNING:pet.gui_stall_sampler:GUI 冻结现场（135ms，2 个采样点，旧→新）：
WARNING:pet.gui_stall_sampler:  [t-183ms] verify_multi.py:309:<module> <- verify_multi.py:245:main
WARNING:pet.gui_stall_sampler:  [t-74ms] webm_clip.py:2750:_process_frame <- window_optional_services.py:62:<lambda> <- verify_multi.py:93:observed_frame <- window.py:1917:_on_frame <- window.py:2068:_rebuild_frame <- window.py:1990:_frame_signature
WARNING:root:GUI 卡顿 147ms state=IDLE anim=东张西望 physics=None
WARNING:pet.gui_stall_sampler:GUI 冻结现场（147ms，3 个采样点，旧→新）：
WARNING:pet.gui_stall_sampler:  [t-195ms] verify_multi.py:309:<module> <- verify_multi.py:245:main
WARNING:pet.gui_stall_sampler:  [t-85ms] webm_clip.py:2750:_process_frame <- window_optional_services.py:62:<lambda> <- verify_multi.py:93:observed_frame <- window.py:1917:_on_frame <- window.py:2068:_rebuild_frame <- window.py:1990:_frame_signature
WARNING:pet.gui_stall_sampler:  [t-0ms] verify_multi.py:309:<module> <- verify_multi.py:245:main <- window.py:2464:paintEvent
WARNING:root:GUI 卡顿 147ms state=IDLE anim=余额-分文不剩 physics=None
WARNING:pet.gui_stall_sampler:GUI 冻结现场（147ms，3 个采样点，旧→新）：
WARNING:pet.gui_stall_sampler:  [t-195ms] verify_multi.py:309:<module> <- verify_multi.py:245:main
WARNING:pet.gui_stall_sampler:  [t-85ms] webm_clip.py:2750:_process_frame <- window_optional_services.py:62:<lambda> <- verify_multi.py:93:observed_frame <- window.py:1917:_on_frame <- window.py:2068:_rebuild_frame <- window.py:1990:_frame_signature
WARNING:pet.gui_stall_sampler:  [t-0ms] verify_multi.py:309:<module> <- verify_multi.py:245:main <- window.py:2464:paintEvent
WARNING:root:GUI 卡顿 162ms state=IDLE anim=待机呼吸休闲 physics=None
WARNING:pet.gui_stall_sampler:GUI 冻结现场（162ms，1 个采样点，旧→新）：
WARNING:pet.gui_stall_sampler:  [t-16ms] webm_clip.py:2499:_poll <- webm_clip.py:2750:_process_frame <- window_optional_services.py:62:<lambda> <- verify_multi.py:93:observed_frame <- window.py:1917:_on_frame <- window.py:2114:_rebuild_frame
WARNING:root:GUI 卡顿 164ms state=IDLE anim=东张西望 physics=None
WARNING:pet.gui_stall_sampler:GUI 冻结现场（164ms，1 个采样点，旧→新）：
WARNING:pet.gui_stall_sampler:  [t-17ms] webm_clip.py:2499:_poll <- webm_clip.py:2750:_process_frame <- window_optional_services.py:62:<lambda> <- verify_multi.py:93:observed_frame <- window.py:1917:_on_frame <- window.py:2114:_rebuild_frame
WARNING:root:GUI 卡顿 164ms state=IDLE anim=余额-分文不剩 physics=None
WARNING:pet.gui_stall_sampler:GUI 冻结现场（164ms，1 个采样点，旧→新）：
WARNING:pet.gui_stall_sampler:  [t-17ms] webm_clip.py:2499:_poll <- webm_clip.py:2750:_process_frame <- window_optional_services.py:62:<lambda> <- verify_multi.py:93:observed_frame <- window.py:1917:_on_frame <- window.py:2114:_rebuild_frame
WARNING:root:GUI 卡顿 643ms state=IDLE anim=待机呼吸休闲 physics=None
WARNING:pet.gui_stall_sampler:GUI 冻结现场（643ms，11 个采样点，旧→新）：
WARNING:pet.gui_stall_sampler:  [t-642ms] window_optional_services.py:62:<lambda> <- verify_multi.py:93:observed_frame <- window.py:1917:_on_frame <- window.py:2124:_rebuild_frame <- window.py:2270:_sync_mask <- window_optional_services.py:42:effects_coverage
WARNING:pet.gui_stall_sampler:  [t-588ms] window.py:1705:switch_clip <- window.py:1687:_switch <- library.py:918:release_superseded_movies <- webm_clip.py:1140:cleanup <- webm_clip.py:1197:_reap_retired <- threading.py:1092:join
WARNING:pet.gui_stall_sampler:  [t-37ms] webm_clip.py:2499:_poll <- webm_clip.py:2750:_process_frame <- window_optional_services.py:62:<lambda> <- verify_multi.py:93:observed_frame <- window.py:1919:_on_frame <- window.py:2126:_rebuild_frame
WARNING:root:GUI 卡顿 647ms state=IDLE anim=东张西望 physics=None
WARNING:pet.gui_stall_sampler:GUI 冻结现场（647ms，12 个采样点，旧→新）：
WARNING:pet.gui_stall_sampler:  [t-695ms] verify_multi.py:309:<module> <- verify_multi.py:245:main
WARNING:pet.gui_stall_sampler:  [t-642ms] window_optional_services.py:62:<lambda> <- verify_multi.py:93:observed_frame <- window.py:1917:_on_frame <- window.py:2124:_rebuild_frame <- window.py:2270:_sync_mask <- window_optional_services.py:42:effects_coverage
WARNING:pet.gui_stall_sampler:  [t-588ms] window.py:1705:switch_clip <- window.py:1687:_switch <- library.py:918:release_superseded_movies <- webm_clip.py:1140:cleanup <- webm_clip.py:1197:_reap_retired <- threading.py:1092:join
WARNING:pet.gui_stall_sampler:  [t-37ms] webm_clip.py:2499:_poll <- webm_clip.py:2750:_process_frame <- window_optional_services.py:62:<lambda> <- verify_multi.py:93:observed_frame <- window.py:1919:_on_frame <- window.py:2126:_rebuild_frame
WARNING:root:GUI 卡顿 647ms state=IDLE anim=余额-分文不剩 physics=None
WARNING:pet.gui_stall_sampler:GUI 冻结现场（647ms，12 个采样点，旧→新）：
WARNING:pet.gui_stall_sampler:  [t-695ms] verify_multi.py:309:<module> <- verify_multi.py:245:main
WARNING:pet.gui_stall_sampler:  [t-642ms] window_optional_services.py:62:<lambda> <- verify_multi.py:93:observed_frame <- window.py:1917:_on_frame <- window.py:2124:_rebuild_frame <- window.py:2270:_sync_mask <- window_optional_services.py:42:effects_coverage
WARNING:pet.gui_stall_sampler:  [t-588ms] window.py:1705:switch_clip <- window.py:1687:_switch <- library.py:918:release_superseded_movies <- webm_clip.py:1140:cleanup <- webm_clip.py:1197:_reap_retired <- threading.py:1092:join
WARNING:pet.gui_stall_sampler:  [t-37ms] webm_clip.py:2499:_poll <- webm_clip.py:2750:_process_frame <- window_optional_services.py:62:<lambda> <- verify_multi.py:93:observed_frame <- window.py:1919:_on_frame <- window.py:2126:_rebuild_frame
WARNING:root:GUI 卡顿 165ms state=IDLE anim=待机呼吸休闲 physics=None
WARNING:pet.gui_stall_sampler:GUI 冻结现场（165ms，3 个采样点，旧→新）：
WARNING:pet.gui_stall_sampler:  [t-199ms] webm_clip.py:2499:_poll <- webm_clip.py:2750:_process_frame <- window_optional_services.py:62:<lambda> <- verify_multi.py:93:observed_frame <- window.py:1919:_on_frame <- window.py:2126:_rebuild_frame
WARNING:pet.gui_stall_sampler:  [t-101ms] verify_multi.py:93:observed_frame <- window.py:1919:_on_frame <- window.py:2126:_rebuild_frame <- window.py:2291:_sync_mask <- window_optional_services.py:44:effects_coverage <- frame_edges.py:39:coverage_region
WARNING:pet.gui_stall_sampler:  [t-34ms] verify_multi.py:309:<module> <- verify_multi.py:245:main
WARNING:root:GUI 卡顿 162ms state=IDLE anim=东张西望 physics=None
WARNING:pet.gui_stall_sampler:GUI 冻结现场（162ms，3 个采样点，旧→新）：
WARNING:pet.gui_stall_sampler:  [t-200ms] webm_clip.py:2499:_poll <- webm_clip.py:2750:_process_frame <- window_optional_services.py:62:<lambda> <- verify_multi.py:93:observed_frame <- window.py:1919:_on_frame <- window.py:2126:_rebuild_frame
WARNING:pet.gui_stall_sampler:  [t-101ms] verify_multi.py:93:observed_frame <- window.py:1919:_on_frame <- window.py:2126:_rebuild_frame <- window.py:2291:_sync_mask <- window_optional_services.py:44:effects_coverage <- frame_edges.py:39:coverage_region
WARNING:pet.gui_stall_sampler:  [t-34ms] verify_multi.py:309:<module> <- verify_multi.py:245:main
WARNING:root:GUI 卡顿 162ms state=IDLE anim=余额-分文不剩 physics=None
WARNING:pet.gui_stall_sampler:GUI 冻结现场（162ms，3 个采样点，旧→新）：
WARNING:pet.gui_stall_sampler:  [t-200ms] webm_clip.py:2499:_poll <- webm_clip.py:2750:_process_frame <- window_optional_services.py:62:<lambda> <- verify_multi.py:93:observed_frame <- window.py:1919:_on_frame <- window.py:2126:_rebuild_frame
WARNING:pet.gui_stall_sampler:  [t-101ms] verify_multi.py:93:observed_frame <- window.py:1919:_on_frame <- window.py:2126:_rebuild_frame <- window.py:2291:_sync_mask <- window_optional_services.py:44:effects_coverage <- frame_edges.py:39:coverage_region
WARNING:pet.gui_stall_sampler:  [t-34ms] verify_multi.py:309:<module> <- verify_multi.py:245:main
WARNING:root:GUI 卡顿 751ms state=IDLE anim=待机呼吸休闲 physics=None
WARNING:pet.gui_stall_sampler:GUI 冻结现场（751ms，5 个采样点，旧→新）：
WARNING:pet.gui_stall_sampler:  [t-785ms] verify_multi.py:309:<module> <- verify_multi.py:245:main
WARNING:pet.gui_stall_sampler:  [t-226ms] verify_multi.py:309:<module> <- verify_multi.py:245:main <- webm_clip.py:2499:_poll <- webm_clip.py:2750:_process_frame
WARNING:pet.gui_stall_sampler:  [t-163ms] verify_multi.py:309:<module> <- verify_multi.py:245:main <- webm_clip.py:2499:_poll <- webm_clip.py:2723:_process_frame
WARNING:pet.gui_stall_sampler:  [t-76ms] verify_multi.py:309:<module> <- verify_multi.py:245:main <- webm_clip.py:2499:_poll <- webm_clip.py:2724:_process_frame
WARNING:pet.gui_stall_sampler:  [t-19ms] verify_multi.py:309:<module> <- verify_multi.py:245:main <- window_optional_services.py:227:_on_cursor_facing_tick <- window.py:2126:_rebuild_frame
WARNING:root:GUI 卡顿 751ms state=IDLE anim=东张西望 physics=None
WARNING:pet.gui_stall_sampler:GUI 冻结现场（751ms，5 个采样点，旧→新）：
WARNING:pet.gui_stall_sampler:  [t-785ms] verify_multi.py:309:<module> <- verify_multi.py:245:main
WARNING:pet.gui_stall_sampler:  [t-226ms] verify_multi.py:309:<module> <- verify_multi.py:245:main <- webm_clip.py:2499:_poll <- webm_clip.py:2750:_process_frame
WARNING:pet.gui_stall_sampler:  [t-164ms] verify_multi.py:309:<module> <- verify_multi.py:245:main <- webm_clip.py:2499:_poll <- webm_clip.py:2723:_process_frame
WARNING:pet.gui_stall_sampler:  [t-76ms] verify_multi.py:309:<module> <- verify_multi.py:245:main <- webm_clip.py:2499:_poll <- webm_clip.py:2724:_process_frame
WARNING:pet.gui_stall_sampler:  [t-19ms] verify_multi.py:309:<module> <- verify_multi.py:245:main <- window_optional_services.py:227:_on_cursor_facing_tick <- window.py:2126:_rebuild_frame
WARNING:root:GUI 卡顿 751ms state=IDLE anim=余额-分文不剩 physics=None
WARNING:pet.gui_stall_sampler:GUI 冻结现场（751ms，5 个采样点，旧→新）：
WARNING:pet.gui_stall_sampler:  [t-785ms] verify_multi.py:309:<module> <- verify_multi.py:245:main
WARNING:pet.gui_stall_sampler:  [t-226ms] verify_multi.py:309:<module> <- verify_multi.py:245:main <- webm_clip.py:2499:_poll <- webm_clip.py:2750:_process_frame
WARNING:pet.gui_stall_sampler:  [t-164ms] verify_multi.py:309:<module> <- verify_multi.py:245:main <- webm_clip.py:2499:_poll <- webm_clip.py:2723:_process_frame
WARNING:pet.gui_stall_sampler:  [t-76ms] verify_multi.py:309:<module> <- verify_multi.py:245:main <- webm_clip.py:2499:_poll <- webm_clip.py:2724:_process_frame
WARNING:pet.gui_stall_sampler:  [t-20ms] verify_multi.py:309:<module> <- verify_multi.py:245:main <- window_optional_services.py:227:_on_cursor_facing_tick <- window.py:2126:_rebuild_frame
WARNING:root:GUI 卡顿 152ms state=IDLE anim=待机呼吸休闲 physics=None
WARNING:pet.gui_stall_sampler:GUI 冻结现场（152ms，2 个采样点，旧→新）：
WARNING:pet.gui_stall_sampler:  [t-170ms] verify_multi.py:309:<module> <- verify_multi.py:245:main <- webm_clip.py:2499:_poll <- webm_clip.py:2750:_process_frame
WARNING:pet.gui_stall_sampler:  [t-89ms] webm_clip.py:2499:_poll <- webm_clip.py:2750:_process_frame <- window_optional_services.py:62:<lambda> <- verify_multi.py:93:observed_frame <- window.py:1917:_on_frame <- window.py:2124:_rebuild_frame
WARNING:root:GUI 卡顿 158ms state=IDLE anim=东张西望 physics=None
WARNING:pet.gui_stall_sampler:GUI 冻结现场（158ms，2 个采样点，旧→新）：
WARNING:pet.gui_stall_sampler:  [t-171ms] verify_multi.py:309:<module> <- verify_multi.py:245:main <- webm_clip.py:2499:_poll <- webm_clip.py:2750:_process_frame
WARNING:pet.gui_stall_sampler:  [t-90ms] webm_clip.py:2499:_poll <- webm_clip.py:2750:_process_frame <- window_optional_services.py:62:<lambda> <- verify_multi.py:93:observed_frame <- window.py:1917:_on_frame <- window.py:2124:_rebuild_frame
WARNING:root:GUI 卡顿 159ms state=IDLE anim=余额-分文不剩 physics=None
WARNING:pet.gui_stall_sampler:GUI 冻结现场（159ms，2 个采样点，旧→新）：
WARNING:pet.gui_stall_sampler:  [t-171ms] verify_multi.py:309:<module> <- verify_multi.py:245:main <- webm_clip.py:2499:_poll <- webm_clip.py:2750:_process_frame
WARNING:pet.gui_stall_sampler:  [t-90ms] webm_clip.py:2499:_poll <- webm_clip.py:2750:_process_frame <- window_optional_services.py:62:<lambda> <- verify_multi.py:93:observed_frame <- window.py:1917:_on_frame <- window.py:2124:_rebuild_frame
WARNING:root:GUI 卡顿 137ms state=IDLE anim=待机呼吸休闲 physics=None
WARNING:pet.gui_stall_sampler:GUI 冻结现场（137ms，1 个采样点，旧→新）：
WARNING:pet.gui_stall_sampler:  [t-5ms] webm_clip.py:2499:_poll <- webm_clip.py:2750:_process_frame <- window_optional_services.py:62:<lambda> <- verify_multi.py:93:observed_frame <- window.py:1919:_on_frame <- window.py:2126:_rebuild_frame
WARNING:root:GUI 卡顿 131ms state=IDLE anim=东张西望 physics=None
WARNING:pet.gui_stall_sampler:GUI 冻结现场（131ms，1 个采样点，旧→新）：
WARNING:pet.gui_stall_sampler:  [t-5ms] webm_clip.py:2499:_poll <- webm_clip.py:2750:_process_frame <- window_optional_services.py:62:<lambda> <- verify_multi.py:93:observed_frame <- window.py:1919:_on_frame <- window.py:2126:_rebuild_frame
WARNING:root:GUI 卡顿 131ms state=IDLE anim=余额-分文不剩 physics=None
WARNING:pet.gui_stall_sampler:GUI 冻结现场（131ms，1 个采样点，旧→新）：
WARNING:pet.gui_stall_sampler:  [t-5ms] webm_clip.py:2499:_poll <- webm_clip.py:2750:_process_frame <- window_optional_services.py:62:<lambda> <- verify_multi.py:93:observed_frame <- window.py:1919:_on_frame <- window.py:2126:_rebuild_frame
WARNING:root:GUI 卡顿 105ms state=IDLE anim=待机呼吸休闲 physics=None
WARNING:pet.gui_stall_sampler:GUI 冻结现场（105ms，1 个采样点，旧→新）：
WARNING:pet.gui_stall_sampler:  [t-49ms] verify_multi.py:309:<module> <- verify_multi.py:245:main <- webm_clip.py:2499:_poll <- webm_clip.py:2724:_process_frame
WARNING:root:GUI 卡顿 106ms state=IDLE anim=东张西望 physics=None
WARNING:pet.gui_stall_sampler:GUI 冻结现场（106ms，1 个采样点，旧→新）：
WARNING:pet.gui_stall_sampler:  [t-50ms] verify_multi.py:309:<module> <- verify_multi.py:245:main <- webm_clip.py:2499:_poll <- webm_clip.py:2724:_process_frame
WARNING:root:GUI 卡顿 106ms state=THROWN anim=东张西望 physics=throw
WARNING:pet.gui_stall_sampler:GUI 冻结现场（106ms，1 个采样点，旧→新）：
WARNING:pet.gui_stall_sampler:  [t-50ms] verify_multi.py:309:<module> <- verify_multi.py:245:main <- webm_clip.py:2499:_poll <- webm_clip.py:2724:_process_frame
WARNING:root:GUI 卡顿 124ms state=IDLE anim=待机呼吸休闲 physics=None
WARNING:pet.gui_stall_sampler:GUI 冻结现场（124ms，1 个采样点，旧→新）：
WARNING:pet.gui_stall_sampler:  [t-15ms] webm_clip.py:2499:_poll <- webm_clip.py:2750:_process_frame <- window_optional_services.py:62:<lambda> <- verify_multi.py:93:observed_frame <- window.py:1917:_on_frame <- window.py:2106:_rebuild_frame
WARNING:root:GUI 卡顿 127ms state=THROWN anim=东张西望 physics=throw
WARNING:pet.gui_stall_sampler:GUI 冻结现场（127ms，2 个采样点，旧→新）：
WARNING:pet.gui_stall_sampler:  [t-176ms] verify_multi.py:309:<module> <- verify_multi.py:245:main <- webm_clip.py:2499:_poll <- webm_clip.py:2724:_process_frame
WARNING:pet.gui_stall_sampler:  [t-15ms] webm_clip.py:2499:_poll <- webm_clip.py:2750:_process_frame <- window_optional_services.py:62:<lambda> <- verify_multi.py:93:observed_frame <- window.py:1917:_on_frame <- window.py:2106:_rebuild_frame
WARNING:root:GUI 卡顿 127ms state=THROWN anim=东张西望 physics=throw
WARNING:pet.gui_stall_sampler:GUI 冻结现场（127ms，2 个采样点，旧→新）：
WARNING:pet.gui_stall_sampler:  [t-177ms] verify_multi.py:309:<module> <- verify_multi.py:245:main <- webm_clip.py:2499:_poll <- webm_clip.py:2724:_process_frame
WARNING:pet.gui_stall_sampler:  [t-16ms] webm_clip.py:2499:_poll <- webm_clip.py:2750:_process_frame <- window_optional_services.py:62:<lambda> <- verify_multi.py:93:observed_frame <- window.py:1917:_on_frame <- window.py:2106:_rebuild_frame
WARNING:root:GUI 卡顿 151ms state=THROWN anim=东张西望 physics=throw
WARNING:pet.gui_stall_sampler:GUI 冻结现场（151ms，3 个采样点，旧→新）：
WARNING:pet.gui_stall_sampler:  [t-181ms] verify_multi.py:309:<module> <- verify_multi.py:245:main
WARNING:pet.gui_stall_sampler:  [t-128ms] verify_multi.py:309:<module> <- verify_multi.py:245:main <- webm_clip.py:429:reap <- webm_clip.py:1197:_reap_retired <- threading.py:1092:join
WARNING:pet.gui_stall_sampler:  [t-58ms] verify_multi.py:309:<module> <- verify_multi.py:245:main <- webm_clip.py:2499:_poll <- webm_clip.py:2733:_process_frame
WARNING:root:GUI 卡顿 151ms state=IDLE anim=东张西望 physics=None
WARNING:pet.gui_stall_sampler:GUI 冻结现场（151ms，3 个采样点，旧→新）：
WARNING:pet.gui_stall_sampler:  [t-181ms] verify_multi.py:309:<module> <- verify_multi.py:245:main
WARNING:pet.gui_stall_sampler:  [t-128ms] verify_multi.py:309:<module> <- verify_multi.py:245:main <- webm_clip.py:429:reap <- webm_clip.py:1197:_reap_retired <- threading.py:1092:join
WARNING:pet.gui_stall_sampler:  [t-59ms] verify_multi.py:309:<module> <- verify_multi.py:245:main <- webm_clip.py:2499:_poll <- webm_clip.py:2733:_process_frame
WARNING:root:GUI 卡顿 152ms state=THROWN anim=东张西望 physics=throw
WARNING:pet.gui_stall_sampler:GUI 冻结现场（152ms，3 个采样点，旧→新）：
WARNING:pet.gui_stall_sampler:  [t-181ms] verify_multi.py:309:<module> <- verify_multi.py:245:main
WARNING:pet.gui_stall_sampler:  [t-128ms] verify_multi.py:309:<module> <- verify_multi.py:245:main <- webm_clip.py:429:reap <- webm_clip.py:1197:_reap_retired <- threading.py:1092:join
WARNING:pet.gui_stall_sampler:  [t-59ms] verify_multi.py:309:<module> <- verify_multi.py:245:main <- webm_clip.py:2499:_poll <- webm_clip.py:2733:_process_frame
WARNING:root:GUI 卡顿 164ms state=THROWN anim=东张西望 physics=throw
WARNING:pet.gui_stall_sampler:GUI 冻结现场（164ms，2 个采样点，旧→新）：
WARNING:pet.gui_stall_sampler:  [t-67ms] verify_multi.py:309:<module> <- verify_multi.py:245:main <- webm_clip.py:2499:_poll <- webm_clip.py:2724:_process_frame
WARNING:pet.gui_stall_sampler:  [t-8ms] verify_multi.py:309:<module> <- verify_multi.py:245:main
WARNING:root:GUI 卡顿 165ms state=IDLE anim=东张西望 physics=None
WARNING:pet.gui_stall_sampler:GUI 冻结现场（165ms，2 个采样点，旧→新）：
WARNING:pet.gui_stall_sampler:  [t-67ms] verify_multi.py:309:<module> <- verify_multi.py:245:main <- webm_clip.py:2499:_poll <- webm_clip.py:2724:_process_frame
WARNING:pet.gui_stall_sampler:  [t-8ms] verify_multi.py:309:<module> <- verify_multi.py:245:main
WARNING:root:GUI 卡顿 165ms state=THROWN anim=东张西望 physics=throw
WARNING:pet.gui_stall_sampler:GUI 冻结现场（165ms，2 个采样点，旧→新）：
WARNING:pet.gui_stall_sampler:  [t-67ms] verify_multi.py:309:<module> <- verify_multi.py:245:main <- webm_clip.py:2499:_poll <- webm_clip.py:2724:_process_frame
WARNING:pet.gui_stall_sampler:  [t-8ms] verify_multi.py:309:<module> <- verify_multi.py:245:main
WARNING:root:GUI 卡顿 259ms state=THROWN anim=东张西望 physics=throw
WARNING:pet.gui_stall_sampler:GUI 冻结现场（259ms，2 个采样点，旧→新）：
WARNING:pet.gui_stall_sampler:  [t-300ms] verify_multi.py:309:<module> <- verify_multi.py:245:main
WARNING:pet.gui_stall_sampler:  [t-4ms] webm_clip.py:2499:_poll <- webm_clip.py:2750:_process_frame <- window_optional_services.py:62:<lambda> <- verify_multi.py:93:observed_frame <- window.py:1917:_on_frame <- window.py:2119:_rebuild_frame
WARNING:root:GUI 卡顿 261ms state=IDLE anim=东张西望 physics=None
WARNING:pet.gui_stall_sampler:GUI 冻结现场（261ms，2 个采样点，旧→新）：
WARNING:pet.gui_stall_sampler:  [t-302ms] verify_multi.py:309:<module> <- verify_multi.py:245:main
WARNING:pet.gui_stall_sampler:  [t-7ms] webm_clip.py:2499:_poll <- webm_clip.py:2750:_process_frame <- window_optional_services.py:62:<lambda> <- verify_multi.py:93:observed_frame <- window.py:1917:_on_frame <- window.py:2119:_rebuild_frame
WARNING:root:GUI 卡顿 261ms state=THROWN anim=东张西望 physics=throw
WARNING:pet.gui_stall_sampler:GUI 冻结现场（261ms，2 个采样点，旧→新）：
WARNING:pet.gui_stall_sampler:  [t-302ms] verify_multi.py:309:<module> <- verify_multi.py:245:main
WARNING:pet.gui_stall_sampler:  [t-7ms] webm_clip.py:2499:_poll <- webm_clip.py:2750:_process_frame <- window_optional_services.py:62:<lambda> <- verify_multi.py:93:observed_frame <- window.py:1917:_on_frame <- window.py:2119:_rebuild_frame
WARNING:root:GUI 卡顿 108ms state=THROWN anim=东张西望 physics=throw
WARNING:pet.gui_stall_sampler:GUI 冻结现场（108ms，1 个采样点，旧→新）：
WARNING:pet.gui_stall_sampler:  [t-69ms] verify_multi.py:309:<module> <- verify_multi.py:245:main <- webm_clip.py:2499:_poll <- webm_clip.py:2724:_process_frame
WARNING:root:GUI 卡顿 109ms state=IDLE anim=东张西望 physics=None
WARNING:pet.gui_stall_sampler:GUI 冻结现场（109ms，1 个采样点，旧→新）：
WARNING:pet.gui_stall_sampler:  [t-69ms] verify_multi.py:309:<module> <- verify_multi.py:245:main <- webm_clip.py:2499:_poll <- webm_clip.py:2724:_process_frame
WARNING:root:GUI 卡顿 109ms state=THROWN anim=东张西望 physics=throw
WARNING:pet.gui_stall_sampler:GUI 冻结现场（109ms，1 个采样点，旧→新）：
WARNING:pet.gui_stall_sampler:  [t-69ms] verify_multi.py:309:<module> <- verify_multi.py:245:main <- webm_clip.py:2499:_poll <- webm_clip.py:2724:_process_frame
WARNING:root:GUI 卡顿 113ms state=THROWN anim=东张西望 physics=throw
WARNING:pet.gui_stall_sampler:GUI 冻结现场（113ms，1 个采样点，旧→新）：
WARNING:pet.gui_stall_sampler:  [t-129ms] verify_multi.py:309:<module> <- verify_multi.py:245:main
WARNING:root:GUI 卡顿 114ms state=IDLE anim=东张西望 physics=None
WARNING:pet.gui_stall_sampler:GUI 冻结现场（114ms，1 个采样点，旧→新）：
WARNING:pet.gui_stall_sampler:  [t-130ms] verify_multi.py:309:<module> <- verify_multi.py:245:main
WARNING:root:GUI 卡顿 114ms state=THROWN anim=东张西望 physics=throw
WARNING:pet.gui_stall_sampler:GUI 冻结现场（114ms，1 个采样点，旧→新）：
WARNING:pet.gui_stall_sampler:  [t-130ms] verify_multi.py:309:<module> <- verify_multi.py:245:main
WARNING:root:GUI 卡顿 162ms state=THROWN anim=东张西望 physics=throw
WARNING:pet.gui_stall_sampler:GUI 冻结现场（162ms，2 个采样点，旧→新）：
WARNING:pet.gui_stall_sampler:  [t-133ms] verify_multi.py:309:<module> <- verify_multi.py:245:main
WARNING:pet.gui_stall_sampler:  [t-4ms] webm_clip.py:2499:_poll <- webm_clip.py:2750:_process_frame <- window_optional_services.py:62:<lambda> <- verify_multi.py:93:observed_frame <- window.py:1917:_on_frame <- window.py:2106:_rebuild_frame
WARNING:root:GUI 卡顿 162ms state=IDLE anim=东张西望 physics=None
WARNING:pet.gui_stall_sampler:GUI 冻结现场（162ms，2 个采样点，旧→新）：
WARNING:pet.gui_stall_sampler:  [t-133ms] verify_multi.py:309:<module> <- verify_multi.py:245:main
WARNING:pet.gui_stall_sampler:  [t-4ms] webm_clip.py:2499:_poll <- webm_clip.py:2750:_process_frame <- window_optional_services.py:62:<lambda> <- verify_multi.py:93:observed_frame <- window.py:1917:_on_frame <- window.py:2106:_rebuild_frame
WARNING:root:GUI 卡顿 162ms state=THROWN anim=东张西望 physics=throw
WARNING:pet.gui_stall_sampler:GUI 冻结现场（162ms，2 个采样点，旧→新）：
WARNING:pet.gui_stall_sampler:  [t-133ms] verify_multi.py:309:<module> <- verify_multi.py:245:main
WARNING:pet.gui_stall_sampler:  [t-4ms] webm_clip.py:2499:_poll <- webm_clip.py:2750:_process_frame <- window_optional_services.py:62:<lambda> <- verify_multi.py:93:observed_frame <- window.py:1917:_on_frame <- window.py:2106:_rebuild_frame
WARNING:root:GUI 卡顿 107ms state=THROWN anim=东张西望 physics=throw
WARNING:pet.gui_stall_sampler:GUI 冻结现场（107ms，2 个采样点，旧→新）：
WARNING:pet.gui_stall_sampler:  [t-119ms] window.py:4425:_on_physics_tick <- window.py:4471:_tick_throw_physics <- window.py:938:_move_window_towards <- window_placement.py:136:move_window_towards <- window.py:2270:_sync_mask <- window_optional_services.py:42:effects_coverage
WARNING:pet.gui_stall_sampler:  [t-4ms] webm_clip.py:2499:_poll <- webm_clip.py:2750:_process_frame <- window_optional_services.py:62:<lambda> <- verify_multi.py:93:observed_frame <- window.py:1919:_on_frame <- window.py:2126:_rebuild_frame
WARNING:root:GUI 卡顿 108ms state=IDLE anim=东张西望 physics=None
WARNING:pet.gui_stall_sampler:GUI 冻结现场（108ms，2 个采样点，旧→新）：
WARNING:pet.gui_stall_sampler:  [t-119ms] window.py:4425:_on_physics_tick <- window.py:4471:_tick_throw_physics <- window.py:938:_move_window_towards <- window_placement.py:136:move_window_towards <- window.py:2270:_sync_mask <- window_optional_services.py:42:effects_coverage
WARNING:pet.gui_stall_sampler:  [t-4ms] webm_clip.py:2499:_poll <- webm_clip.py:2750:_process_frame <- window_optional_services.py:62:<lambda> <- verify_multi.py:93:observed_frame <- window.py:1919:_on_frame <- window.py:2126:_rebuild_frame
WARNING:root:GUI 卡顿 108ms state=THROWN anim=东张西望 physics=throw
WARNING:pet.gui_stall_sampler:GUI 冻结现场（108ms，2 个采样点，旧→新）：
WARNING:pet.gui_stall_sampler:  [t-119ms] window.py:4425:_on_physics_tick <- window.py:4471:_tick_throw_physics <- window.py:938:_move_window_towards <- window_placement.py:136:move_window_towards <- window.py:2270:_sync_mask <- window_optional_services.py:42:effects_coverage
WARNING:pet.gui_stall_sampler:  [t-4ms] webm_clip.py:2499:_poll <- webm_clip.py:2750:_process_frame <- window_optional_services.py:62:<lambda> <- verify_multi.py:93:observed_frame <- window.py:1919:_on_frame <- window.py:2126:_rebuild_frame
WARNING:root:GUI 卡顿 147ms state=THROWN anim=东张西望 physics=throw
WARNING:pet.gui_stall_sampler:GUI 冻结现场（147ms，2 个采样点，旧→新）：
WARNING:pet.gui_stall_sampler:  [t-183ms] verify_multi.py:309:<module> <- verify_multi.py:245:main
WARNING:pet.gui_stall_sampler:  [t-118ms] verify_multi.py:93:observed_frame <- window.py:1917:_on_frame <- window.py:2124:_rebuild_frame <- window.py:2270:_sync_mask <- window_optional_services.py:42:effects_coverage <- frame_edges.py:34:coverage_region
WARNING:root:GUI 卡顿 149ms state=IDLE anim=东张西望 physics=None
WARNING:pet.gui_stall_sampler:GUI 冻结现场（149ms，2 个采样点，旧→新）：
WARNING:pet.gui_stall_sampler:  [t-184ms] verify_multi.py:309:<module> <- verify_multi.py:245:main
WARNING:pet.gui_stall_sampler:  [t-119ms] verify_multi.py:93:observed_frame <- window.py:1917:_on_frame <- window.py:2124:_rebuild_frame <- window.py:2270:_sync_mask <- window_optional_services.py:42:effects_coverage <- frame_edges.py:34:coverage_region
WARNING:root:GUI 卡顿 151ms state=THROWN anim=东张西望 physics=throw
WARNING:pet.gui_stall_sampler:GUI 冻结现场（151ms，2 个采样点，旧→新）：
WARNING:pet.gui_stall_sampler:  [t-186ms] verify_multi.py:309:<module> <- verify_multi.py:245:main
WARNING:pet.gui_stall_sampler:  [t-121ms] verify_multi.py:93:observed_frame <- window.py:1917:_on_frame <- window.py:2124:_rebuild_frame <- window.py:2270:_sync_mask <- window_optional_services.py:42:effects_coverage <- frame_edges.py:34:coverage_region
WARNING:root:GUI 卡顿 115ms state=IDLE anim=东张西望 physics=None
WARNING:pet.gui_stall_sampler:GUI 冻结现场（115ms，1 个采样点，旧→新）：
WARNING:pet.gui_stall_sampler:  [t-145ms] verify_multi.py:309:<module> <- verify_multi.py:245:main
WARNING:root:GUI 卡顿 123ms state=IDLE anim=东张西望 physics=None
WARNING:pet.gui_stall_sampler:GUI 冻结现场（123ms，1 个采样点，旧→新）：
WARNING:pet.gui_stall_sampler:  [t-146ms] verify_multi.py:309:<module> <- verify_multi.py:245:main
WARNING:root:GUI 卡顿 123ms state=THROWN anim=东张西望 physics=throw
WARNING:pet.gui_stall_sampler:GUI 冻结现场（123ms，1 个采样点，旧→新）：
WARNING:pet.gui_stall_sampler:  [t-146ms] verify_multi.py:309:<module> <- verify_multi.py:245:main
WARNING:root:GUI 卡顿 120ms state=IDLE anim=东张西望 physics=None
WARNING:pet.gui_stall_sampler:GUI 冻结现场（120ms，1 个采样点，旧→新）：
WARNING:pet.gui_stall_sampler:  [t-3ms] verify_multi.py:309:<module> <- verify_multi.py:245:main <- webm_clip.py:2499:_poll <- webm_clip.py:2724:_process_frame
WARNING:root:GUI 卡顿 121ms state=IDLE anim=东张西望 physics=None
WARNING:pet.gui_stall_sampler:GUI 冻结现场（121ms，1 个采样点，旧→新）：
WARNING:pet.gui_stall_sampler:  [t-4ms] verify_multi.py:309:<module> <- verify_multi.py:245:main <- webm_clip.py:2499:_poll <- webm_clip.py:2724:_process_frame
WARNING:root:GUI 卡顿 121ms state=IDLE anim=东张西望 physics=None
WARNING:pet.gui_stall_sampler:GUI 冻结现场（121ms，1 个采样点，旧→新）：
WARNING:pet.gui_stall_sampler:  [t-4ms] verify_multi.py:309:<module> <- verify_multi.py:245:main <- webm_clip.py:2499:_poll <- webm_clip.py:2724:_process_frame
WARNING:root:GUI 卡顿 101ms state=IDLE anim=东张西望 physics=None
WARNING:pet.gui_stall_sampler:GUI 冻结现场（101ms，2 个采样点，旧→新）：
WARNING:pet.gui_stall_sampler:  [t-115ms] verify_multi.py:309:<module> <- verify_multi.py:245:main
WARNING:pet.gui_stall_sampler:  [t-52ms] verify_multi.py:309:<module> <- verify_multi.py:245:main <- webm_clip.py:2499:_poll <- webm_clip.py:2723:_process_frame
WARNING:root:GUI 卡顿 103ms state=IDLE anim=东张西望 physics=None
WARNING:pet.gui_stall_sampler:GUI 冻结现场（103ms，2 个采样点，旧→新）：
WARNING:pet.gui_stall_sampler:  [t-116ms] verify_multi.py:309:<module> <- verify_multi.py:245:main
WARNING:pet.gui_stall_sampler:  [t-53ms] verify_multi.py:309:<module> <- verify_multi.py:245:main <- webm_clip.py:2499:_poll <- webm_clip.py:2723:_process_frame
WARNING:root:GUI 卡顿 103ms state=IDLE anim=东张西望 physics=None
WARNING:pet.gui_stall_sampler:GUI 冻结现场（103ms，2 个采样点，旧→新）：
WARNING:pet.gui_stall_sampler:  [t-116ms] verify_multi.py:309:<module> <- verify_multi.py:245:main
WARNING:pet.gui_stall_sampler:  [t-53ms] verify_multi.py:309:<module> <- verify_multi.py:245:main <- webm_clip.py:2499:_poll <- webm_clip.py:2723:_process_frame
WARNING:root:GUI 卡顿 121ms state=IDLE anim=东张西望 physics=None
WARNING:pet.gui_stall_sampler:GUI 冻结现场（121ms，2 个采样点，旧→新）：
WARNING:pet.gui_stall_sampler:  [t-169ms] window_optional_services.py:62:<lambda> <- verify_multi.py:93:observed_frame <- window.py:1917:_on_frame <- window.py:2124:_rebuild_frame <- window.py:2270:_sync_mask <- window_optional_services.py:42:effects_coverage
WARNING:pet.gui_stall_sampler:  [t-56ms] verify_multi.py:309:<module> <- verify_multi.py:245:main <- webm_clip.py:2499:_poll <- webm_clip.py:2750:_process_frame
WARNING:root:GUI 卡顿 123ms state=IDLE anim=东张西望 physics=None
WARNING:pet.gui_stall_sampler:GUI 冻结现场（123ms，2 个采样点，旧→新）：
WARNING:pet.gui_stall_sampler:  [t-170ms] window_optional_services.py:62:<lambda> <- verify_multi.py:93:observed_frame <- window.py:1917:_on_frame <- window.py:2124:_rebuild_frame <- window.py:2270:_sync_mask <- window_optional_services.py:42:effects_coverage
WARNING:pet.gui_stall_sampler:  [t-56ms] verify_multi.py:309:<module> <- verify_multi.py:245:main <- webm_clip.py:2499:_poll <- webm_clip.py:2750:_process_frame
WARNING:root:GUI 卡顿 123ms state=IDLE anim=东张西望 physics=None
WARNING:pet.gui_stall_sampler:GUI 冻结现场（123ms，2 个采样点，旧→新）：
WARNING:pet.gui_stall_sampler:  [t-170ms] window_optional_services.py:62:<lambda> <- verify_multi.py:93:observed_frame <- window.py:1917:_on_frame <- window.py:2124:_rebuild_frame <- window.py:2270:_sync_mask <- window_optional_services.py:42:effects_coverage
WARNING:pet.gui_stall_sampler:  [t-57ms] verify_multi.py:309:<module> <- verify_multi.py:245:main <- webm_clip.py:2499:_poll <- webm_clip.py:2750:_process_frame
WARNING:root:GUI 卡顿 172ms state=IDLE anim=东张西望 physics=None
WARNING:pet.gui_stall_sampler:GUI 冻结现场（172ms，2 个采样点，旧→新）：
WARNING:pet.gui_stall_sampler:  [t-136ms] webm_clip.py:2750:_process_frame <- window_optional_services.py:62:<lambda> <- verify_multi.py:93:observed_frame <- window.py:1917:_on_frame <- window.py:2106:_rebuild_frame <- window.py:2005:_frame_signature
WARNING:pet.gui_stall_sampler:  [t-28ms] verify_multi.py:309:<module> <- verify_multi.py:245:main <- webm_clip.py:2499:_poll <- webm_clip.py:2724:_process_frame
WARNING:root:GUI 卡顿 174ms state=IDLE anim=东张西望 physics=None
WARNING:pet.gui_stall_sampler:GUI 冻结现场（174ms，3 个采样点，旧→新）：
WARNING:pet.gui_stall_sampler:  [t-223ms] verify_multi.py:309:<module> <- verify_multi.py:245:main <- webm_clip.py:2499:_poll <- webm_clip.py:2750:_process_frame
WARNING:pet.gui_stall_sampler:  [t-136ms] webm_clip.py:2750:_process_frame <- window_optional_services.py:62:<lambda> <- verify_multi.py:93:observed_frame <- window.py:1917:_on_frame <- window.py:2106:_rebuild_frame <- window.py:2005:_frame_signature
WARNING:pet.gui_stall_sampler:  [t-29ms] verify_multi.py:309:<module> <- verify_multi.py:245:main <- webm_clip.py:2499:_poll <- webm_clip.py:2724:_process_frame
WARNING:root:GUI 卡顿 174ms state=IDLE anim=东张西望 physics=None
WARNING:pet.gui_stall_sampler:GUI 冻结现场（174ms，3 个采样点，旧→新）：
WARNING:pet.gui_stall_sampler:  [t-223ms] verify_multi.py:309:<module> <- verify_multi.py:245:main <- webm_clip.py:2499:_poll <- webm_clip.py:2750:_process_frame
WARNING:pet.gui_stall_sampler:  [t-136ms] webm_clip.py:2750:_process_frame <- window_optional_services.py:62:<lambda> <- verify_multi.py:93:observed_frame <- window.py:1917:_on_frame <- window.py:2106:_rebuild_frame <- window.py:2005:_frame_signature
WARNING:pet.gui_stall_sampler:  [t-29ms] verify_multi.py:309:<module> <- verify_multi.py:245:main <- webm_clip.py:2499:_poll <- webm_clip.py:2724:_process_frame
WARNING:root:GUI 卡顿 101ms state=IDLE anim=东张西望 physics=None
WARNING:pet.gui_stall_sampler:GUI 冻结现场（101ms，2 个采样点，旧→新）：
WARNING:pet.gui_stall_sampler:  [t-143ms] verify_multi.py:309:<module> <- verify_multi.py:245:main
WARNING:pet.gui_stall_sampler:  [t-26ms] webm_clip.py:2499:_poll <- webm_clip.py:2750:_process_frame <- window_optional_services.py:62:<lambda> <- verify_multi.py:93:observed_frame <- window.py:1917:_on_frame <- window.py:2106:_rebuild_frame
WARNING:root:GUI 卡顿 103ms state=IDLE anim=东张西望 physics=None
WARNING:pet.gui_stall_sampler:GUI 冻结现场（103ms，2 个采样点，旧→新）：
WARNING:pet.gui_stall_sampler:  [t-143ms] verify_multi.py:309:<module> <- verify_multi.py:245:main
WARNING:pet.gui_stall_sampler:  [t-26ms] webm_clip.py:2499:_poll <- webm_clip.py:2750:_process_frame <- window_optional_services.py:62:<lambda> <- verify_multi.py:93:observed_frame <- window.py:1917:_on_frame <- window.py:2106:_rebuild_frame
WARNING:root:GUI 卡顿 103ms state=IDLE anim=东张西望 physics=None
WARNING:pet.gui_stall_sampler:GUI 冻结现场（103ms，2 个采样点，旧→新）：
WARNING:pet.gui_stall_sampler:  [t-143ms] verify_multi.py:309:<module> <- verify_multi.py:245:main
WARNING:pet.gui_stall_sampler:  [t-27ms] webm_clip.py:2499:_poll <- webm_clip.py:2750:_process_frame <- window_optional_services.py:62:<lambda> <- verify_multi.py:93:observed_frame <- window.py:1917:_on_frame <- window.py:2106:_rebuild_frame
WARNING:root:GUI 卡顿 101ms state=IDLE anim=东张西望 physics=None
WARNING:pet.gui_stall_sampler:GUI 冻结现场（101ms，2 个采样点，旧→新）：
WARNING:pet.gui_stall_sampler:  [t-106ms] verify_multi.py:309:<module> <- verify_multi.py:245:main
WARNING:pet.gui_stall_sampler:  [t-48ms] webm_clip.py:2499:_poll <- webm_clip.py:2750:_process_frame <- window_optional_services.py:62:<lambda> <- verify_multi.py:93:observed_frame <- window.py:1917:_on_frame <- window.py:2106:_rebuild_frame
WARNING:root:GUI 卡顿 102ms state=IDLE anim=东张西望 physics=None
WARNING:pet.gui_stall_sampler:GUI 冻结现场（102ms，2 个采样点，旧→新）：
WARNING:pet.gui_stall_sampler:  [t-106ms] verify_multi.py:309:<module> <- verify_multi.py:245:main
WARNING:pet.gui_stall_sampler:  [t-48ms] webm_clip.py:2499:_poll <- webm_clip.py:2750:_process_frame <- window_optional_services.py:62:<lambda> <- verify_multi.py:93:observed_frame <- window.py:1917:_on_frame <- window.py:2106:_rebuild_frame
WARNING:root:GUI 卡顿 102ms state=IDLE anim=东张西望 physics=None
WARNING:pet.gui_stall_sampler:GUI 冻结现场（102ms，2 个采样点，旧→新）：
WARNING:pet.gui_stall_sampler:  [t-106ms] verify_multi.py:309:<module> <- verify_multi.py:245:main
WARNING:pet.gui_stall_sampler:  [t-48ms] webm_clip.py:2499:_poll <- webm_clip.py:2750:_process_frame <- window_optional_services.py:62:<lambda> <- verify_multi.py:93:observed_frame <- window.py:1917:_on_frame <- window.py:2106:_rebuild_frame
WARNING:root:GUI 卡顿 105ms state=IDLE anim=待机呼吸休闲 physics=None
WARNING:pet.gui_stall_sampler:GUI 冻结现场（105ms，2 个采样点，旧→新）：
WARNING:pet.gui_stall_sampler:  [t-108ms] verify_multi.py:309:<module> <- verify_multi.py:245:main
WARNING:pet.gui_stall_sampler:  [t-10ms] webm_clip.py:2499:_poll <- webm_clip.py:2750:_process_frame <- window_optional_services.py:62:<lambda> <- verify_multi.py:93:observed_frame <- window.py:1917:_on_frame <- window.py:2106:_rebuild_frame
WARNING:root:GUI 卡顿 107ms state=IDLE anim=东张西望 physics=None
WARNING:pet.gui_stall_sampler:GUI 冻结现场（107ms，2 个采样点，旧→新）：
WARNING:pet.gui_stall_sampler:  [t-109ms] verify_multi.py:309:<module> <- verify_multi.py:245:main
WARNING:pet.gui_stall_sampler:  [t-10ms] webm_clip.py:2499:_poll <- webm_clip.py:2750:_process_frame <- window_optional_services.py:62:<lambda> <- verify_multi.py:93:observed_frame <- window.py:1917:_on_frame <- window.py:2106:_rebuild_frame
WARNING:root:GUI 卡顿 107ms state=IDLE anim=余额-分文不剩 physics=None
WARNING:pet.gui_stall_sampler:GUI 冻结现场（107ms，2 个采样点，旧→新）：
WARNING:pet.gui_stall_sampler:  [t-109ms] verify_multi.py:309:<module> <- verify_multi.py:245:main
WARNING:pet.gui_stall_sampler:  [t-10ms] webm_clip.py:2499:_poll <- webm_clip.py:2750:_process_frame <- window_optional_services.py:62:<lambda> <- verify_multi.py:93:observed_frame <- window.py:1917:_on_frame <- window.py:2106:_rebuild_frame
WARNING:root:GUI 卡顿 119ms state=IDLE anim=待机呼吸休闲 physics=None
WARNING:pet.gui_stall_sampler:GUI 冻结现场（119ms，2 个采样点，旧→新）：
WARNING:pet.gui_stall_sampler:  [t-161ms] verify_multi.py:309:<module> <- verify_multi.py:245:main
WARNING:pet.gui_stall_sampler:  [t-54ms] webm_clip.py:2499:_poll <- webm_clip.py:2750:_process_frame <- window_optional_services.py:62:<lambda> <- verify_multi.py:93:observed_frame <- window.py:1917:_on_frame <- window.py:2106:_rebuild_frame
WARNING:root:GUI 卡顿 120ms state=IDLE anim=东张西望 physics=None
WARNING:pet.gui_stall_sampler:GUI 冻结现场（120ms，2 个采样点，旧→新）：
WARNING:pet.gui_stall_sampler:  [t-161ms] verify_multi.py:309:<module> <- verify_multi.py:245:main
WARNING:pet.gui_stall_sampler:  [t-55ms] webm_clip.py:2499:_poll <- webm_clip.py:2750:_process_frame <- window_optional_services.py:62:<lambda> <- verify_multi.py:93:observed_frame <- window.py:1917:_on_frame <- window.py:2106:_rebuild_frame
WARNING:root:GUI 卡顿 120ms state=IDLE anim=余额-分文不剩 physics=None
WARNING:pet.gui_stall_sampler:GUI 冻结现场（120ms，2 个采样点，旧→新）：
WARNING:pet.gui_stall_sampler:  [t-161ms] verify_multi.py:309:<module> <- verify_multi.py:245:main
WARNING:pet.gui_stall_sampler:  [t-55ms] webm_clip.py:2499:_poll <- webm_clip.py:2750:_process_frame <- window_optional_services.py:62:<lambda> <- verify_multi.py:93:observed_frame <- window.py:1917:_on_frame <- window.py:2106:_rebuild_frame
WARNING:root:GUI 卡顿 179ms state=IDLE anim=待机呼吸休闲 physics=None
WARNING:pet.gui_stall_sampler:GUI 冻结现场（179ms，2 个采样点，旧→新）：
WARNING:pet.gui_stall_sampler:  [t-184ms] verify_multi.py:309:<module> <- verify_multi.py:245:main
WARNING:pet.gui_stall_sampler:  [t-6ms] verify_multi.py:309:<module> <- verify_multi.py:245:main <- webm_clip.py:2499:_poll <- webm_clip.py:2724:_process_frame
WARNING:root:GUI 卡顿 180ms state=IDLE anim=东张西望 physics=None
WARNING:pet.gui_stall_sampler:GUI 冻结现场（180ms，2 个采样点，旧→新）：
WARNING:pet.gui_stall_sampler:  [t-184ms] verify_multi.py:309:<module> <- verify_multi.py:245:main
WARNING:pet.gui_stall_sampler:  [t-6ms] verify_multi.py:309:<module> <- verify_multi.py:245:main <- webm_clip.py:2499:_poll <- webm_clip.py:2724:_process_frame
WARNING:root:GUI 卡顿 180ms state=IDLE anim=余额-分文不剩 physics=None
WARNING:pet.gui_stall_sampler:GUI 冻结现场（180ms，2 个采样点，旧→新）：
WARNING:pet.gui_stall_sampler:  [t-185ms] verify_multi.py:309:<module> <- verify_multi.py:245:main
WARNING:pet.gui_stall_sampler:  [t-6ms] verify_multi.py:309:<module> <- verify_multi.py:245:main <- webm_clip.py:2499:_poll <- webm_clip.py:2724:_process_frame
WARNING:root:GUI 卡顿 117ms state=IDLE anim=待机呼吸休闲 physics=None
WARNING:pet.gui_stall_sampler:GUI 冻结现场（117ms，2 个采样点，旧→新）：
WARNING:pet.gui_stall_sampler:  [t-129ms] verify_multi.py:309:<module> <- verify_multi.py:245:main
WARNING:pet.gui_stall_sampler:  [t-35ms] webm_clip.py:2499:_poll <- webm_clip.py:2750:_process_frame <- window_optional_services.py:62:<lambda> <- verify_multi.py:93:observed_frame <- window.py:1917:_on_frame <- window.py:2106:_rebuild_frame
WARNING:root:GUI 卡顿 120ms state=IDLE anim=东张西望 physics=None
WARNING:pet.gui_stall_sampler:GUI 冻结现场（120ms，2 个采样点，旧→新）：
WARNING:pet.gui_stall_sampler:  [t-129ms] verify_multi.py:309:<module> <- verify_multi.py:245:main
WARNING:pet.gui_stall_sampler:  [t-35ms] webm_clip.py:2499:_poll <- webm_clip.py:2750:_process_frame <- window_optional_services.py:62:<lambda> <- verify_multi.py:93:observed_frame <- window.py:1917:_on_frame <- window.py:2106:_rebuild_frame
WARNING:root:GUI 卡顿 120ms state=IDLE anim=余额-分文不剩 physics=None
WARNING:pet.gui_stall_sampler:GUI 冻结现场（120ms，2 个采样点，旧→新）：
WARNING:pet.gui_stall_sampler:  [t-129ms] verify_multi.py:309:<module> <- verify_multi.py:245:main
WARNING:pet.gui_stall_sampler:  [t-35ms] webm_clip.py:2499:_poll <- webm_clip.py:2750:_process_frame <- window_optional_services.py:62:<lambda> <- verify_multi.py:93:observed_frame <- window.py:1917:_on_frame <- window.py:2106:_rebuild_frame
WARNING:root:GUI 卡顿 136ms state=IDLE anim=待机呼吸休闲 physics=None
WARNING:pet.gui_stall_sampler:GUI 冻结现场（136ms，2 个采样点，旧→新）：
WARNING:pet.gui_stall_sampler:  [t-145ms] verify_multi.py:309:<module> <- verify_multi.py:245:main
WARNING:root:GUI 卡顿 137ms state=IDLE anim=东张西望 physics=None
WARNING:pet.gui_stall_sampler:GUI 冻结现场（137ms，2 个采样点，旧→新）：
WARNING:pet.gui_stall_sampler:  [t-145ms] verify_multi.py:309:<module> <- verify_multi.py:245:main
WARNING:root:GUI 卡顿 137ms state=IDLE anim=余额-分文不剩 physics=None
WARNING:pet.gui_stall_sampler:GUI 冻结现场（137ms，2 个采样点，旧→新）：
WARNING:pet.gui_stall_sampler:  [t-145ms] verify_multi.py:309:<module> <- verify_multi.py:245:main
WARNING:root:GUI 卡顿 122ms state=IDLE anim=待机呼吸休闲 physics=None
WARNING:pet.gui_stall_sampler:GUI 冻结现场（122ms，1 个采样点，旧→新）：
WARNING:pet.gui_stall_sampler:  [t-145ms] verify_multi.py:309:<module> <- verify_multi.py:245:main
WARNING:root:GUI 卡顿 126ms state=IDLE anim=东张西望 physics=None
WARNING:pet.gui_stall_sampler:GUI 冻结现场（126ms，1 个采样点，旧→新）：
WARNING:pet.gui_stall_sampler:  [t-147ms] verify_multi.py:309:<module> <- verify_multi.py:245:main
WARNING:root:GUI 卡顿 126ms state=IDLE anim=余额-分文不剩 physics=None
WARNING:pet.gui_stall_sampler:GUI 冻结现场（126ms，1 个采样点，旧→新）：
WARNING:pet.gui_stall_sampler:  [t-147ms] verify_multi.py:309:<module> <- verify_multi.py:245:main
WARNING:root:GUI 卡顿 158ms state=IDLE anim=待机呼吸休闲 physics=None
WARNING:pet.gui_stall_sampler:GUI 冻结现场（158ms，2 个采样点，旧→新）：
WARNING:pet.gui_stall_sampler:  [t-177ms] verify_multi.py:309:<module> <- verify_multi.py:245:main <- window_optional_services.py:226:_on_cursor_facing_tick <- window.py:2106:_rebuild_frame
WARNING:pet.gui_stall_sampler:  [t-42ms] webm_clip.py:2750:_process_frame <- window_optional_services.py:62:<lambda> <- verify_multi.py:93:observed_frame <- window.py:1917:_on_frame <- window.py:2124:_rebuild_frame <- window.py:2265:_sync_mask
WARNING:root:GUI 卡顿 161ms state=IDLE anim=东张西望 physics=None
WARNING:pet.gui_stall_sampler:GUI 冻结现场（161ms，2 个采样点，旧→新）：
WARNING:pet.gui_stall_sampler:  [t-179ms] verify_multi.py:309:<module> <- verify_multi.py:245:main <- window_optional_services.py:226:_on_cursor_facing_tick <- window.py:2106:_rebuild_frame
WARNING:pet.gui_stall_sampler:  [t-44ms] webm_clip.py:2750:_process_frame <- window_optional_services.py:62:<lambda> <- verify_multi.py:93:observed_frame <- window.py:1917:_on_frame <- window.py:2124:_rebuild_frame <- window.py:2265:_sync_mask
WARNING:root:GUI 卡顿 162ms state=IDLE anim=余额-分文不剩 physics=None
WARNING:pet.gui_stall_sampler:GUI 冻结现场（162ms，2 个采样点，旧→新）：
WARNING:pet.gui_stall_sampler:  [t-179ms] verify_multi.py:309:<module> <- verify_multi.py:245:main <- window_optional_services.py:226:_on_cursor_facing_tick <- window.py:2106:_rebuild_frame
WARNING:pet.gui_stall_sampler:  [t-44ms] webm_clip.py:2750:_process_frame <- window_optional_services.py:62:<lambda> <- verify_multi.py:93:observed_frame <- window.py:1917:_on_frame <- window.py:2124:_rebuild_frame <- window.py:2265:_sync_mask
WARNING:root:GUI 卡顿 155ms state=IDLE anim=待机呼吸休闲 physics=None
WARNING:pet.gui_stall_sampler:GUI 冻结现场（155ms，1 个采样点，旧→新）：
WARNING:pet.gui_stall_sampler:  [t-190ms] verify_multi.py:309:<module> <- verify_multi.py:245:main
WARNING:root:GUI 卡顿 159ms state=IDLE anim=东张西望 physics=None
WARNING:pet.gui_stall_sampler:GUI 冻结现场（159ms，1 个采样点，旧→新）：
WARNING:pet.gui_stall_sampler:  [t-191ms] verify_multi.py:309:<module> <- verify_multi.py:245:main
WARNING:root:GUI 卡顿 159ms state=IDLE anim=余额-分文不剩 physics=None
WARNING:pet.gui_stall_sampler:GUI 冻结现场（159ms，1 个采样点，旧→新）：
WARNING:pet.gui_stall_sampler:  [t-191ms] verify_multi.py:309:<module> <- verify_multi.py:245:main
WARNING:root:GUI 卡顿 337ms state=IDLE anim=待机呼吸休闲 physics=None
WARNING:pet.gui_stall_sampler:GUI 冻结现场（337ms，2 个采样点，旧→新）：
WARNING:pet.gui_stall_sampler:  [t-367ms] verify_multi.py:309:<module> <- verify_multi.py:245:main
WARNING:pet.gui_stall_sampler:  [t-42ms] webm_clip.py:2499:_poll <- webm_clip.py:2750:_process_frame <- window_optional_services.py:62:<lambda> <- verify_multi.py:93:observed_frame <- window.py:1917:_on_frame <- window.py:2099:_rebuild_frame
WARNING:root:GUI 卡顿 341ms state=IDLE anim=东张西望 physics=None
WARNING:pet.gui_stall_sampler:GUI 冻结现场（341ms，2 个采样点，旧→新）：
WARNING:pet.gui_stall_sampler:  [t-368ms] verify_multi.py:309:<module> <- verify_multi.py:245:main
WARNING:pet.gui_stall_sampler:  [t-43ms] webm_clip.py:2499:_poll <- webm_clip.py:2750:_process_frame <- window_optional_services.py:62:<lambda> <- verify_multi.py:93:observed_frame <- window.py:1917:_on_frame <- window.py:2099:_rebuild_frame
WARNING:root:GUI 卡顿 342ms state=IDLE anim=余额-分文不剩 physics=None
WARNING:pet.gui_stall_sampler:GUI 冻结现场（342ms，2 个采样点，旧→新）：
WARNING:pet.gui_stall_sampler:  [t-368ms] verify_multi.py:309:<module> <- verify_multi.py:245:main
WARNING:pet.gui_stall_sampler:  [t-43ms] webm_clip.py:2499:_poll <- webm_clip.py:2750:_process_frame <- window_optional_services.py:62:<lambda> <- verify_multi.py:93:observed_frame <- window.py:1917:_on_frame <- window.py:2099:_rebuild_frame
WARNING:root:GUI 卡顿 150ms state=IDLE anim=待机呼吸休闲 physics=None
WARNING:pet.gui_stall_sampler:GUI 冻结现场（150ms，2 个采样点，旧→新）：
WARNING:pet.gui_stall_sampler:  [t-165ms] verify_multi.py:309:<module> <- verify_multi.py:245:main
WARNING:pet.gui_stall_sampler:  [t-109ms] verify_multi.py:309:<module> <- verify_multi.py:245:main <- webm_clip.py:2499:_poll <- webm_clip.py:2724:_process_frame
WARNING:root:GUI 卡顿 152ms state=IDLE anim=东张西望 physics=None
WARNING:pet.gui_stall_sampler:GUI 冻结现场（152ms，2 个采样点，旧→新）：
WARNING:pet.gui_stall_sampler:  [t-166ms] verify_multi.py:309:<module> <- verify_multi.py:245:main
WARNING:pet.gui_stall_sampler:  [t-110ms] verify_multi.py:309:<module> <- verify_multi.py:245:main <- webm_clip.py:2499:_poll <- webm_clip.py:2724:_process_frame
WARNING:root:GUI 卡顿 152ms state=IDLE anim=余额-分文不剩 physics=None
WARNING:pet.gui_stall_sampler:GUI 冻结现场（152ms，2 个采样点，旧→新）：
WARNING:pet.gui_stall_sampler:  [t-166ms] verify_multi.py:309:<module> <- verify_multi.py:245:main
WARNING:pet.gui_stall_sampler:  [t-110ms] verify_multi.py:309:<module> <- verify_multi.py:245:main <- webm_clip.py:2499:_poll <- webm_clip.py:2724:_process_frame
WARNING:root:GUI 卡顿 173ms state=IDLE anim=待机呼吸休闲 physics=None
WARNING:pet.gui_stall_sampler:GUI 冻结现场（173ms，2 个采样点，旧→新）：
WARNING:pet.gui_stall_sampler:  [t-200ms] verify_multi.py:309:<module> <- verify_multi.py:245:main
WARNING:pet.gui_stall_sampler:  [t-133ms] verify_multi.py:309:<module> <- verify_multi.py:245:main <- webm_clip.py:2499:_poll <- webm_clip.py:2723:_process_frame
WARNING:root:GUI 卡顿 175ms state=IDLE anim=东张西望 physics=None
WARNING:pet.gui_stall_sampler:GUI 冻结现场（175ms，3 个采样点，旧→新）：
WARNING:pet.gui_stall_sampler:  [t-202ms] verify_multi.py:309:<module> <- verify_multi.py:245:main
WARNING:pet.gui_stall_sampler:  [t-134ms] verify_multi.py:309:<module> <- verify_multi.py:245:main <- webm_clip.py:2499:_poll <- webm_clip.py:2723:_process_frame
WARNING:pet.gui_stall_sampler:  [t-0ms] webm_clip.py:2499:_poll <- webm_clip.py:2750:_process_frame <- window_optional_services.py:62:<lambda> <- verify_multi.py:93:observed_frame <- window.py:1917:_on_frame <- window.py:2106:_rebuild_frame
WARNING:root:GUI 卡顿 183ms state=IDLE anim=余额-分文不剩 physics=None
WARNING:pet.gui_stall_sampler:GUI 冻结现场（183ms，3 个采样点，旧→新）：
WARNING:pet.gui_stall_sampler:  [t-210ms] verify_multi.py:309:<module> <- verify_multi.py:245:main
WARNING:pet.gui_stall_sampler:  [t-142ms] verify_multi.py:309:<module> <- verify_multi.py:245:main <- webm_clip.py:2499:_poll <- webm_clip.py:2723:_process_frame
WARNING:pet.gui_stall_sampler:  [t-8ms] webm_clip.py:2499:_poll <- webm_clip.py:2750:_process_frame <- window_optional_services.py:62:<lambda> <- verify_multi.py:93:observed_frame <- window.py:1917:_on_frame <- window.py:2106:_rebuild_frame
WARNING:root:GUI 卡顿 192ms state=IDLE anim=待机呼吸休闲 physics=None
WARNING:pet.gui_stall_sampler:GUI 冻结现场（192ms，3 个采样点，旧→新）：
WARNING:pet.gui_stall_sampler:  [t-200ms] verify_multi.py:309:<module> <- verify_multi.py:245:main
WARNING:pet.gui_stall_sampler:  [t-121ms] verify_multi.py:309:<module> <- verify_multi.py:245:main <- webm_clip.py:2499:_poll <- webm_clip.py:2724:_process_frame
WARNING:root:GUI 卡顿 198ms state=IDLE anim=东张西望 physics=None
WARNING:pet.gui_stall_sampler:GUI 冻结现场（198ms，3 个采样点，旧→新）：
WARNING:pet.gui_stall_sampler:  [t-201ms] verify_multi.py:309:<module> <- verify_multi.py:245:main
WARNING:pet.gui_stall_sampler:  [t-121ms] verify_multi.py:309:<module> <- verify_multi.py:245:main <- webm_clip.py:2499:_poll <- webm_clip.py:2724:_process_frame
WARNING:root:GUI 卡顿 198ms state=IDLE anim=余额-分文不剩 physics=None
WARNING:pet.gui_stall_sampler:GUI 冻结现场（198ms，3 个采样点，旧→新）：
WARNING:pet.gui_stall_sampler:  [t-201ms] verify_multi.py:309:<module> <- verify_multi.py:245:main
WARNING:pet.gui_stall_sampler:  [t-121ms] verify_multi.py:309:<module> <- verify_multi.py:245:main <- webm_clip.py:2499:_poll <- webm_clip.py:2724:_process_frame
WARNING:root:GUI 卡顿 217ms state=IDLE anim=待机呼吸休闲 physics=None
WARNING:pet.gui_stall_sampler:GUI 冻结现场（217ms，2 个采样点，旧→新）：
WARNING:pet.gui_stall_sampler:  [t-230ms] verify_multi.py:309:<module> <- verify_multi.py:245:main
WARNING:pet.gui_stall_sampler:  [t-40ms] webm_clip.py:2499:_poll <- webm_clip.py:2750:_process_frame <- window_optional_services.py:62:<lambda> <- verify_multi.py:93:observed_frame <- window.py:1917:_on_frame <- window.py:2106:_rebuild_frame
WARNING:root:GUI 卡顿 217ms state=IDLE anim=东张西望 physics=None
WARNING:pet.gui_stall_sampler:GUI 冻结现场（217ms，2 个采样点，旧→新）：
WARNING:pet.gui_stall_sampler:  [t-230ms] verify_multi.py:309:<module> <- verify_multi.py:245:main
WARNING:pet.gui_stall_sampler:  [t-40ms] webm_clip.py:2499:_poll <- webm_clip.py:2750:_process_frame <- window_optional_services.py:62:<lambda> <- verify_multi.py:93:observed_frame <- window.py:1917:_on_frame <- window.py:2106:_rebuild_frame
WARNING:root:GUI 卡顿 217ms state=IDLE anim=余额-分文不剩 physics=None
WARNING:pet.gui_stall_sampler:GUI 冻结现场（217ms，2 个采样点，旧→新）：
WARNING:pet.gui_stall_sampler:  [t-230ms] verify_multi.py:309:<module> <- verify_multi.py:245:main
WARNING:pet.gui_stall_sampler:  [t-40ms] webm_clip.py:2499:_poll <- webm_clip.py:2750:_process_frame <- window_optional_services.py:62:<lambda> <- verify_multi.py:93:observed_frame <- window.py:1917:_on_frame <- window.py:2106:_rebuild_frame
WARNING:root:GUI 卡顿 168ms state=IDLE anim=待机呼吸休闲 physics=None
WARNING:pet.gui_stall_sampler:GUI 冻结现场（168ms，3 个采样点，旧→新）：
WARNING:pet.gui_stall_sampler:  [t-215ms] verify_multi.py:309:<module> <- verify_multi.py:245:main
WARNING:pet.gui_stall_sampler:  [t-78ms] verify_multi.py:309:<module> <- verify_multi.py:245:main <- webm_clip.py:2499:_poll <- webm_clip.py:2723:_process_frame
WARNING:pet.gui_stall_sampler:  [t-16ms] window_optional_services.py:62:<lambda> <- verify_multi.py:93:observed_frame <- window.py:1917:_on_frame <- window.py:2124:_rebuild_frame <- window.py:2270:_sync_mask <- window_optional_services.py:42:effects_coverage
WARNING:root:GUI 卡顿 171ms state=IDLE anim=东张西望 physics=None
WARNING:pet.gui_stall_sampler:GUI 冻结现场（171ms，3 个采样点，旧→新）：
WARNING:pet.gui_stall_sampler:  [t-216ms] verify_multi.py:309:<module> <- verify_multi.py:245:main
WARNING:pet.gui_stall_sampler:  [t-79ms] verify_multi.py:309:<module> <- verify_multi.py:245:main <- webm_clip.py:2499:_poll <- webm_clip.py:2723:_process_frame
WARNING:pet.gui_stall_sampler:  [t-16ms] window_optional_services.py:62:<lambda> <- verify_multi.py:93:observed_frame <- window.py:1917:_on_frame <- window.py:2124:_rebuild_frame <- window.py:2270:_sync_mask <- window_optional_services.py:42:effects_coverage
WARNING:root:GUI 卡顿 172ms state=IDLE anim=余额-分文不剩 physics=None
WARNING:pet.gui_stall_sampler:GUI 冻结现场（172ms，3 个采样点，旧→新）：
WARNING:pet.gui_stall_sampler:  [t-216ms] verify_multi.py:309:<module> <- verify_multi.py:245:main
WARNING:pet.gui_stall_sampler:  [t-79ms] verify_multi.py:309:<module> <- verify_multi.py:245:main <- webm_clip.py:2499:_poll <- webm_clip.py:2723:_process_frame
WARNING:pet.gui_stall_sampler:  [t-16ms] window_optional_services.py:62:<lambda> <- verify_multi.py:93:observed_frame <- window.py:1917:_on_frame <- window.py:2124:_rebuild_frame <- window.py:2270:_sync_mask <- window_optional_services.py:42:effects_coverage
WARNING:root:GUI 卡顿 140ms state=IDLE anim=待机呼吸休闲 physics=None
WARNING:pet.gui_stall_sampler:GUI 冻结现场（140ms，3 个采样点，旧→新）：
WARNING:pet.gui_stall_sampler:  [t-171ms] verify_multi.py:309:<module> <- verify_multi.py:245:main
WARNING:pet.gui_stall_sampler:  [t-111ms] verify_multi.py:309:<module> <- verify_multi.py:245:main <- webm_clip.py:2499:_poll <- webm_clip.py:2724:_process_frame
WARNING:pet.gui_stall_sampler:  [t-9ms] webm_clip.py:2499:_poll <- webm_clip.py:2750:_process_frame <- window_optional_services.py:62:<lambda> <- verify_multi.py:93:observed_frame <- window.py:1919:_on_frame <- window.py:2126:_rebuild_frame
WARNING:root:GUI 卡顿 143ms state=IDLE anim=东张西望 physics=None
WARNING:pet.gui_stall_sampler:GUI 冻结现场（143ms，3 个采样点，旧→新）：
WARNING:pet.gui_stall_sampler:  [t-172ms] verify_multi.py:309:<module> <- verify_multi.py:245:main
WARNING:pet.gui_stall_sampler:  [t-112ms] verify_multi.py:309:<module> <- verify_multi.py:245:main <- webm_clip.py:2499:_poll <- webm_clip.py:2724:_process_frame
WARNING:pet.gui_stall_sampler:  [t-10ms] webm_clip.py:2499:_poll <- webm_clip.py:2750:_process_frame <- window_optional_services.py:62:<lambda> <- verify_multi.py:93:observed_frame <- window.py:1919:_on_frame <- window.py:2126:_rebuild_frame
WARNING:root:GUI 卡顿 143ms state=IDLE anim=余额-分文不剩 physics=None
WARNING:pet.gui_stall_sampler:GUI 冻结现场（143ms，3 个采样点，旧→新）：
WARNING:pet.gui_stall_sampler:  [t-172ms] verify_multi.py:309:<module> <- verify_multi.py:245:main
WARNING:pet.gui_stall_sampler:  [t-112ms] verify_multi.py:309:<module> <- verify_multi.py:245:main <- webm_clip.py:2499:_poll <- webm_clip.py:2724:_process_frame
WARNING:pet.gui_stall_sampler:  [t-10ms] webm_clip.py:2499:_poll <- webm_clip.py:2750:_process_frame <- window_optional_services.py:62:<lambda> <- verify_multi.py:93:observed_frame <- window.py:1919:_on_frame <- window.py:2126:_rebuild_frame
WARNING:root:GUI 卡顿 172ms state=IDLE anim=待机呼吸休闲 physics=None
WARNING:pet.gui_stall_sampler:GUI 冻结现场（172ms，2 个采样点，旧→新）：
WARNING:pet.gui_stall_sampler:  [t-169ms] verify_multi.py:309:<module> <- verify_multi.py:245:main
WARNING:pet.gui_stall_sampler:  [t-49ms] webm_clip.py:2499:_poll <- webm_clip.py:2750:_process_frame <- window_optional_services.py:62:<lambda> <- verify_multi.py:93:observed_frame <- window.py:1917:_on_frame <- window.py:2106:_rebuild_frame
WARNING:root:GUI 卡顿 174ms state=IDLE anim=东张西望 physics=None
WARNING:pet.gui_stall_sampler:GUI 冻结现场（174ms，2 个采样点，旧→新）：
WARNING:pet.gui_stall_sampler:  [t-169ms] verify_multi.py:309:<module> <- verify_multi.py:245:main
WARNING:pet.gui_stall_sampler:  [t-49ms] webm_clip.py:2499:_poll <- webm_clip.py:2750:_process_frame <- window_optional_services.py:62:<lambda> <- verify_multi.py:93:observed_frame <- window.py:1917:_on_frame <- window.py:2106:_rebuild_frame
WARNING:root:GUI 卡顿 174ms state=IDLE anim=余额-分文不剩 physics=None
WARNING:pet.gui_stall_sampler:GUI 冻结现场（174ms，2 个采样点，旧→新）：
WARNING:pet.gui_stall_sampler:  [t-169ms] verify_multi.py:309:<module> <- verify_multi.py:245:main
WARNING:pet.gui_stall_sampler:  [t-49ms] webm_clip.py:2499:_poll <- webm_clip.py:2750:_process_frame <- window_optional_services.py:62:<lambda> <- verify_multi.py:93:observed_frame <- window.py:1917:_on_frame <- window.py:2106:_rebuild_frame
WARNING:root:GUI 卡顿 101ms state=IDLE anim=待机呼吸休闲 physics=None
WARNING:pet.gui_stall_sampler:GUI 冻结现场（101ms，3 个采样点，旧→新）：
WARNING:pet.gui_stall_sampler:  [t-141ms] verify_multi.py:309:<module> <- verify_multi.py:245:main
WARNING:pet.gui_stall_sampler:  [t-85ms] verify_multi.py:309:<module> <- verify_multi.py:245:main <- webm_clip.py:2499:_poll <- webm_clip.py:2724:_process_frame
WARNING:root:GUI 卡顿 103ms state=IDLE anim=东张西望 physics=None
WARNING:pet.gui_stall_sampler:GUI 冻结现场（103ms，3 个采样点，旧→新）：
WARNING:pet.gui_stall_sampler:  [t-142ms] verify_multi.py:309:<module> <- verify_multi.py:245:main
WARNING:pet.gui_stall_sampler:  [t-86ms] verify_multi.py:309:<module> <- verify_multi.py:245:main <- webm_clip.py:2499:_poll <- webm_clip.py:2724:_process_frame
WARNING:root:GUI 卡顿 103ms state=IDLE anim=余额-分文不剩 physics=None
WARNING:pet.gui_stall_sampler:GUI 冻结现场（103ms，3 个采样点，旧→新）：
WARNING:pet.gui_stall_sampler:  [t-142ms] verify_multi.py:309:<module> <- verify_multi.py:245:main
WARNING:pet.gui_stall_sampler:  [t-86ms] verify_multi.py:309:<module> <- verify_multi.py:245:main <- webm_clip.py:2499:_poll <- webm_clip.py:2724:_process_frame
WARNING:root:GUI 卡顿 130ms state=IDLE anim=待机呼吸休闲 physics=None
WARNING:pet.gui_stall_sampler:GUI 冻结现场（130ms，1 个采样点，旧→新）：
WARNING:pet.gui_stall_sampler:  [t-3ms] verify_multi.py:309:<module> <- verify_multi.py:245:main <- webm_clip.py:2499:_poll <- webm_clip.py:2724:_process_frame
WARNING:root:GUI 卡顿 131ms state=IDLE anim=东张西望 physics=None
WARNING:pet.gui_stall_sampler:GUI 冻结现场（131ms，1 个采样点，旧→新）：
WARNING:pet.gui_stall_sampler:  [t-3ms] verify_multi.py:309:<module> <- verify_multi.py:245:main <- webm_clip.py:2499:_poll <- webm_clip.py:2724:_process_frame
WARNING:root:GUI 卡顿 131ms state=IDLE anim=余额-分文不剩 physics=None
WARNING:pet.gui_stall_sampler:GUI 冻结现场（131ms，1 个采样点，旧→新）：
WARNING:pet.gui_stall_sampler:  [t-3ms] verify_multi.py:309:<module> <- verify_multi.py:245:main <- webm_clip.py:2499:_poll <- webm_clip.py:2724:_process_frame
WARNING:root:GUI 卡顿 101ms state=IDLE anim=待机呼吸休闲 physics=None
WARNING:pet.gui_stall_sampler:GUI 冻结现场（101ms，1 个采样点，旧→新）：
WARNING:pet.gui_stall_sampler:  [t-116ms] verify_multi.py:309:<module> <- verify_multi.py:245:main
WARNING:root:GUI 卡顿 102ms state=IDLE anim=东张西望 physics=None
WARNING:pet.gui_stall_sampler:GUI 冻结现场（102ms，1 个采样点，旧→新）：
WARNING:pet.gui_stall_sampler:  [t-116ms] verify_multi.py:309:<module> <- verify_multi.py:245:main
WARNING:root:GUI 卡顿 104ms state=IDLE anim=余额-分文不剩 physics=None
WARNING:pet.gui_stall_sampler:GUI 冻结现场（104ms，2 个采样点，旧→新）：
WARNING:pet.gui_stall_sampler:  [t-118ms] verify_multi.py:309:<module> <- verify_multi.py:245:main
WARNING:pet.gui_stall_sampler:  [t-0ms] webm_clip.py:2499:_poll <- webm_clip.py:2750:_process_frame <- window_optional_services.py:62:<lambda> <- verify_multi.py:93:observed_frame <- window.py:1917:_on_frame <- window.py:2106:_rebuild_frame
WARNING:root:GUI 卡顿 101ms state=IDLE anim=待机呼吸休闲 physics=None
WARNING:pet.gui_stall_sampler:GUI 冻结现场（101ms，2 个采样点，旧→新）：
WARNING:pet.gui_stall_sampler:  [t-99ms] verify_multi.py:309:<module> <- verify_multi.py:245:main
WARNING:pet.gui_stall_sampler:  [t-14ms] webm_clip.py:2499:_poll <- webm_clip.py:2750:_process_frame <- window_optional_services.py:62:<lambda> <- verify_multi.py:93:observed_frame <- window.py:1917:_on_frame <- window.py:2106:_rebuild_frame
WARNING:root:GUI 卡顿 102ms state=IDLE anim=东张西望 physics=None
WARNING:pet.gui_stall_sampler:GUI 冻结现场（102ms，2 个采样点，旧→新）：
WARNING:pet.gui_stall_sampler:  [t-100ms] verify_multi.py:309:<module> <- verify_multi.py:245:main
WARNING:pet.gui_stall_sampler:  [t-14ms] webm_clip.py:2499:_poll <- webm_clip.py:2750:_process_frame <- window_optional_services.py:62:<lambda> <- verify_multi.py:93:observed_frame <- window.py:1917:_on_frame <- window.py:2106:_rebuild_frame
WARNING:root:GUI 卡顿 102ms state=IDLE anim=余额-分文不剩 physics=None
WARNING:pet.gui_stall_sampler:GUI 冻结现场（102ms，2 个采样点，旧→新）：
WARNING:pet.gui_stall_sampler:  [t-100ms] verify_multi.py:309:<module> <- verify_multi.py:245:main
WARNING:pet.gui_stall_sampler:  [t-14ms] webm_clip.py:2499:_poll <- webm_clip.py:2750:_process_frame <- window_optional_services.py:62:<lambda> <- verify_multi.py:93:observed_frame <- window.py:1917:_on_frame <- window.py:2106:_rebuild_frame
WARNING:root:GUI 卡顿 102ms state=IDLE anim=待机呼吸休闲 physics=None
WARNING:pet.gui_stall_sampler:GUI 冻结现场（102ms，2 个采样点，旧→新）：
WARNING:pet.gui_stall_sampler:  [t-127ms] verify_multi.py:309:<module> <- verify_multi.py:245:main
WARNING:pet.gui_stall_sampler:  [t-43ms] webm_clip.py:2499:_poll <- webm_clip.py:2750:_process_frame <- window_optional_services.py:62:<lambda> <- verify_multi.py:93:observed_frame <- window.py:1917:_on_frame <- window.py:2124:_rebuild_frame
WARNING:root:GUI 卡顿 103ms state=IDLE anim=东张西望 physics=None
WARNING:pet.gui_stall_sampler:GUI 冻结现场（103ms，2 个采样点，旧→新）：
WARNING:pet.gui_stall_sampler:  [t-127ms] verify_multi.py:309:<module> <- verify_multi.py:245:main
WARNING:pet.gui_stall_sampler:  [t-44ms] webm_clip.py:2499:_poll <- webm_clip.py:2750:_process_frame <- window_optional_services.py:62:<lambda> <- verify_multi.py:93:observed_frame <- window.py:1917:_on_frame <- window.py:2124:_rebuild_frame
WARNING:root:GUI 卡顿 103ms state=IDLE anim=余额-分文不剩 physics=None
WARNING:pet.gui_stall_sampler:GUI 冻结现场（103ms，2 个采样点，旧→新）：
WARNING:pet.gui_stall_sampler:  [t-127ms] verify_multi.py:309:<module> <- verify_multi.py:245:main
WARNING:pet.gui_stall_sampler:  [t-44ms] webm_clip.py:2499:_poll <- webm_clip.py:2750:_process_frame <- window_optional_services.py:62:<lambda> <- verify_multi.py:93:observed_frame <- window.py:1917:_on_frame <- window.py:2124:_rebuild_frame
WARNING:root:GUI 卡顿 100ms state=IDLE anim=待机呼吸休闲 physics=None
WARNING:pet.gui_stall_sampler:GUI 冻结现场（100ms，3 个采样点，旧→新）：
WARNING:pet.gui_stall_sampler:  [t-140ms] verify_multi.py:309:<module> <- verify_multi.py:245:main
WARNING:pet.gui_stall_sampler:  [t-66ms] webm_clip.py:2499:_poll <- webm_clip.py:2750:_process_frame <- window_optional_services.py:62:<lambda> <- verify_multi.py:93:observed_frame <- window.py:1917:_on_frame <- window.py:2106:_rebuild_frame
WARNING:pet.gui_stall_sampler:  [t-10ms] verify_multi.py:309:<module> <- verify_multi.py:245:main
WARNING:root:GUI 卡顿 102ms state=IDLE anim=东张西望 physics=None
WARNING:pet.gui_stall_sampler:GUI 冻结现场（102ms，3 个采样点，旧→新）：
WARNING:pet.gui_stall_sampler:  [t-142ms] verify_multi.py:309:<module> <- verify_multi.py:245:main
WARNING:pet.gui_stall_sampler:  [t-67ms] webm_clip.py:2499:_poll <- webm_clip.py:2750:_process_frame <- window_optional_services.py:62:<lambda> <- verify_multi.py:93:observed_frame <- window.py:1917:_on_frame <- window.py:2106:_rebuild_frame
WARNING:pet.gui_stall_sampler:  [t-12ms] verify_multi.py:309:<module> <- verify_multi.py:245:main
WARNING:root:GUI 卡顿 102ms state=IDLE anim=余额-分文不剩 physics=None
WARNING:pet.gui_stall_sampler:GUI 冻结现场（102ms，3 个采样点，旧→新）：
WARNING:pet.gui_stall_sampler:  [t-142ms] verify_multi.py:309:<module> <- verify_multi.py:245:main
WARNING:pet.gui_stall_sampler:  [t-67ms] webm_clip.py:2499:_poll <- webm_clip.py:2750:_process_frame <- window_optional_services.py:62:<lambda> <- verify_multi.py:93:observed_frame <- window.py:1917:_on_frame <- window.py:2106:_rebuild_frame
WARNING:pet.gui_stall_sampler:  [t-12ms] verify_multi.py:309:<module> <- verify_multi.py:245:main
WARNING:root:GUI 卡顿 202ms state=IDLE anim=待机呼吸休闲 physics=None
WARNING:pet.gui_stall_sampler:GUI 冻结现场（202ms，1 个采样点，旧→新）：
WARNING:pet.gui_stall_sampler:  [t-54ms] verify_multi.py:309:<module> <- verify_multi.py:245:main <- webm_clip.py:2499:_poll <- webm_clip.py:2724:_process_frame
WARNING:root:GUI 卡顿 203ms state=IDLE anim=东张西望 physics=None
WARNING:pet.gui_stall_sampler:GUI 冻结现场（203ms，1 个采样点，旧→新）：
WARNING:pet.gui_stall_sampler:  [t-54ms] verify_multi.py:309:<module> <- verify_multi.py:245:main <- webm_clip.py:2499:_poll <- webm_clip.py:2724:_process_frame
WARNING:root:GUI 卡顿 203ms state=IDLE anim=余额-分文不剩 physics=None
WARNING:pet.gui_stall_sampler:GUI 冻结现场（203ms，1 个采样点，旧→新）：
WARNING:pet.gui_stall_sampler:  [t-54ms] verify_multi.py:309:<module> <- verify_multi.py:245:main <- webm_clip.py:2499:_poll <- webm_clip.py:2724:_process_frame
WARNING:root:GUI 卡顿 122ms state=IDLE anim=待机呼吸休闲 physics=None
WARNING:pet.gui_stall_sampler:GUI 冻结现场（122ms，2 个采样点，旧→新）：
WARNING:pet.gui_stall_sampler:  [t-143ms] verify_multi.py:309:<module> <- verify_multi.py:245:main
WARNING:pet.gui_stall_sampler:  [t-11ms] webm_clip.py:2499:_poll <- webm_clip.py:2750:_process_frame <- window_optional_services.py:62:<lambda> <- verify_multi.py:93:observed_frame <- window.py:1917:_on_frame <- window.py:2119:_rebuild_frame
WARNING:root:GUI 卡顿 123ms state=IDLE anim=东张西望 physics=None
WARNING:pet.gui_stall_sampler:GUI 冻结现场（123ms，2 个采样点，旧→新）：
WARNING:pet.gui_stall_sampler:  [t-143ms] verify_multi.py:309:<module> <- verify_multi.py:245:main
WARNING:pet.gui_stall_sampler:  [t-11ms] webm_clip.py:2499:_poll <- webm_clip.py:2750:_process_frame <- window_optional_services.py:62:<lambda> <- verify_multi.py:93:observed_frame <- window.py:1917:_on_frame <- window.py:2119:_rebuild_frame
WARNING:root:GUI 卡顿 123ms state=IDLE anim=余额-分文不剩 physics=None
WARNING:pet.gui_stall_sampler:GUI 冻结现场（123ms，2 个采样点，旧→新）：
WARNING:pet.gui_stall_sampler:  [t-144ms] verify_multi.py:309:<module> <- verify_multi.py:245:main
WARNING:pet.gui_stall_sampler:  [t-11ms] webm_clip.py:2499:_poll <- webm_clip.py:2750:_process_frame <- window_optional_services.py:62:<lambda> <- verify_multi.py:93:observed_frame <- window.py:1917:_on_frame <- window.py:2119:_rebuild_frame
WARNING:root:GUI 卡顿 173ms state=IDLE anim=待机呼吸休闲 physics=None
WARNING:pet.gui_stall_sampler:GUI 冻结现场（173ms，2 个采样点，旧→新）：
WARNING:pet.gui_stall_sampler:  [t-180ms] verify_multi.py:309:<module> <- verify_multi.py:245:main
WARNING:pet.gui_stall_sampler:  [t-8ms] verify_multi.py:309:<module> <- verify_multi.py:245:main <- webm_clip.py:2499:_poll <- webm_clip.py:2750:_process_frame
WARNING:root:GUI 卡顿 174ms state=IDLE anim=东张西望 physics=None
WARNING:pet.gui_stall_sampler:GUI 冻结现场（174ms，2 个采样点，旧→新）：
WARNING:pet.gui_stall_sampler:  [t-180ms] verify_multi.py:309:<module> <- verify_multi.py:245:main
WARNING:pet.gui_stall_sampler:  [t-9ms] verify_multi.py:309:<module> <- verify_multi.py:245:main <- webm_clip.py:2499:_poll <- webm_clip.py:2750:_process_frame
WARNING:root:GUI 卡顿 175ms state=IDLE anim=余额-分文不剩 physics=None
WARNING:pet.gui_stall_sampler:GUI 冻结现场（175ms，2 个采样点，旧→新）：
WARNING:pet.gui_stall_sampler:  [t-181ms] verify_multi.py:309:<module> <- verify_multi.py:245:main
WARNING:pet.gui_stall_sampler:  [t-9ms] verify_multi.py:309:<module> <- verify_multi.py:245:main <- webm_clip.py:2499:_poll <- webm_clip.py:2750:_process_frame
WARNING:root:GUI 卡顿 101ms state=IDLE anim=待机呼吸休闲 physics=None
WARNING:pet.gui_stall_sampler:GUI 冻结现场（101ms，2 个采样点，旧→新）：
WARNING:pet.gui_stall_sampler:  [t-122ms] webm_clip.py:2499:_poll <- webm_clip.py:2750:_process_frame <- window_optional_services.py:62:<lambda> <- verify_multi.py:93:observed_frame <- window.py:1917:_on_frame <- window.py:2114:_rebuild_frame
WARNING:pet.gui_stall_sampler:  [t-15ms] verify_multi.py:309:<module> <- verify_multi.py:245:main <- webm_clip.py:2499:_poll <- webm_clip.py:2750:_process_frame
WARNING:root:GUI 卡顿 102ms state=IDLE anim=东张西望 physics=None
WARNING:pet.gui_stall_sampler:GUI 冻结现场（102ms，2 个采样点，旧→新）：
WARNING:pet.gui_stall_sampler:  [t-123ms] webm_clip.py:2499:_poll <- webm_clip.py:2750:_process_frame <- window_optional_services.py:62:<lambda> <- verify_multi.py:93:observed_frame <- window.py:1917:_on_frame <- window.py:2114:_rebuild_frame
WARNING:pet.gui_stall_sampler:  [t-16ms] verify_multi.py:309:<module> <- verify_multi.py:245:main <- webm_clip.py:2499:_poll <- webm_clip.py:2750:_process_frame
WARNING:root:GUI 卡顿 102ms state=IDLE anim=余额-分文不剩 physics=None
WARNING:pet.gui_stall_sampler:GUI 冻结现场（102ms，2 个采样点，旧→新）：
WARNING:pet.gui_stall_sampler:  [t-123ms] webm_clip.py:2499:_poll <- webm_clip.py:2750:_process_frame <- window_optional_services.py:62:<lambda> <- verify_multi.py:93:observed_frame <- window.py:1917:_on_frame <- window.py:2114:_rebuild_frame
WARNING:pet.gui_stall_sampler:  [t-16ms] verify_multi.py:309:<module> <- verify_multi.py:245:main <- webm_clip.py:2499:_poll <- webm_clip.py:2750:_process_frame
WARNING:root:GUI 卡顿 281ms state=IDLE anim=待机呼吸休闲 physics=None
WARNING:pet.gui_stall_sampler:GUI 冻结现场（281ms，3 个采样点，旧→新）：
WARNING:pet.gui_stall_sampler:  [t-305ms] verify_multi.py:309:<module> <- verify_multi.py:245:main
WARNING:pet.gui_stall_sampler:  [t-65ms] verify_multi.py:309:<module> <- verify_multi.py:245:main <- webm_clip.py:2499:_poll <- webm_clip.py:2750:_process_frame
WARNING:pet.gui_stall_sampler:  [t-7ms] verify_multi.py:309:<module> <- verify_multi.py:245:main
WARNING:root:GUI 卡顿 282ms state=IDLE anim=东张西望 physics=None
WARNING:pet.gui_stall_sampler:GUI 冻结现场（282ms，3 个采样点，旧→新）：
WARNING:pet.gui_stall_sampler:  [t-306ms] verify_multi.py:309:<module> <- verify_multi.py:245:main
WARNING:pet.gui_stall_sampler:  [t-66ms] verify_multi.py:309:<module> <- verify_multi.py:245:main <- webm_clip.py:2499:_poll <- webm_clip.py:2750:_process_frame
WARNING:pet.gui_stall_sampler:  [t-7ms] verify_multi.py:309:<module> <- verify_multi.py:245:main
WARNING:root:GUI 卡顿 282ms state=IDLE anim=余额-分文不剩 physics=None
WARNING:pet.gui_stall_sampler:GUI 冻结现场（282ms，3 个采样点，旧→新）：
WARNING:pet.gui_stall_sampler:  [t-306ms] verify_multi.py:309:<module> <- verify_multi.py:245:main
WARNING:pet.gui_stall_sampler:  [t-66ms] verify_multi.py:309:<module> <- verify_multi.py:245:main <- webm_clip.py:2499:_poll <- webm_clip.py:2750:_process_frame
WARNING:pet.gui_stall_sampler:  [t-7ms] verify_multi.py:309:<module> <- verify_multi.py:245:main
WARNING:root:GUI 卡顿 126ms state=IDLE anim=待机呼吸休闲 physics=None
WARNING:pet.gui_stall_sampler:GUI 冻结现场（126ms，2 个采样点，旧→新）：
WARNING:pet.gui_stall_sampler:  [t-125ms] verify_multi.py:309:<module> <- verify_multi.py:245:main
WARNING:pet.gui_stall_sampler:  [t-30ms] verify_multi.py:309:<module> <- verify_multi.py:245:main <- webm_clip.py:2499:_poll <- webm_clip.py:2724:_process_frame
WARNING:root:GUI 卡顿 127ms state=IDLE anim=东张西望 physics=None
WARNING:pet.gui_stall_sampler:GUI 冻结现场（127ms，2 个采样点，旧→新）：
WARNING:pet.gui_stall_sampler:  [t-125ms] verify_multi.py:309:<module> <- verify_multi.py:245:main
WARNING:pet.gui_stall_sampler:  [t-30ms] verify_multi.py:309:<module> <- verify_multi.py:245:main <- webm_clip.py:2499:_poll <- webm_clip.py:2724:_process_frame
WARNING:root:GUI 卡顿 127ms state=IDLE anim=余额-分文不剩 physics=None
WARNING:pet.gui_stall_sampler:GUI 冻结现场（127ms，2 个采样点，旧→新）：
WARNING:pet.gui_stall_sampler:  [t-125ms] verify_multi.py:309:<module> <- verify_multi.py:245:main
WARNING:pet.gui_stall_sampler:  [t-30ms] verify_multi.py:309:<module> <- verify_multi.py:245:main <- webm_clip.py:2499:_poll <- webm_clip.py:2724:_process_frame
WARNING:root:GUI 卡顿 289ms state=IDLE anim=待机呼吸休闲 physics=None
WARNING:pet.gui_stall_sampler:GUI 冻结现场（289ms，3 个采样点，旧→新）：
WARNING:pet.gui_stall_sampler:  [t-317ms] verify_multi.py:309:<module> <- verify_multi.py:245:main
WARNING:pet.gui_stall_sampler:  [t-211ms] webm_clip.py:2499:_poll <- webm_clip.py:2750:_process_frame <- window_optional_services.py:62:<lambda> <- verify_multi.py:93:observed_frame <- window.py:1917:_on_frame <- window.py:2106:_rebuild_frame
WARNING:pet.gui_stall_sampler:  [t-24ms] webm_clip.py:2499:_poll <- webm_clip.py:2750:_process_frame <- window_optional_services.py:62:<lambda> <- verify_multi.py:93:observed_frame <- window.py:1919:_on_frame <- window.py:2126:_rebuild_frame
WARNING:root:GUI 卡顿 291ms state=IDLE anim=东张西望 physics=None
WARNING:pet.gui_stall_sampler:GUI 冻结现场（291ms，3 个采样点，旧→新）：
WARNING:pet.gui_stall_sampler:  [t-317ms] verify_multi.py:309:<module> <- verify_multi.py:245:main
WARNING:pet.gui_stall_sampler:  [t-211ms] webm_clip.py:2499:_poll <- webm_clip.py:2750:_process_frame <- window_optional_services.py:62:<lambda> <- verify_multi.py:93:observed_frame <- window.py:1917:_on_frame <- window.py:2106:_rebuild_frame
WARNING:pet.gui_stall_sampler:  [t-24ms] webm_clip.py:2499:_poll <- webm_clip.py:2750:_process_frame <- window_optional_services.py:62:<lambda> <- verify_multi.py:93:observed_frame <- window.py:1919:_on_frame <- window.py:2126:_rebuild_frame
WARNING:root:GUI 卡顿 292ms state=IDLE anim=余额-分文不剩 physics=None
WARNING:pet.gui_stall_sampler:GUI 冻结现场（292ms，3 个采样点，旧→新）：
WARNING:pet.gui_stall_sampler:  [t-317ms] verify_multi.py:309:<module> <- verify_multi.py:245:main
WARNING:pet.gui_stall_sampler:  [t-211ms] webm_clip.py:2499:_poll <- webm_clip.py:2750:_process_frame <- window_optional_services.py:62:<lambda> <- verify_multi.py:93:observed_frame <- window.py:1917:_on_frame <- window.py:2106:_rebuild_frame
WARNING:pet.gui_stall_sampler:  [t-24ms] webm_clip.py:2499:_poll <- webm_clip.py:2750:_process_frame <- window_optional_services.py:62:<lambda> <- verify_multi.py:93:observed_frame <- window.py:1919:_on_frame <- window.py:2126:_rebuild_frame
WARNING:root:GUI 卡顿 106ms state=IDLE anim=待机呼吸休闲 physics=None
WARNING:pet.gui_stall_sampler:GUI 冻结现场（106ms，3 个采样点，旧→新）：
WARNING:pet.gui_stall_sampler:  [t-126ms] verify_multi.py:309:<module> <- verify_multi.py:245:main
WARNING:pet.gui_stall_sampler:  [t-56ms] webm_clip.py:2499:_poll <- webm_clip.py:2750:_process_frame <- window_optional_services.py:62:<lambda> <- verify_multi.py:93:observed_frame <- window.py:1917:_on_frame <- window.py:2099:_rebuild_frame
WARNING:pet.gui_stall_sampler:  [t-5ms] verify_multi.py:309:<module> <- verify_multi.py:245:main
WARNING:root:GUI 卡顿 107ms state=IDLE anim=东张西望 physics=None
WARNING:pet.gui_stall_sampler:GUI 冻结现场（107ms，3 个采样点，旧→新）：
WARNING:pet.gui_stall_sampler:  [t-126ms] verify_multi.py:309:<module> <- verify_multi.py:245:main
WARNING:pet.gui_stall_sampler:  [t-57ms] webm_clip.py:2499:_poll <- webm_clip.py:2750:_process_frame <- window_optional_services.py:62:<lambda> <- verify_multi.py:93:observed_frame <- window.py:1917:_on_frame <- window.py:2099:_rebuild_frame
WARNING:pet.gui_stall_sampler:  [t-5ms] verify_multi.py:309:<module> <- verify_multi.py:245:main
WARNING:root:GUI 卡顿 107ms state=IDLE anim=余额-分文不剩 physics=None
WARNING:pet.gui_stall_sampler:GUI 冻结现场（107ms，3 个采样点，旧→新）：
WARNING:pet.gui_stall_sampler:  [t-127ms] verify_multi.py:309:<module> <- verify_multi.py:245:main
WARNING:pet.gui_stall_sampler:  [t-57ms] webm_clip.py:2499:_poll <- webm_clip.py:2750:_process_frame <- window_optional_services.py:62:<lambda> <- verify_multi.py:93:observed_frame <- window.py:1917:_on_frame <- window.py:2099:_rebuild_frame
WARNING:pet.gui_stall_sampler:  [t-5ms] verify_multi.py:309:<module> <- verify_multi.py:245:main
WARNING:root:GUI 卡顿 272ms state=IDLE anim=待机呼吸休闲 physics=None
WARNING:pet.gui_stall_sampler:GUI 冻结现场（272ms，2 个采样点，旧→新）：
WARNING:pet.gui_stall_sampler:  [t-279ms] verify_multi.py:309:<module> <- verify_multi.py:245:main
WARNING:pet.gui_stall_sampler:  [t-22ms] webm_clip.py:2499:_poll <- webm_clip.py:2750:_process_frame <- window_optional_services.py:62:<lambda> <- verify_multi.py:93:observed_frame <- window.py:1917:_on_frame <- window.py:2119:_rebuild_frame
WARNING:root:GUI 卡顿 274ms state=IDLE anim=东张西望 physics=None
WARNING:pet.gui_stall_sampler:GUI 冻结现场（274ms，2 个采样点，旧→新）：
WARNING:pet.gui_stall_sampler:  [t-279ms] verify_multi.py:309:<module> <- verify_multi.py:245:main
WARNING:pet.gui_stall_sampler:  [t-23ms] webm_clip.py:2499:_poll <- webm_clip.py:2750:_process_frame <- window_optional_services.py:62:<lambda> <- verify_multi.py:93:observed_frame <- window.py:1917:_on_frame <- window.py:2119:_rebuild_frame
WARNING:root:GUI 卡顿 274ms state=IDLE anim=余额-分文不剩 physics=None
WARNING:pet.gui_stall_sampler:GUI 冻结现场（274ms，2 个采样点，旧→新）：
WARNING:pet.gui_stall_sampler:  [t-279ms] verify_multi.py:309:<module> <- verify_multi.py:245:main
WARNING:pet.gui_stall_sampler:  [t-23ms] webm_clip.py:2499:_poll <- webm_clip.py:2750:_process_frame <- window_optional_services.py:62:<lambda> <- verify_multi.py:93:observed_frame <- window.py:1917:_on_frame <- window.py:2119:_rebuild_frame
WARNING:root:GUI 卡顿 101ms state=IDLE anim=待机呼吸休闲 physics=None
WARNING:pet.gui_stall_sampler:GUI 冻结现场（101ms，2 个采样点，旧→新）：
WARNING:pet.gui_stall_sampler:  [t-110ms] verify_multi.py:309:<module> <- verify_multi.py:245:main
WARNING:pet.gui_stall_sampler:  [t-0ms] webm_clip.py:2499:_poll <- webm_clip.py:2750:_process_frame <- window_optional_services.py:62:<lambda> <- verify_multi.py:93:observed_frame <- window.py:1917:_on_frame <- window.py:2106:_rebuild_frame
WARNING:root:GUI 卡顿 102ms state=IDLE anim=东张西望 physics=None
WARNING:pet.gui_stall_sampler:GUI 冻结现场（102ms，2 个采样点，旧→新）：
WARNING:pet.gui_stall_sampler:  [t-110ms] verify_multi.py:309:<module> <- verify_multi.py:245:main
WARNING:pet.gui_stall_sampler:  [t-0ms] webm_clip.py:2499:_poll <- webm_clip.py:2750:_process_frame <- window_optional_services.py:62:<lambda> <- verify_multi.py:93:observed_frame <- window.py:1917:_on_frame <- window.py:2106:_rebuild_frame
WARNING:root:GUI 卡顿 102ms state=IDLE anim=余额-分文不剩 physics=None
WARNING:pet.gui_stall_sampler:GUI 冻结现场（102ms，2 个采样点，旧→新）：
WARNING:pet.gui_stall_sampler:  [t-110ms] verify_multi.py:309:<module> <- verify_multi.py:245:main
WARNING:pet.gui_stall_sampler:  [t-1ms] webm_clip.py:2499:_poll <- webm_clip.py:2750:_process_frame <- window_optional_services.py:62:<lambda> <- verify_multi.py:93:observed_frame <- window.py:1917:_on_frame <- window.py:2106:_rebuild_frame
WARNING:root:GUI 卡顿 151ms state=IDLE anim=待机呼吸休闲 physics=None
WARNING:pet.gui_stall_sampler:GUI 冻结现场（151ms，2 个采样点，旧→新）：
WARNING:pet.gui_stall_sampler:  [t-170ms] verify_multi.py:309:<module> <- verify_multi.py:245:main
WARNING:root:GUI 卡顿 158ms state=IDLE anim=东张西望 physics=None
WARNING:pet.gui_stall_sampler:GUI 冻结现场（158ms，2 个采样点，旧→新）：
WARNING:pet.gui_stall_sampler:  [t-170ms] verify_multi.py:309:<module> <- verify_multi.py:245:main
WARNING:root:GUI 卡顿 158ms state=IDLE anim=余额-分文不剩 physics=None
WARNING:pet.gui_stall_sampler:GUI 冻结现场（158ms，2 个采样点，旧→新）：
WARNING:pet.gui_stall_sampler:  [t-170ms] verify_multi.py:309:<module> <- verify_multi.py:245:main
WARNING:root:GUI 卡顿 318ms state=IDLE anim=待机呼吸休闲 physics=None
WARNING:pet.gui_stall_sampler:GUI 冻结现场（318ms，2 个采样点，旧→新）：
WARNING:pet.gui_stall_sampler:  [t-68ms] webm_clip.py:2499:_poll <- webm_clip.py:2750:_process_frame <- window_optional_services.py:62:<lambda> <- verify_multi.py:93:observed_frame <- window.py:1917:_on_frame <- window.py:2119:_rebuild_frame
WARNING:pet.gui_stall_sampler:  [t-13ms] verify_multi.py:309:<module> <- verify_multi.py:245:main
WARNING:root:GUI 卡顿 334ms state=IDLE anim=东张西望 physics=None
WARNING:pet.gui_stall_sampler:GUI 冻结现场（334ms，2 个采样点，旧→新）：
WARNING:pet.gui_stall_sampler:  [t-69ms] webm_clip.py:2499:_poll <- webm_clip.py:2750:_process_frame <- window_optional_services.py:62:<lambda> <- verify_multi.py:93:observed_frame <- window.py:1917:_on_frame <- window.py:2119:_rebuild_frame
WARNING:pet.gui_stall_sampler:  [t-14ms] verify_multi.py:309:<module> <- verify_multi.py:245:main
WARNING:root:GUI 卡顿 334ms state=IDLE anim=余额-分文不剩 physics=None
WARNING:pet.gui_stall_sampler:GUI 冻结现场（334ms，2 个采样点，旧→新）：
WARNING:pet.gui_stall_sampler:  [t-69ms] webm_clip.py:2499:_poll <- webm_clip.py:2750:_process_frame <- window_optional_services.py:62:<lambda> <- verify_multi.py:93:observed_frame <- window.py:1917:_on_frame <- window.py:2119:_rebuild_frame
WARNING:pet.gui_stall_sampler:  [t-14ms] verify_multi.py:309:<module> <- verify_multi.py:245:main
WARNING:root:GUI 卡顿 125ms state=IDLE anim=待机呼吸休闲 physics=None
WARNING:pet.gui_stall_sampler:GUI 冻结现场（125ms，3 个采样点，旧→新）：
WARNING:pet.gui_stall_sampler:  [t-175ms] verify_multi.py:309:<module> <- verify_multi.py:245:main
WARNING:pet.gui_stall_sampler:  [t-73ms] verify_multi.py:309:<module> <- verify_multi.py:245:main <- webm_clip.py:2499:_poll <- webm_clip.py:2724:_process_frame
WARNING:pet.gui_stall_sampler:  [t-13ms] webm_clip.py:2750:_process_frame <- window_optional_services.py:62:<lambda> <- verify_multi.py:93:observed_frame <- window.py:1917:_on_frame <- window.py:2124:_rebuild_frame <- window.py:2248:_sync_mask
WARNING:root:GUI 卡顿 126ms state=IDLE anim=东张西望 physics=None
WARNING:pet.gui_stall_sampler:GUI 冻结现场（126ms，3 个采样点，旧→新）：
WARNING:pet.gui_stall_sampler:  [t-175ms] verify_multi.py:309:<module> <- verify_multi.py:245:main
WARNING:pet.gui_stall_sampler:  [t-74ms] verify_multi.py:309:<module> <- verify_multi.py:245:main <- webm_clip.py:2499:_poll <- webm_clip.py:2724:_process_frame
WARNING:pet.gui_stall_sampler:  [t-13ms] webm_clip.py:2750:_process_frame <- window_optional_services.py:62:<lambda> <- verify_multi.py:93:observed_frame <- window.py:1917:_on_frame <- window.py:2124:_rebuild_frame <- window.py:2248:_sync_mask
WARNING:root:GUI 卡顿 126ms state=IDLE anim=余额-分文不剩 physics=None
WARNING:pet.gui_stall_sampler:GUI 冻结现场（126ms，3 个采样点，旧→新）：
WARNING:pet.gui_stall_sampler:  [t-176ms] verify_multi.py:309:<module> <- verify_multi.py:245:main
WARNING:pet.gui_stall_sampler:  [t-74ms] verify_multi.py:309:<module> <- verify_multi.py:245:main <- webm_clip.py:2499:_poll <- webm_clip.py:2724:_process_frame
WARNING:pet.gui_stall_sampler:  [t-14ms] webm_clip.py:2750:_process_frame <- window_optional_services.py:62:<lambda> <- verify_multi.py:93:observed_frame <- window.py:1917:_on_frame <- window.py:2124:_rebuild_frame <- window.py:2248:_sync_mask
WARNING:root:GUI 卡顿 119ms state=IDLE anim=待机呼吸休闲 physics=None
WARNING:pet.gui_stall_sampler:GUI 冻结现场（119ms，3 个采样点，旧→新）：
WARNING:pet.gui_stall_sampler:  [t-161ms] verify_multi.py:309:<module> <- verify_multi.py:245:main
WARNING:pet.gui_stall_sampler:  [t-73ms] webm_clip.py:2750:_process_frame <- window_optional_services.py:62:<lambda> <- verify_multi.py:93:observed_frame <- window.py:1917:_on_frame <- window.py:2124:_rebuild_frame <- window.py:2265:_sync_mask
WARNING:pet.gui_stall_sampler:  [t-18ms] window_optional_services.py:62:<lambda> <- verify_multi.py:93:observed_frame <- window.py:1917:_on_frame <- window.py:2124:_rebuild_frame <- window.py:2270:_sync_mask <- window_optional_services.py:42:effects_coverage
WARNING:root:GUI 卡顿 121ms state=IDLE anim=东张西望 physics=None
WARNING:pet.gui_stall_sampler:GUI 冻结现场（121ms，3 个采样点，旧→新）：
WARNING:pet.gui_stall_sampler:  [t-162ms] verify_multi.py:309:<module> <- verify_multi.py:245:main
WARNING:pet.gui_stall_sampler:  [t-74ms] webm_clip.py:2750:_process_frame <- window_optional_services.py:62:<lambda> <- verify_multi.py:93:observed_frame <- window.py:1917:_on_frame <- window.py:2124:_rebuild_frame <- window.py:2265:_sync_mask
WARNING:pet.gui_stall_sampler:  [t-19ms] window_optional_services.py:62:<lambda> <- verify_multi.py:93:observed_frame <- window.py:1917:_on_frame <- window.py:2124:_rebuild_frame <- window.py:2270:_sync_mask <- window_optional_services.py:42:effects_coverage
WARNING:root:GUI 卡顿 121ms state=IDLE anim=余额-分文不剩 physics=None
WARNING:pet.gui_stall_sampler:GUI 冻结现场（121ms，3 个采样点，旧→新）：
WARNING:pet.gui_stall_sampler:  [t-162ms] verify_multi.py:309:<module> <- verify_multi.py:245:main
WARNING:pet.gui_stall_sampler:  [t-74ms] webm_clip.py:2750:_process_frame <- window_optional_services.py:62:<lambda> <- verify_multi.py:93:observed_frame <- window.py:1917:_on_frame <- window.py:2124:_rebuild_frame <- window.py:2265:_sync_mask
WARNING:pet.gui_stall_sampler:  [t-19ms] window_optional_services.py:62:<lambda> <- verify_multi.py:93:observed_frame <- window.py:1917:_on_frame <- window.py:2124:_rebuild_frame <- window.py:2270:_sync_mask <- window_optional_services.py:42:effects_coverage
WARNING:root:GUI 卡顿 118ms state=IDLE anim=待机呼吸休闲 physics=None
WARNING:pet.gui_stall_sampler:GUI 冻结现场（118ms，2 个采样点，旧→新）：
WARNING:pet.gui_stall_sampler:  [t-122ms] verify_multi.py:309:<module> <- verify_multi.py:245:main
WARNING:pet.gui_stall_sampler:  [t-13ms] webm_clip.py:2499:_poll <- webm_clip.py:2750:_process_frame <- window_optional_services.py:62:<lambda> <- verify_multi.py:93:observed_frame <- window.py:1917:_on_frame <- window.py:2099:_rebuild_frame
WARNING:root:GUI 卡顿 118ms state=IDLE anim=东张西望 physics=None
WARNING:pet.gui_stall_sampler:GUI 冻结现场（118ms，2 个采样点，旧→新）：
WARNING:pet.gui_stall_sampler:  [t-122ms] verify_multi.py:309:<module> <- verify_multi.py:245:main
WARNING:pet.gui_stall_sampler:  [t-14ms] webm_clip.py:2499:_poll <- webm_clip.py:2750:_process_frame <- window_optional_services.py:62:<lambda> <- verify_multi.py:93:observed_frame <- window.py:1917:_on_frame <- window.py:2099:_rebuild_frame
WARNING:root:GUI 卡顿 118ms state=IDLE anim=余额-分文不剩 physics=None
WARNING:pet.gui_stall_sampler:GUI 冻结现场（118ms，2 个采样点，旧→新）：
WARNING:pet.gui_stall_sampler:  [t-122ms] verify_multi.py:309:<module> <- verify_multi.py:245:main
WARNING:pet.gui_stall_sampler:  [t-14ms] webm_clip.py:2499:_poll <- webm_clip.py:2750:_process_frame <- window_optional_services.py:62:<lambda> <- verify_multi.py:93:observed_frame <- window.py:1917:_on_frame <- window.py:2099:_rebuild_frame
WARNING:root:GUI 卡顿 212ms state=IDLE anim=待机呼吸休闲 physics=None
WARNING:pet.gui_stall_sampler:GUI 冻结现场（212ms，2 个采样点，旧→新）：
WARNING:pet.gui_stall_sampler:  [t-232ms] webm_clip.py:2750:_process_frame <- window_optional_services.py:62:<lambda> <- verify_multi.py:93:observed_frame <- window.py:1917:_on_frame <- window.py:2124:_rebuild_frame <- window.py:2266:_sync_mask
WARNING:pet.gui_stall_sampler:  [t-8ms] verify_multi.py:309:<module> <- verify_multi.py:245:main
WARNING:root:GUI 卡顿 213ms state=IDLE anim=东张西望 physics=None
WARNING:pet.gui_stall_sampler:GUI 冻结现场（213ms，2 个采样点，旧→新）：
WARNING:pet.gui_stall_sampler:  [t-233ms] webm_clip.py:2750:_process_frame <- window_optional_services.py:62:<lambda> <- verify_multi.py:93:observed_frame <- window.py:1917:_on_frame <- window.py:2124:_rebuild_frame <- window.py:2266:_sync_mask
WARNING:pet.gui_stall_sampler:  [t-9ms] verify_multi.py:309:<module> <- verify_multi.py:245:main
WARNING:root:GUI 卡顿 213ms state=IDLE anim=余额-分文不剩 physics=None
WARNING:pet.gui_stall_sampler:GUI 冻结现场（213ms，2 个采样点，旧→新）：
WARNING:pet.gui_stall_sampler:  [t-233ms] webm_clip.py:2750:_process_frame <- window_optional_services.py:62:<lambda> <- verify_multi.py:93:observed_frame <- window.py:1917:_on_frame <- window.py:2124:_rebuild_frame <- window.py:2266:_sync_mask
WARNING:pet.gui_stall_sampler:  [t-9ms] verify_multi.py:309:<module> <- verify_multi.py:245:main
WARNING:root:GUI 卡顿 113ms state=IDLE anim=待机呼吸休闲 physics=None
WARNING:pet.gui_stall_sampler:GUI 冻结现场（113ms，2 个采样点，旧→新）：
WARNING:pet.gui_stall_sampler:  [t-162ms] verify_multi.py:309:<module> <- verify_multi.py:245:main
WARNING:pet.gui_stall_sampler:  [t-22ms] webm_clip.py:2750:_process_frame <- window_optional_services.py:62:<lambda> <- verify_multi.py:93:observed_frame <- window.py:1917:_on_frame <- window.py:2124:_rebuild_frame <- window.py:2248:_sync_mask
WARNING:root:GUI 卡顿 114ms state=IDLE anim=东张西望 physics=None
WARNING:pet.gui_stall_sampler:GUI 冻结现场（114ms，2 个采样点，旧→新）：
WARNING:pet.gui_stall_sampler:  [t-162ms] verify_multi.py:309:<module> <- verify_multi.py:245:main
WARNING:pet.gui_stall_sampler:  [t-22ms] webm_clip.py:2750:_process_frame <- window_optional_services.py:62:<lambda> <- verify_multi.py:93:observed_frame <- window.py:1917:_on_frame <- window.py:2124:_rebuild_frame <- window.py:2248:_sync_mask
WARNING:root:GUI 卡顿 114ms state=IDLE anim=余额-分文不剩 physics=None
WARNING:pet.gui_stall_sampler:GUI 冻结现场（114ms，2 个采样点，旧→新）：
WARNING:pet.gui_stall_sampler:  [t-162ms] verify_multi.py:309:<module> <- verify_multi.py:245:main
WARNING:pet.gui_stall_sampler:  [t-22ms] webm_clip.py:2750:_process_frame <- window_optional_services.py:62:<lambda> <- verify_multi.py:93:observed_frame <- window.py:1917:_on_frame <- window.py:2124:_rebuild_frame <- window.py:2248:_sync_mask
WARNING:root:GUI 卡顿 125ms state=IDLE anim=待机呼吸休闲 physics=None
WARNING:pet.gui_stall_sampler:GUI 冻结现场（125ms，2 个采样点，旧→新）：
WARNING:pet.gui_stall_sampler:  [t-129ms] verify_multi.py:309:<module> <- verify_multi.py:245:main
WARNING:pet.gui_stall_sampler:  [t-33ms] verify_multi.py:309:<module> <- verify_multi.py:245:main <- webm_clip.py:2499:_poll <- webm_clip.py:2723:_process_frame
WARNING:root:GUI 卡顿 126ms state=IDLE anim=东张西望 physics=None
WARNING:pet.gui_stall_sampler:GUI 冻结现场（126ms，2 个采样点，旧→新）：
WARNING:pet.gui_stall_sampler:  [t-129ms] verify_multi.py:309:<module> <- verify_multi.py:245:main
WARNING:pet.gui_stall_sampler:  [t-33ms] verify_multi.py:309:<module> <- verify_multi.py:245:main <- webm_clip.py:2499:_poll <- webm_clip.py:2723:_process_frame
WARNING:root:GUI 卡顿 126ms state=IDLE anim=余额-分文不剩 physics=None
WARNING:pet.gui_stall_sampler:GUI 冻结现场（126ms，2 个采样点，旧→新）：
WARNING:pet.gui_stall_sampler:  [t-129ms] verify_multi.py:309:<module> <- verify_multi.py:245:main
WARNING:pet.gui_stall_sampler:  [t-33ms] verify_multi.py:309:<module> <- verify_multi.py:245:main <- webm_clip.py:2499:_poll <- webm_clip.py:2723:_process_frame
WARNING:root:GUI 卡顿 106ms state=IDLE anim=待机呼吸休闲 physics=None
WARNING:pet.gui_stall_sampler:GUI 冻结现场（106ms，2 个采样点，旧→新）：
WARNING:pet.gui_stall_sampler:  [t-131ms] webm_clip.py:2499:_poll <- webm_clip.py:2750:_process_frame <- window_optional_services.py:62:<lambda> <- verify_multi.py:93:observed_frame <- window.py:1917:_on_frame <- window.py:2106:_rebuild_frame
WARNING:pet.gui_stall_sampler:  [t-4ms] webm_clip.py:2499:_poll <- webm_clip.py:2750:_process_frame <- window_optional_services.py:62:<lambda> <- verify_multi.py:93:observed_frame <- window.py:1917:_on_frame <- window.py:2099:_rebuild_frame
WARNING:root:GUI 卡顿 107ms state=IDLE anim=东张西望 physics=None
WARNING:pet.gui_stall_sampler:GUI 冻结现场（107ms，2 个采样点，旧→新）：
WARNING:pet.gui_stall_sampler:  [t-131ms] webm_clip.py:2499:_poll <- webm_clip.py:2750:_process_frame <- window_optional_services.py:62:<lambda> <- verify_multi.py:93:observed_frame <- window.py:1917:_on_frame <- window.py:2106:_rebuild_frame
WARNING:pet.gui_stall_sampler:  [t-4ms] webm_clip.py:2499:_poll <- webm_clip.py:2750:_process_frame <- window_optional_services.py:62:<lambda> <- verify_multi.py:93:observed_frame <- window.py:1917:_on_frame <- window.py:2099:_rebuild_frame
WARNING:root:GUI 卡顿 107ms state=IDLE anim=余额-分文不剩 physics=None
WARNING:pet.gui_stall_sampler:GUI 冻结现场（107ms，2 个采样点，旧→新）：
WARNING:pet.gui_stall_sampler:  [t-131ms] webm_clip.py:2499:_poll <- webm_clip.py:2750:_process_frame <- window_optional_services.py:62:<lambda> <- verify_multi.py:93:observed_frame <- window.py:1917:_on_frame <- window.py:2106:_rebuild_frame
WARNING:pet.gui_stall_sampler:  [t-4ms] webm_clip.py:2499:_poll <- webm_clip.py:2750:_process_frame <- window_optional_services.py:62:<lambda> <- verify_multi.py:93:observed_frame <- window.py:1917:_on_frame <- window.py:2099:_rebuild_frame
WARNING:root:GUI 卡顿 134ms state=IDLE anim=待机呼吸休闲 physics=None
WARNING:pet.gui_stall_sampler:GUI 冻结现场（134ms，2 个采样点，旧→新）：
WARNING:pet.gui_stall_sampler:  [t-167ms] verify_multi.py:309:<module> <- verify_multi.py:245:main
WARNING:pet.gui_stall_sampler:  [t-25ms] webm_clip.py:2499:_poll <- webm_clip.py:2750:_process_frame <- window_optional_services.py:62:<lambda> <- verify_multi.py:93:observed_frame <- window.py:1917:_on_frame <- window.py:2114:_rebuild_frame
WARNING:root:GUI 卡顿 137ms state=IDLE anim=东张西望 physics=None
WARNING:pet.gui_stall_sampler:GUI 冻结现场（137ms，2 个采样点，旧→新）：
WARNING:pet.gui_stall_sampler:  [t-168ms] verify_multi.py:309:<module> <- verify_multi.py:245:main
WARNING:pet.gui_stall_sampler:  [t-25ms] webm_clip.py:2499:_poll <- webm_clip.py:2750:_process_frame <- window_optional_services.py:62:<lambda> <- verify_multi.py:93:observed_frame <- window.py:1917:_on_frame <- window.py:2114:_rebuild_frame
WARNING:root:GUI 卡顿 137ms state=IDLE anim=余额-分文不剩 physics=None
WARNING:pet.gui_stall_sampler:GUI 冻结现场（137ms，2 个采样点，旧→新）：
WARNING:pet.gui_stall_sampler:  [t-168ms] verify_multi.py:309:<module> <- verify_multi.py:245:main
WARNING:pet.gui_stall_sampler:  [t-25ms] webm_clip.py:2499:_poll <- webm_clip.py:2750:_process_frame <- window_optional_services.py:62:<lambda> <- verify_multi.py:93:observed_frame <- window.py:1917:_on_frame <- window.py:2114:_rebuild_frame
WARNING:root:GUI 卡顿 179ms state=IDLE anim=待机呼吸休闲 physics=None
WARNING:pet.gui_stall_sampler:GUI 冻结现场（179ms，3 个采样点，旧→新）：
WARNING:pet.gui_stall_sampler:  [t-177ms] verify_multi.py:309:<module> <- verify_multi.py:245:main
WARNING:pet.gui_stall_sampler:  [t-72ms] verify_multi.py:309:<module> <- verify_multi.py:245:main <- webm_clip.py:2499:_poll <- webm_clip.py:2724:_process_frame
WARNING:pet.gui_stall_sampler:  [t-0ms] __init__.py:1531:warning <- __init__.py:1664:_log <- __init__.py:1680:handle <- __init__.py:1736:callHandlers <- __init__.py:1026:handle <- __init__.py:1153:emit
WARNING:root:GUI 卡顿 181ms state=IDLE anim=东张西望 physics=None
WARNING:pet.gui_stall_sampler:GUI 冻结现场（181ms，4 个采样点，旧→新）：
WARNING:pet.gui_stall_sampler:  [t-230ms] verify_multi.py:309:<module> <- verify_multi.py:245:main
WARNING:pet.gui_stall_sampler:  [t-73ms] verify_multi.py:309:<module> <- verify_multi.py:245:main <- webm_clip.py:2499:_poll <- webm_clip.py:2724:_process_frame
WARNING:pet.gui_stall_sampler:  [t-0ms] __init__.py:1531:warning <- __init__.py:1664:_log <- __init__.py:1680:handle <- __init__.py:1736:callHandlers <- __init__.py:1026:handle <- __init__.py:1153:emit
WARNING:root:GUI 卡顿 192ms state=IDLE anim=余额-分文不剩 physics=None
WARNING:pet.gui_stall_sampler:GUI 冻结现场（192ms，4 个采样点，旧→新）：
WARNING:pet.gui_stall_sampler:  [t-241ms] verify_multi.py:309:<module> <- verify_multi.py:245:main
WARNING:pet.gui_stall_sampler:  [t-84ms] verify_multi.py:309:<module> <- verify_multi.py:245:main <- webm_clip.py:2499:_poll <- webm_clip.py:2724:_process_frame
WARNING:pet.gui_stall_sampler:  [t-12ms] __init__.py:1531:warning <- __init__.py:1664:_log <- __init__.py:1680:handle <- __init__.py:1736:callHandlers <- __init__.py:1026:handle <- __init__.py:1153:emit
WARNING:root:GUI 卡顿 127ms state=IDLE anim=待机呼吸休闲 physics=None
WARNING:pet.gui_stall_sampler:GUI 冻结现场（127ms，2 个采样点，旧→新）：
WARNING:pet.gui_stall_sampler:  [t-161ms] verify_multi.py:309:<module> <- verify_multi.py:245:main
WARNING:pet.gui_stall_sampler:  [t-59ms] verify_multi.py:309:<module> <- verify_multi.py:245:main <- webm_clip.py:2499:_poll <- webm_clip.py:2724:_process_frame
WARNING:root:GUI 卡顿 128ms state=IDLE anim=东张西望 physics=None
WARNING:pet.gui_stall_sampler:GUI 冻结现场（128ms，2 个采样点，旧→新）：
WARNING:pet.gui_stall_sampler:  [t-161ms] verify_multi.py:309:<module> <- verify_multi.py:245:main
WARNING:pet.gui_stall_sampler:  [t-59ms] verify_multi.py:309:<module> <- verify_multi.py:245:main <- webm_clip.py:2499:_poll <- webm_clip.py:2724:_process_frame
WARNING:root:GUI 卡顿 128ms state=IDLE anim=余额-分文不剩 physics=None
WARNING:pet.gui_stall_sampler:GUI 冻结现场（128ms，2 个采样点，旧→新）：
WARNING:pet.gui_stall_sampler:  [t-161ms] verify_multi.py:309:<module> <- verify_multi.py:245:main
WARNING:pet.gui_stall_sampler:  [t-59ms] verify_multi.py:309:<module> <- verify_multi.py:245:main <- webm_clip.py:2499:_poll <- webm_clip.py:2724:_process_frame
WARNING:root:GUI 卡顿 109ms state=IDLE anim=待机呼吸休闲 physics=None
WARNING:pet.gui_stall_sampler:GUI 冻结现场（109ms，2 个采样点，旧→新）：
WARNING:pet.gui_stall_sampler:  [t-98ms] verify_multi.py:309:<module> <- verify_multi.py:245:main
WARNING:root:GUI 卡顿 111ms state=IDLE anim=东张西望 physics=None
WARNING:pet.gui_stall_sampler:GUI 冻结现场（111ms，2 个采样点，旧→新）：
WARNING:pet.gui_stall_sampler:  [t-99ms] verify_multi.py:309:<module> <- verify_multi.py:245:main
WARNING:root:GUI 卡顿 112ms state=IDLE anim=余额-分文不剩 physics=None
WARNING:pet.gui_stall_sampler:GUI 冻结现场（112ms，2 个采样点，旧→新）：
WARNING:pet.gui_stall_sampler:  [t-99ms] verify_multi.py:309:<module> <- verify_multi.py:245:main
WARNING:root:GUI 卡顿 108ms state=IDLE anim=待机呼吸休闲 physics=None
WARNING:pet.gui_stall_sampler:GUI 冻结现场（108ms，2 个采样点，旧→新）：
WARNING:pet.gui_stall_sampler:  [t-153ms] webm_clip.py:2499:_poll <- webm_clip.py:2750:_process_frame <- window_optional_services.py:62:<lambda> <- verify_multi.py:93:observed_frame <- window.py:1919:_on_frame <- window.py:2126:_rebuild_frame
WARNING:pet.gui_stall_sampler:  [t-57ms] verify_multi.py:309:<module> <- verify_multi.py:245:main <- webm_clip.py:2499:_poll <- webm_clip.py:2723:_process_frame
WARNING:root:GUI 卡顿 108ms state=IDLE anim=东张西望 physics=None
WARNING:pet.gui_stall_sampler:GUI 冻结现场（108ms，2 个采样点，旧→新）：
WARNING:pet.gui_stall_sampler:  [t-154ms] webm_clip.py:2499:_poll <- webm_clip.py:2750:_process_frame <- window_optional_services.py:62:<lambda> <- verify_multi.py:93:observed_frame <- window.py:1919:_on_frame <- window.py:2126:_rebuild_frame
WARNING:pet.gui_stall_sampler:  [t-58ms] verify_multi.py:309:<module> <- verify_multi.py:245:main <- webm_clip.py:2499:_poll <- webm_clip.py:2723:_process_frame
WARNING:root:GUI 卡顿 109ms state=IDLE anim=余额-分文不剩 physics=None
WARNING:pet.gui_stall_sampler:GUI 冻结现场（109ms，2 个采样点，旧→新）：
WARNING:pet.gui_stall_sampler:  [t-154ms] webm_clip.py:2499:_poll <- webm_clip.py:2750:_process_frame <- window_optional_services.py:62:<lambda> <- verify_multi.py:93:observed_frame <- window.py:1919:_on_frame <- window.py:2126:_rebuild_frame
WARNING:pet.gui_stall_sampler:  [t-58ms] verify_multi.py:309:<module> <- verify_multi.py:245:main <- webm_clip.py:2499:_poll <- webm_clip.py:2723:_process_frame
WARNING:root:GUI 卡顿 258ms state=IDLE anim=待机呼吸休闲 physics=None
WARNING:pet.gui_stall_sampler:GUI 冻结现场（258ms，3 个采样点，旧→新）：
WARNING:pet.gui_stall_sampler:  [t-266ms] verify_multi.py:309:<module> <- verify_multi.py:245:main
WARNING:pet.gui_stall_sampler:  [t-130ms] verify_multi.py:309:<module> <- verify_multi.py:245:main <- webm_clip.py:2499:_poll <- webm_clip.py:2724:_process_frame
WARNING:pet.gui_stall_sampler:  [t-23ms] webm_clip.py:2499:_poll <- webm_clip.py:2750:_process_frame <- window_optional_services.py:62:<lambda> <- verify_multi.py:93:observed_frame <- window.py:1917:_on_frame <- window.py:2114:_rebuild_frame
WARNING:root:GUI 卡顿 262ms state=IDLE anim=东张西望 physics=None
WARNING:pet.gui_stall_sampler:GUI 冻结现场（262ms，3 个采样点，旧→新）：
WARNING:pet.gui_stall_sampler:  [t-266ms] verify_multi.py:309:<module> <- verify_multi.py:245:main
WARNING:pet.gui_stall_sampler:  [t-130ms] verify_multi.py:309:<module> <- verify_multi.py:245:main <- webm_clip.py:2499:_poll <- webm_clip.py:2724:_process_frame
WARNING:pet.gui_stall_sampler:  [t-24ms] webm_clip.py:2499:_poll <- webm_clip.py:2750:_process_frame <- window_optional_services.py:62:<lambda> <- verify_multi.py:93:observed_frame <- window.py:1917:_on_frame <- window.py:2114:_rebuild_frame
WARNING:root:GUI 卡顿 262ms state=IDLE anim=余额-分文不剩 physics=None
WARNING:pet.gui_stall_sampler:GUI 冻结现场（262ms，3 个采样点，旧→新）：
WARNING:pet.gui_stall_sampler:  [t-266ms] verify_multi.py:309:<module> <- verify_multi.py:245:main
WARNING:pet.gui_stall_sampler:  [t-130ms] verify_multi.py:309:<module> <- verify_multi.py:245:main <- webm_clip.py:2499:_poll <- webm_clip.py:2724:_process_frame
WARNING:pet.gui_stall_sampler:  [t-24ms] webm_clip.py:2499:_poll <- webm_clip.py:2750:_process_frame <- window_optional_services.py:62:<lambda> <- verify_multi.py:93:observed_frame <- window.py:1917:_on_frame <- window.py:2114:_rebuild_frame
WARNING:root:GUI 卡顿 119ms state=IDLE anim=待机呼吸休闲 physics=None
WARNING:pet.gui_stall_sampler:GUI 冻结现场（119ms，2 个采样点，旧→新）：
WARNING:pet.gui_stall_sampler:  [t-133ms] verify_multi.py:309:<module> <- verify_multi.py:245:main
WARNING:pet.gui_stall_sampler:  [t-27ms] webm_clip.py:2499:_poll <- webm_clip.py:2750:_process_frame <- window_optional_services.py:62:<lambda> <- verify_multi.py:93:observed_frame <- window.py:1917:_on_frame <- window.py:2121:_rebuild_frame
WARNING:root:GUI 卡顿 120ms state=IDLE anim=东张西望 physics=None
WARNING:pet.gui_stall_sampler:GUI 冻结现场（120ms，2 个采样点，旧→新）：
WARNING:pet.gui_stall_sampler:  [t-134ms] verify_multi.py:309:<module> <- verify_multi.py:245:main
WARNING:pet.gui_stall_sampler:  [t-27ms] webm_clip.py:2499:_poll <- webm_clip.py:2750:_process_frame <- window_optional_services.py:62:<lambda> <- verify_multi.py:93:observed_frame <- window.py:1917:_on_frame <- window.py:2121:_rebuild_frame
WARNING:root:GUI 卡顿 120ms state=IDLE anim=余额-分文不剩 physics=None
WARNING:pet.gui_stall_sampler:GUI 冻结现场（120ms，2 个采样点，旧→新）：
WARNING:pet.gui_stall_sampler:  [t-134ms] verify_multi.py:309:<module> <- verify_multi.py:245:main
WARNING:pet.gui_stall_sampler:  [t-27ms] webm_clip.py:2499:_poll <- webm_clip.py:2750:_process_frame <- window_optional_services.py:62:<lambda> <- verify_multi.py:93:observed_frame <- window.py:1917:_on_frame <- window.py:2121:_rebuild_frame
WARNING:root:GUI 卡顿 105ms state=IDLE anim=待机呼吸休闲 physics=None
WARNING:pet.gui_stall_sampler:GUI 冻结现场（105ms，1 个采样点，旧→新）：
WARNING:pet.gui_stall_sampler:  [t-134ms] verify_multi.py:309:<module> <- verify_multi.py:245:main <- collision_client.py:467:_on_collision_impulse <- collision_client.py:267:_submit_collision_state <- collision_ipc.py:1261:submit_state
WARNING:root:GUI 卡顿 106ms state=IDLE anim=东张西望 physics=None
WARNING:pet.gui_stall_sampler:GUI 冻结现场（106ms，1 个采样点，旧→新）：
WARNING:pet.gui_stall_sampler:  [t-135ms] verify_multi.py:309:<module> <- verify_multi.py:245:main <- collision_client.py:467:_on_collision_impulse <- collision_client.py:267:_submit_collision_state <- collision_ipc.py:1261:submit_state
WARNING:root:GUI 卡顿 106ms state=IDLE anim=余额-分文不剩 physics=None
WARNING:pet.gui_stall_sampler:GUI 冻结现场（106ms，1 个采样点，旧→新）：
WARNING:pet.gui_stall_sampler:  [t-135ms] verify_multi.py:309:<module> <- verify_multi.py:245:main <- collision_client.py:467:_on_collision_impulse <- collision_client.py:267:_submit_collision_state <- collision_ipc.py:1261:submit_state
WARNING:root:GUI 卡顿 120ms state=IDLE anim=待机呼吸休闲 physics=None
WARNING:pet.gui_stall_sampler:GUI 冻结现场（120ms，2 个采样点，旧→新）：
WARNING:pet.gui_stall_sampler:  [t-138ms] verify_multi.py:309:<module> <- verify_multi.py:245:main
WARNING:pet.gui_stall_sampler:  [t-13ms] verify_multi.py:309:<module> <- verify_multi.py:245:main <- webm_clip.py:2499:_poll <- webm_clip.py:2724:_process_frame
WARNING:root:GUI 卡顿 121ms state=IDLE anim=东张西望 physics=None
WARNING:pet.gui_stall_sampler:GUI 冻结现场（121ms，2 个采样点，旧→新）：
WARNING:pet.gui_stall_sampler:  [t-138ms] verify_multi.py:309:<module> <- verify_multi.py:245:main
WARNING:pet.gui_stall_sampler:  [t-13ms] verify_multi.py:309:<module> <- verify_multi.py:245:main <- webm_clip.py:2499:_poll <- webm_clip.py:2724:_process_frame
WARNING:root:GUI 卡顿 121ms state=IDLE anim=余额-分文不剩 physics=None
WARNING:pet.gui_stall_sampler:GUI 冻结现场（121ms，2 个采样点，旧→新）：
WARNING:pet.gui_stall_sampler:  [t-138ms] verify_multi.py:309:<module> <- verify_multi.py:245:main
WARNING:pet.gui_stall_sampler:  [t-13ms] verify_multi.py:309:<module> <- verify_multi.py:245:main <- webm_clip.py:2499:_poll <- webm_clip.py:2724:_process_frame
WARNING:root:GUI 卡顿 130ms state=IDLE anim=待机呼吸休闲 physics=None
WARNING:pet.gui_stall_sampler:GUI 冻结现场（130ms，3 个采样点，旧→新）：
WARNING:pet.gui_stall_sampler:  [t-166ms] verify_multi.py:309:<module> <- verify_multi.py:245:main
WARNING:pet.gui_stall_sampler:  [t-74ms] webm_clip.py:2499:_poll <- webm_clip.py:2750:_process_frame <- window_optional_services.py:62:<lambda> <- verify_multi.py:93:observed_frame <- window.py:1917:_on_frame <- window.py:2106:_rebuild_frame
WARNING:pet.gui_stall_sampler:  [t-15ms] verify_multi.py:309:<module> <- verify_multi.py:245:main
WARNING:root:GUI 卡顿 130ms state=IDLE anim=东张西望 physics=None
WARNING:pet.gui_stall_sampler:GUI 冻结现场（130ms，3 个采样点，旧→新）：
WARNING:pet.gui_stall_sampler:  [t-166ms] verify_multi.py:309:<module> <- verify_multi.py:245:main
WARNING:pet.gui_stall_sampler:  [t-74ms] webm_clip.py:2499:_poll <- webm_clip.py:2750:_process_frame <- window_optional_services.py:62:<lambda> <- verify_multi.py:93:observed_frame <- window.py:1917:_on_frame <- window.py:2106:_rebuild_frame
WARNING:pet.gui_stall_sampler:  [t-16ms] verify_multi.py:309:<module> <- verify_multi.py:245:main
WARNING:root:GUI 卡顿 130ms state=IDLE anim=余额-分文不剩 physics=None
WARNING:pet.gui_stall_sampler:GUI 冻结现场（130ms，3 个采样点，旧→新）：
WARNING:pet.gui_stall_sampler:  [t-166ms] verify_multi.py:309:<module> <- verify_multi.py:245:main
WARNING:pet.gui_stall_sampler:  [t-74ms] webm_clip.py:2499:_poll <- webm_clip.py:2750:_process_frame <- window_optional_services.py:62:<lambda> <- verify_multi.py:93:observed_frame <- window.py:1917:_on_frame <- window.py:2106:_rebuild_frame
WARNING:pet.gui_stall_sampler:  [t-16ms] verify_multi.py:309:<module> <- verify_multi.py:245:main
WARNING:root:GUI 卡顿 127ms state=IDLE anim=待机呼吸休闲 physics=None
WARNING:pet.gui_stall_sampler:GUI 冻结现场（127ms，2 个采样点，旧→新）：
WARNING:pet.gui_stall_sampler:  [t-150ms] verify_multi.py:309:<module> <- verify_multi.py:245:main
WARNING:pet.gui_stall_sampler:  [t-13ms] webm_clip.py:2499:_poll <- webm_clip.py:2750:_process_frame <- window_optional_services.py:62:<lambda> <- verify_multi.py:93:observed_frame <- window.py:1917:_on_frame <- window.py:2106:_rebuild_frame
WARNING:root:GUI 卡顿 130ms state=IDLE anim=东张西望 physics=None
WARNING:pet.gui_stall_sampler:GUI 冻结现场（130ms，2 个采样点，旧→新）：
WARNING:pet.gui_stall_sampler:  [t-150ms] verify_multi.py:309:<module> <- verify_multi.py:245:main
WARNING:pet.gui_stall_sampler:  [t-14ms] webm_clip.py:2499:_poll <- webm_clip.py:2750:_process_frame <- window_optional_services.py:62:<lambda> <- verify_multi.py:93:observed_frame <- window.py:1917:_on_frame <- window.py:2106:_rebuild_frame
WARNING:root:GUI 卡顿 130ms state=IDLE anim=余额-分文不剩 physics=None
WARNING:pet.gui_stall_sampler:GUI 冻结现场（130ms，2 个采样点，旧→新）：
WARNING:pet.gui_stall_sampler:  [t-151ms] verify_multi.py:309:<module> <- verify_multi.py:245:main
WARNING:pet.gui_stall_sampler:  [t-14ms] webm_clip.py:2499:_poll <- webm_clip.py:2750:_process_frame <- window_optional_services.py:62:<lambda> <- verify_multi.py:93:observed_frame <- window.py:1917:_on_frame <- window.py:2106:_rebuild_frame
WARNING:root:GUI 卡顿 134ms state=IDLE anim=待机呼吸休闲 physics=None
WARNING:pet.gui_stall_sampler:GUI 冻结现场（134ms，3 个采样点，旧→新）：
WARNING:pet.gui_stall_sampler:  [t-166ms] verify_multi.py:309:<module> <- verify_multi.py:245:main
WARNING:pet.gui_stall_sampler:  [t-82ms] webm_clip.py:2499:_poll <- webm_clip.py:2750:_process_frame <- window_optional_services.py:62:<lambda> <- verify_multi.py:93:observed_frame <- window.py:1917:_on_frame <- window.py:2106:_rebuild_frame
WARNING:pet.gui_stall_sampler:  [t-4ms] verify_multi.py:309:<module> <- verify_multi.py:245:main <- webm_clip.py:2499:_poll <- webm_clip.py:2750:_process_frame
WARNING:root:GUI 卡顿 139ms state=IDLE anim=东张西望 physics=None
WARNING:pet.gui_stall_sampler:GUI 冻结现场（139ms，3 个采样点，旧→新）：
WARNING:pet.gui_stall_sampler:  [t-167ms] verify_multi.py:309:<module> <- verify_multi.py:245:main
WARNING:pet.gui_stall_sampler:  [t-83ms] webm_clip.py:2499:_poll <- webm_clip.py:2750:_process_frame <- window_optional_services.py:62:<lambda> <- verify_multi.py:93:observed_frame <- window.py:1917:_on_frame <- window.py:2106:_rebuild_frame
WARNING:pet.gui_stall_sampler:  [t-5ms] verify_multi.py:309:<module> <- verify_multi.py:245:main <- webm_clip.py:2499:_poll <- webm_clip.py:2750:_process_frame
WARNING:root:GUI 卡顿 139ms state=IDLE anim=余额-分文不剩 physics=None
WARNING:pet.gui_stall_sampler:GUI 冻结现场（139ms，3 个采样点，旧→新）：
WARNING:pet.gui_stall_sampler:  [t-167ms] verify_multi.py:309:<module> <- verify_multi.py:245:main
WARNING:pet.gui_stall_sampler:  [t-83ms] webm_clip.py:2499:_poll <- webm_clip.py:2750:_process_frame <- window_optional_services.py:62:<lambda> <- verify_multi.py:93:observed_frame <- window.py:1917:_on_frame <- window.py:2106:_rebuild_frame
WARNING:pet.gui_stall_sampler:  [t-5ms] verify_multi.py:309:<module> <- verify_multi.py:245:main <- webm_clip.py:2499:_poll <- webm_clip.py:2750:_process_frame
WARNING:root:GUI 卡顿 103ms state=IDLE anim=待机呼吸休闲 physics=None
WARNING:pet.gui_stall_sampler:GUI 冻结现场（103ms，2 个采样点，旧→新）：
WARNING:pet.gui_stall_sampler:  [t-111ms] verify_multi.py:309:<module> <- verify_multi.py:245:main
WARNING:pet.gui_stall_sampler:  [t-53ms] webm_clip.py:2499:_poll <- webm_clip.py:2750:_process_frame <- window_optional_services.py:62:<lambda> <- verify_multi.py:93:observed_frame <- window.py:1917:_on_frame <- window.py:2099:_rebuild_frame
WARNING:root:GUI 卡顿 105ms state=IDLE anim=东张西望 physics=None
WARNING:pet.gui_stall_sampler:GUI 冻结现场（105ms，2 个采样点，旧→新）：
WARNING:pet.gui_stall_sampler:  [t-112ms] verify_multi.py:309:<module> <- verify_multi.py:245:main
WARNING:pet.gui_stall_sampler:  [t-54ms] webm_clip.py:2499:_poll <- webm_clip.py:2750:_process_frame <- window_optional_services.py:62:<lambda> <- verify_multi.py:93:observed_frame <- window.py:1917:_on_frame <- window.py:2099:_rebuild_frame
WARNING:root:GUI 卡顿 105ms state=IDLE anim=余额-分文不剩 physics=None
WARNING:pet.gui_stall_sampler:GUI 冻结现场（105ms，2 个采样点，旧→新）：
WARNING:pet.gui_stall_sampler:  [t-112ms] verify_multi.py:309:<module> <- verify_multi.py:245:main
WARNING:pet.gui_stall_sampler:  [t-54ms] webm_clip.py:2499:_poll <- webm_clip.py:2750:_process_frame <- window_optional_services.py:62:<lambda> <- verify_multi.py:93:observed_frame <- window.py:1917:_on_frame <- window.py:2099:_rebuild_frame
WARNING:root:GUI 卡顿 133ms state=IDLE anim=待机呼吸休闲 physics=None
WARNING:pet.gui_stall_sampler:GUI 冻结现场（133ms，3 个采样点，旧→新）：
WARNING:pet.gui_stall_sampler:  [t-170ms] verify_multi.py:309:<module> <- verify_multi.py:245:main
WARNING:pet.gui_stall_sampler:  [t-101ms] window_optional_services.py:62:<lambda> <- verify_multi.py:93:observed_frame <- window.py:1917:_on_frame <- window.py:2068:_rebuild_frame <- window.py:1993:_frame_signature <- window.py:2030:_frame_content_fingerprint
WARNING:pet.gui_stall_sampler:  [t-0ms] __init__.py:1531:warning <- __init__.py:1664:_log <- __init__.py:1680:handle <- __init__.py:1736:callHandlers <- __init__.py:1026:handle <- __init__.py:1153:emit
WARNING:root:GUI 卡顿 135ms state=IDLE anim=东张西望 physics=None
WARNING:pet.gui_stall_sampler:GUI 冻结现场（135ms，3 个采样点，旧→新）：
WARNING:pet.gui_stall_sampler:  [t-171ms] verify_multi.py:309:<module> <- verify_multi.py:245:main
WARNING:pet.gui_stall_sampler:  [t-102ms] window_optional_services.py:62:<lambda> <- verify_multi.py:93:observed_frame <- window.py:1917:_on_frame <- window.py:2068:_rebuild_frame <- window.py:1993:_frame_signature <- window.py:2030:_frame_content_fingerprint
WARNING:pet.gui_stall_sampler:  [t-0ms] __init__.py:1531:warning <- __init__.py:1664:_log <- __init__.py:1680:handle <- __init__.py:1736:callHandlers <- __init__.py:1026:handle <- __init__.py:1153:emit
WARNING:root:GUI 卡顿 135ms state=IDLE anim=余额-分文不剩 physics=None
WARNING:pet.gui_stall_sampler:GUI 冻结现场（135ms，3 个采样点，旧→新）：
WARNING:pet.gui_stall_sampler:  [t-171ms] verify_multi.py:309:<module> <- verify_multi.py:245:main
WARNING:pet.gui_stall_sampler:  [t-102ms] window_optional_services.py:62:<lambda> <- verify_multi.py:93:observed_frame <- window.py:1917:_on_frame <- window.py:2068:_rebuild_frame <- window.py:1993:_frame_signature <- window.py:2030:_frame_content_fingerprint
WARNING:pet.gui_stall_sampler:  [t-1ms] __init__.py:1531:warning <- __init__.py:1664:_log <- __init__.py:1680:handle <- __init__.py:1736:callHandlers <- __init__.py:1026:handle <- __init__.py:1153:emit
WARNING:root:GUI 卡顿 282ms state=IDLE anim=待机呼吸休闲 physics=None
WARNING:pet.gui_stall_sampler:GUI 冻结现场（282ms，1 个采样点，旧→新）：
WARNING:pet.gui_stall_sampler:  [t-286ms] webm_clip.py:2499:_poll <- webm_clip.py:2750:_process_frame <- window_optional_services.py:62:<lambda> <- verify_multi.py:93:observed_frame <- window.py:1917:_on_frame <- window.py:2119:_rebuild_frame
WARNING:root:GUI 卡顿 283ms state=IDLE anim=东张西望 physics=None
WARNING:pet.gui_stall_sampler:GUI 冻结现场（283ms，1 个采样点，旧→新）：
WARNING:pet.gui_stall_sampler:  [t-286ms] webm_clip.py:2499:_poll <- webm_clip.py:2750:_process_frame <- window_optional_services.py:62:<lambda> <- verify_multi.py:93:observed_frame <- window.py:1917:_on_frame <- window.py:2119:_rebuild_frame
WARNING:root:GUI 卡顿 283ms state=IDLE anim=余额-分文不剩 physics=None
WARNING:pet.gui_stall_sampler:GUI 冻结现场（283ms，1 个采样点，旧→新）：
WARNING:pet.gui_stall_sampler:  [t-286ms] webm_clip.py:2499:_poll <- webm_clip.py:2750:_process_frame <- window_optional_services.py:62:<lambda> <- verify_multi.py:93:observed_frame <- window.py:1917:_on_frame <- window.py:2119:_rebuild_frame
WARNING:root:GUI 卡顿 149ms state=IDLE anim=待机呼吸休闲 physics=None
WARNING:pet.gui_stall_sampler:GUI 冻结现场（149ms，2 个采样点，旧→新）：
WARNING:pet.gui_stall_sampler:  [t-161ms] verify_multi.py:309:<module> <- verify_multi.py:245:main
WARNING:pet.gui_stall_sampler:  [t-0ms] __init__.py:1531:warning <- __init__.py:1664:_log <- __init__.py:1680:handle <- __init__.py:1736:callHandlers <- __init__.py:1026:handle <- __init__.py:1153:emit
WARNING:root:GUI 卡顿 150ms state=IDLE anim=东张西望 physics=None
WARNING:pet.gui_stall_sampler:GUI 冻结现场（150ms，2 个采样点，旧→新）：
WARNING:pet.gui_stall_sampler:  [t-161ms] verify_multi.py:309:<module> <- verify_multi.py:245:main
WARNING:pet.gui_stall_sampler:  [t-1ms] __init__.py:1531:warning <- __init__.py:1664:_log <- __init__.py:1680:handle <- __init__.py:1736:callHandlers <- __init__.py:1026:handle <- __init__.py:1153:emit
WARNING:root:GUI 卡顿 156ms state=IDLE anim=余额-分文不剩 physics=None
WARNING:pet.gui_stall_sampler:GUI 冻结现场（156ms，2 个采样点，旧→新）：
WARNING:pet.gui_stall_sampler:  [t-167ms] verify_multi.py:309:<module> <- verify_multi.py:245:main
WARNING:pet.gui_stall_sampler:  [t-6ms] __init__.py:1531:warning <- __init__.py:1664:_log <- __init__.py:1680:handle <- __init__.py:1736:callHandlers <- __init__.py:1026:handle <- __init__.py:1153:emit
WARNING:root:GUI 卡顿 365ms state=IDLE anim=待机呼吸休闲 physics=None
WARNING:pet.gui_stall_sampler:GUI 冻结现场（365ms，1 个采样点，旧→新）：
WARNING:pet.gui_stall_sampler:  [t-20ms] verify_multi.py:309:<module> <- verify_multi.py:245:main <- webm_clip.py:2499:_poll <- webm_clip.py:2750:_process_frame
WARNING:root:GUI 卡顿 367ms state=IDLE anim=东张西望 physics=None
WARNING:pet.gui_stall_sampler:GUI 冻结现场（367ms，1 个采样点，旧→新）：
WARNING:pet.gui_stall_sampler:  [t-20ms] verify_multi.py:309:<module> <- verify_multi.py:245:main <- webm_clip.py:2499:_poll <- webm_clip.py:2750:_process_frame
WARNING:root:GUI 卡顿 367ms state=IDLE anim=余额-分文不剩 physics=None
WARNING:pet.gui_stall_sampler:GUI 冻结现场（367ms，1 个采样点，旧→新）：
WARNING:pet.gui_stall_sampler:  [t-20ms] verify_multi.py:309:<module> <- verify_multi.py:245:main <- webm_clip.py:2499:_poll <- webm_clip.py:2750:_process_frame
WARNING:root:GUI 卡顿 116ms state=IDLE anim=待机呼吸休闲 physics=None
WARNING:pet.gui_stall_sampler:GUI 冻结现场（116ms，3 个采样点，旧→新）：
WARNING:pet.gui_stall_sampler:  [t-145ms] verify_multi.py:309:<module> <- verify_multi.py:245:main
WARNING:pet.gui_stall_sampler:  [t-58ms] webm_clip.py:2750:_process_frame <- window_optional_services.py:62:<lambda> <- verify_multi.py:93:observed_frame <- window.py:1917:_on_frame <- window.py:2124:_rebuild_frame <- window.py:2248:_sync_mask
WARNING:pet.gui_stall_sampler:  [t-0ms] verify_multi.py:309:<module> <- verify_multi.py:245:main
WARNING:root:GUI 卡顿 121ms state=IDLE anim=东张西望 physics=None
WARNING:pet.gui_stall_sampler:GUI 冻结现场（121ms，3 个采样点，旧→新）：
WARNING:pet.gui_stall_sampler:  [t-147ms] verify_multi.py:309:<module> <- verify_multi.py:245:main
WARNING:pet.gui_stall_sampler:  [t-60ms] webm_clip.py:2750:_process_frame <- window_optional_services.py:62:<lambda> <- verify_multi.py:93:observed_frame <- window.py:1917:_on_frame <- window.py:2124:_rebuild_frame <- window.py:2248:_sync_mask
WARNING:pet.gui_stall_sampler:  [t-2ms] verify_multi.py:309:<module> <- verify_multi.py:245:main
WARNING:root:GUI 卡顿 122ms state=IDLE anim=余额-分文不剩 physics=None
WARNING:pet.gui_stall_sampler:GUI 冻结现场（122ms，3 个采样点，旧→新）：
WARNING:pet.gui_stall_sampler:  [t-147ms] verify_multi.py:309:<module> <- verify_multi.py:245:main
WARNING:pet.gui_stall_sampler:  [t-60ms] webm_clip.py:2750:_process_frame <- window_optional_services.py:62:<lambda> <- verify_multi.py:93:observed_frame <- window.py:1917:_on_frame <- window.py:2124:_rebuild_frame <- window.py:2248:_sync_mask
WARNING:pet.gui_stall_sampler:  [t-2ms] verify_multi.py:309:<module> <- verify_multi.py:245:main
WARNING:root:GUI 卡顿 119ms state=IDLE anim=待机呼吸休闲 physics=None
WARNING:pet.gui_stall_sampler:GUI 冻结现场（119ms，2 个采样点，旧→新）：
WARNING:pet.gui_stall_sampler:  [t-159ms] verify_multi.py:309:<module> <- verify_multi.py:245:main
WARNING:pet.gui_stall_sampler:  [t-12ms] webm_clip.py:2750:_process_frame <- window_optional_services.py:62:<lambda> <- verify_multi.py:93:observed_frame <- window.py:1917:_on_frame <- window.py:2124:_rebuild_frame <- window.py:2266:_sync_mask
WARNING:root:GUI 卡顿 120ms state=IDLE anim=东张西望 physics=None
WARNING:pet.gui_stall_sampler:GUI 冻结现场（120ms，2 个采样点，旧→新）：
WARNING:pet.gui_stall_sampler:  [t-160ms] verify_multi.py:309:<module> <- verify_multi.py:245:main
WARNING:pet.gui_stall_sampler:  [t-12ms] webm_clip.py:2750:_process_frame <- window_optional_services.py:62:<lambda> <- verify_multi.py:93:observed_frame <- window.py:1917:_on_frame <- window.py:2124:_rebuild_frame <- window.py:2266:_sync_mask
WARNING:root:GUI 卡顿 120ms state=IDLE anim=余额-分文不剩 physics=None
WARNING:pet.gui_stall_sampler:GUI 冻结现场（120ms，2 个采样点，旧→新）：
WARNING:pet.gui_stall_sampler:  [t-160ms] verify_multi.py:309:<module> <- verify_multi.py:245:main
WARNING:pet.gui_stall_sampler:  [t-12ms] webm_clip.py:2750:_process_frame <- window_optional_services.py:62:<lambda> <- verify_multi.py:93:observed_frame <- window.py:1917:_on_frame <- window.py:2124:_rebuild_frame <- window.py:2266:_sync_mask
WARNING:root:GUI 卡顿 124ms state=IDLE anim=待机呼吸休闲 physics=None
WARNING:pet.gui_stall_sampler:GUI 冻结现场（124ms，2 个采样点，旧→新）：
WARNING:pet.gui_stall_sampler:  [t-160ms] verify_multi.py:93:observed_frame <- window.py:1917:_on_frame <- window.py:2124:_rebuild_frame <- window.py:2270:_sync_mask <- window_optional_services.py:42:effects_coverage <- frame_edges.py:37:coverage_region
WARNING:pet.gui_stall_sampler:  [t-14ms] verify_multi.py:309:<module> <- verify_multi.py:245:main <- webm_clip.py:2499:_poll <- webm_clip.py:2750:_process_frame
WARNING:root:GUI 卡顿 126ms state=IDLE anim=东张西望 physics=None
WARNING:pet.gui_stall_sampler:GUI 冻结现场（126ms，2 个采样点，旧→新）：
WARNING:pet.gui_stall_sampler:  [t-161ms] verify_multi.py:93:observed_frame <- window.py:1917:_on_frame <- window.py:2124:_rebuild_frame <- window.py:2270:_sync_mask <- window_optional_services.py:42:effects_coverage <- frame_edges.py:37:coverage_region
WARNING:pet.gui_stall_sampler:  [t-16ms] verify_multi.py:309:<module> <- verify_multi.py:245:main <- webm_clip.py:2499:_poll <- webm_clip.py:2750:_process_frame
WARNING:root:GUI 卡顿 126ms state=IDLE anim=余额-分文不剩 physics=None
WARNING:pet.gui_stall_sampler:GUI 冻结现场（126ms，2 个采样点，旧→新）：
WARNING:pet.gui_stall_sampler:  [t-161ms] verify_multi.py:93:observed_frame <- window.py:1917:_on_frame <- window.py:2124:_rebuild_frame <- window.py:2270:_sync_mask <- window_optional_services.py:42:effects_coverage <- frame_edges.py:37:coverage_region
WARNING:pet.gui_stall_sampler:  [t-16ms] verify_multi.py:309:<module> <- verify_multi.py:245:main <- webm_clip.py:2499:_poll <- webm_clip.py:2750:_process_frame
WARNING:root:GUI 卡顿 105ms state=IDLE anim=待机呼吸休闲 physics=None
WARNING:pet.gui_stall_sampler:GUI 冻结现场（105ms，2 个采样点，旧→新）：
WARNING:pet.gui_stall_sampler:  [t-110ms] verify_multi.py:309:<module> <- verify_multi.py:245:main
WARNING:pet.gui_stall_sampler:  [t-34ms] webm_clip.py:2499:_poll <- webm_clip.py:2750:_process_frame <- window_optional_services.py:62:<lambda> <- verify_multi.py:93:observed_frame <- window.py:1917:_on_frame <- window.py:2106:_rebuild_frame
WARNING:root:GUI 卡顿 106ms state=IDLE anim=东张西望 physics=None
WARNING:pet.gui_stall_sampler:GUI 冻结现场（106ms，2 个采样点，旧→新）：
WARNING:pet.gui_stall_sampler:  [t-111ms] verify_multi.py:309:<module> <- verify_multi.py:245:main
WARNING:pet.gui_stall_sampler:  [t-35ms] webm_clip.py:2499:_poll <- webm_clip.py:2750:_process_frame <- window_optional_services.py:62:<lambda> <- verify_multi.py:93:observed_frame <- window.py:1917:_on_frame <- window.py:2106:_rebuild_frame
WARNING:root:GUI 卡顿 107ms state=IDLE anim=余额-分文不剩 physics=None
WARNING:pet.gui_stall_sampler:GUI 冻结现场（107ms，2 个采样点，旧→新）：
WARNING:pet.gui_stall_sampler:  [t-111ms] verify_multi.py:309:<module> <- verify_multi.py:245:main
WARNING:pet.gui_stall_sampler:  [t-35ms] webm_clip.py:2499:_poll <- webm_clip.py:2750:_process_frame <- window_optional_services.py:62:<lambda> <- verify_multi.py:93:observed_frame <- window.py:1917:_on_frame <- window.py:2106:_rebuild_frame
WARNING:root:GUI 卡顿 100ms state=IDLE anim=待机呼吸休闲 physics=None
WARNING:pet.gui_stall_sampler:GUI 冻结现场（100ms，1 个采样点，旧→新）：
WARNING:pet.gui_stall_sampler:  [t-20ms] webm_clip.py:2499:_poll <- webm_clip.py:2750:_process_frame <- window_optional_services.py:62:<lambda> <- verify_multi.py:93:observed_frame <- window.py:1917:_on_frame <- window.py:2124:_rebuild_frame
WARNING:root:GUI 卡顿 101ms state=IDLE anim=东张西望 physics=None
WARNING:pet.gui_stall_sampler:GUI 冻结现场（101ms，1 个采样点，旧→新）：
WARNING:pet.gui_stall_sampler:  [t-20ms] webm_clip.py:2499:_poll <- webm_clip.py:2750:_process_frame <- window_optional_services.py:62:<lambda> <- verify_multi.py:93:observed_frame <- window.py:1917:_on_frame <- window.py:2124:_rebuild_frame
WARNING:root:GUI 卡顿 101ms state=IDLE anim=余额-分文不剩 physics=None
WARNING:pet.gui_stall_sampler:GUI 冻结现场（101ms，1 个采样点，旧→新）：
WARNING:pet.gui_stall_sampler:  [t-20ms] webm_clip.py:2499:_poll <- webm_clip.py:2750:_process_frame <- window_optional_services.py:62:<lambda> <- verify_multi.py:93:observed_frame <- window.py:1917:_on_frame <- window.py:2124:_rebuild_frame
WARNING:root:GUI 卡顿 115ms state=IDLE anim=待机呼吸休闲 physics=None
WARNING:pet.gui_stall_sampler:GUI 冻结现场（115ms，2 个采样点，旧→新）：
WARNING:pet.gui_stall_sampler:  [t-133ms] verify_multi.py:309:<module> <- verify_multi.py:245:main
WARNING:pet.gui_stall_sampler:  [t-7ms] webm_clip.py:2499:_poll <- webm_clip.py:2750:_process_frame <- window_optional_services.py:62:<lambda> <- verify_multi.py:93:observed_frame <- window.py:1917:_on_frame <- window.py:2099:_rebuild_frame
WARNING:root:GUI 卡顿 116ms state=IDLE anim=东张西望 physics=None
WARNING:pet.gui_stall_sampler:GUI 冻结现场（116ms，2 个采样点，旧→新）：
WARNING:pet.gui_stall_sampler:  [t-134ms] verify_multi.py:309:<module> <- verify_multi.py:245:main
WARNING:pet.gui_stall_sampler:  [t-7ms] webm_clip.py:2499:_poll <- webm_clip.py:2750:_process_frame <- window_optional_services.py:62:<lambda> <- verify_multi.py:93:observed_frame <- window.py:1917:_on_frame <- window.py:2099:_rebuild_frame
WARNING:root:GUI 卡顿 116ms state=IDLE anim=余额-分文不剩 physics=None
WARNING:pet.gui_stall_sampler:GUI 冻结现场（116ms，2 个采样点，旧→新）：
WARNING:pet.gui_stall_sampler:  [t-134ms] verify_multi.py:309:<module> <- verify_multi.py:245:main
WARNING:pet.gui_stall_sampler:  [t-8ms] webm_clip.py:2499:_poll <- webm_clip.py:2750:_process_frame <- window_optional_services.py:62:<lambda> <- verify_multi.py:93:observed_frame <- window.py:1917:_on_frame <- window.py:2099:_rebuild_frame
WARNING:root:GUI 卡顿 319ms state=IDLE anim=待机呼吸休闲 physics=None
WARNING:pet.gui_stall_sampler:GUI 冻结现场（319ms，1 个采样点，旧→新）：
WARNING:pet.gui_stall_sampler:  [t-357ms] verify_multi.py:309:<module> <- verify_multi.py:245:main
WARNING:root:GUI 卡顿 320ms state=IDLE anim=东张西望 physics=None
WARNING:pet.gui_stall_sampler:GUI 冻结现场（320ms，1 个采样点，旧→新）：
WARNING:pet.gui_stall_sampler:  [t-357ms] verify_multi.py:309:<module> <- verify_multi.py:245:main
WARNING:root:GUI 卡顿 320ms state=IDLE anim=余额-分文不剩 physics=None
WARNING:pet.gui_stall_sampler:GUI 冻结现场（320ms，1 个采样点，旧→新）：
WARNING:pet.gui_stall_sampler:  [t-357ms] verify_multi.py:309:<module> <- verify_multi.py:245:main
WARNING:root:GUI 卡顿 109ms state=IDLE anim=待机呼吸休闲 physics=None
WARNING:pet.gui_stall_sampler:GUI 冻结现场（109ms，2 个采样点，旧→新）：
WARNING:pet.gui_stall_sampler:  [t-124ms] verify_multi.py:309:<module> <- verify_multi.py:245:main
WARNING:root:GUI 卡顿 111ms state=IDLE anim=东张西望 physics=None
WARNING:pet.gui_stall_sampler:GUI 冻结现场（111ms，2 个采样点，旧→新）：
WARNING:pet.gui_stall_sampler:  [t-124ms] verify_multi.py:309:<module> <- verify_multi.py:245:main
WARNING:root:GUI 卡顿 111ms state=IDLE anim=余额-分文不剩 physics=None
WARNING:pet.gui_stall_sampler:GUI 冻结现场（111ms，2 个采样点，旧→新）：
WARNING:pet.gui_stall_sampler:  [t-124ms] verify_multi.py:309:<module> <- verify_multi.py:245:main
WARNING:root:GUI 卡顿 143ms state=IDLE anim=待机呼吸休闲 physics=None
WARNING:pet.gui_stall_sampler:GUI 冻结现场（143ms，3 个采样点，旧→新）：
WARNING:pet.gui_stall_sampler:  [t-172ms] verify_multi.py:309:<module> <- verify_multi.py:245:main
WARNING:pet.gui_stall_sampler:  [t-76ms] webm_clip.py:2750:_process_frame <- window_optional_services.py:62:<lambda> <- verify_multi.py:93:observed_frame <- window.py:1917:_on_frame <- window.py:2124:_rebuild_frame <- window.py:2263:_sync_mask
WARNING:pet.gui_stall_sampler:  [t-18ms] verify_multi.py:309:<module> <- verify_multi.py:245:main
WARNING:root:GUI 卡顿 147ms state=IDLE anim=东张西望 physics=None
WARNING:pet.gui_stall_sampler:GUI 冻结现场（147ms，3 个采样点，旧→新）：
WARNING:pet.gui_stall_sampler:  [t-173ms] verify_multi.py:309:<module> <- verify_multi.py:245:main
WARNING:pet.gui_stall_sampler:  [t-77ms] webm_clip.py:2750:_process_frame <- window_optional_services.py:62:<lambda> <- verify_multi.py:93:observed_frame <- window.py:1917:_on_frame <- window.py:2124:_rebuild_frame <- window.py:2263:_sync_mask
WARNING:pet.gui_stall_sampler:  [t-19ms] verify_multi.py:309:<module> <- verify_multi.py:245:main
WARNING:root:GUI 卡顿 147ms state=IDLE anim=余额-分文不剩 physics=None
WARNING:pet.gui_stall_sampler:GUI 冻结现场（147ms，3 个采样点，旧→新）：
WARNING:pet.gui_stall_sampler:  [t-173ms] verify_multi.py:309:<module> <- verify_multi.py:245:main
WARNING:pet.gui_stall_sampler:  [t-77ms] webm_clip.py:2750:_process_frame <- window_optional_services.py:62:<lambda> <- verify_multi.py:93:observed_frame <- window.py:1917:_on_frame <- window.py:2124:_rebuild_frame <- window.py:2263:_sync_mask
WARNING:pet.gui_stall_sampler:  [t-19ms] verify_multi.py:309:<module> <- verify_multi.py:245:main
WARNING:root:GUI 卡顿 102ms state=IDLE anim=待机呼吸休闲 physics=None
WARNING:pet.gui_stall_sampler:GUI 冻结现场（102ms，2 个采样点，旧→新）：
WARNING:pet.gui_stall_sampler:  [t-148ms] webm_clip.py:2499:_poll <- webm_clip.py:2750:_process_frame <- window_optional_services.py:62:<lambda> <- verify_multi.py:93:observed_frame <- window.py:1917:_on_frame <- window.py:2106:_rebuild_frame
WARNING:pet.gui_stall_sampler:  [t-79ms] verify_multi.py:309:<module> <- verify_multi.py:245:main <- webm_clip.py:2499:_poll <- webm_clip.py:2724:_process_frame
WARNING:root:GUI 卡顿 103ms state=IDLE anim=东张西望 physics=None
WARNING:pet.gui_stall_sampler:GUI 冻结现场（103ms，2 个采样点，旧→新）：
WARNING:pet.gui_stall_sampler:  [t-149ms] webm_clip.py:2499:_poll <- webm_clip.py:2750:_process_frame <- window_optional_services.py:62:<lambda> <- verify_multi.py:93:observed_frame <- window.py:1917:_on_frame <- window.py:2106:_rebuild_frame
WARNING:pet.gui_stall_sampler:  [t-80ms] verify_multi.py:309:<module> <- verify_multi.py:245:main <- webm_clip.py:2499:_poll <- webm_clip.py:2724:_process_frame
WARNING:root:GUI 卡顿 103ms state=IDLE anim=余额-分文不剩 physics=None
WARNING:pet.gui_stall_sampler:GUI 冻结现场（103ms，2 个采样点，旧→新）：
WARNING:pet.gui_stall_sampler:  [t-149ms] webm_clip.py:2499:_poll <- webm_clip.py:2750:_process_frame <- window_optional_services.py:62:<lambda> <- verify_multi.py:93:observed_frame <- window.py:1917:_on_frame <- window.py:2106:_rebuild_frame
WARNING:pet.gui_stall_sampler:  [t-80ms] verify_multi.py:309:<module> <- verify_multi.py:245:main <- webm_clip.py:2499:_poll <- webm_clip.py:2724:_process_frame
WARNING:root:GUI 卡顿 143ms state=IDLE anim=待机呼吸休闲 physics=None
WARNING:pet.gui_stall_sampler:GUI 冻结现场（143ms，2 个采样点，旧→新）：
WARNING:pet.gui_stall_sampler:  [t-178ms] verify_multi.py:309:<module> <- verify_multi.py:245:main
WARNING:pet.gui_stall_sampler:  [t-56ms] webm_clip.py:2499:_poll <- webm_clip.py:2750:_process_frame <- window_optional_services.py:62:<lambda> <- verify_multi.py:93:observed_frame <- window.py:1917:_on_frame <- window.py:2106:_rebuild_frame
WARNING:root:GUI 卡顿 147ms state=IDLE anim=东张西望 physics=None
WARNING:pet.gui_stall_sampler:GUI 冻结现场（147ms，3 个采样点，旧→新）：
WARNING:pet.gui_stall_sampler:  [t-180ms] verify_multi.py:309:<module> <- verify_multi.py:245:main
WARNING:pet.gui_stall_sampler:  [t-57ms] webm_clip.py:2499:_poll <- webm_clip.py:2750:_process_frame <- window_optional_services.py:62:<lambda> <- verify_multi.py:93:observed_frame <- window.py:1917:_on_frame <- window.py:2106:_rebuild_frame
WARNING:pet.gui_stall_sampler:  [t-0ms] __init__.py:1531:warning <- __init__.py:1664:_log <- __init__.py:1680:handle <- __init__.py:1741:callHandlers <- __init__.py:1027:handle <- __init__.py:1154:emit
WARNING:root:GUI 卡顿 147ms state=IDLE anim=余额-分文不剩 physics=None
WARNING:pet.gui_stall_sampler:GUI 冻结现场（147ms，3 个采样点，旧→新）：
WARNING:pet.gui_stall_sampler:  [t-180ms] verify_multi.py:309:<module> <- verify_multi.py:245:main
WARNING:pet.gui_stall_sampler:  [t-57ms] webm_clip.py:2499:_poll <- webm_clip.py:2750:_process_frame <- window_optional_services.py:62:<lambda> <- verify_multi.py:93:observed_frame <- window.py:1917:_on_frame <- window.py:2106:_rebuild_frame
WARNING:pet.gui_stall_sampler:  [t-0ms] __init__.py:1531:warning <- __init__.py:1664:_log <- __init__.py:1680:handle <- __init__.py:1741:callHandlers <- __init__.py:1027:handle <- __init__.py:1154:emit
WARNING:root:GUI 卡顿 146ms state=IDLE anim=待机呼吸休闲 physics=None
WARNING:pet.gui_stall_sampler:GUI 冻结现场（146ms，3 个采样点，旧→新）：
WARNING:pet.gui_stall_sampler:  [t-171ms] verify_multi.py:309:<module> <- verify_multi.py:245:main
WARNING:pet.gui_stall_sampler:  [t-66ms] webm_clip.py:2499:_poll <- webm_clip.py:2750:_process_frame <- window_optional_services.py:62:<lambda> <- verify_multi.py:93:observed_frame <- window.py:1917:_on_frame <- window.py:2119:_rebuild_frame
WARNING:pet.gui_stall_sampler:  [t-13ms] webm_clip.py:2499:_poll <- webm_clip.py:2750:_process_frame <- window_optional_services.py:62:<lambda> <- verify_multi.py:93:observed_frame <- window.py:1917:_on_frame <- window.py:2124:_rebuild_frame
WARNING:root:GUI 卡顿 148ms state=IDLE anim=东张西望 physics=None
WARNING:pet.gui_stall_sampler:GUI 冻结现场（148ms，3 个采样点，旧→新）：
WARNING:pet.gui_stall_sampler:  [t-172ms] verify_multi.py:309:<module> <- verify_multi.py:245:main
WARNING:pet.gui_stall_sampler:  [t-67ms] webm_clip.py:2499:_poll <- webm_clip.py:2750:_process_frame <- window_optional_services.py:62:<lambda> <- verify_multi.py:93:observed_frame <- window.py:1917:_on_frame <- window.py:2119:_rebuild_frame
WARNING:pet.gui_stall_sampler:  [t-14ms] webm_clip.py:2499:_poll <- webm_clip.py:2750:_process_frame <- window_optional_services.py:62:<lambda> <- verify_multi.py:93:observed_frame <- window.py:1917:_on_frame <- window.py:2124:_rebuild_frame
WARNING:root:GUI 卡顿 148ms state=IDLE anim=余额-分文不剩 physics=None
WARNING:pet.gui_stall_sampler:GUI 冻结现场（148ms，3 个采样点，旧→新）：
WARNING:pet.gui_stall_sampler:  [t-172ms] verify_multi.py:309:<module> <- verify_multi.py:245:main
WARNING:pet.gui_stall_sampler:  [t-67ms] webm_clip.py:2499:_poll <- webm_clip.py:2750:_process_frame <- window_optional_services.py:62:<lambda> <- verify_multi.py:93:observed_frame <- window.py:1917:_on_frame <- window.py:2119:_rebuild_frame
WARNING:pet.gui_stall_sampler:  [t-14ms] webm_clip.py:2499:_poll <- webm_clip.py:2750:_process_frame <- window_optional_services.py:62:<lambda> <- verify_multi.py:93:observed_frame <- window.py:1917:_on_frame <- window.py:2124:_rebuild_frame
WARNING:root:GUI 卡顿 103ms state=IDLE anim=待机呼吸休闲 physics=None
WARNING:pet.gui_stall_sampler:GUI 冻结现场（103ms，2 个采样点，旧→新）：
WARNING:pet.gui_stall_sampler:  [t-136ms] webm_clip.py:2750:_process_frame <- window_optional_services.py:62:<lambda> <- verify_multi.py:93:observed_frame <- window.py:1917:_on_frame <- window.py:2068:_rebuild_frame <- window.py:1990:_frame_signature
WARNING:pet.gui_stall_sampler:  [t-7ms] verify_multi.py:309:<module> <- verify_multi.py:245:main <- webm_clip.py:2499:_poll <- webm_clip.py:2750:_process_frame
WARNING:root:GUI 卡顿 104ms state=IDLE anim=东张西望 physics=None
WARNING:pet.gui_stall_sampler:GUI 冻结现场（104ms，2 个采样点，旧→新）：
WARNING:pet.gui_stall_sampler:  [t-136ms] webm_clip.py:2750:_process_frame <- window_optional_services.py:62:<lambda> <- verify_multi.py:93:observed_frame <- window.py:1917:_on_frame <- window.py:2068:_rebuild_frame <- window.py:1990:_frame_signature
WARNING:pet.gui_stall_sampler:  [t-8ms] verify_multi.py:309:<module> <- verify_multi.py:245:main <- webm_clip.py:2499:_poll <- webm_clip.py:2750:_process_frame
WARNING:root:GUI 卡顿 104ms state=IDLE anim=余额-分文不剩 physics=None
WARNING:pet.gui_stall_sampler:GUI 冻结现场（104ms，2 个采样点，旧→新）：
WARNING:pet.gui_stall_sampler:  [t-136ms] webm_clip.py:2750:_process_frame <- window_optional_services.py:62:<lambda> <- verify_multi.py:93:observed_frame <- window.py:1917:_on_frame <- window.py:2068:_rebuild_frame <- window.py:1990:_frame_signature
WARNING:pet.gui_stall_sampler:  [t-8ms] verify_multi.py:309:<module> <- verify_multi.py:245:main <- webm_clip.py:2499:_poll <- webm_clip.py:2750:_process_frame
WARNING:root:GUI 卡顿 227ms state=IDLE anim=待机呼吸休闲 physics=None
WARNING:root:GUI 卡顿 228ms state=IDLE anim=东张西望 physics=None
WARNING:root:GUI 卡顿 228ms state=IDLE anim=余额-分文不剩 physics=None
WARNING:root:GUI 卡顿 108ms state=IDLE anim=待机呼吸休闲 physics=None
WARNING:pet.gui_stall_sampler:GUI 冻结现场（108ms，2 个采样点，旧→新）：
WARNING:pet.gui_stall_sampler:  [t-153ms] webm_clip.py:2499:_poll <- webm_clip.py:2750:_process_frame <- window_optional_services.py:62:<lambda> <- verify_multi.py:93:observed_frame <- window.py:1917:_on_frame <- window.py:2114:_rebuild_frame
WARNING:pet.gui_stall_sampler:  [t-13ms] webm_clip.py:2750:_process_frame <- window_optional_services.py:62:<lambda> <- verify_multi.py:93:observed_frame <- window.py:1919:_on_frame <- window.py:2126:_rebuild_frame <- window.py:2291:_sync_mask
WARNING:root:GUI 卡顿 109ms state=IDLE anim=东张西望 physics=None
WARNING:pet.gui_stall_sampler:GUI 冻结现场（109ms，2 个采样点，旧→新）：
WARNING:pet.gui_stall_sampler:  [t-153ms] webm_clip.py:2499:_poll <- webm_clip.py:2750:_process_frame <- window_optional_services.py:62:<lambda> <- verify_multi.py:93:observed_frame <- window.py:1917:_on_frame <- window.py:2114:_rebuild_frame
WARNING:pet.gui_stall_sampler:  [t-13ms] webm_clip.py:2750:_process_frame <- window_optional_services.py:62:<lambda> <- verify_multi.py:93:observed_frame <- window.py:1919:_on_frame <- window.py:2126:_rebuild_frame <- window.py:2291:_sync_mask
WARNING:root:GUI 卡顿 109ms state=IDLE anim=余额-分文不剩 physics=None
WARNING:pet.gui_stall_sampler:GUI 冻结现场（109ms，2 个采样点，旧→新）：
WARNING:pet.gui_stall_sampler:  [t-153ms] webm_clip.py:2499:_poll <- webm_clip.py:2750:_process_frame <- window_optional_services.py:62:<lambda> <- verify_multi.py:93:observed_frame <- window.py:1917:_on_frame <- window.py:2114:_rebuild_frame
WARNING:pet.gui_stall_sampler:  [t-13ms] webm_clip.py:2750:_process_frame <- window_optional_services.py:62:<lambda> <- verify_multi.py:93:observed_frame <- window.py:1919:_on_frame <- window.py:2126:_rebuild_frame <- window.py:2291:_sync_mask
WARNING:root:GUI 卡顿 111ms state=IDLE anim=待机呼吸休闲 physics=None
WARNING:pet.gui_stall_sampler:GUI 冻结现场（111ms，1 个采样点，旧→新）：
WARNING:pet.gui_stall_sampler:  [t-138ms] verify_multi.py:309:<module> <- verify_multi.py:245:main
WARNING:root:GUI 卡顿 130ms state=IDLE anim=东张西望 physics=None
WARNING:pet.gui_stall_sampler:GUI 冻结现场（130ms，2 个采样点，旧→新）：
WARNING:pet.gui_stall_sampler:  [t-141ms] verify_multi.py:309:<module> <- verify_multi.py:245:main
WARNING:pet.gui_stall_sampler:  [t-1ms] __init__.py:1531:warning <- __init__.py:1664:_log <- __init__.py:1680:handle <- __init__.py:1736:callHandlers <- __init__.py:1026:handle <- __init__.py:1153:emit
WARNING:root:GUI 卡顿 131ms state=IDLE anim=余额-分文不剩 physics=None
WARNING:pet.gui_stall_sampler:GUI 冻结现场（131ms，2 个采样点，旧→新）：
WARNING:pet.gui_stall_sampler:  [t-141ms] verify_multi.py:309:<module> <- verify_multi.py:245:main
WARNING:pet.gui_stall_sampler:  [t-1ms] __init__.py:1531:warning <- __init__.py:1664:_log <- __init__.py:1680:handle <- __init__.py:1736:callHandlers <- __init__.py:1026:handle <- __init__.py:1153:emit
WARNING:root:GUI 卡顿 161ms state=IDLE anim=待机呼吸休闲 physics=None
WARNING:pet.gui_stall_sampler:GUI 冻结现场（161ms，2 个采样点，旧→新）：
WARNING:pet.gui_stall_sampler:  [t-71ms] verify_multi.py:309:<module> <- verify_multi.py:245:main <- webm_clip.py:2499:_poll <- webm_clip.py:2724:_process_frame
WARNING:pet.gui_stall_sampler:  [t-6ms] verify_multi.py:309:<module> <- verify_multi.py:245:main
WARNING:root:GUI 卡顿 165ms state=IDLE anim=东张西望 physics=None
WARNING:pet.gui_stall_sampler:GUI 冻结现场（165ms，2 个采样点，旧→新）：
WARNING:pet.gui_stall_sampler:  [t-72ms] verify_multi.py:309:<module> <- verify_multi.py:245:main <- webm_clip.py:2499:_poll <- webm_clip.py:2724:_process_frame
WARNING:pet.gui_stall_sampler:  [t-7ms] verify_multi.py:309:<module> <- verify_multi.py:245:main
WARNING:root:GUI 卡顿 166ms state=IDLE anim=余额-分文不剩 physics=None
WARNING:pet.gui_stall_sampler:GUI 冻结现场（166ms，2 个采样点，旧→新）：
WARNING:pet.gui_stall_sampler:  [t-72ms] verify_multi.py:309:<module> <- verify_multi.py:245:main <- webm_clip.py:2499:_poll <- webm_clip.py:2724:_process_frame
WARNING:pet.gui_stall_sampler:  [t-7ms] verify_multi.py:309:<module> <- verify_multi.py:245:main
WARNING:root:GUI 卡顿 101ms state=IDLE anim=待机呼吸休闲 physics=None
WARNING:pet.gui_stall_sampler:GUI 冻结现场（101ms，2 个采样点，旧→新）：
WARNING:pet.gui_stall_sampler:  [t-122ms] predictive_prewarm.py:162:on_frame <- window.py:426:<lambda> <- library.py:864:warm_predicted <- threading.py:979:start <- threading.py:659:wait <- threading.py:359:wait
WARNING:pet.gui_stall_sampler:  [t-30ms] verify_multi.py:309:<module> <- verify_multi.py:245:main
WARNING:root:GUI 卡顿 102ms state=IDLE anim=东张西望 physics=None
WARNING:pet.gui_stall_sampler:GUI 冻结现场（102ms，2 个采样点，旧→新）：
WARNING:pet.gui_stall_sampler:  [t-122ms] predictive_prewarm.py:162:on_frame <- window.py:426:<lambda> <- library.py:864:warm_predicted <- threading.py:979:start <- threading.py:659:wait <- threading.py:359:wait
WARNING:pet.gui_stall_sampler:  [t-30ms] verify_multi.py:309:<module> <- verify_multi.py:245:main
WARNING:root:GUI 卡顿 102ms state=IDLE anim=余额-分文不剩 physics=None
WARNING:pet.gui_stall_sampler:GUI 冻结现场（102ms，2 个采样点，旧→新）：
WARNING:pet.gui_stall_sampler:  [t-122ms] predictive_prewarm.py:162:on_frame <- window.py:426:<lambda> <- library.py:864:warm_predicted <- threading.py:979:start <- threading.py:659:wait <- threading.py:359:wait
WARNING:pet.gui_stall_sampler:  [t-30ms] verify_multi.py:309:<module> <- verify_multi.py:245:main
WARNING:root:GUI 卡顿 150ms state=IDLE anim=待机呼吸休闲 physics=None
WARNING:pet.gui_stall_sampler:GUI 冻结现场（150ms，2 个采样点，旧→新）：
WARNING:pet.gui_stall_sampler:  [t-187ms] verify_multi.py:309:<module> <- verify_multi.py:245:main
WARNING:pet.gui_stall_sampler:  [t-79ms] webm_clip.py:2750:_process_frame <- window_optional_services.py:62:<lambda> <- verify_multi.py:93:observed_frame <- window.py:1917:_on_frame <- window.py:2124:_rebuild_frame <- window.py:2263:_sync_mask
WARNING:root:GUI 卡顿 151ms state=IDLE anim=东张西望 physics=None
WARNING:pet.gui_stall_sampler:GUI 冻结现场（151ms，2 个采样点，旧→新）：
WARNING:pet.gui_stall_sampler:  [t-188ms] verify_multi.py:309:<module> <- verify_multi.py:245:main
WARNING:pet.gui_stall_sampler:  [t-79ms] webm_clip.py:2750:_process_frame <- window_optional_services.py:62:<lambda> <- verify_multi.py:93:observed_frame <- window.py:1917:_on_frame <- window.py:2124:_rebuild_frame <- window.py:2263:_sync_mask
WARNING:root:GUI 卡顿 152ms state=IDLE anim=余额-分文不剩 physics=None
WARNING:pet.gui_stall_sampler:GUI 冻结现场（152ms，2 个采样点，旧→新）：
WARNING:pet.gui_stall_sampler:  [t-188ms] verify_multi.py:309:<module> <- verify_multi.py:245:main
WARNING:pet.gui_stall_sampler:  [t-79ms] webm_clip.py:2750:_process_frame <- window_optional_services.py:62:<lambda> <- verify_multi.py:93:observed_frame <- window.py:1917:_on_frame <- window.py:2124:_rebuild_frame <- window.py:2263:_sync_mask
WARNING:root:GUI 卡顿 113ms state=IDLE anim=待机呼吸休闲 physics=None
WARNING:pet.gui_stall_sampler:GUI 冻结现场（113ms，2 个采样点，旧→新）：
WARNING:pet.gui_stall_sampler:  [t-130ms] verify_multi.py:309:<module> <- verify_multi.py:245:main
WARNING:pet.gui_stall_sampler:  [t-39ms] webm_clip.py:2499:_poll <- webm_clip.py:2750:_process_frame <- window_optional_services.py:62:<lambda> <- verify_multi.py:93:observed_frame <- window.py:1917:_on_frame <- window.py:2099:_rebuild_frame
WARNING:root:GUI 卡顿 116ms state=IDLE anim=东张西望 physics=None
WARNING:pet.gui_stall_sampler:GUI 冻结现场（116ms，2 个采样点，旧→新）：
WARNING:pet.gui_stall_sampler:  [t-130ms] verify_multi.py:309:<module> <- verify_multi.py:245:main
WARNING:pet.gui_stall_sampler:  [t-39ms] webm_clip.py:2499:_poll <- webm_clip.py:2750:_process_frame <- window_optional_services.py:62:<lambda> <- verify_multi.py:93:observed_frame <- window.py:1917:_on_frame <- window.py:2099:_rebuild_frame
WARNING:root:GUI 卡顿 116ms state=IDLE anim=余额-分文不剩 physics=None
WARNING:pet.gui_stall_sampler:GUI 冻结现场（116ms，2 个采样点，旧→新）：
WARNING:pet.gui_stall_sampler:  [t-130ms] verify_multi.py:309:<module> <- verify_multi.py:245:main
WARNING:pet.gui_stall_sampler:  [t-39ms] webm_clip.py:2499:_poll <- webm_clip.py:2750:_process_frame <- window_optional_services.py:62:<lambda> <- verify_multi.py:93:observed_frame <- window.py:1917:_on_frame <- window.py:2099:_rebuild_frame
WARNING:root:GUI 卡顿 164ms state=IDLE anim=待机呼吸休闲 physics=None
WARNING:pet.gui_stall_sampler:GUI 冻结现场（164ms，2 个采样点，旧→新）：
WARNING:pet.gui_stall_sampler:  [t-210ms] verify_multi.py:309:<module> <- verify_multi.py:245:main <- webm_clip.py:2499:_poll <- webm_clip.py:2724:_process_frame
WARNING:pet.gui_stall_sampler:  [t-34ms] verify_multi.py:309:<module> <- verify_multi.py:245:main <- webm_clip.py:2499:_poll <- webm_clip.py:2750:_process_frame
WARNING:root:GUI 卡顿 165ms state=IDLE anim=东张西望 physics=None
WARNING:pet.gui_stall_sampler:GUI 冻结现场（165ms，2 个采样点，旧→新）：
WARNING:pet.gui_stall_sampler:  [t-210ms] verify_multi.py:309:<module> <- verify_multi.py:245:main <- webm_clip.py:2499:_poll <- webm_clip.py:2724:_process_frame
WARNING:pet.gui_stall_sampler:  [t-34ms] verify_multi.py:309:<module> <- verify_multi.py:245:main <- webm_clip.py:2499:_poll <- webm_clip.py:2750:_process_frame
WARNING:root:GUI 卡顿 165ms state=IDLE anim=余额-分文不剩 physics=None
WARNING:pet.gui_stall_sampler:GUI 冻结现场（165ms，2 个采样点，旧→新）：
WARNING:pet.gui_stall_sampler:  [t-211ms] verify_multi.py:309:<module> <- verify_multi.py:245:main <- webm_clip.py:2499:_poll <- webm_clip.py:2724:_process_frame
WARNING:pet.gui_stall_sampler:  [t-34ms] verify_multi.py:309:<module> <- verify_multi.py:245:main <- webm_clip.py:2499:_poll <- webm_clip.py:2750:_process_frame
WARNING:root:GUI 卡顿 144ms state=IDLE anim=待机呼吸休闲 physics=None
WARNING:pet.gui_stall_sampler:GUI 冻结现场（144ms，3 个采样点，旧→新）：
WARNING:pet.gui_stall_sampler:  [t-168ms] verify_multi.py:309:<module> <- verify_multi.py:245:main
WARNING:pet.gui_stall_sampler:  [t-107ms] verify_multi.py:309:<module> <- verify_multi.py:245:main <- webm_clip.py:2499:_poll <- webm_clip.py:2724:_process_frame
WARNING:pet.gui_stall_sampler:  [t-29ms] webm_clip.py:2499:_poll <- webm_clip.py:2750:_process_frame <- window_optional_services.py:62:<lambda> <- verify_multi.py:93:observed_frame <- window.py:1917:_on_frame <- window.py:2114:_rebuild_frame
WARNING:root:GUI 卡顿 144ms state=IDLE anim=东张西望 physics=None
WARNING:pet.gui_stall_sampler:GUI 冻结现场（144ms，3 个采样点，旧→新）：
WARNING:pet.gui_stall_sampler:  [t-168ms] verify_multi.py:309:<module> <- verify_multi.py:245:main
WARNING:pet.gui_stall_sampler:  [t-108ms] verify_multi.py:309:<module> <- verify_multi.py:245:main <- webm_clip.py:2499:_poll <- webm_clip.py:2724:_process_frame
WARNING:pet.gui_stall_sampler:  [t-30ms] webm_clip.py:2499:_poll <- webm_clip.py:2750:_process_frame <- window_optional_services.py:62:<lambda> <- verify_multi.py:93:observed_frame <- window.py:1917:_on_frame <- window.py:2114:_rebuild_frame
WARNING:root:GUI 卡顿 144ms state=IDLE anim=余额-分文不剩 physics=None
WARNING:pet.gui_stall_sampler:GUI 冻结现场（144ms，3 个采样点，旧→新）：
WARNING:pet.gui_stall_sampler:  [t-168ms] verify_multi.py:309:<module> <- verify_multi.py:245:main
WARNING:pet.gui_stall_sampler:  [t-108ms] verify_multi.py:309:<module> <- verify_multi.py:245:main <- webm_clip.py:2499:_poll <- webm_clip.py:2724:_process_frame
WARNING:pet.gui_stall_sampler:  [t-30ms] webm_clip.py:2499:_poll <- webm_clip.py:2750:_process_frame <- window_optional_services.py:62:<lambda> <- verify_multi.py:93:observed_frame <- window.py:1917:_on_frame <- window.py:2114:_rebuild_frame
WARNING:root:GUI 卡顿 158ms state=IDLE anim=待机呼吸休闲 physics=None
WARNING:pet.gui_stall_sampler:GUI 冻结现场（158ms，2 个采样点，旧→新）：
WARNING:pet.gui_stall_sampler:  [t-158ms] verify_multi.py:309:<module> <- verify_multi.py:245:main
WARNING:pet.gui_stall_sampler:  [t-2ms] verify_multi.py:309:<module> <- verify_multi.py:245:main <- window.py:2460:paintEvent
WARNING:root:GUI 卡顿 159ms state=IDLE anim=东张西望 physics=None
WARNING:pet.gui_stall_sampler:GUI 冻结现场（159ms，2 个采样点，旧→新）：
WARNING:pet.gui_stall_sampler:  [t-159ms] verify_multi.py:309:<module> <- verify_multi.py:245:main
WARNING:pet.gui_stall_sampler:  [t-2ms] verify_multi.py:309:<module> <- verify_multi.py:245:main <- window.py:2460:paintEvent
WARNING:root:GUI 卡顿 159ms state=IDLE anim=余额-分文不剩 physics=None
WARNING:pet.gui_stall_sampler:GUI 冻结现场（159ms，2 个采样点，旧→新）：
WARNING:pet.gui_stall_sampler:  [t-159ms] verify_multi.py:309:<module> <- verify_multi.py:245:main
WARNING:pet.gui_stall_sampler:  [t-2ms] verify_multi.py:309:<module> <- verify_multi.py:245:main <- window.py:2460:paintEvent
WARNING:root:GUI 卡顿 147ms state=IDLE anim=待机呼吸休闲 physics=None
WARNING:pet.gui_stall_sampler:GUI 冻结现场（147ms，2 个采样点，旧→新）：
WARNING:pet.gui_stall_sampler:  [t-148ms] verify_multi.py:309:<module> <- verify_multi.py:245:main <- window.py:2460:paintEvent
WARNING:pet.gui_stall_sampler:  [t-0ms] webm_clip.py:2499:_poll <- webm_clip.py:2750:_process_frame <- window_optional_services.py:62:<lambda> <- verify_multi.py:93:observed_frame <- window.py:1917:_on_frame <- window.py:2106:_rebuild_frame
WARNING:root:GUI 卡顿 146ms state=IDLE anim=东张西望 physics=None
WARNING:pet.gui_stall_sampler:GUI 冻结现场（146ms，2 个采样点，旧→新）：
WARNING:pet.gui_stall_sampler:  [t-148ms] verify_multi.py:309:<module> <- verify_multi.py:245:main <- window.py:2460:paintEvent
WARNING:pet.gui_stall_sampler:  [t-1ms] webm_clip.py:2499:_poll <- webm_clip.py:2750:_process_frame <- window_optional_services.py:62:<lambda> <- verify_multi.py:93:observed_frame <- window.py:1917:_on_frame <- window.py:2106:_rebuild_frame
WARNING:root:GUI 卡顿 146ms state=IDLE anim=余额-分文不剩 physics=None
WARNING:pet.gui_stall_sampler:GUI 冻结现场（146ms，2 个采样点，旧→新）：
WARNING:pet.gui_stall_sampler:  [t-148ms] verify_multi.py:309:<module> <- verify_multi.py:245:main <- window.py:2460:paintEvent
WARNING:pet.gui_stall_sampler:  [t-1ms] webm_clip.py:2499:_poll <- webm_clip.py:2750:_process_frame <- window_optional_services.py:62:<lambda> <- verify_multi.py:93:observed_frame <- window.py:1917:_on_frame <- window.py:2106:_rebuild_frame
WARNING:root:GUI 卡顿 107ms state=IDLE anim=待机呼吸休闲 physics=None
WARNING:pet.gui_stall_sampler:GUI 冻结现场（107ms，2 个采样点，旧→新）：
WARNING:pet.gui_stall_sampler:  [t-118ms] webm_clip.py:2499:_poll <- webm_clip.py:2750:_process_frame <- window_optional_services.py:62:<lambda> <- verify_multi.py:93:observed_frame <- window.py:1919:_on_frame <- window.py:2106:_rebuild_frame
WARNING:pet.gui_stall_sampler:  [t-47ms] webm_clip.py:2499:_poll <- webm_clip.py:2750:_process_frame <- window_optional_services.py:62:<lambda> <- verify_multi.py:93:observed_frame <- window.py:1917:_on_frame <- window.py:2106:_rebuild_frame
WARNING:root:GUI 卡顿 108ms state=IDLE anim=东张西望 physics=None
WARNING:pet.gui_stall_sampler:GUI 冻结现场（108ms，2 个采样点，旧→新）：
WARNING:pet.gui_stall_sampler:  [t-118ms] webm_clip.py:2499:_poll <- webm_clip.py:2750:_process_frame <- window_optional_services.py:62:<lambda> <- verify_multi.py:93:observed_frame <- window.py:1919:_on_frame <- window.py:2106:_rebuild_frame
WARNING:pet.gui_stall_sampler:  [t-47ms] webm_clip.py:2499:_poll <- webm_clip.py:2750:_process_frame <- window_optional_services.py:62:<lambda> <- verify_multi.py:93:observed_frame <- window.py:1917:_on_frame <- window.py:2106:_rebuild_frame
WARNING:root:GUI 卡顿 108ms state=IDLE anim=余额-分文不剩 physics=None
WARNING:pet.gui_stall_sampler:GUI 冻结现场（108ms，2 个采样点，旧→新）：
WARNING:pet.gui_stall_sampler:  [t-119ms] webm_clip.py:2499:_poll <- webm_clip.py:2750:_process_frame <- window_optional_services.py:62:<lambda> <- verify_multi.py:93:observed_frame <- window.py:1919:_on_frame <- window.py:2106:_rebuild_frame
WARNING:pet.gui_stall_sampler:  [t-47ms] webm_clip.py:2499:_poll <- webm_clip.py:2750:_process_frame <- window_optional_services.py:62:<lambda> <- verify_multi.py:93:observed_frame <- window.py:1917:_on_frame <- window.py:2106:_rebuild_frame
WARNING:root:GUI 卡顿 110ms state=IDLE anim=待机呼吸休闲 physics=None
WARNING:pet.gui_stall_sampler:GUI 冻结现场（110ms，3 个采样点，旧→新）：
WARNING:pet.gui_stall_sampler:  [t-135ms] verify_multi.py:309:<module> <- verify_multi.py:245:main
WARNING:pet.gui_stall_sampler:  [t-66ms] webm_clip.py:2499:_poll <- webm_clip.py:2750:_process_frame <- window_optional_services.py:62:<lambda> <- verify_multi.py:93:observed_frame <- window.py:1917:_on_frame <- window.py:2106:_rebuild_frame
WARNING:pet.gui_stall_sampler:  [t-14ms] verify_multi.py:309:<module> <- verify_multi.py:245:main
WARNING:root:GUI 卡顿 113ms state=IDLE anim=东张西望 physics=None
WARNING:pet.gui_stall_sampler:GUI 冻结现场（113ms，3 个采样点，旧→新）：
WARNING:pet.gui_stall_sampler:  [t-135ms] verify_multi.py:309:<module> <- verify_multi.py:245:main
WARNING:pet.gui_stall_sampler:  [t-67ms] webm_clip.py:2499:_poll <- webm_clip.py:2750:_process_frame <- window_optional_services.py:62:<lambda> <- verify_multi.py:93:observed_frame <- window.py:1917:_on_frame <- window.py:2106:_rebuild_frame
WARNING:pet.gui_stall_sampler:  [t-15ms] verify_multi.py:309:<module> <- verify_multi.py:245:main
WARNING:root:GUI 卡顿 113ms state=IDLE anim=余额-分文不剩 physics=None
WARNING:pet.gui_stall_sampler:GUI 冻结现场（113ms，3 个采样点，旧→新）：
WARNING:pet.gui_stall_sampler:  [t-135ms] verify_multi.py:309:<module> <- verify_multi.py:245:main
WARNING:pet.gui_stall_sampler:  [t-67ms] webm_clip.py:2499:_poll <- webm_clip.py:2750:_process_frame <- window_optional_services.py:62:<lambda> <- verify_multi.py:93:observed_frame <- window.py:1917:_on_frame <- window.py:2106:_rebuild_frame
WARNING:pet.gui_stall_sampler:  [t-15ms] verify_multi.py:309:<module> <- verify_multi.py:245:main
WARNING:root:GUI 卡顿 101ms state=IDLE anim=待机呼吸休闲 physics=None
WARNING:pet.gui_stall_sampler:GUI 冻结现场（101ms，3 个采样点，旧→新）：
WARNING:pet.gui_stall_sampler:  [t-141ms] verify_multi.py:309:<module> <- verify_multi.py:245:main
WARNING:pet.gui_stall_sampler:  [t-69ms] verify_multi.py:309:<module> <- verify_multi.py:245:main <- webm_clip.py:2499:_poll <- webm_clip.py:2724:_process_frame
WARNING:pet.gui_stall_sampler:  [t-12ms] verify_multi.py:309:<module> <- verify_multi.py:245:main
WARNING:root:GUI 卡顿 102ms state=IDLE anim=东张西望 physics=None
WARNING:pet.gui_stall_sampler:GUI 冻结现场（102ms，3 个采样点，旧→新）：
WARNING:pet.gui_stall_sampler:  [t-141ms] verify_multi.py:309:<module> <- verify_multi.py:245:main
WARNING:pet.gui_stall_sampler:  [t-69ms] verify_multi.py:309:<module> <- verify_multi.py:245:main <- webm_clip.py:2499:_poll <- webm_clip.py:2724:_process_frame
WARNING:pet.gui_stall_sampler:  [t-13ms] verify_multi.py:309:<module> <- verify_multi.py:245:main
WARNING:root:GUI 卡顿 102ms state=IDLE anim=余额-分文不剩 physics=None
WARNING:pet.gui_stall_sampler:GUI 冻结现场（102ms，3 个采样点，旧→新）：
WARNING:pet.gui_stall_sampler:  [t-141ms] verify_multi.py:309:<module> <- verify_multi.py:245:main
WARNING:pet.gui_stall_sampler:  [t-69ms] verify_multi.py:309:<module> <- verify_multi.py:245:main <- webm_clip.py:2499:_poll <- webm_clip.py:2724:_process_frame
WARNING:pet.gui_stall_sampler:  [t-13ms] verify_multi.py:309:<module> <- verify_multi.py:245:main
WARNING:root:GUI 卡顿 113ms state=IDLE anim=待机呼吸休闲 physics=None
WARNING:pet.gui_stall_sampler:GUI 冻结现场（113ms，3 个采样点，旧→新）：
WARNING:pet.gui_stall_sampler:  [t-118ms] verify_multi.py:309:<module> <- verify_multi.py:245:main
WARNING:pet.gui_stall_sampler:  [t-59ms] verify_multi.py:309:<module> <- verify_multi.py:245:main <- webm_clip.py:2499:_poll <- webm_clip.py:2723:_process_frame
WARNING:pet.gui_stall_sampler:  [t-9ms] verify_multi.py:309:<module> <- verify_multi.py:245:main
WARNING:root:GUI 卡顿 115ms state=IDLE anim=东张西望 physics=None
WARNING:pet.gui_stall_sampler:GUI 冻结现场（115ms，3 个采样点，旧→新）：
WARNING:pet.gui_stall_sampler:  [t-118ms] verify_multi.py:309:<module> <- verify_multi.py:245:main
WARNING:pet.gui_stall_sampler:  [t-60ms] verify_multi.py:309:<module> <- verify_multi.py:245:main <- webm_clip.py:2499:_poll <- webm_clip.py:2723:_process_frame
WARNING:pet.gui_stall_sampler:  [t-9ms] verify_multi.py:309:<module> <- verify_multi.py:245:main
WARNING:root:GUI 卡顿 115ms state=IDLE anim=余额-分文不剩 physics=None
WARNING:pet.gui_stall_sampler:GUI 冻结现场（115ms，3 个采样点，旧→新）：
WARNING:pet.gui_stall_sampler:  [t-118ms] verify_multi.py:309:<module> <- verify_multi.py:245:main
WARNING:pet.gui_stall_sampler:  [t-60ms] verify_multi.py:309:<module> <- verify_multi.py:245:main <- webm_clip.py:2499:_poll <- webm_clip.py:2723:_process_frame
WARNING:pet.gui_stall_sampler:  [t-9ms] verify_multi.py:309:<module> <- verify_multi.py:245:main
WARNING:root:GUI 卡顿 111ms state=IDLE anim=待机呼吸休闲 physics=None
WARNING:pet.gui_stall_sampler:GUI 冻结现场（111ms，2 个采样点，旧→新）：
WARNING:pet.gui_stall_sampler:  [t-122ms] verify_multi.py:309:<module> <- verify_multi.py:245:main
WARNING:pet.gui_stall_sampler:  [t-40ms] verify_multi.py:309:<module> <- verify_multi.py:245:main <- webm_clip.py:2499:_poll <- webm_clip.py:2724:_process_frame
WARNING:root:GUI 卡顿 113ms state=IDLE anim=东张西望 physics=None
WARNING:pet.gui_stall_sampler:GUI 冻结现场（113ms，2 个采样点，旧→新）：
WARNING:pet.gui_stall_sampler:  [t-123ms] verify_multi.py:309:<module> <- verify_multi.py:245:main
WARNING:pet.gui_stall_sampler:  [t-41ms] verify_multi.py:309:<module> <- verify_multi.py:245:main <- webm_clip.py:2499:_poll <- webm_clip.py:2724:_process_frame
WARNING:root:GUI 卡顿 113ms state=IDLE anim=余额-分文不剩 physics=None
WARNING:pet.gui_stall_sampler:GUI 冻结现场（113ms，2 个采样点，旧→新）：
WARNING:pet.gui_stall_sampler:  [t-123ms] verify_multi.py:309:<module> <- verify_multi.py:245:main
WARNING:pet.gui_stall_sampler:  [t-41ms] verify_multi.py:309:<module> <- verify_multi.py:245:main <- webm_clip.py:2499:_poll <- webm_clip.py:2724:_process_frame
WARNING:root:GUI 卡顿 109ms state=IDLE anim=待机呼吸休闲 physics=None
WARNING:pet.gui_stall_sampler:GUI 冻结现场（109ms，2 个采样点，旧→新）：
WARNING:pet.gui_stall_sampler:  [t-142ms] webm_clip.py:2499:_poll <- webm_clip.py:2750:_process_frame <- window_optional_services.py:62:<lambda> <- verify_multi.py:93:observed_frame <- window.py:1917:_on_frame <- window.py:2106:_rebuild_frame
WARNING:root:GUI 卡顿 111ms state=IDLE anim=东张西望 physics=None
WARNING:pet.gui_stall_sampler:GUI 冻结现场（111ms，2 个采样点，旧→新）：
WARNING:pet.gui_stall_sampler:  [t-143ms] webm_clip.py:2499:_poll <- webm_clip.py:2750:_process_frame <- window_optional_services.py:62:<lambda> <- verify_multi.py:93:observed_frame <- window.py:1917:_on_frame <- window.py:2106:_rebuild_frame
WARNING:root:GUI 卡顿 111ms state=IDLE anim=余额-分文不剩 physics=None
WARNING:pet.gui_stall_sampler:GUI 冻结现场（111ms，2 个采样点，旧→新）：
WARNING:pet.gui_stall_sampler:  [t-143ms] webm_clip.py:2499:_poll <- webm_clip.py:2750:_process_frame <- window_optional_services.py:62:<lambda> <- verify_multi.py:93:observed_frame <- window.py:1917:_on_frame <- window.py:2106:_rebuild_frame
WARNING:root:GUI 卡顿 107ms state=IDLE anim=待机呼吸休闲 physics=None
WARNING:pet.gui_stall_sampler:GUI 冻结现场（107ms，2 个采样点，旧→新）：
WARNING:pet.gui_stall_sampler:  [t-148ms] verify_multi.py:309:<module> <- verify_multi.py:245:main
WARNING:pet.gui_stall_sampler:  [t-47ms] verify_multi.py:309:<module> <- verify_multi.py:245:main <- webm_clip.py:2499:_poll <- webm_clip.py:2723:_process_frame
WARNING:root:GUI 卡顿 108ms state=IDLE anim=东张西望 physics=None
WARNING:pet.gui_stall_sampler:GUI 冻结现场（108ms，2 个采样点，旧→新）：
WARNING:pet.gui_stall_sampler:  [t-149ms] verify_multi.py:309:<module> <- verify_multi.py:245:main
WARNING:pet.gui_stall_sampler:  [t-48ms] verify_multi.py:309:<module> <- verify_multi.py:245:main <- webm_clip.py:2499:_poll <- webm_clip.py:2723:_process_frame
WARNING:root:GUI 卡顿 109ms state=IDLE anim=余额-分文不剩 physics=None
WARNING:pet.gui_stall_sampler:GUI 冻结现场（109ms，2 个采样点，旧→新）：
WARNING:pet.gui_stall_sampler:  [t-149ms] verify_multi.py:309:<module> <- verify_multi.py:245:main
WARNING:pet.gui_stall_sampler:  [t-48ms] verify_multi.py:309:<module> <- verify_multi.py:245:main <- webm_clip.py:2499:_poll <- webm_clip.py:2723:_process_frame
WARNING:root:GUI 卡顿 159ms state=IDLE anim=待机呼吸休闲 physics=None
WARNING:pet.gui_stall_sampler:GUI 冻结现场（159ms，2 个采样点，旧→新）：
WARNING:pet.gui_stall_sampler:  [t-205ms] window_optional_services.py:62:<lambda> <- verify_multi.py:93:observed_frame <- window.py:1917:_on_frame <- window.py:2124:_rebuild_frame <- window.py:2270:_sync_mask <- window_optional_services.py:42:effects_coverage
WARNING:pet.gui_stall_sampler:  [t-16ms] window_optional_services.py:62:<lambda> <- verify_multi.py:93:observed_frame <- window.py:1919:_on_frame <- window.py:2126:_rebuild_frame <- window.py:2291:_sync_mask <- window_optional_services.py:44:effects_coverage
WARNING:root:GUI 卡顿 159ms state=IDLE anim=东张西望 physics=None
WARNING:pet.gui_stall_sampler:GUI 冻结现场（159ms，2 个采样点，旧→新）：
WARNING:pet.gui_stall_sampler:  [t-206ms] window_optional_services.py:62:<lambda> <- verify_multi.py:93:observed_frame <- window.py:1917:_on_frame <- window.py:2124:_rebuild_frame <- window.py:2270:_sync_mask <- window_optional_services.py:42:effects_coverage
WARNING:pet.gui_stall_sampler:  [t-17ms] window_optional_services.py:62:<lambda> <- verify_multi.py:93:observed_frame <- window.py:1919:_on_frame <- window.py:2126:_rebuild_frame <- window.py:2291:_sync_mask <- window_optional_services.py:44:effects_coverage
WARNING:root:GUI 卡顿 159ms state=IDLE anim=余额-分文不剩 physics=None
WARNING:pet.gui_stall_sampler:GUI 冻结现场（159ms，2 个采样点，旧→新）：
WARNING:pet.gui_stall_sampler:  [t-206ms] window_optional_services.py:62:<lambda> <- verify_multi.py:93:observed_frame <- window.py:1917:_on_frame <- window.py:2124:_rebuild_frame <- window.py:2270:_sync_mask <- window_optional_services.py:42:effects_coverage
WARNING:pet.gui_stall_sampler:  [t-17ms] window_optional_services.py:62:<lambda> <- verify_multi.py:93:observed_frame <- window.py:1919:_on_frame <- window.py:2126:_rebuild_frame <- window.py:2291:_sync_mask <- window_optional_services.py:44:effects_coverage
WARNING:root:GUI 卡顿 126ms state=IDLE anim=待机呼吸休闲 physics=None
WARNING:pet.gui_stall_sampler:GUI 冻结现场（126ms，2 个采样点，旧→新）：
WARNING:pet.gui_stall_sampler:  [t-140ms] verify_multi.py:309:<module> <- verify_multi.py:245:main
WARNING:pet.gui_stall_sampler:  [t-50ms] webm_clip.py:2499:_poll <- webm_clip.py:2750:_process_frame <- window_optional_services.py:62:<lambda> <- verify_multi.py:93:observed_frame <- window.py:1917:_on_frame <- window.py:2119:_rebuild_frame
WARNING:root:GUI 卡顿 128ms state=IDLE anim=东张西望 physics=None
WARNING:pet.gui_stall_sampler:GUI 冻结现场（128ms，2 个采样点，旧→新）：
WARNING:pet.gui_stall_sampler:  [t-141ms] verify_multi.py:309:<module> <- verify_multi.py:245:main
WARNING:pet.gui_stall_sampler:  [t-51ms] webm_clip.py:2499:_poll <- webm_clip.py:2750:_process_frame <- window_optional_services.py:62:<lambda> <- verify_multi.py:93:observed_frame <- window.py:1917:_on_frame <- window.py:2119:_rebuild_frame
WARNING:root:GUI 卡顿 128ms state=IDLE anim=余额-分文不剩 physics=None
WARNING:pet.gui_stall_sampler:GUI 冻结现场（128ms，2 个采样点，旧→新）：
WARNING:pet.gui_stall_sampler:  [t-142ms] verify_multi.py:309:<module> <- verify_multi.py:245:main
WARNING:pet.gui_stall_sampler:  [t-52ms] webm_clip.py:2499:_poll <- webm_clip.py:2750:_process_frame <- window_optional_services.py:62:<lambda> <- verify_multi.py:93:observed_frame <- window.py:1917:_on_frame <- window.py:2119:_rebuild_frame
WARNING:root:GUI 卡顿 133ms state=IDLE anim=待机呼吸休闲 physics=None
WARNING:pet.gui_stall_sampler:GUI 冻结现场（133ms，3 个采样点，旧→新）：
WARNING:pet.gui_stall_sampler:  [t-180ms] verify_multi.py:309:<module> <- verify_multi.py:245:main
WARNING:pet.gui_stall_sampler:  [t-56ms] webm_clip.py:2499:_poll <- webm_clip.py:2750:_process_frame <- window_optional_services.py:62:<lambda> <- verify_multi.py:93:observed_frame <- window.py:1917:_on_frame <- window.py:2106:_rebuild_frame
WARNING:pet.gui_stall_sampler:  [t-2ms] verify_multi.py:309:<module> <- verify_multi.py:245:main
WARNING:root:GUI 卡顿 135ms state=IDLE anim=东张西望 physics=None
WARNING:pet.gui_stall_sampler:GUI 冻结现场（135ms，3 个采样点，旧→新）：
WARNING:pet.gui_stall_sampler:  [t-181ms] verify_multi.py:309:<module> <- verify_multi.py:245:main
WARNING:pet.gui_stall_sampler:  [t-57ms] webm_clip.py:2499:_poll <- webm_clip.py:2750:_process_frame <- window_optional_services.py:62:<lambda> <- verify_multi.py:93:observed_frame <- window.py:1917:_on_frame <- window.py:2106:_rebuild_frame
WARNING:pet.gui_stall_sampler:  [t-2ms] verify_multi.py:309:<module> <- verify_multi.py:245:main
WARNING:root:GUI 卡顿 135ms state=IDLE anim=余额-分文不剩 physics=None
WARNING:pet.gui_stall_sampler:GUI 冻结现场（135ms，3 个采样点，旧→新）：
WARNING:pet.gui_stall_sampler:  [t-181ms] verify_multi.py:309:<module> <- verify_multi.py:245:main
WARNING:pet.gui_stall_sampler:  [t-57ms] webm_clip.py:2499:_poll <- webm_clip.py:2750:_process_frame <- window_optional_services.py:62:<lambda> <- verify_multi.py:93:observed_frame <- window.py:1917:_on_frame <- window.py:2106:_rebuild_frame
WARNING:pet.gui_stall_sampler:  [t-2ms] verify_multi.py:309:<module> <- verify_multi.py:245:main
WARNING:root:GUI 卡顿 107ms state=IDLE anim=待机呼吸休闲 physics=None
WARNING:pet.gui_stall_sampler:GUI 冻结现场（107ms，3 个采样点，旧→新）：
WARNING:pet.gui_stall_sampler:  [t-156ms] verify_multi.py:309:<module> <- verify_multi.py:245:main
WARNING:pet.gui_stall_sampler:  [t-68ms] webm_clip.py:2499:_poll <- webm_clip.py:2750:_process_frame <- window_optional_services.py:62:<lambda> <- verify_multi.py:93:observed_frame <- window.py:1917:_on_frame <- window.py:2106:_rebuild_frame
WARNING:pet.gui_stall_sampler:  [t-2ms] verify_multi.py:309:<module> <- verify_multi.py:245:main
WARNING:root:GUI 卡顿 110ms state=IDLE anim=东张西望 physics=None
WARNING:pet.gui_stall_sampler:GUI 冻结现场（110ms，3 个采样点，旧→新）：
WARNING:pet.gui_stall_sampler:  [t-156ms] verify_multi.py:309:<module> <- verify_multi.py:245:main
WARNING:pet.gui_stall_sampler:  [t-68ms] webm_clip.py:2499:_poll <- webm_clip.py:2750:_process_frame <- window_optional_services.py:62:<lambda> <- verify_multi.py:93:observed_frame <- window.py:1917:_on_frame <- window.py:2106:_rebuild_frame
WARNING:pet.gui_stall_sampler:  [t-3ms] verify_multi.py:309:<module> <- verify_multi.py:245:main
WARNING:root:GUI 卡顿 110ms state=IDLE anim=余额-分文不剩 physics=None
WARNING:pet.gui_stall_sampler:GUI 冻结现场（110ms，3 个采样点，旧→新）：
WARNING:pet.gui_stall_sampler:  [t-156ms] verify_multi.py:309:<module> <- verify_multi.py:245:main
WARNING:pet.gui_stall_sampler:  [t-69ms] webm_clip.py:2499:_poll <- webm_clip.py:2750:_process_frame <- window_optional_services.py:62:<lambda> <- verify_multi.py:93:observed_frame <- window.py:1917:_on_frame <- window.py:2106:_rebuild_frame
WARNING:pet.gui_stall_sampler:  [t-3ms] verify_multi.py:309:<module> <- verify_multi.py:245:main
WARNING:root:GUI 卡顿 112ms state=IDLE anim=待机呼吸休闲 physics=None
WARNING:pet.gui_stall_sampler:GUI 冻结现场（112ms，2 个采样点，旧→新）：
WARNING:pet.gui_stall_sampler:  [t-117ms] verify_multi.py:309:<module> <- verify_multi.py:245:main
WARNING:pet.gui_stall_sampler:  [t-20ms] verify_multi.py:309:<module> <- verify_multi.py:245:main <- webm_clip.py:2499:_poll <- webm_clip.py:2750:_process_frame
WARNING:root:GUI 卡顿 113ms state=IDLE anim=东张西望 physics=None
WARNING:pet.gui_stall_sampler:GUI 冻结现场（113ms，2 个采样点，旧→新）：
WARNING:pet.gui_stall_sampler:  [t-117ms] verify_multi.py:309:<module> <- verify_multi.py:245:main
WARNING:pet.gui_stall_sampler:  [t-20ms] verify_multi.py:309:<module> <- verify_multi.py:245:main <- webm_clip.py:2499:_poll <- webm_clip.py:2750:_process_frame
WARNING:root:GUI 卡顿 113ms state=IDLE anim=余额-分文不剩 physics=None
WARNING:pet.gui_stall_sampler:GUI 冻结现场（113ms，2 个采样点，旧→新）：
WARNING:pet.gui_stall_sampler:  [t-117ms] verify_multi.py:309:<module> <- verify_multi.py:245:main
WARNING:pet.gui_stall_sampler:  [t-20ms] verify_multi.py:309:<module> <- verify_multi.py:245:main <- webm_clip.py:2499:_poll <- webm_clip.py:2750:_process_frame
WARNING:root:GUI 卡顿 220ms state=IDLE anim=待机呼吸休闲 physics=None
WARNING:pet.gui_stall_sampler:GUI 冻结现场（220ms，3 个采样点，旧→新）：
WARNING:pet.gui_stall_sampler:  [t-221ms] verify_multi.py:309:<module> <- verify_multi.py:245:main
WARNING:pet.gui_stall_sampler:  [t-78ms] webm_clip.py:2499:_poll <- webm_clip.py:2750:_process_frame <- window_optional_services.py:62:<lambda> <- verify_multi.py:93:observed_frame <- window.py:1917:_on_frame <- window.py:2106:_rebuild_frame
WARNING:pet.gui_stall_sampler:  [t-18ms] webm_clip.py:2499:_poll <- webm_clip.py:2750:_process_frame <- window_optional_services.py:62:<lambda> <- verify_multi.py:93:observed_frame <- window.py:1919:_on_frame <- window.py:2126:_rebuild_frame
WARNING:root:GUI 卡顿 220ms state=IDLE anim=东张西望 physics=None
WARNING:pet.gui_stall_sampler:GUI 冻结现场（220ms，3 个采样点，旧→新）：
WARNING:pet.gui_stall_sampler:  [t-222ms] verify_multi.py:309:<module> <- verify_multi.py:245:main
WARNING:pet.gui_stall_sampler:  [t-78ms] webm_clip.py:2499:_poll <- webm_clip.py:2750:_process_frame <- window_optional_services.py:62:<lambda> <- verify_multi.py:93:observed_frame <- window.py:1917:_on_frame <- window.py:2106:_rebuild_frame
WARNING:pet.gui_stall_sampler:  [t-18ms] webm_clip.py:2499:_poll <- webm_clip.py:2750:_process_frame <- window_optional_services.py:62:<lambda> <- verify_multi.py:93:observed_frame <- window.py:1919:_on_frame <- window.py:2126:_rebuild_frame
WARNING:root:GUI 卡顿 220ms state=IDLE anim=余额-分文不剩 physics=None
WARNING:pet.gui_stall_sampler:GUI 冻结现场（220ms，3 个采样点，旧→新）：
WARNING:pet.gui_stall_sampler:  [t-222ms] verify_multi.py:309:<module> <- verify_multi.py:245:main
WARNING:pet.gui_stall_sampler:  [t-79ms] webm_clip.py:2499:_poll <- webm_clip.py:2750:_process_frame <- window_optional_services.py:62:<lambda> <- verify_multi.py:93:observed_frame <- window.py:1917:_on_frame <- window.py:2106:_rebuild_frame
WARNING:pet.gui_stall_sampler:  [t-19ms] webm_clip.py:2499:_poll <- webm_clip.py:2750:_process_frame <- window_optional_services.py:62:<lambda> <- verify_multi.py:93:observed_frame <- window.py:1919:_on_frame <- window.py:2126:_rebuild_frame
WARNING:root:GUI 卡顿 120ms state=IDLE anim=待机呼吸休闲 physics=None
WARNING:pet.gui_stall_sampler:GUI 冻结现场（120ms，2 个采样点，旧→新）：
WARNING:pet.gui_stall_sampler:  [t-160ms] verify_multi.py:309:<module> <- verify_multi.py:245:main
WARNING:pet.gui_stall_sampler:  [t-10ms] verify_multi.py:309:<module> <- verify_multi.py:245:main <- webm_clip.py:2499:_poll <- webm_clip.py:2724:_process_frame
WARNING:root:GUI 卡顿 121ms state=IDLE anim=东张西望 physics=None
WARNING:pet.gui_stall_sampler:GUI 冻结现场（121ms，2 个采样点，旧→新）：
WARNING:pet.gui_stall_sampler:  [t-160ms] verify_multi.py:309:<module> <- verify_multi.py:245:main
WARNING:pet.gui_stall_sampler:  [t-10ms] verify_multi.py:309:<module> <- verify_multi.py:245:main <- webm_clip.py:2499:_poll <- webm_clip.py:2724:_process_frame
WARNING:root:GUI 卡顿 121ms state=IDLE anim=余额-分文不剩 physics=None
WARNING:pet.gui_stall_sampler:GUI 冻结现场（121ms，2 个采样点，旧→新）：
WARNING:pet.gui_stall_sampler:  [t-160ms] verify_multi.py:309:<module> <- verify_multi.py:245:main
WARNING:pet.gui_stall_sampler:  [t-10ms] verify_multi.py:309:<module> <- verify_multi.py:245:main <- webm_clip.py:2499:_poll <- webm_clip.py:2724:_process_frame
WARNING:root:GUI 卡顿 152ms state=IDLE anim=待机呼吸休闲 physics=None
WARNING:pet.gui_stall_sampler:GUI 冻结现场（152ms，3 个采样点，旧→新）：
WARNING:pet.gui_stall_sampler:  [t-183ms] verify_multi.py:309:<module> <- verify_multi.py:245:main
WARNING:pet.gui_stall_sampler:  [t-55ms] verify_multi.py:309:<module> <- verify_multi.py:245:main <- webm_clip.py:2499:_poll <- webm_clip.py:2724:_process_frame
WARNING:pet.gui_stall_sampler:  [t-2ms] verify_multi.py:309:<module> <- verify_multi.py:245:main
WARNING:root:GUI 卡顿 154ms state=IDLE anim=东张西望 physics=None
WARNING:pet.gui_stall_sampler:GUI 冻结现场（154ms，3 个采样点，旧→新）：
WARNING:pet.gui_stall_sampler:  [t-184ms] verify_multi.py:309:<module> <- verify_multi.py:245:main
WARNING:pet.gui_stall_sampler:  [t-56ms] verify_multi.py:309:<module> <- verify_multi.py:245:main <- webm_clip.py:2499:_poll <- webm_clip.py:2724:_process_frame
WARNING:pet.gui_stall_sampler:  [t-3ms] verify_multi.py:309:<module> <- verify_multi.py:245:main
WARNING:root:GUI 卡顿 155ms state=IDLE anim=余额-分文不剩 physics=None
WARNING:pet.gui_stall_sampler:GUI 冻结现场（155ms，3 个采样点，旧→新）：
WARNING:pet.gui_stall_sampler:  [t-184ms] verify_multi.py:309:<module> <- verify_multi.py:245:main
WARNING:pet.gui_stall_sampler:  [t-56ms] verify_multi.py:309:<module> <- verify_multi.py:245:main <- webm_clip.py:2499:_poll <- webm_clip.py:2724:_process_frame
WARNING:pet.gui_stall_sampler:  [t-3ms] verify_multi.py:309:<module> <- verify_multi.py:245:main
WARNING:root:GUI 卡顿 231ms state=IDLE anim=待机呼吸休闲 physics=None
WARNING:pet.gui_stall_sampler:GUI 冻结现场（231ms，2 个采样点，旧→新）：
WARNING:pet.gui_stall_sampler:  [t-238ms] verify_multi.py:309:<module> <- verify_multi.py:245:main
WARNING:pet.gui_stall_sampler:  [t-62ms] window_optional_services.py:62:<lambda> <- verify_multi.py:93:observed_frame <- window.py:1917:_on_frame <- window.py:2124:_rebuild_frame <- window.py:2270:_sync_mask <- window_optional_services.py:42:effects_coverage
WARNING:root:GUI 卡顿 232ms state=IDLE anim=东张西望 physics=None
WARNING:pet.gui_stall_sampler:GUI 冻结现场（232ms，2 个采样点，旧→新）：
WARNING:pet.gui_stall_sampler:  [t-238ms] verify_multi.py:309:<module> <- verify_multi.py:245:main
WARNING:pet.gui_stall_sampler:  [t-62ms] window_optional_services.py:62:<lambda> <- verify_multi.py:93:observed_frame <- window.py:1917:_on_frame <- window.py:2124:_rebuild_frame <- window.py:2270:_sync_mask <- window_optional_services.py:42:effects_coverage
WARNING:root:GUI 卡顿 232ms state=IDLE anim=余额-分文不剩 physics=None
WARNING:pet.gui_stall_sampler:GUI 冻结现场（232ms，2 个采样点，旧→新）：
WARNING:pet.gui_stall_sampler:  [t-238ms] verify_multi.py:309:<module> <- verify_multi.py:245:main
WARNING:pet.gui_stall_sampler:  [t-62ms] window_optional_services.py:62:<lambda> <- verify_multi.py:93:observed_frame <- window.py:1917:_on_frame <- window.py:2124:_rebuild_frame <- window.py:2270:_sync_mask <- window_optional_services.py:42:effects_coverage
WARNING:root:GUI 卡顿 106ms state=IDLE anim=待机呼吸休闲 physics=None
WARNING:pet.gui_stall_sampler:GUI 冻结现场（106ms，2 个采样点，旧→新）：
WARNING:pet.gui_stall_sampler:  [t-152ms] verify_multi.py:309:<module> <- verify_multi.py:245:main
WARNING:pet.gui_stall_sampler:  [t-27ms] verify_multi.py:309:<module> <- verify_multi.py:245:main <- webm_clip.py:2499:_poll <- webm_clip.py:2724:_process_frame
WARNING:root:GUI 卡顿 106ms state=IDLE anim=东张西望 physics=None
WARNING:pet.gui_stall_sampler:GUI 冻结现场（106ms，2 个采样点，旧→新）：
WARNING:pet.gui_stall_sampler:  [t-152ms] verify_multi.py:309:<module> <- verify_multi.py:245:main
WARNING:pet.gui_stall_sampler:  [t-27ms] verify_multi.py:309:<module> <- verify_multi.py:245:main <- webm_clip.py:2499:_poll <- webm_clip.py:2724:_process_frame
WARNING:root:GUI 卡顿 106ms state=IDLE anim=余额-分文不剩 physics=None
WARNING:pet.gui_stall_sampler:GUI 冻结现场（106ms，2 个采样点，旧→新）：
WARNING:pet.gui_stall_sampler:  [t-153ms] verify_multi.py:309:<module> <- verify_multi.py:245:main
WARNING:pet.gui_stall_sampler:  [t-28ms] verify_multi.py:309:<module> <- verify_multi.py:245:main <- webm_clip.py:2499:_poll <- webm_clip.py:2724:_process_frame
WARNING:root:GUI 卡顿 195ms state=IDLE anim=待机呼吸休闲 physics=None
WARNING:pet.gui_stall_sampler:GUI 冻结现场（195ms，2 个采样点，旧→新）：
WARNING:pet.gui_stall_sampler:  [t-192ms] verify_multi.py:309:<module> <- verify_multi.py:245:main
WARNING:pet.gui_stall_sampler:  [t-69ms] webm_clip.py:2499:_poll <- webm_clip.py:2750:_process_frame <- window_optional_services.py:62:<lambda> <- verify_multi.py:93:observed_frame <- window.py:1917:_on_frame <- window.py:2106:_rebuild_frame
WARNING:root:GUI 卡顿 200ms state=IDLE anim=东张西望 physics=None
WARNING:pet.gui_stall_sampler:GUI 冻结现场（200ms，2 个采样点，旧→新）：
WARNING:pet.gui_stall_sampler:  [t-196ms] verify_multi.py:309:<module> <- verify_multi.py:245:main
WARNING:pet.gui_stall_sampler:  [t-72ms] webm_clip.py:2499:_poll <- webm_clip.py:2750:_process_frame <- window_optional_services.py:62:<lambda> <- verify_multi.py:93:observed_frame <- window.py:1917:_on_frame <- window.py:2106:_rebuild_frame
WARNING:root:GUI 卡顿 201ms state=IDLE anim=余额-分文不剩 physics=None
WARNING:pet.gui_stall_sampler:GUI 冻结现场（201ms，3 个采样点，旧→新）：
WARNING:pet.gui_stall_sampler:  [t-196ms] verify_multi.py:309:<module> <- verify_multi.py:245:main
WARNING:pet.gui_stall_sampler:  [t-73ms] webm_clip.py:2499:_poll <- webm_clip.py:2750:_process_frame <- window_optional_services.py:62:<lambda> <- verify_multi.py:93:observed_frame <- window.py:1917:_on_frame <- window.py:2106:_rebuild_frame
WARNING:pet.gui_stall_sampler:  [t-1ms] __init__.py:1531:warning <- __init__.py:1664:_log <- __init__.py:1680:handle <- __init__.py:1736:callHandlers <- __init__.py:1026:handle <- __init__.py:1153:emit
WARNING:root:GUI 卡顿 177ms state=IDLE anim=待机呼吸休闲 physics=None
WARNING:pet.gui_stall_sampler:GUI 冻结现场（177ms，3 个采样点，旧→新）：
WARNING:pet.gui_stall_sampler:  [t-221ms] verify_multi.py:309:<module> <- verify_multi.py:245:main
WARNING:pet.gui_stall_sampler:  [t-110ms] verify_multi.py:309:<module> <- verify_multi.py:245:main <- webm_clip.py:2499:_poll <- webm_clip.py:2724:_process_frame
WARNING:root:GUI 卡顿 181ms state=IDLE anim=东张西望 physics=None
WARNING:pet.gui_stall_sampler:GUI 冻结现场（181ms，3 个采样点，旧→新）：
WARNING:pet.gui_stall_sampler:  [t-225ms] verify_multi.py:309:<module> <- verify_multi.py:245:main
WARNING:pet.gui_stall_sampler:  [t-114ms] verify_multi.py:309:<module> <- verify_multi.py:245:main <- webm_clip.py:2499:_poll <- webm_clip.py:2724:_process_frame
WARNING:root:GUI 卡顿 183ms state=IDLE anim=余额-分文不剩 physics=None
WARNING:pet.gui_stall_sampler:GUI 冻结现场（183ms，3 个采样点，旧→新）：
WARNING:pet.gui_stall_sampler:  [t-227ms] verify_multi.py:309:<module> <- verify_multi.py:245:main
WARNING:pet.gui_stall_sampler:  [t-115ms] verify_multi.py:309:<module> <- verify_multi.py:245:main <- webm_clip.py:2499:_poll <- webm_clip.py:2724:_process_frame
WARNING:root:GUI 卡顿 260ms state=IDLE anim=待机呼吸休闲 physics=None
WARNING:pet.gui_stall_sampler:GUI 冻结现场（260ms，1 个采样点，旧→新）：
WARNING:pet.gui_stall_sampler:  [t-292ms] verify_multi.py:309:<module> <- verify_multi.py:245:main
WARNING:root:GUI 卡顿 261ms state=IDLE anim=东张西望 physics=None
WARNING:pet.gui_stall_sampler:GUI 冻结现场（261ms，2 个采样点，旧→新）：
WARNING:pet.gui_stall_sampler:  [t-293ms] verify_multi.py:309:<module> <- verify_multi.py:245:main
WARNING:pet.gui_stall_sampler:  [t-0ms] webm_clip.py:2499:_poll <- webm_clip.py:2750:_process_frame <- window_optional_services.py:62:<lambda> <- verify_multi.py:93:observed_frame <- window.py:1919:_on_frame <- window.py:2126:_rebuild_frame
WARNING:root:GUI 卡顿 261ms state=IDLE anim=余额-分文不剩 physics=None
WARNING:pet.gui_stall_sampler:GUI 冻结现场（261ms，2 个采样点，旧→新）：
WARNING:pet.gui_stall_sampler:  [t-293ms] verify_multi.py:309:<module> <- verify_multi.py:245:main
WARNING:pet.gui_stall_sampler:  [t-0ms] webm_clip.py:2499:_poll <- webm_clip.py:2750:_process_frame <- window_optional_services.py:62:<lambda> <- verify_multi.py:93:observed_frame <- window.py:1919:_on_frame <- window.py:2126:_rebuild_frame
WARNING:root:GUI 卡顿 126ms state=IDLE anim=待机呼吸休闲 physics=None
WARNING:pet.gui_stall_sampler:GUI 冻结现场（126ms，3 个采样点，旧→新）：
WARNING:pet.gui_stall_sampler:  [t-159ms] verify_multi.py:309:<module> <- verify_multi.py:245:main
WARNING:pet.gui_stall_sampler:  [t-93ms] webm_clip.py:2499:_poll <- webm_clip.py:2750:_process_frame <- window_optional_services.py:62:<lambda> <- verify_multi.py:93:observed_frame <- window.py:1917:_on_frame <- window.py:2106:_rebuild_frame
WARNING:pet.gui_stall_sampler:  [t-11ms] verify_multi.py:309:<module> <- verify_multi.py:245:main <- window.py:2460:paintEvent
WARNING:root:GUI 卡顿 128ms state=IDLE anim=东张西望 physics=None
WARNING:pet.gui_stall_sampler:GUI 冻结现场（128ms，3 个采样点，旧→新）：
WARNING:pet.gui_stall_sampler:  [t-159ms] verify_multi.py:309:<module> <- verify_multi.py:245:main
WARNING:pet.gui_stall_sampler:  [t-93ms] webm_clip.py:2499:_poll <- webm_clip.py:2750:_process_frame <- window_optional_services.py:62:<lambda> <- verify_multi.py:93:observed_frame <- window.py:1917:_on_frame <- window.py:2106:_rebuild_frame
WARNING:pet.gui_stall_sampler:  [t-12ms] verify_multi.py:309:<module> <- verify_multi.py:245:main <- window.py:2460:paintEvent
WARNING:root:GUI 卡顿 128ms state=IDLE anim=余额-分文不剩 physics=None
WARNING:pet.gui_stall_sampler:GUI 冻结现场（128ms，3 个采样点，旧→新）：
WARNING:pet.gui_stall_sampler:  [t-159ms] verify_multi.py:309:<module> <- verify_multi.py:245:main
WARNING:pet.gui_stall_sampler:  [t-93ms] webm_clip.py:2499:_poll <- webm_clip.py:2750:_process_frame <- window_optional_services.py:62:<lambda> <- verify_multi.py:93:observed_frame <- window.py:1917:_on_frame <- window.py:2106:_rebuild_frame
WARNING:pet.gui_stall_sampler:  [t-12ms] verify_multi.py:309:<module> <- verify_multi.py:245:main <- window.py:2460:paintEvent
WARNING:root:GUI 卡顿 317ms state=IDLE anim=待机呼吸休闲 physics=None
WARNING:pet.gui_stall_sampler:GUI 冻结现场（317ms，2 个采样点，旧→新）：
WARNING:pet.gui_stall_sampler:  [t-337ms] verify_multi.py:309:<module> <- verify_multi.py:245:main
WARNING:pet.gui_stall_sampler:  [t-17ms] webm_clip.py:2499:_poll <- webm_clip.py:2750:_process_frame <- window_optional_services.py:62:<lambda> <- verify_multi.py:93:observed_frame <- window.py:1917:_on_frame <- window.py:2124:_rebuild_frame
WARNING:root:GUI 卡顿 319ms state=IDLE anim=东张西望 physics=None
WARNING:pet.gui_stall_sampler:GUI 冻结现场（319ms，2 个采样点，旧→新）：
WARNING:pet.gui_stall_sampler:  [t-337ms] verify_multi.py:309:<module> <- verify_multi.py:245:main
WARNING:pet.gui_stall_sampler:  [t-18ms] webm_clip.py:2499:_poll <- webm_clip.py:2750:_process_frame <- window_optional_services.py:62:<lambda> <- verify_multi.py:93:observed_frame <- window.py:1917:_on_frame <- window.py:2124:_rebuild_frame
WARNING:root:GUI 卡顿 319ms state=IDLE anim=余额-分文不剩 physics=None
WARNING:pet.gui_stall_sampler:GUI 冻结现场（319ms，2 个采样点，旧→新）：
WARNING:pet.gui_stall_sampler:  [t-337ms] verify_multi.py:309:<module> <- verify_multi.py:245:main
WARNING:pet.gui_stall_sampler:  [t-18ms] webm_clip.py:2499:_poll <- webm_clip.py:2750:_process_frame <- window_optional_services.py:62:<lambda> <- verify_multi.py:93:observed_frame <- window.py:1917:_on_frame <- window.py:2124:_rebuild_frame
WARNING:root:GUI 卡顿 130ms state=IDLE anim=待机呼吸休闲 physics=None
WARNING:pet.gui_stall_sampler:GUI 冻结现场（130ms，2 个采样点，旧→新）：
WARNING:pet.gui_stall_sampler:  [t-152ms] verify_multi.py:309:<module> <- verify_multi.py:245:main
WARNING:pet.gui_stall_sampler:  [t-44ms] webm_clip.py:2499:_poll <- webm_clip.py:2750:_process_frame <- window_optional_services.py:62:<lambda> <- verify_multi.py:93:observed_frame <- window.py:1917:_on_frame <- window.py:2106:_rebuild_frame
WARNING:root:GUI 卡顿 131ms state=IDLE anim=东张西望 physics=None
WARNING:pet.gui_stall_sampler:GUI 冻结现场（131ms，2 个采样点，旧→新）：
WARNING:pet.gui_stall_sampler:  [t-152ms] verify_multi.py:309:<module> <- verify_multi.py:245:main
WARNING:pet.gui_stall_sampler:  [t-45ms] webm_clip.py:2499:_poll <- webm_clip.py:2750:_process_frame <- window_optional_services.py:62:<lambda> <- verify_multi.py:93:observed_frame <- window.py:1917:_on_frame <- window.py:2106:_rebuild_frame
WARNING:root:GUI 卡顿 131ms state=IDLE anim=余额-分文不剩 physics=None
WARNING:pet.gui_stall_sampler:GUI 冻结现场（131ms，2 个采样点，旧→新）：
WARNING:pet.gui_stall_sampler:  [t-152ms] verify_multi.py:309:<module> <- verify_multi.py:245:main
WARNING:pet.gui_stall_sampler:  [t-45ms] webm_clip.py:2499:_poll <- webm_clip.py:2750:_process_frame <- window_optional_services.py:62:<lambda> <- verify_multi.py:93:observed_frame <- window.py:1917:_on_frame <- window.py:2106:_rebuild_frame
WARNING:root:GUI 卡顿 398ms state=IDLE anim=待机呼吸休闲 physics=None
WARNING:pet.gui_stall_sampler:GUI 冻结现场（398ms，2 个采样点，旧→新）：
WARNING:pet.gui_stall_sampler:  [t-409ms] verify_multi.py:309:<module> <- verify_multi.py:245:main <- webm_clip.py:2499:_poll <- webm_clip.py:2724:_process_frame
WARNING:pet.gui_stall_sampler:  [t-3ms] verify_multi.py:93:observed_frame <- window.py:1917:_on_frame <- window.py:2124:_rebuild_frame <- window.py:2270:_sync_mask <- window_optional_services.py:42:effects_coverage <- frame_edges.py:34:coverage_region
WARNING:root:GUI 卡顿 399ms state=IDLE anim=东张西望 physics=None
WARNING:pet.gui_stall_sampler:GUI 冻结现场（399ms，2 个采样点，旧→新）：
WARNING:pet.gui_stall_sampler:  [t-410ms] verify_multi.py:309:<module> <- verify_multi.py:245:main <- webm_clip.py:2499:_poll <- webm_clip.py:2724:_process_frame
WARNING:pet.gui_stall_sampler:  [t-3ms] verify_multi.py:93:observed_frame <- window.py:1917:_on_frame <- window.py:2124:_rebuild_frame <- window.py:2270:_sync_mask <- window_optional_services.py:42:effects_coverage <- frame_edges.py:34:coverage_region
WARNING:root:GUI 卡顿 399ms state=IDLE anim=余额-分文不剩 physics=None
WARNING:pet.gui_stall_sampler:GUI 冻结现场（399ms，2 个采样点，旧→新）：
WARNING:pet.gui_stall_sampler:  [t-410ms] verify_multi.py:309:<module> <- verify_multi.py:245:main <- webm_clip.py:2499:_poll <- webm_clip.py:2724:_process_frame
WARNING:pet.gui_stall_sampler:  [t-4ms] verify_multi.py:93:observed_frame <- window.py:1917:_on_frame <- window.py:2124:_rebuild_frame <- window.py:2270:_sync_mask <- window_optional_services.py:42:effects_coverage <- frame_edges.py:34:coverage_region
WARNING:root:GUI 卡顿 154ms state=IDLE anim=待机呼吸休闲 physics=None
WARNING:pet.gui_stall_sampler:GUI 冻结现场（154ms，2 个采样点，旧→新）：
WARNING:pet.gui_stall_sampler:  [t-197ms] verify_multi.py:93:observed_frame <- window.py:1917:_on_frame <- window.py:2124:_rebuild_frame <- window.py:2270:_sync_mask <- window_optional_services.py:42:effects_coverage <- frame_edges.py:34:coverage_region
WARNING:pet.gui_stall_sampler:  [t-17ms] webm_clip.py:2499:_poll <- webm_clip.py:2750:_process_frame <- window_optional_services.py:62:<lambda> <- verify_multi.py:93:observed_frame <- window.py:1919:_on_frame <- window.py:2126:_rebuild_frame
WARNING:root:GUI 卡顿 154ms state=IDLE anim=东张西望 physics=None
WARNING:pet.gui_stall_sampler:GUI 冻结现场（154ms，2 个采样点，旧→新）：
WARNING:pet.gui_stall_sampler:  [t-197ms] verify_multi.py:93:observed_frame <- window.py:1917:_on_frame <- window.py:2124:_rebuild_frame <- window.py:2270:_sync_mask <- window_optional_services.py:42:effects_coverage <- frame_edges.py:34:coverage_region
WARNING:pet.gui_stall_sampler:  [t-17ms] webm_clip.py:2499:_poll <- webm_clip.py:2750:_process_frame <- window_optional_services.py:62:<lambda> <- verify_multi.py:93:observed_frame <- window.py:1919:_on_frame <- window.py:2126:_rebuild_frame
WARNING:root:GUI 卡顿 154ms state=IDLE anim=余额-分文不剩 physics=None
WARNING:pet.gui_stall_sampler:GUI 冻结现场（154ms，2 个采样点，旧→新）：
WARNING:pet.gui_stall_sampler:  [t-197ms] verify_multi.py:93:observed_frame <- window.py:1917:_on_frame <- window.py:2124:_rebuild_frame <- window.py:2270:_sync_mask <- window_optional_services.py:42:effects_coverage <- frame_edges.py:34:coverage_region
WARNING:pet.gui_stall_sampler:  [t-17ms] webm_clip.py:2499:_poll <- webm_clip.py:2750:_process_frame <- window_optional_services.py:62:<lambda> <- verify_multi.py:93:observed_frame <- window.py:1919:_on_frame <- window.py:2126:_rebuild_frame
WARNING:root:GUI 卡顿 125ms state=IDLE anim=待机呼吸休闲 physics=None
WARNING:pet.gui_stall_sampler:GUI 冻结现场（125ms，3 个采样点，旧→新）：
WARNING:pet.gui_stall_sampler:  [t-169ms] verify_multi.py:309:<module> <- verify_multi.py:245:main
WARNING:pet.gui_stall_sampler:  [t-81ms] verify_multi.py:309:<module> <- verify_multi.py:245:main <- webm_clip.py:2499:_poll <- webm_clip.py:2723:_process_frame
WARNING:pet.gui_stall_sampler:  [t-11ms] verify_multi.py:309:<module> <- verify_multi.py:245:main
WARNING:root:GUI 卡顿 128ms state=IDLE anim=东张西望 physics=None
WARNING:pet.gui_stall_sampler:GUI 冻结现场（128ms，3 个采样点，旧→新）：
WARNING:pet.gui_stall_sampler:  [t-169ms] verify_multi.py:309:<module> <- verify_multi.py:245:main
WARNING:pet.gui_stall_sampler:  [t-82ms] verify_multi.py:309:<module> <- verify_multi.py:245:main <- webm_clip.py:2499:_poll <- webm_clip.py:2723:_process_frame
WARNING:pet.gui_stall_sampler:  [t-11ms] verify_multi.py:309:<module> <- verify_multi.py:245:main
WARNING:root:GUI 卡顿 128ms state=IDLE anim=余额-分文不剩 physics=None
WARNING:pet.gui_stall_sampler:GUI 冻结现场（128ms，3 个采样点，旧→新）：
WARNING:pet.gui_stall_sampler:  [t-169ms] verify_multi.py:309:<module> <- verify_multi.py:245:main
WARNING:pet.gui_stall_sampler:  [t-82ms] verify_multi.py:309:<module> <- verify_multi.py:245:main <- webm_clip.py:2499:_poll <- webm_clip.py:2723:_process_frame
WARNING:pet.gui_stall_sampler:  [t-12ms] verify_multi.py:309:<module> <- verify_multi.py:245:main
WARNING:root:GUI 卡顿 151ms state=IDLE anim=待机呼吸休闲 physics=None
WARNING:pet.gui_stall_sampler:GUI 冻结现场（151ms，3 个采样点，旧→新）：
WARNING:pet.gui_stall_sampler:  [t-199ms] verify_multi.py:309:<module> <- verify_multi.py:245:main
WARNING:pet.gui_stall_sampler:  [t-87ms] verify_multi.py:309:<module> <- verify_multi.py:245:main <- webm_clip.py:2499:_poll <- webm_clip.py:2724:_process_frame
WARNING:pet.gui_stall_sampler:  [t-16ms] webm_clip.py:2750:_process_frame <- window_optional_services.py:62:<lambda> <- verify_multi.py:93:observed_frame <- window.py:1917:_on_frame <- window.py:2068:_rebuild_frame <- window.py:1990:_frame_signature
WARNING:root:GUI 卡顿 153ms state=IDLE anim=东张西望 physics=None
WARNING:pet.gui_stall_sampler:GUI 冻结现场（153ms，3 个采样点，旧→新）：
WARNING:pet.gui_stall_sampler:  [t-200ms] verify_multi.py:309:<module> <- verify_multi.py:245:main
WARNING:pet.gui_stall_sampler:  [t-88ms] verify_multi.py:309:<module> <- verify_multi.py:245:main <- webm_clip.py:2499:_poll <- webm_clip.py:2724:_process_frame
WARNING:pet.gui_stall_sampler:  [t-17ms] webm_clip.py:2750:_process_frame <- window_optional_services.py:62:<lambda> <- verify_multi.py:93:observed_frame <- window.py:1917:_on_frame <- window.py:2068:_rebuild_frame <- window.py:1990:_frame_signature
WARNING:root:GUI 卡顿 153ms state=IDLE anim=余额-分文不剩 physics=None
WARNING:pet.gui_stall_sampler:GUI 冻结现场（153ms，3 个采样点，旧→新）：
WARNING:pet.gui_stall_sampler:  [t-200ms] verify_multi.py:309:<module> <- verify_multi.py:245:main
WARNING:pet.gui_stall_sampler:  [t-88ms] verify_multi.py:309:<module> <- verify_multi.py:245:main <- webm_clip.py:2499:_poll <- webm_clip.py:2724:_process_frame
WARNING:pet.gui_stall_sampler:  [t-17ms] webm_clip.py:2750:_process_frame <- window_optional_services.py:62:<lambda> <- verify_multi.py:93:observed_frame <- window.py:1917:_on_frame <- window.py:2068:_rebuild_frame <- window.py:1990:_frame_signature
WARNING:root:GUI 卡顿 133ms state=IDLE anim=待机呼吸休闲 physics=None
WARNING:pet.gui_stall_sampler:GUI 冻结现场（133ms，2 个采样点，旧→新）：
WARNING:pet.gui_stall_sampler:  [t-163ms] verify_multi.py:309:<module> <- verify_multi.py:245:main
WARNING:pet.gui_stall_sampler:  [t-46ms] verify_multi.py:309:<module> <- verify_multi.py:245:main <- webm_clip.py:2499:_poll <- webm_clip.py:2724:_process_frame
WARNING:root:GUI 卡顿 136ms state=IDLE anim=东张西望 physics=None
WARNING:pet.gui_stall_sampler:GUI 冻结现场（136ms，2 个采样点，旧→新）：
WARNING:pet.gui_stall_sampler:  [t-164ms] verify_multi.py:309:<module> <- verify_multi.py:245:main
WARNING:pet.gui_stall_sampler:  [t-47ms] verify_multi.py:309:<module> <- verify_multi.py:245:main <- webm_clip.py:2499:_poll <- webm_clip.py:2724:_process_frame
WARNING:root:GUI 卡顿 136ms state=IDLE anim=余额-分文不剩 physics=None
WARNING:pet.gui_stall_sampler:GUI 冻结现场（136ms，2 个采样点，旧→新）：
WARNING:pet.gui_stall_sampler:  [t-164ms] verify_multi.py:309:<module> <- verify_multi.py:245:main
WARNING:pet.gui_stall_sampler:  [t-47ms] verify_multi.py:309:<module> <- verify_multi.py:245:main <- webm_clip.py:2499:_poll <- webm_clip.py:2724:_process_frame
WARNING:root:GUI 卡顿 118ms state=IDLE anim=待机呼吸休闲 physics=None
WARNING:pet.gui_stall_sampler:GUI 冻结现场（118ms，2 个采样点，旧→新）：
WARNING:pet.gui_stall_sampler:  [t-131ms] verify_multi.py:309:<module> <- verify_multi.py:245:main
WARNING:pet.gui_stall_sampler:  [t-23ms] verify_multi.py:309:<module> <- verify_multi.py:245:main <- webm_clip.py:2499:_poll <- webm_clip.py:2724:_process_frame
WARNING:root:GUI 卡顿 119ms state=IDLE anim=东张西望 physics=None
WARNING:pet.gui_stall_sampler:GUI 冻结现场（119ms，2 个采样点，旧→新）：
WARNING:pet.gui_stall_sampler:  [t-131ms] verify_multi.py:309:<module> <- verify_multi.py:245:main
WARNING:pet.gui_stall_sampler:  [t-23ms] verify_multi.py:309:<module> <- verify_multi.py:245:main <- webm_clip.py:2499:_poll <- webm_clip.py:2724:_process_frame
WARNING:root:GUI 卡顿 119ms state=IDLE anim=余额-分文不剩 physics=None
WARNING:pet.gui_stall_sampler:GUI 冻结现场（119ms，2 个采样点，旧→新）：
WARNING:pet.gui_stall_sampler:  [t-131ms] verify_multi.py:309:<module> <- verify_multi.py:245:main
WARNING:pet.gui_stall_sampler:  [t-23ms] verify_multi.py:309:<module> <- verify_multi.py:245:main <- webm_clip.py:2499:_poll <- webm_clip.py:2724:_process_frame
WARNING:root:GUI 卡顿 212ms state=IDLE anim=待机呼吸休闲 physics=None
WARNING:pet.gui_stall_sampler:GUI 冻结现场（212ms，3 个采样点，旧→新）：
WARNING:pet.gui_stall_sampler:  [t-226ms] verify_multi.py:309:<module> <- verify_multi.py:245:main
WARNING:pet.gui_stall_sampler:  [t-168ms] verify_multi.py:309:<module> <- verify_multi.py:245:main <- webm_clip.py:2499:_poll <- webm_clip.py:2724:_process_frame
WARNING:pet.gui_stall_sampler:  [t-1ms] verify_multi.py:309:<module> <- verify_multi.py:245:main <- window.py:2460:paintEvent
WARNING:root:GUI 卡顿 214ms state=IDLE anim=东张西望 physics=None
WARNING:pet.gui_stall_sampler:GUI 冻结现场（214ms，3 个采样点，旧→新）：
WARNING:pet.gui_stall_sampler:  [t-227ms] verify_multi.py:309:<module> <- verify_multi.py:245:main
WARNING:pet.gui_stall_sampler:  [t-169ms] verify_multi.py:309:<module> <- verify_multi.py:245:main <- webm_clip.py:2499:_poll <- webm_clip.py:2724:_process_frame
WARNING:pet.gui_stall_sampler:  [t-2ms] verify_multi.py:309:<module> <- verify_multi.py:245:main <- window.py:2460:paintEvent
WARNING:root:GUI 卡顿 214ms state=IDLE anim=余额-分文不剩 physics=None
WARNING:pet.gui_stall_sampler:GUI 冻结现场（214ms，3 个采样点，旧→新）：
WARNING:pet.gui_stall_sampler:  [t-227ms] verify_multi.py:309:<module> <- verify_multi.py:245:main
WARNING:pet.gui_stall_sampler:  [t-169ms] verify_multi.py:309:<module> <- verify_multi.py:245:main <- webm_clip.py:2499:_poll <- webm_clip.py:2724:_process_frame
WARNING:pet.gui_stall_sampler:  [t-2ms] verify_multi.py:309:<module> <- verify_multi.py:245:main <- window.py:2460:paintEvent
WARNING:root:GUI 卡顿 103ms state=IDLE anim=待机呼吸休闲 physics=None
WARNING:pet.gui_stall_sampler:GUI 冻结现场（103ms，1 个采样点，旧→新）：
WARNING:pet.gui_stall_sampler:  [t-144ms] verify_multi.py:309:<module> <- verify_multi.py:245:main <- window.py:2460:paintEvent
WARNING:root:GUI 卡顿 104ms state=IDLE anim=东张西望 physics=None
WARNING:pet.gui_stall_sampler:GUI 冻结现场（104ms，1 个采样点，旧→新）：
WARNING:pet.gui_stall_sampler:  [t-144ms] verify_multi.py:309:<module> <- verify_multi.py:245:main <- window.py:2460:paintEvent
WARNING:root:GUI 卡顿 104ms state=IDLE anim=余额-分文不剩 physics=None
WARNING:pet.gui_stall_sampler:GUI 冻结现场（104ms，1 个采样点，旧→新）：
WARNING:pet.gui_stall_sampler:  [t-144ms] verify_multi.py:309:<module> <- verify_multi.py:245:main <- window.py:2460:paintEvent
WARNING:root:GUI 卡顿 110ms state=IDLE anim=待机呼吸休闲 physics=None
WARNING:pet.gui_stall_sampler:GUI 冻结现场（110ms，2 个采样点，旧→新）：
WARNING:pet.gui_stall_sampler:  [t-149ms] verify_multi.py:309:<module> <- verify_multi.py:245:main <- webm_clip.py:2499:_poll <- webm_clip.py:2750:_process_frame
WARNING:pet.gui_stall_sampler:  [t-23ms] webm_clip.py:2499:_poll <- webm_clip.py:2750:_process_frame <- window_optional_services.py:62:<lambda> <- verify_multi.py:93:observed_frame <- window.py:1917:_on_frame <- window.py:2119:_rebuild_frame
WARNING:root:GUI 卡顿 111ms state=IDLE anim=东张西望 physics=None
WARNING:pet.gui_stall_sampler:GUI 冻结现场（111ms，2 个采样点，旧→新）：
WARNING:pet.gui_stall_sampler:  [t-150ms] verify_multi.py:309:<module> <- verify_multi.py:245:main <- webm_clip.py:2499:_poll <- webm_clip.py:2750:_process_frame
WARNING:pet.gui_stall_sampler:  [t-23ms] webm_clip.py:2499:_poll <- webm_clip.py:2750:_process_frame <- window_optional_services.py:62:<lambda> <- verify_multi.py:93:observed_frame <- window.py:1917:_on_frame <- window.py:2119:_rebuild_frame
WARNING:root:GUI 卡顿 111ms state=IDLE anim=余额-分文不剩 physics=None
WARNING:pet.gui_stall_sampler:GUI 冻结现场（111ms，2 个采样点，旧→新）：
WARNING:pet.gui_stall_sampler:  [t-150ms] verify_multi.py:309:<module> <- verify_multi.py:245:main <- webm_clip.py:2499:_poll <- webm_clip.py:2750:_process_frame
WARNING:pet.gui_stall_sampler:  [t-23ms] webm_clip.py:2499:_poll <- webm_clip.py:2750:_process_frame <- window_optional_services.py:62:<lambda> <- verify_multi.py:93:observed_frame <- window.py:1917:_on_frame <- window.py:2119:_rebuild_frame
WARNING:root:GUI 卡顿 165ms state=IDLE anim=待机呼吸休闲 physics=None
WARNING:pet.gui_stall_sampler:GUI 冻结现场（165ms，2 个采样点，旧→新）：
WARNING:pet.gui_stall_sampler:  [t-194ms] verify_multi.py:309:<module> <- verify_multi.py:245:main
WARNING:pet.gui_stall_sampler:  [t-11ms] webm_clip.py:2499:_poll <- webm_clip.py:2750:_process_frame <- window_optional_services.py:62:<lambda> <- verify_multi.py:93:observed_frame <- window.py:1917:_on_frame <- window.py:2106:_rebuild_frame
WARNING:root:GUI 卡顿 169ms state=IDLE anim=东张西望 physics=None
WARNING:pet.gui_stall_sampler:GUI 冻结现场（169ms，2 个采样点，旧→新）：
WARNING:pet.gui_stall_sampler:  [t-194ms] verify_multi.py:309:<module> <- verify_multi.py:245:main
WARNING:pet.gui_stall_sampler:  [t-12ms] webm_clip.py:2499:_poll <- webm_clip.py:2750:_process_frame <- window_optional_services.py:62:<lambda> <- verify_multi.py:93:observed_frame <- window.py:1917:_on_frame <- window.py:2106:_rebuild_frame
WARNING:root:GUI 卡顿 169ms state=IDLE anim=余额-分文不剩 physics=None
WARNING:pet.gui_stall_sampler:GUI 冻结现场（169ms，2 个采样点，旧→新）：
WARNING:pet.gui_stall_sampler:  [t-195ms] verify_multi.py:309:<module> <- verify_multi.py:245:main
WARNING:pet.gui_stall_sampler:  [t-12ms] webm_clip.py:2499:_poll <- webm_clip.py:2750:_process_frame <- window_optional_services.py:62:<lambda> <- verify_multi.py:93:observed_frame <- window.py:1917:_on_frame <- window.py:2106:_rebuild_frame
WARNING:root:GUI 卡顿 101ms state=IDLE anim=待机呼吸休闲 physics=None
WARNING:pet.gui_stall_sampler:GUI 冻结现场（101ms，2 个采样点，旧→新）：
WARNING:pet.gui_stall_sampler:  [t-119ms] verify_multi.py:309:<module> <- verify_multi.py:245:main
WARNING:pet.gui_stall_sampler:  [t-27ms] verify_multi.py:309:<module> <- verify_multi.py:245:main <- webm_clip.py:2499:_poll <- webm_clip.py:2724:_process_frame
WARNING:root:GUI 卡顿 103ms state=IDLE anim=东张西望 physics=None
WARNING:pet.gui_stall_sampler:GUI 冻结现场（103ms，2 个采样点，旧→新）：
WARNING:pet.gui_stall_sampler:  [t-119ms] verify_multi.py:309:<module> <- verify_multi.py:245:main
WARNING:pet.gui_stall_sampler:  [t-28ms] verify_multi.py:309:<module> <- verify_multi.py:245:main <- webm_clip.py:2499:_poll <- webm_clip.py:2724:_process_frame
WARNING:root:GUI 卡顿 103ms state=IDLE anim=余额-分文不剩 physics=None
WARNING:pet.gui_stall_sampler:GUI 冻结现场（103ms，2 个采样点，旧→新）：
WARNING:pet.gui_stall_sampler:  [t-119ms] verify_multi.py:309:<module> <- verify_multi.py:245:main
WARNING:pet.gui_stall_sampler:  [t-28ms] verify_multi.py:309:<module> <- verify_multi.py:245:main <- webm_clip.py:2499:_poll <- webm_clip.py:2724:_process_frame
WARNING:root:GUI 卡顿 211ms state=IDLE anim=待机呼吸休闲 physics=None
WARNING:pet.gui_stall_sampler:GUI 冻结现场（211ms，2 个采样点，旧→新）：
WARNING:pet.gui_stall_sampler:  [t-251ms] webm_clip.py:2499:_poll <- webm_clip.py:2750:_process_frame <- window_optional_services.py:62:<lambda> <- verify_multi.py:93:observed_frame <- window.py:1917:_on_frame <- window.py:2124:_rebuild_frame
WARNING:pet.gui_stall_sampler:  [t-32ms] webm_clip.py:2499:_poll <- webm_clip.py:2750:_process_frame <- window_optional_services.py:62:<lambda> <- verify_multi.py:93:observed_frame <- window.py:1919:_on_frame <- window.py:2126:_rebuild_frame
WARNING:root:GUI 卡顿 212ms state=IDLE anim=东张西望 physics=None
WARNING:pet.gui_stall_sampler:GUI 冻结现场（212ms，2 个采样点，旧→新）：
WARNING:pet.gui_stall_sampler:  [t-251ms] webm_clip.py:2499:_poll <- webm_clip.py:2750:_process_frame <- window_optional_services.py:62:<lambda> <- verify_multi.py:93:observed_frame <- window.py:1917:_on_frame <- window.py:2124:_rebuild_frame
WARNING:pet.gui_stall_sampler:  [t-32ms] webm_clip.py:2499:_poll <- webm_clip.py:2750:_process_frame <- window_optional_services.py:62:<lambda> <- verify_multi.py:93:observed_frame <- window.py:1919:_on_frame <- window.py:2126:_rebuild_frame
WARNING:root:GUI 卡顿 212ms state=IDLE anim=余额-分文不剩 physics=None
WARNING:pet.gui_stall_sampler:GUI 冻结现场（212ms，2 个采样点，旧→新）：
WARNING:pet.gui_stall_sampler:  [t-251ms] webm_clip.py:2499:_poll <- webm_clip.py:2750:_process_frame <- window_optional_services.py:62:<lambda> <- verify_multi.py:93:observed_frame <- window.py:1917:_on_frame <- window.py:2124:_rebuild_frame
WARNING:pet.gui_stall_sampler:  [t-32ms] webm_clip.py:2499:_poll <- webm_clip.py:2750:_process_frame <- window_optional_services.py:62:<lambda> <- verify_multi.py:93:observed_frame <- window.py:1919:_on_frame <- window.py:2126:_rebuild_frame
WARNING:root:GUI 卡顿 133ms state=IDLE anim=待机呼吸休闲 physics=None
WARNING:pet.gui_stall_sampler:GUI 冻结现场（133ms，3 个采样点，旧→新）：
WARNING:pet.gui_stall_sampler:  [t-175ms] verify_multi.py:309:<module> <- verify_multi.py:245:main
WARNING:pet.gui_stall_sampler:  [t-90ms] verify_multi.py:309:<module> <- verify_multi.py:245:main <- webm_clip.py:2499:_poll <- webm_clip.py:2724:_process_frame
WARNING:root:GUI 卡顿 135ms state=IDLE anim=东张西望 physics=None
WARNING:pet.gui_stall_sampler:GUI 冻结现场（135ms，3 个采样点，旧→新）：
WARNING:pet.gui_stall_sampler:  [t-175ms] verify_multi.py:309:<module> <- verify_multi.py:245:main
WARNING:pet.gui_stall_sampler:  [t-90ms] verify_multi.py:309:<module> <- verify_multi.py:245:main <- webm_clip.py:2499:_poll <- webm_clip.py:2724:_process_frame
WARNING:root:GUI 卡顿 135ms state=IDLE anim=余额-分文不剩 physics=None
WARNING:pet.gui_stall_sampler:GUI 冻结现场（135ms，3 个采样点，旧→新）：
WARNING:pet.gui_stall_sampler:  [t-175ms] verify_multi.py:309:<module> <- verify_multi.py:245:main
WARNING:pet.gui_stall_sampler:  [t-91ms] verify_multi.py:309:<module> <- verify_multi.py:245:main <- webm_clip.py:2499:_poll <- webm_clip.py:2724:_process_frame
WARNING:root:GUI 卡顿 146ms state=IDLE anim=待机呼吸休闲 physics=None
WARNING:pet.gui_stall_sampler:GUI 冻结现场（146ms，2 个采样点，旧→新）：
WARNING:pet.gui_stall_sampler:  [t-170ms] verify_multi.py:93:observed_frame <- window.py:1917:_on_frame <- window.py:2124:_rebuild_frame <- window.py:2270:_sync_mask <- window_optional_services.py:42:effects_coverage <- frame_edges.py:34:coverage_region
WARNING:pet.gui_stall_sampler:  [t-15ms] verify_multi.py:309:<module> <- verify_multi.py:245:main <- webm_clip.py:2499:_poll <- webm_clip.py:2750:_process_frame
WARNING:root:GUI 卡顿 147ms state=IDLE anim=东张西望 physics=None
WARNING:pet.gui_stall_sampler:GUI 冻结现场（147ms，2 个采样点，旧→新）：
WARNING:pet.gui_stall_sampler:  [t-170ms] verify_multi.py:93:observed_frame <- window.py:1917:_on_frame <- window.py:2124:_rebuild_frame <- window.py:2270:_sync_mask <- window_optional_services.py:42:effects_coverage <- frame_edges.py:34:coverage_region
WARNING:pet.gui_stall_sampler:  [t-16ms] verify_multi.py:309:<module> <- verify_multi.py:245:main <- webm_clip.py:2499:_poll <- webm_clip.py:2750:_process_frame
WARNING:root:GUI 卡顿 147ms state=IDLE anim=余额-分文不剩 physics=None
WARNING:pet.gui_stall_sampler:GUI 冻结现场（147ms，2 个采样点，旧→新）：
WARNING:pet.gui_stall_sampler:  [t-170ms] verify_multi.py:93:observed_frame <- window.py:1917:_on_frame <- window.py:2124:_rebuild_frame <- window.py:2270:_sync_mask <- window_optional_services.py:42:effects_coverage <- frame_edges.py:34:coverage_region
WARNING:pet.gui_stall_sampler:  [t-16ms] verify_multi.py:309:<module> <- verify_multi.py:245:main <- webm_clip.py:2499:_poll <- webm_clip.py:2750:_process_frame
WARNING:root:GUI 卡顿 145ms state=IDLE anim=待机呼吸休闲 physics=None
WARNING:pet.gui_stall_sampler:GUI 冻结现场（145ms，2 个采样点，旧→新）：
WARNING:pet.gui_stall_sampler:  [t-193ms] verify_multi.py:309:<module> <- verify_multi.py:245:main
WARNING:pet.gui_stall_sampler:  [t-91ms] verify_multi.py:309:<module> <- verify_multi.py:245:main <- webm_clip.py:2499:_poll <- webm_clip.py:2724:_process_frame
WARNING:root:GUI 卡顿 152ms state=IDLE anim=东张西望 physics=None
WARNING:pet.gui_stall_sampler:GUI 冻结现场（152ms，3 个采样点，旧→新）：
WARNING:pet.gui_stall_sampler:  [t-200ms] verify_multi.py:309:<module> <- verify_multi.py:245:main
WARNING:pet.gui_stall_sampler:  [t-98ms] verify_multi.py:309:<module> <- verify_multi.py:245:main <- webm_clip.py:2499:_poll <- webm_clip.py:2724:_process_frame
WARNING:pet.gui_stall_sampler:  [t-6ms] __init__.py:1531:warning <- __init__.py:1664:_log <- __init__.py:1680:handle <- __init__.py:1736:callHandlers <- __init__.py:1026:handle <- __init__.py:1153:emit
WARNING:root:GUI 卡顿 153ms state=IDLE anim=余额-分文不剩 physics=None
WARNING:pet.gui_stall_sampler:GUI 冻结现场（153ms，3 个采样点，旧→新）：
WARNING:pet.gui_stall_sampler:  [t-201ms] verify_multi.py:309:<module> <- verify_multi.py:245:main
WARNING:pet.gui_stall_sampler:  [t-99ms] verify_multi.py:309:<module> <- verify_multi.py:245:main <- webm_clip.py:2499:_poll <- webm_clip.py:2724:_process_frame
WARNING:pet.gui_stall_sampler:  [t-7ms] __init__.py:1531:warning <- __init__.py:1664:_log <- __init__.py:1680:handle <- __init__.py:1736:callHandlers <- __init__.py:1026:handle <- __init__.py:1153:emit
WARNING:root:GUI 卡顿 103ms state=IDLE anim=待机呼吸休闲 physics=None
WARNING:pet.gui_stall_sampler:GUI 冻结现场（103ms，1 个采样点，旧→新）：
WARNING:pet.gui_stall_sampler:  [t-133ms] window_optional_services.py:62:<lambda> <- verify_multi.py:93:observed_frame <- window.py:1917:_on_frame <- window.py:2124:_rebuild_frame <- window.py:2270:_sync_mask <- window_optional_services.py:42:effects_coverage
WARNING:root:GUI 卡顿 108ms state=IDLE anim=东张西望 physics=None
WARNING:pet.gui_stall_sampler:GUI 冻结现场（108ms，1 个采样点，旧→新）：
WARNING:pet.gui_stall_sampler:  [t-137ms] window_optional_services.py:62:<lambda> <- verify_multi.py:93:observed_frame <- window.py:1917:_on_frame <- window.py:2124:_rebuild_frame <- window.py:2270:_sync_mask <- window_optional_services.py:42:effects_coverage
WARNING:root:GUI 卡顿 108ms state=IDLE anim=余额-分文不剩 physics=None
WARNING:pet.gui_stall_sampler:GUI 冻结现场（108ms，1 个采样点，旧→新）：
WARNING:pet.gui_stall_sampler:  [t-137ms] window_optional_services.py:62:<lambda> <- verify_multi.py:93:observed_frame <- window.py:1917:_on_frame <- window.py:2124:_rebuild_frame <- window.py:2270:_sync_mask <- window_optional_services.py:42:effects_coverage
WARNING:root:GUI 卡顿 650ms state=IDLE anim=待机呼吸休闲 physics=None
WARNING:pet.gui_stall_sampler:GUI 冻结现场（650ms，12 个采样点，旧→新）：
WARNING:pet.gui_stall_sampler:  [t-696ms] webm_clip.py:2499:_poll <- webm_clip.py:2750:_process_frame <- window_optional_services.py:62:<lambda> <- verify_multi.py:93:observed_frame <- window.py:1917:_on_frame <- window.py:2124:_rebuild_frame
WARNING:pet.gui_stall_sampler:  [t-634ms] verify_multi.py:309:<module> <- verify_multi.py:245:main <- webm_clip.py:2499:_poll <- webm_clip.py:2750:_process_frame
WARNING:pet.gui_stall_sampler:  [t-582ms] app.py:2886:_on_window_exit_requested <- window.py:4642:closeEvent <- library.py:563:shutdown <- webm_clip.py:1140:cleanup <- webm_clip.py:1197:_reap_retired <- threading.py:1092:join
WARNING:pet.gui_stall_sampler:  [t-15ms] verify_multi.py:245:main <- verify_multi.py:209:close_child <- app.py:437:wrapper <- app.py:1051:_request_exit_window <- app.py:2896:_on_window_exit_requested <- file_eater.py:166:eventFilter
WARNING:root:GUI 卡顿 650ms state=IDLE anim=东张西望 physics=None
WARNING:pet.gui_stall_sampler:GUI 冻结现场（650ms，12 个采样点，旧→新）：
WARNING:pet.gui_stall_sampler:  [t-697ms] webm_clip.py:2499:_poll <- webm_clip.py:2750:_process_frame <- window_optional_services.py:62:<lambda> <- verify_multi.py:93:observed_frame <- window.py:1917:_on_frame <- window.py:2124:_rebuild_frame
WARNING:pet.gui_stall_sampler:  [t-635ms] verify_multi.py:309:<module> <- verify_multi.py:245:main <- webm_clip.py:2499:_poll <- webm_clip.py:2750:_process_frame
WARNING:pet.gui_stall_sampler:  [t-582ms] app.py:2886:_on_window_exit_requested <- window.py:4642:closeEvent <- library.py:563:shutdown <- webm_clip.py:1140:cleanup <- webm_clip.py:1197:_reap_retired <- threading.py:1092:join
WARNING:pet.gui_stall_sampler:  [t-15ms] verify_multi.py:245:main <- verify_multi.py:209:close_child <- app.py:437:wrapper <- app.py:1051:_request_exit_window <- app.py:2896:_on_window_exit_requested <- file_eater.py:166:eventFilter
WARNING:root:GUI 卡顿 165ms state=IDLE anim=待机呼吸休闲 physics=None
WARNING:pet.gui_stall_sampler:GUI 冻结现场（165ms，4 个采样点，旧→新）：
WARNING:pet.gui_stall_sampler:  [t-211ms] webm_clip.py:2499:_poll <- webm_clip.py:2750:_process_frame <- window_optional_services.py:62:<lambda> <- verify_multi.py:93:observed_frame <- window.py:1917:_on_frame <- window.py:2124:_rebuild_frame
WARNING:pet.gui_stall_sampler:  [t-150ms] app.py:504:_build_window <- app.py:404:_create_library <- library.py:143:__init__ <- catalog.py:214:resolve_character_video_dir <- glob.py:478:select_recursive <- glob.py:433:select_wildcard
WARNING:pet.gui_stall_sampler:  [t-90ms] verify_multi.py:245:main <- verify_multi.py:212:respawn <- app.py:2627:spawn_pet <- app.py:2768:spawn_in_process_window <- app.py:537:_build_window <- file_eater.py:150:eventFilter
WARNING:pet.gui_stall_sampler:  [t-29ms] verify_multi.py:245:main <- verify_multi.py:212:respawn <- app.py:2627:spawn_pet <- app.py:2768:spawn_in_process_window <- app.py:548:_build_window <- settings_commands.py:26:__init__
WARNING:root:GUI 卡顿 166ms state=IDLE anim=东张西望 physics=None
WARNING:pet.gui_stall_sampler:GUI 冻结现场（166ms，4 个采样点，旧→新）：
WARNING:pet.gui_stall_sampler:  [t-212ms] webm_clip.py:2499:_poll <- webm_clip.py:2750:_process_frame <- window_optional_services.py:62:<lambda> <- verify_multi.py:93:observed_frame <- window.py:1917:_on_frame <- window.py:2124:_rebuild_frame
WARNING:pet.gui_stall_sampler:  [t-151ms] app.py:504:_build_window <- app.py:404:_create_library <- library.py:143:__init__ <- catalog.py:214:resolve_character_video_dir <- glob.py:478:select_recursive <- glob.py:433:select_wildcard
WARNING:pet.gui_stall_sampler:  [t-90ms] verify_multi.py:245:main <- verify_multi.py:212:respawn <- app.py:2627:spawn_pet <- app.py:2768:spawn_in_process_window <- app.py:537:_build_window <- file_eater.py:150:eventFilter
WARNING:pet.gui_stall_sampler:  [t-29ms] verify_multi.py:245:main <- verify_multi.py:212:respawn <- app.py:2627:spawn_pet <- app.py:2768:spawn_in_process_window <- app.py:548:_build_window <- settings_commands.py:26:__init__
WARNING:root:GUI 卡顿 150ms state=IDLE anim=余额-分文不剩 physics=None
WARNING:pet.gui_stall_sampler:GUI 冻结现场（150ms，4 个采样点，旧→新）：
WARNING:pet.gui_stall_sampler:  [t-184ms] app.py:504:_build_window <- app.py:404:_create_library <- library.py:143:__init__ <- catalog.py:214:resolve_character_video_dir <- glob.py:478:select_recursive <- glob.py:433:select_wildcard
WARNING:pet.gui_stall_sampler:  [t-123ms] verify_multi.py:245:main <- verify_multi.py:212:respawn <- app.py:2627:spawn_pet <- app.py:2768:spawn_in_process_window <- app.py:537:_build_window <- file_eater.py:150:eventFilter
WARNING:pet.gui_stall_sampler:  [t-63ms] verify_multi.py:245:main <- verify_multi.py:212:respawn <- app.py:2627:spawn_pet <- app.py:2768:spawn_in_process_window <- app.py:548:_build_window <- settings_commands.py:26:__init__
WARNING:pet.gui_stall_sampler:  [t-4ms] webm_clip.py:2499:_poll <- webm_clip.py:2750:_process_frame <- window_optional_services.py:62:<lambda> <- verify_multi.py:93:observed_frame <- window.py:1917:_on_frame <- window.py:2106:_rebuild_frame
WARNING:root:GUI 卡顿 623ms state=IDLE anim=待机呼吸休闲 physics=None
WARNING:pet.gui_stall_sampler:GUI 冻结现场（623ms，2 个采样点，旧→新）：
WARNING:pet.gui_stall_sampler:  [t-668ms] verify_multi.py:309:<module> <- verify_multi.py:245:main
WARNING:pet.gui_stall_sampler:  [t-15ms] verify_multi.py:309:<module> <- verify_multi.py:245:main <- webm_clip.py:2499:_poll <- webm_clip.py:2724:_process_frame
WARNING:root:GUI 卡顿 624ms state=IDLE anim=东张西望 physics=None
WARNING:pet.gui_stall_sampler:GUI 冻结现场（624ms，2 个采样点，旧→新）：
WARNING:pet.gui_stall_sampler:  [t-668ms] verify_multi.py:309:<module> <- verify_multi.py:245:main
WARNING:pet.gui_stall_sampler:  [t-15ms] verify_multi.py:309:<module> <- verify_multi.py:245:main <- webm_clip.py:2499:_poll <- webm_clip.py:2724:_process_frame
WARNING:root:GUI 卡顿 624ms state=IDLE anim=余额-分文不剩 physics=None
WARNING:pet.gui_stall_sampler:GUI 冻结现场（624ms，2 个采样点，旧→新）：
WARNING:pet.gui_stall_sampler:  [t-669ms] verify_multi.py:309:<module> <- verify_multi.py:245:main
WARNING:pet.gui_stall_sampler:  [t-15ms] verify_multi.py:309:<module> <- verify_multi.py:245:main <- webm_clip.py:2499:_poll <- webm_clip.py:2724:_process_frame
{'max_first_frame_decoders': 2, 'steady_mib': 1639.879005432129, 'peak_mib': 2524.802734375, 'growth_mib': 383.04701232910156, 'playback': {0: {'fps': 9.655631756634314, 'forward_gaps': 0, 'frames': 5649, 'ten_second_bins': [{'start': 0, 'fps': 5.951764827657592, 'frames': 47}, {'start': 10, 'fps': 7.317098306761617, 'frames': 72}, {'start': 20, 'fps': 8.46979107848673, 'frames': 85}, {'start': 30, 'fps': 12.850000539915989, 'frames': 120}, {'start': 40, 'fps': 7.775578624227492, 'frames': 78}, {'start': 50, 'fps': 7.2176476568059345, 'frames': 72}, {'start': 60, 'fps': 9.512244484922082, 'frames': 95}, {'start': 70, 'fps': 7.810091460281567, 'frames': 77}, {'start': 80, 'fps': 4.755640999696451, 'frames': 48}, {'start': 90, 'fps': 7.448599561246875, 'frames': 74}, {'start': 100, 'fps': 6.733871373006217, 'frames': 68}, {'start': 110, 'fps': 7.61313112857056, 'frames': 76}, {'start': 120, 'fps': 7.341021013672649, 'frames': 73}, {'start': 130, 'fps': 6.484164454620973, 'frames': 65}, {'start': 140, 'fps': 7.379536856109435, 'frames': 72}, {'start': 150, 'fps': 8.862629246676523, 'frames': 88}, {'start': 160, 'fps': 8.957016499231548, 'frames': 89}, {'start': 170, 'fps': 9.902290662544099, 'frames': 99}, {'start': 180, 'fps': 9.329777200864005, 'frames': 93}, {'start': 190, 'fps': 8.83831970335754, 'frames': 88}, {'start': 200, 'fps': 10.129120710470856, 'frames': 100}, {'start': 210, 'fps': 11.48510462527326, 'frames': 115}, {'start': 220, 'fps': 11.411490259838628, 'frames': 114}, {'start': 230, 'fps': 11.784545990206633, 'frames': 117}, {'start': 240, 'fps': 10.139259627123549, 'frames': 99}, {'start': 250, 'fps': 10.6305430688859, 'frames': 106}, {'start': 260, 'fps': 9.99858605853721, 'frames': 100}, {'start': 270, 'fps': 11.587135257133639, 'frames': 116}, {'start': 280, 'fps': 11.095868302130372, 'frames': 111}, {'start': 290, 'fps': 10.213884815695035, 'frames': 102}, {'start': 300, 'fps': 10.902373285147494, 'frames': 109}, {'start': 310, 'fps': 11.406997637842952, 'frames': 114}, {'start': 320, 'fps': 11.038757177723985, 'frames': 110}, {'start': 330, 'fps': 9.4857511907645, 'frames': 95}, {'start': 340, 'fps': 10.67170777815047, 'frames': 106}, {'start': 350, 'fps': 9.835012645016246, 'frames': 99}, {'start': 360, 'fps': 11.29772532405306, 'frames': 113}, {'start': 370, 'fps': 12.313406473622008, 'frames': 123}, {'start': 380, 'fps': 12.05569732162591, 'frames': 121}, {'start': 390, 'fps': 10.965023605259175, 'frames': 109}, {'start': 400, 'fps': 11.028674553839995, 'frames': 111}, {'start': 410, 'fps': 10.603362192322379, 'frames': 104}, {'start': 420, 'fps': 10.003435523311058, 'frames': 100}, {'start': 430, 'fps': 10.347702910417047, 'frames': 104}, {'start': 440, 'fps': 10.472162349017854, 'frames': 104}, {'start': 450, 'fps': 10.667154308006461, 'frames': 106}, {'start': 460, 'fps': 10.478378269455568, 'frames': 105}, {'start': 470, 'fps': 9.404293616203713, 'frames': 94}, {'start': 480, 'fps': 10.594623228711416, 'frames': 105}, {'start': 490, 'fps': 10.331310962331273, 'frames': 103}, {'start': 500, 'fps': 9.618729918343112, 'frames': 95}, {'start': 510, 'fps': 10.288065843621458, 'frames': 103}, {'start': 520, 'fps': 8.136614766448988, 'frames': 82}, {'start': 530, 'fps': 5.482342718828267, 'frames': 54}, {'start': 540, 'fps': 7.575681053726679, 'frames': 76}, {'start': 550, 'fps': 7.491559167923848, 'frames': 74}, {'start': 560, 'fps': 9.255346974909958, 'frames': 93}, {'start': 570, 'fps': 9.399066157297842, 'frames': 94}, {'start': 580, 'fps': 11.214953271027996, 'frames': 112}, {'start': 590, 'fps': 11.070630623377163, 'frames': 111}, {'start': 600, 'fps': 12.49710248631876, 'frames': 125}, {'start': 610, 'fps': 12.164104832467052, 'frames': 122}]}, 1: {'fps': 9.746307047315243, 'forward_gaps': 0, 'frames': 5701, 'ten_second_bins': [{'start': 0, 'fps': 16.991516554415945, 'frames': 139}, {'start': 10, 'fps': 21.557342531132818, 'frames': 216}, {'start': 20, 'fps': 21.294761689518364, 'frames': 213}, {'start': 30, 'fps': 15.686747714863191, 'frames': 157}, {'start': 40, 'fps': 5.006487999754783, 'frames': 50}, {'start': 50, 'fps': 7.175196054652764, 'frames': 72}, {'start': 60, 'fps': 9.490443930659177, 'frames': 95}, {'start': 70, 'fps': 7.799191347002438, 'frames': 77}, {'start': 80, 'fps': 4.757373929590864, 'frames': 48}, {'start': 90, 'fps': 7.339855414902921, 'frames': 74}, {'start': 100, 'fps': 6.650092589750675, 'frames': 66}, {'start': 110, 'fps': 7.379476966933874, 'frames': 74}, {'start': 120, 'fps': 7.167228604308414, 'frames': 72}, {'start': 130, 'fps': 6.414633641649592, 'frames': 63}, {'start': 140, 'fps': 7.25860041915862, 'frames': 72}, {'start': 150, 'fps': 8.829081166656538, 'frames': 88}, {'start': 160, 'fps': 8.923772727733667, 'frames': 89}, {'start': 170, 'fps': 9.745401388719705, 'frames': 97}, {'start': 180, 'fps': 9.293398656497812, 'frames': 93}, {'start': 190, 'fps': 8.755837224816561, 'frames': 85}, {'start': 200, 'fps': 10.024504343951884, 'frames': 100}, {'start': 210, 'fps': 11.431230526443542, 'frames': 114}, {'start': 220, 'fps': 11.15095988668215, 'frames': 112}, {'start': 230, 'fps': 11.723803363518769, 'frames': 117}, {'start': 240, 'fps': 9.663027611587408, 'frames': 95}, {'start': 250, 'fps': 10.299493103378632, 'frames': 103}, {'start': 260, 'fps': 9.843318720571522, 'frames': 98}, {'start': 270, 'fps': 11.539863141272205, 'frames': 115}, {'start': 280, 'fps': 11.053721084470487, 'frames': 111}, {'start': 290, 'fps': 9.982857719068237, 'frames': 100}, {'start': 300, 'fps': 10.790206123189856, 'frames': 108}, {'start': 310, 'fps': 11.212347724196418, 'frames': 112}, {'start': 320, 'fps': 10.794995964487452, 'frames': 108}, {'start': 330, 'fps': 9.503760627861304, 'frames': 94}, {'start': 340, 'fps': 10.571037371133976, 'frames': 106}, {'start': 350, 'fps': 9.702948281264183, 'frames': 97}, {'start': 360, 'fps': 11.332361988020088, 'frames': 113}, {'start': 370, 'fps': 12.274917575450216, 'frames': 122}, {'start': 380, 'fps': 11.768729379576667, 'frames': 118}, {'start': 390, 'fps': 10.982146455487086, 'frames': 110}, {'start': 400, 'fps': 10.988340150173988, 'frames': 109}, {'start': 410, 'fps': 10.251359310143865, 'frames': 103}, {'start': 420, 'fps': 9.923849643551517, 'frames': 99}, {'start': 430, 'fps': 10.416666666666694, 'frames': 103}, {'start': 440, 'fps': 10.456044397973153, 'frames': 105}, {'start': 450, 'fps': 10.674637062339853, 'frames': 106}, {'start': 460, 'fps': 10.261775890863005, 'frames': 103}, {'start': 470, 'fps': 9.513784867009424, 'frames': 95}, {'start': 480, 'fps': 10.32493167324626, 'frames': 103}, {'start': 490, 'fps': 10.319917440660461, 'frames': 104}, {'start': 500, 'fps': 9.558576788928342, 'frames': 95}, {'start': 510, 'fps': 10.244012374766955, 'frames': 101}, {'start': 520, 'fps': 8.084736222688381, 'frames': 80}, {'start': 530, 'fps': 5.443054561582074, 'frames': 55}, {'start': 540, 'fps': 7.559891709659294, 'frames': 75}, {'start': 550, 'fps': 7.263129897497808, 'frames': 72}, {'start': 560, 'fps': 9.239202964757611, 'frames': 91}, {'start': 570, 'fps': 9.343822527654641, 'frames': 94}, {'start': 580, 'fps': 11.142005360207953, 'frames': 112}, {'start': 590, 'fps': 11.081337013680406, 'frames': 111}, {'start': 600, 'fps': 12.135676867377299, 'frames': 121}, {'start': 610, 'fps': 12.288229487721768, 'frames': 123}]}, 2: {'fps': 9.600712932014984, 'forward_gaps': 0, 'frames': 5616, 'ten_second_bins': [{'start': 0, 'fps': 5.934488408396012, 'frames': 47}, {'start': 10, 'fps': 7.395590115265553, 'frames': 71}, {'start': 20, 'fps': 8.372083640141621, 'frames': 84}, {'start': 30, 'fps': 12.072599292013663, 'frames': 119}, {'start': 40, 'fps': 7.780985728034071, 'frames': 77}, {'start': 50, 'fps': 7.381043861600372, 'frames': 74}, {'start': 60, 'fps': 9.505415052937066, 'frames': 95}, {'start': 70, 'fps': 7.6850737665962265, 'frames': 77}, {'start': 80, 'fps': 4.752262490185548, 'frames': 47}, {'start': 90, 'fps': 7.437898640800441, 'frames': 74}, {'start': 100, 'fps': 6.742816887233939, 'frames': 68}, {'start': 110, 'fps': 7.430630483907094, 'frames': 74}, {'start': 120, 'fps': 7.225723575930314, 'frames': 73}, {'start': 130, 'fps': 6.4875272057592435, 'frames': 63}, {'start': 140, 'fps': 7.244699797752132, 'frames': 73}, {'start': 150, 'fps': 8.800564873466302, 'frames': 87}, {'start': 160, 'fps': 8.867660247689876, 'frames': 89}, {'start': 170, 'fps': 9.721094775663172, 'frames': 98}, {'start': 180, 'fps': 9.328547382936868, 'frames': 93}, {'start': 190, 'fps': 8.768128357336499, 'frames': 88}, {'start': 200, 'fps': 10.32691465170136, 'frames': 100}, {'start': 210, 'fps': 11.304224954076576, 'frames': 113}, {'start': 220, 'fps': 11.138112596192785, 'frames': 111}, {'start': 230, 'fps': 11.561158528616374, 'frames': 116}, {'start': 240, 'fps': 9.92145514675487, 'frames': 97}, {'start': 250, 'fps': 10.357275734813536, 'frames': 104}, {'start': 260, 'fps': 9.749625594274871, 'frames': 98}, {'start': 270, 'fps': 11.599055937708018, 'frames': 116}, {'start': 280, 'fps': 11.289666395443458, 'frames': 112}, {'start': 290, 'fps': 10.120526267365948, 'frames': 100}, {'start': 300, 'fps': 10.932169934508211, 'frames': 109}, {'start': 310, 'fps': 11.451851551573833, 'frames': 114}, {'start': 320, 'fps': 10.909752106188238, 'frames': 109}, {'start': 330, 'fps': 9.543147208121805, 'frames': 95}, {'start': 340, 'fps': 10.681284575620468, 'frames': 107}, {'start': 350, 'fps': 9.626589653949452, 'frames': 96}, {'start': 360, 'fps': 11.427993527508118, 'frames': 114}, {'start': 370, 'fps': 12.261235243451406, 'frames': 122}, {'start': 380, 'fps': 11.73067977266752, 'frames': 117}, {'start': 390, 'fps': 10.971423970045025, 'frames': 110}, {'start': 400, 'fps': 11.053309401397414, 'frames': 110}, {'start': 410, 'fps': 10.424573655179412, 'frames': 104}, {'start': 420, 'fps': 10.014220192673614, 'frames': 101}, {'start': 430, 'fps': 10.425503643815723, 'frames': 103}, {'start': 440, 'fps': 10.59482367186316, 'frames': 106}, {'start': 450, 'fps': 10.653480471969305, 'frames': 107}, {'start': 460, 'fps': 10.39469259225289, 'frames': 103}, {'start': 470, 'fps': 9.45573597144976, 'frames': 94}, {'start': 480, 'fps': 10.575722170742505, 'frames': 106}, {'start': 490, 'fps': 10.369057925785727, 'frames': 104}, {'start': 500, 'fps': 9.601536245799332, 'frames': 95}, {'start': 510, 'fps': 10.132944228274946, 'frames': 101}, {'start': 520, 'fps': 8.221096755204229, 'frames': 82}, {'start': 530, 'fps': 5.485122897800763, 'frames': 54}, {'start': 540, 'fps': 7.4022247234305825, 'frames': 74}, {'start': 550, 'fps': 7.283100172973635, 'frames': 73}, {'start': 560, 'fps': 9.251158908765463, 'frames': 93}, {'start': 570, 'fps': 9.237828399723941, 'frames': 92}, {'start': 580, 'fps': 11.040961968904647, 'frames': 111}, {'start': 590, 'fps': 11.196384585632078, 'frames': 111}, {'start': 600, 'fps': 12.854561550308523, 'frames': 107}, {'start': 610, 'fps': 11.495087362663924, 'frames': 96}]}}, 'queue_drops': 0, 'duplicate_first_images': [], 'lifecycle': {'windows_after_close': 2, 'windows_after_respawn': 3}, 'shared_process_enabled': True, 'source_widths': [2560, 2560, 2560], 'actions': {0: '待机呼吸休闲', 1: '东张西望', 2: '余额-分文不剩'}, 'initial_decode_routes': {0: {'idle_eligible': True, 'broker_active': True, 'feed': False, 'publish': True, 'path': '/Users/ray/Library/Caches/seeky8-baseline-3bc58a7/assets/characters_hq/shenshen/videos/idle/待机呼吸休闲.webm'}, 1: {'idle_eligible': False, 'broker_active': True, 'feed': False, 'publish': False, 'path': '/Users/ray/Library/Caches/seeky8-baseline-3bc58a7/assets/characters/shenshen/videos/turn/东张西望.webm'}, 2: {'idle_eligible': False, 'broker_active': True, 'feed': False, 'publish': False, 'path': '/Users/ray/Library/Caches/seeky8-baseline-3bc58a7/assets/characters_hq/shenshen/videos/events/balance/余额-分文不剩.webm'}}, 'live_ffmpeg_after_cleanup': []} ['Pet 0: fps=9.66, skipped source frames=0', 'Pet 1: fps=9.75, skipped source frames=0', 'Pet 2: fps=9.60, skipped source frames=0']
