QSystemTrayIcon::setVisible: No Icon set
WARNING:pet.decode_fanout:fanout feed 看门狗超时（1900ms 无帧无 end），回退本地解码
WARNING:pet.webm_clip:fan-out feed 断流/中止，回退本地解码: /Users/ray/Documents/New project/dsr-pet/assets/characters_hq/shenshen/videos/idle/待机呼吸休闲.webm
WARNING:pet.decode_fanout:fanout feed 看门狗超时（1900ms 无帧无 end），回退本地解码
WARNING:pet.webm_clip:fan-out feed 断流/中止，回退本地解码: /Users/ray/Documents/New project/dsr-pet/assets/characters_hq/shenshen/videos/idle/待机呼吸休闲.webm
WARNING:root:GUI 卡顿 3781ms state=IDLE anim=待机呼吸休闲 physics=None
WARNING:pet.gui_stall_sampler:GUI 冻结现场（3781ms，20 个采样点，旧→新）：
WARNING:pet.gui_stall_sampler:  [t-3721ms] feature.py:159:_mod_uses_pyside <- inspect.py:1256:getsource <- inspect.py:1238:getsourcelines <- inspect.py:1074:findsource <- linecache.py:41:getlines <- linecache.py:149:updatecache
WARNING:pet.gui_stall_sampler:  [t-3453ms] <frozen importlib._bootstrap>:1322:_find_and_load_unlocked <- <frozen importlib._bootstrap>:1262:_find_spec <- <frozen importlib._bootstrap_external>:1559:find_spec <- <frozen importlib._bootstrap_external>:1533:_get_spec <- <frozen importlib._bootstrap_external>:1636:find_spec <- <frozen importlib._bootstrap_external>:1679:_fill_cache
WARNING:pet.gui_stall_sampler:  [t-2978ms] verify_seeky_multi.py:57:main <- app.py:1703:start <- app.py:1812:_create_ui_with_character_fallback <- app.py:572:_create_ui <- app.py:537:_build_window <- file_eater.py:150:eventFilter
WARNING:pet.gui_stall_sampler:  [t-2882ms] <frozen importlib._bootstrap>:1360:_find_and_load <- <frozen importlib._bootstrap>:1331:_find_and_load_unlocked <- <frozen importlib._bootstrap>:935:_load_unlocked <- <frozen importlib._bootstrap_external>:1022:exec_module <- <frozen importlib._bootstrap_external>:1118:get_code <- <frozen importlib._bootstrap_external>:1218:get_data
WARNING:pet.gui_stall_sampler:  [t-2672ms] app.py:504:_build_window <- app.py:411:_create_library <- library.py:785:schedule_high_priority_warm <- threading.py:979:start <- threading.py:659:wait <- threading.py:359:wait
WARNING:pet.gui_stall_sampler:  [t-2371ms] verify_seeky_multi.py:308:<module> <- verify_seeky_multi.py:113:main <- app.py:2627:spawn_pet <- app.py:2768:spawn_in_process_window <- app.py:537:_build_window <- file_eater.py:150:eventFilter
WARNING:pet.gui_stall_sampler:  [t-2180ms] library.py:201:__init__ <- library.py:312:_load_all <- _local.py:210:__lt__ <- _local.py:204:_parts_normcase <- _local.py:181:_str_normcase <- _local.py:227:__str__
WARNING:pet.gui_stall_sampler:  [t-1958ms] app.py:514:_build_window <- window.py:470:__init__ <- speech_bubble_text.py:137:list_self_talk_images <- speech_bubble_text.py:139:<genexpr> <- _abc.py:482:is_file <- _local.py:515:stat
WARNING:pet.gui_stall_sampler:  [t-1903ms] verify_seeky_multi.py:308:<module> <- verify_seeky_multi.py:244:main
WARNING:root:GUI 卡顿 2667ms state=IDLE anim=待机呼吸休闲 physics=None
WARNING:pet.gui_stall_sampler:GUI 冻结现场（2667ms，15 个采样点，旧→新）：
WARNING:pet.gui_stall_sampler:  [t-2679ms] app.py:504:_build_window <- app.py:411:_create_library <- library.py:785:schedule_high_priority_warm <- threading.py:979:start <- threading.py:659:wait <- threading.py:359:wait
WARNING:pet.gui_stall_sampler:  [t-2378ms] verify_seeky_multi.py:308:<module> <- verify_seeky_multi.py:113:main <- app.py:2627:spawn_pet <- app.py:2768:spawn_in_process_window <- app.py:537:_build_window <- file_eater.py:150:eventFilter
WARNING:pet.gui_stall_sampler:  [t-2187ms] library.py:201:__init__ <- library.py:312:_load_all <- _local.py:210:__lt__ <- _local.py:204:_parts_normcase <- _local.py:181:_str_normcase <- _local.py:227:__str__
WARNING:pet.gui_stall_sampler:  [t-1965ms] app.py:514:_build_window <- window.py:470:__init__ <- speech_bubble_text.py:137:list_self_talk_images <- speech_bubble_text.py:139:<genexpr> <- _abc.py:482:is_file <- _local.py:515:stat
WARNING:pet.gui_stall_sampler:  [t-1910ms] verify_seeky_multi.py:308:<module> <- verify_seeky_multi.py:244:main
WARNING:root:GUI 卡顿 2111ms state=IDLE anim=待机呼吸休闲 physics=None
WARNING:pet.gui_stall_sampler:GUI 冻结现场（2111ms，12 个采样点，旧→新）：
WARNING:pet.gui_stall_sampler:  [t-1968ms] app.py:514:_build_window <- window.py:470:__init__ <- speech_bubble_text.py:137:list_self_talk_images <- speech_bubble_text.py:139:<genexpr> <- _abc.py:482:is_file <- _local.py:515:stat
WARNING:pet.gui_stall_sampler:  [t-1913ms] verify_seeky_multi.py:308:<module> <- verify_seeky_multi.py:244:main
WARNING:root:GUI 卡顿 261ms state=IDLE anim=待机呼吸休闲 physics=None
WARNING:pet.gui_stall_sampler:GUI 冻结现场（261ms，4 个采样点，旧→新）：
WARNING:pet.gui_stall_sampler:  [t-264ms] verify_seeky_multi.py:308:<module> <- verify_seeky_multi.py:244:main
WARNING:pet.gui_stall_sampler:  [t-158ms] verify_seeky_multi.py:244:main <- app.py:327:_warm_music_player_paths <- music_players.py:151:warm_cache_async <- threading.py:979:start <- threading.py:659:wait <- threading.py:359:wait
WARNING:pet.gui_stall_sampler:  [t-84ms] verify_seeky_multi.py:308:<module> <- verify_seeky_multi.py:244:main <- dsh_state.py:374:_schedule_online_probe <- threading.py:979:start <- threading.py:659:wait <- threading.py:359:wait
WARNING:pet.gui_stall_sampler:  [t-25ms] verify_seeky_multi.py:308:<module> <- verify_seeky_multi.py:244:main
WARNING:root:GUI 卡顿 255ms state=IDLE anim=待机呼吸休闲 physics=None
WARNING:pet.gui_stall_sampler:GUI 冻结现场（255ms，4 个采样点，旧→新）：
WARNING:pet.gui_stall_sampler:  [t-266ms] verify_seeky_multi.py:308:<module> <- verify_seeky_multi.py:244:main
WARNING:pet.gui_stall_sampler:  [t-159ms] verify_seeky_multi.py:244:main <- app.py:327:_warm_music_player_paths <- music_players.py:151:warm_cache_async <- threading.py:979:start <- threading.py:659:wait <- threading.py:359:wait
WARNING:pet.gui_stall_sampler:  [t-85ms] verify_seeky_multi.py:308:<module> <- verify_seeky_multi.py:244:main <- dsh_state.py:374:_schedule_online_probe <- threading.py:979:start <- threading.py:659:wait <- threading.py:359:wait
WARNING:pet.gui_stall_sampler:  [t-26ms] verify_seeky_multi.py:308:<module> <- verify_seeky_multi.py:244:main
WARNING:root:GUI 卡顿 253ms state=IDLE anim=待机呼吸休闲 physics=None
WARNING:pet.gui_stall_sampler:GUI 冻结现场（253ms，4 个采样点，旧→新）：
WARNING:pet.gui_stall_sampler:  [t-266ms] verify_seeky_multi.py:308:<module> <- verify_seeky_multi.py:244:main
WARNING:pet.gui_stall_sampler:  [t-160ms] verify_seeky_multi.py:244:main <- app.py:327:_warm_music_player_paths <- music_players.py:151:warm_cache_async <- threading.py:979:start <- threading.py:659:wait <- threading.py:359:wait
WARNING:pet.gui_stall_sampler:  [t-86ms] verify_seeky_multi.py:308:<module> <- verify_seeky_multi.py:244:main <- dsh_state.py:374:_schedule_online_probe <- threading.py:979:start <- threading.py:659:wait <- threading.py:359:wait
WARNING:pet.gui_stall_sampler:  [t-27ms] verify_seeky_multi.py:308:<module> <- verify_seeky_multi.py:244:main
WARNING:root:GUI 卡顿 121ms state=IDLE anim=待机呼吸休闲 physics=None
WARNING:pet.gui_stall_sampler:GUI 冻结现场（121ms，2 个采样点，旧→新）：
WARNING:pet.gui_stall_sampler:  [t-146ms] verify_seeky_multi.py:308:<module> <- verify_seeky_multi.py:244:main
WARNING:pet.gui_stall_sampler:  [t-69ms] verify_seeky_multi.py:308:<module> <- verify_seeky_multi.py:244:main <- webm_clip.py:2499:_poll <- webm_clip.py:2724:_process_frame
WARNING:root:GUI 卡顿 121ms state=IDLE anim=待机呼吸休闲 physics=None
WARNING:pet.gui_stall_sampler:GUI 冻结现场（121ms，3 个采样点，旧→新）：
WARNING:pet.gui_stall_sampler:  [t-148ms] verify_seeky_multi.py:308:<module> <- verify_seeky_multi.py:244:main
WARNING:pet.gui_stall_sampler:  [t-71ms] verify_seeky_multi.py:308:<module> <- verify_seeky_multi.py:244:main <- webm_clip.py:2499:_poll <- webm_clip.py:2724:_process_frame
WARNING:pet.gui_stall_sampler:  [t-1ms] verify_seeky_multi.py:308:<module> <- verify_seeky_multi.py:244:main
WARNING:root:GUI 卡顿 122ms state=IDLE anim=待机呼吸休闲 physics=None
WARNING:pet.gui_stall_sampler:GUI 冻结现场（122ms，3 个采样点，旧→新）：
WARNING:pet.gui_stall_sampler:  [t-148ms] verify_seeky_multi.py:308:<module> <- verify_seeky_multi.py:244:main
WARNING:pet.gui_stall_sampler:  [t-72ms] verify_seeky_multi.py:308:<module> <- verify_seeky_multi.py:244:main <- webm_clip.py:2499:_poll <- webm_clip.py:2724:_process_frame
WARNING:pet.gui_stall_sampler:  [t-2ms] verify_seeky_multi.py:308:<module> <- verify_seeky_multi.py:244:main
WARNING:root:GUI 卡顿 255ms state=IDLE anim=待机呼吸休闲 physics=None
WARNING:pet.gui_stall_sampler:GUI 冻结现场（255ms，2 个采样点，旧→新）：
WARNING:pet.gui_stall_sampler:  [t-283ms] verify_seeky_multi.py:308:<module> <- verify_seeky_multi.py:244:main
WARNING:root:GUI 卡顿 256ms state=IDLE anim=待机呼吸休闲 physics=None
WARNING:pet.gui_stall_sampler:GUI 冻结现场（256ms，2 个采样点，旧→新）：
WARNING:pet.gui_stall_sampler:  [t-284ms] verify_seeky_multi.py:308:<module> <- verify_seeky_multi.py:244:main
WARNING:root:GUI 卡顿 256ms state=IDLE anim=待机呼吸休闲 physics=None
WARNING:pet.gui_stall_sampler:GUI 冻结现场（256ms，2 个采样点，旧→新）：
WARNING:pet.gui_stall_sampler:  [t-284ms] verify_seeky_multi.py:308:<module> <- verify_seeky_multi.py:244:main
WARNING:root:GUI 卡顿 172ms state=IDLE anim=待机呼吸休闲 physics=None
WARNING:pet.gui_stall_sampler:GUI 冻结现场（172ms，2 个采样点，旧→新）：
WARNING:pet.gui_stall_sampler:  [t-145ms] verify_seeky_multi.py:308:<module> <- verify_seeky_multi.py:244:main <- webm_clip.py:2499:_poll <- webm_clip.py:2723:_process_frame
WARNING:pet.gui_stall_sampler:  [t-54ms] verify_seeky_multi.py:308:<module> <- verify_seeky_multi.py:244:main
WARNING:root:GUI 卡顿 172ms state=IDLE anim=待机呼吸休闲 physics=None
WARNING:pet.gui_stall_sampler:GUI 冻结现场（172ms，2 个采样点，旧→新）：
WARNING:pet.gui_stall_sampler:  [t-145ms] verify_seeky_multi.py:308:<module> <- verify_seeky_multi.py:244:main <- webm_clip.py:2499:_poll <- webm_clip.py:2723:_process_frame
WARNING:pet.gui_stall_sampler:  [t-55ms] verify_seeky_multi.py:308:<module> <- verify_seeky_multi.py:244:main
WARNING:root:GUI 卡顿 172ms state=IDLE anim=待机呼吸休闲 physics=None
WARNING:pet.gui_stall_sampler:GUI 冻结现场（172ms，2 个采样点，旧→新）：
WARNING:pet.gui_stall_sampler:  [t-145ms] verify_seeky_multi.py:308:<module> <- verify_seeky_multi.py:244:main <- webm_clip.py:2499:_poll <- webm_clip.py:2723:_process_frame
WARNING:pet.gui_stall_sampler:  [t-55ms] verify_seeky_multi.py:308:<module> <- verify_seeky_multi.py:244:main
WARNING:root:GUI 卡顿 140ms state=IDLE anim=待机呼吸休闲 physics=None
WARNING:pet.gui_stall_sampler:GUI 冻结现场（140ms，2 个采样点，旧→新）：
WARNING:pet.gui_stall_sampler:  [t-173ms] verify_seeky_multi.py:308:<module> <- verify_seeky_multi.py:244:main
WARNING:pet.gui_stall_sampler:  [t-14ms] verify_seeky_multi.py:308:<module> <- verify_seeky_multi.py:244:main <- webm_clip.py:2499:_poll <- webm_clip.py:2724:_process_frame
WARNING:root:GUI 卡顿 141ms state=IDLE anim=待机呼吸休闲 physics=None
WARNING:pet.gui_stall_sampler:GUI 冻结现场（141ms，2 个采样点，旧→新）：
WARNING:pet.gui_stall_sampler:  [t-174ms] verify_seeky_multi.py:308:<module> <- verify_seeky_multi.py:244:main
WARNING:pet.gui_stall_sampler:  [t-14ms] verify_seeky_multi.py:308:<module> <- verify_seeky_multi.py:244:main <- webm_clip.py:2499:_poll <- webm_clip.py:2724:_process_frame
WARNING:root:GUI 卡顿 141ms state=IDLE anim=待机呼吸休闲 physics=None
WARNING:pet.gui_stall_sampler:GUI 冻结现场（141ms，2 个采样点，旧→新）：
WARNING:pet.gui_stall_sampler:  [t-174ms] verify_seeky_multi.py:308:<module> <- verify_seeky_multi.py:244:main
WARNING:pet.gui_stall_sampler:  [t-14ms] verify_seeky_multi.py:308:<module> <- verify_seeky_multi.py:244:main <- webm_clip.py:2499:_poll <- webm_clip.py:2724:_process_frame
WARNING:imageio_ffmpeg:We had to kill ffmpeg to stop it.
WARNING:root:GUI 卡顿 335ms state=IDLE anim=待机呼吸休闲 physics=None
WARNING:pet.gui_stall_sampler:GUI 冻结现场（335ms，4 个采样点，旧→新）：
WARNING:pet.gui_stall_sampler:  [t-371ms] verify_seeky_multi.py:308:<module> <- verify_seeky_multi.py:244:main
WARNING:pet.gui_stall_sampler:  [t-290ms] verify_seeky_multi.py:308:<module> <- verify_seeky_multi.py:244:main <- webm_clip.py:2499:_poll <- webm_clip.py:2724:_process_frame
WARNING:pet.gui_stall_sampler:  [t-79ms] verify_seeky_multi.py:92:observed_frame <- window.py:1917:_on_frame <- window.py:2124:_rebuild_frame <- window.py:2270:_sync_mask <- window_optional_services.py:42:effects_coverage <- frame_edges.py:27:coverage_region
WARNING:pet.gui_stall_sampler:  [t-17ms] verify_seeky_multi.py:308:<module> <- verify_seeky_multi.py:244:main
WARNING:root:GUI 卡顿 337ms state=IDLE anim=待机呼吸休闲 physics=None
WARNING:pet.gui_stall_sampler:GUI 冻结现场（337ms，4 个采样点，旧→新）：
WARNING:pet.gui_stall_sampler:  [t-371ms] verify_seeky_multi.py:308:<module> <- verify_seeky_multi.py:244:main
WARNING:pet.gui_stall_sampler:  [t-291ms] verify_seeky_multi.py:308:<module> <- verify_seeky_multi.py:244:main <- webm_clip.py:2499:_poll <- webm_clip.py:2724:_process_frame
WARNING:pet.gui_stall_sampler:  [t-79ms] verify_seeky_multi.py:92:observed_frame <- window.py:1917:_on_frame <- window.py:2124:_rebuild_frame <- window.py:2270:_sync_mask <- window_optional_services.py:42:effects_coverage <- frame_edges.py:27:coverage_region
WARNING:pet.gui_stall_sampler:  [t-18ms] verify_seeky_multi.py:308:<module> <- verify_seeky_multi.py:244:main
WARNING:root:GUI 卡顿 338ms state=IDLE anim=待机呼吸休闲 physics=None
WARNING:pet.gui_stall_sampler:GUI 冻结现场（338ms，4 个采样点，旧→新）：
WARNING:pet.gui_stall_sampler:  [t-371ms] verify_seeky_multi.py:308:<module> <- verify_seeky_multi.py:244:main
WARNING:pet.gui_stall_sampler:  [t-291ms] verify_seeky_multi.py:308:<module> <- verify_seeky_multi.py:244:main <- webm_clip.py:2499:_poll <- webm_clip.py:2724:_process_frame
WARNING:pet.gui_stall_sampler:  [t-80ms] verify_seeky_multi.py:92:observed_frame <- window.py:1917:_on_frame <- window.py:2124:_rebuild_frame <- window.py:2270:_sync_mask <- window_optional_services.py:42:effects_coverage <- frame_edges.py:27:coverage_region
WARNING:pet.gui_stall_sampler:  [t-18ms] verify_seeky_multi.py:308:<module> <- verify_seeky_multi.py:244:main
WARNING:root:GUI 卡顿 153ms state=IDLE anim=待机呼吸休闲 physics=None
WARNING:pet.gui_stall_sampler:GUI 冻结现场（153ms，1 个采样点，旧→新）：
WARNING:pet.gui_stall_sampler:  [t-169ms] verify_seeky_multi.py:308:<module> <- verify_seeky_multi.py:244:main
WARNING:root:GUI 卡顿 152ms state=IDLE anim=待机呼吸休闲 physics=None
WARNING:pet.gui_stall_sampler:GUI 冻结现场（152ms，1 个采样点，旧→新）：
WARNING:pet.gui_stall_sampler:  [t-170ms] verify_seeky_multi.py:308:<module> <- verify_seeky_multi.py:244:main
WARNING:root:GUI 卡顿 152ms state=IDLE anim=待机呼吸休闲 physics=None
WARNING:pet.gui_stall_sampler:GUI 冻结现场（152ms，1 个采样点，旧→新）：
WARNING:pet.gui_stall_sampler:  [t-170ms] verify_seeky_multi.py:308:<module> <- verify_seeky_multi.py:244:main
WARNING:root:GUI 卡顿 133ms state=IDLE anim=待机呼吸休闲 physics=None
WARNING:pet.gui_stall_sampler:GUI 冻结现场（133ms，2 个采样点，旧→新）：
WARNING:pet.gui_stall_sampler:  [t-137ms] verify_seeky_multi.py:308:<module> <- verify_seeky_multi.py:244:main
WARNING:pet.gui_stall_sampler:  [t-50ms] webm_clip.py:2750:_process_frame <- window_optional_services.py:62:<lambda> <- verify_seeky_multi.py:92:observed_frame <- window.py:1917:_on_frame <- window.py:2124:_rebuild_frame <- window.py:2265:_sync_mask
WARNING:root:GUI 卡顿 133ms state=IDLE anim=待机呼吸休闲 physics=None
WARNING:pet.gui_stall_sampler:GUI 冻结现场（133ms，2 个采样点，旧→新）：
WARNING:pet.gui_stall_sampler:  [t-138ms] verify_seeky_multi.py:308:<module> <- verify_seeky_multi.py:244:main
WARNING:pet.gui_stall_sampler:  [t-51ms] webm_clip.py:2750:_process_frame <- window_optional_services.py:62:<lambda> <- verify_seeky_multi.py:92:observed_frame <- window.py:1917:_on_frame <- window.py:2124:_rebuild_frame <- window.py:2265:_sync_mask
WARNING:root:GUI 卡顿 134ms state=IDLE anim=待机呼吸休闲 physics=None
WARNING:pet.gui_stall_sampler:GUI 冻结现场（134ms，2 个采样点，旧→新）：
WARNING:pet.gui_stall_sampler:  [t-138ms] verify_seeky_multi.py:308:<module> <- verify_seeky_multi.py:244:main
WARNING:pet.gui_stall_sampler:  [t-51ms] webm_clip.py:2750:_process_frame <- window_optional_services.py:62:<lambda> <- verify_seeky_multi.py:92:observed_frame <- window.py:1917:_on_frame <- window.py:2124:_rebuild_frame <- window.py:2265:_sync_mask
WARNING:root:GUI 卡顿 243ms state=IDLE anim=待机呼吸休闲 physics=None
WARNING:pet.gui_stall_sampler:GUI 冻结现场（243ms，3 个采样点，旧→新）：
WARNING:pet.gui_stall_sampler:  [t-268ms] verify_seeky_multi.py:308:<module> <- verify_seeky_multi.py:244:main
WARNING:pet.gui_stall_sampler:  [t-129ms] verify_seeky_multi.py:308:<module> <- verify_seeky_multi.py:244:main <- webm_clip.py:2499:_poll <- webm_clip.py:2724:_process_frame
WARNING:pet.gui_stall_sampler:  [t-35ms] verify_seeky_multi.py:308:<module> <- verify_seeky_multi.py:244:main
WARNING:root:GUI 卡顿 244ms state=IDLE anim=待机呼吸休闲 physics=None
WARNING:pet.gui_stall_sampler:GUI 冻结现场（244ms，3 个采样点，旧→新）：
WARNING:pet.gui_stall_sampler:  [t-268ms] verify_seeky_multi.py:308:<module> <- verify_seeky_multi.py:244:main
WARNING:pet.gui_stall_sampler:  [t-130ms] verify_seeky_multi.py:308:<module> <- verify_seeky_multi.py:244:main <- webm_clip.py:2499:_poll <- webm_clip.py:2724:_process_frame
WARNING:pet.gui_stall_sampler:  [t-36ms] verify_seeky_multi.py:308:<module> <- verify_seeky_multi.py:244:main
WARNING:root:GUI 卡顿 244ms state=IDLE anim=待机呼吸休闲 physics=None
WARNING:pet.gui_stall_sampler:GUI 冻结现场（244ms，3 个采样点，旧→新）：
WARNING:pet.gui_stall_sampler:  [t-269ms] verify_seeky_multi.py:308:<module> <- verify_seeky_multi.py:244:main
WARNING:pet.gui_stall_sampler:  [t-130ms] verify_seeky_multi.py:308:<module> <- verify_seeky_multi.py:244:main <- webm_clip.py:2499:_poll <- webm_clip.py:2724:_process_frame
WARNING:pet.gui_stall_sampler:  [t-36ms] verify_seeky_multi.py:308:<module> <- verify_seeky_multi.py:244:main
WARNING:root:GUI 卡顿 231ms state=IDLE anim=待机呼吸休闲 physics=None
WARNING:pet.gui_stall_sampler:GUI 冻结现场（231ms，3 个采样点，旧→新）：
WARNING:pet.gui_stall_sampler:  [t-249ms] verify_seeky_multi.py:308:<module> <- verify_seeky_multi.py:244:main
WARNING:pet.gui_stall_sampler:  [t-103ms] webm_clip.py:2499:_poll <- webm_clip.py:2750:_process_frame <- window_optional_services.py:62:<lambda> <- verify_seeky_multi.py:92:observed_frame <- window.py:1917:_on_frame <- window.py:2106:_rebuild_frame
WARNING:root:GUI 卡顿 231ms state=IDLE anim=待机呼吸休闲 physics=None
WARNING:pet.gui_stall_sampler:GUI 冻结现场（231ms，3 个采样点，旧→新）：
WARNING:pet.gui_stall_sampler:  [t-250ms] verify_seeky_multi.py:308:<module> <- verify_seeky_multi.py:244:main
WARNING:pet.gui_stall_sampler:  [t-103ms] webm_clip.py:2499:_poll <- webm_clip.py:2750:_process_frame <- window_optional_services.py:62:<lambda> <- verify_seeky_multi.py:92:observed_frame <- window.py:1917:_on_frame <- window.py:2106:_rebuild_frame
WARNING:root:GUI 卡顿 231ms state=IDLE anim=待机呼吸休闲 physics=None
WARNING:pet.gui_stall_sampler:GUI 冻结现场（231ms，3 个采样点，旧→新）：
WARNING:pet.gui_stall_sampler:  [t-250ms] verify_seeky_multi.py:308:<module> <- verify_seeky_multi.py:244:main
WARNING:pet.gui_stall_sampler:  [t-104ms] webm_clip.py:2499:_poll <- webm_clip.py:2750:_process_frame <- window_optional_services.py:62:<lambda> <- verify_seeky_multi.py:92:observed_frame <- window.py:1917:_on_frame <- window.py:2106:_rebuild_frame
WARNING:root:GUI 卡顿 328ms state=IDLE anim=待机呼吸休闲 physics=None
WARNING:pet.gui_stall_sampler:GUI 冻结现场（328ms，3 个采样点，旧→新）：
WARNING:pet.gui_stall_sampler:  [t-350ms] verify_seeky_multi.py:308:<module> <- verify_seeky_multi.py:244:main
WARNING:pet.gui_stall_sampler:  [t-271ms] webm_clip.py:2499:_poll <- webm_clip.py:2750:_process_frame <- window_optional_services.py:62:<lambda> <- verify_seeky_multi.py:92:observed_frame <- window.py:1917:_on_frame <- window.py:2106:_rebuild_frame
WARNING:root:GUI 卡顿 329ms state=IDLE anim=待机呼吸休闲 physics=None
WARNING:pet.gui_stall_sampler:GUI 冻结现场（329ms，3 个采样点，旧→新）：
WARNING:pet.gui_stall_sampler:  [t-350ms] verify_seeky_multi.py:308:<module> <- verify_seeky_multi.py:244:main
WARNING:pet.gui_stall_sampler:  [t-272ms] webm_clip.py:2499:_poll <- webm_clip.py:2750:_process_frame <- window_optional_services.py:62:<lambda> <- verify_seeky_multi.py:92:observed_frame <- window.py:1917:_on_frame <- window.py:2106:_rebuild_frame
WARNING:root:GUI 卡顿 329ms state=IDLE anim=待机呼吸休闲 physics=None
WARNING:pet.gui_stall_sampler:GUI 冻结现场（329ms，3 个采样点，旧→新）：
WARNING:pet.gui_stall_sampler:  [t-351ms] verify_seeky_multi.py:308:<module> <- verify_seeky_multi.py:244:main
WARNING:pet.gui_stall_sampler:  [t-272ms] webm_clip.py:2499:_poll <- webm_clip.py:2750:_process_frame <- window_optional_services.py:62:<lambda> <- verify_seeky_multi.py:92:observed_frame <- window.py:1917:_on_frame <- window.py:2106:_rebuild_frame
WARNING:root:GUI 卡顿 173ms state=IDLE anim=待机呼吸休闲 physics=None
WARNING:pet.gui_stall_sampler:GUI 冻结现场（173ms，2 个采样点，旧→新）：
WARNING:pet.gui_stall_sampler:  [t-189ms] webm_clip.py:2499:_poll <- webm_clip.py:2750:_process_frame <- window_optional_services.py:62:<lambda> <- verify_seeky_multi.py:92:observed_frame <- window.py:1917:_on_frame <- window.py:2106:_rebuild_frame
WARNING:pet.gui_stall_sampler:  [t-113ms] verify_seeky_multi.py:92:observed_frame <- window.py:1917:_on_frame <- window.py:2124:_rebuild_frame <- window.py:2270:_sync_mask <- window_optional_services.py:42:effects_coverage <- frame_edges.py:26:coverage_region
WARNING:root:GUI 卡顿 172ms state=IDLE anim=待机呼吸休闲 physics=None
WARNING:pet.gui_stall_sampler:GUI 冻结现场（172ms，2 个采样点，旧→新）：
WARNING:pet.gui_stall_sampler:  [t-189ms] webm_clip.py:2499:_poll <- webm_clip.py:2750:_process_frame <- window_optional_services.py:62:<lambda> <- verify_seeky_multi.py:92:observed_frame <- window.py:1917:_on_frame <- window.py:2106:_rebuild_frame
WARNING:pet.gui_stall_sampler:  [t-113ms] verify_seeky_multi.py:92:observed_frame <- window.py:1917:_on_frame <- window.py:2124:_rebuild_frame <- window.py:2270:_sync_mask <- window_optional_services.py:42:effects_coverage <- frame_edges.py:26:coverage_region
WARNING:root:GUI 卡顿 172ms state=IDLE anim=待机呼吸休闲 physics=None
WARNING:pet.gui_stall_sampler:GUI 冻结现场（172ms，2 个采样点，旧→新）：
WARNING:pet.gui_stall_sampler:  [t-189ms] webm_clip.py:2499:_poll <- webm_clip.py:2750:_process_frame <- window_optional_services.py:62:<lambda> <- verify_seeky_multi.py:92:observed_frame <- window.py:1917:_on_frame <- window.py:2106:_rebuild_frame
WARNING:pet.gui_stall_sampler:  [t-113ms] verify_seeky_multi.py:92:observed_frame <- window.py:1917:_on_frame <- window.py:2124:_rebuild_frame <- window.py:2270:_sync_mask <- window_optional_services.py:42:effects_coverage <- frame_edges.py:26:coverage_region
WARNING:root:GUI 卡顿 244ms state=IDLE anim=待机呼吸休闲 physics=None
WARNING:pet.gui_stall_sampler:GUI 冻结现场（244ms，3 个采样点，旧→新）：
WARNING:pet.gui_stall_sampler:  [t-266ms] webm_clip.py:2499:_poll <- webm_clip.py:2750:_process_frame <- window_optional_services.py:62:<lambda> <- verify_seeky_multi.py:92:observed_frame <- window.py:1917:_on_frame <- window.py:2119:_rebuild_frame
WARNING:pet.gui_stall_sampler:  [t-120ms] verify_seeky_multi.py:308:<module> <- verify_seeky_multi.py:244:main <- webm_clip.py:2499:_poll <- webm_clip.py:2750:_process_frame
WARNING:pet.gui_stall_sampler:  [t-1ms] webm_clip.py:2499:_poll <- webm_clip.py:2750:_process_frame <- window_optional_services.py:62:<lambda> <- verify_seeky_multi.py:92:observed_frame <- window.py:1917:_on_frame <- window.py:2119:_rebuild_frame
WARNING:root:GUI 卡顿 244ms state=IDLE anim=待机呼吸休闲 physics=None
WARNING:pet.gui_stall_sampler:GUI 冻结现场（244ms，3 个采样点，旧→新）：
WARNING:pet.gui_stall_sampler:  [t-267ms] webm_clip.py:2499:_poll <- webm_clip.py:2750:_process_frame <- window_optional_services.py:62:<lambda> <- verify_seeky_multi.py:92:observed_frame <- window.py:1917:_on_frame <- window.py:2119:_rebuild_frame
WARNING:pet.gui_stall_sampler:  [t-121ms] verify_seeky_multi.py:308:<module> <- verify_seeky_multi.py:244:main <- webm_clip.py:2499:_poll <- webm_clip.py:2750:_process_frame
WARNING:pet.gui_stall_sampler:  [t-1ms] webm_clip.py:2499:_poll <- webm_clip.py:2750:_process_frame <- window_optional_services.py:62:<lambda> <- verify_seeky_multi.py:92:observed_frame <- window.py:1917:_on_frame <- window.py:2119:_rebuild_frame
WARNING:root:GUI 卡顿 245ms state=IDLE anim=待机呼吸休闲 physics=None
WARNING:pet.gui_stall_sampler:GUI 冻结现场（245ms，3 个采样点，旧→新）：
WARNING:pet.gui_stall_sampler:  [t-267ms] webm_clip.py:2499:_poll <- webm_clip.py:2750:_process_frame <- window_optional_services.py:62:<lambda> <- verify_seeky_multi.py:92:observed_frame <- window.py:1917:_on_frame <- window.py:2119:_rebuild_frame
WARNING:pet.gui_stall_sampler:  [t-121ms] verify_seeky_multi.py:308:<module> <- verify_seeky_multi.py:244:main <- webm_clip.py:2499:_poll <- webm_clip.py:2750:_process_frame
WARNING:pet.gui_stall_sampler:  [t-2ms] webm_clip.py:2499:_poll <- webm_clip.py:2750:_process_frame <- window_optional_services.py:62:<lambda> <- verify_seeky_multi.py:92:observed_frame <- window.py:1917:_on_frame <- window.py:2119:_rebuild_frame
WARNING:root:GUI 卡顿 111ms state=IDLE anim=待机呼吸休闲 physics=None
WARNING:pet.gui_stall_sampler:GUI 冻结现场（111ms，3 个采样点，旧→新）：
WARNING:pet.gui_stall_sampler:  [t-143ms] verify_seeky_multi.py:308:<module> <- verify_seeky_multi.py:244:main
WARNING:pet.gui_stall_sampler:  [t-73ms] verify_seeky_multi.py:308:<module> <- verify_seeky_multi.py:244:main <- webm_clip.py:2499:_poll <- webm_clip.py:2724:_process_frame
WARNING:pet.gui_stall_sampler:  [t-0ms] webm_clip.py:2499:_poll <- webm_clip.py:2750:_process_frame <- window_optional_services.py:62:<lambda> <- verify_seeky_multi.py:92:observed_frame <- window.py:1917:_on_frame <- window.py:2119:_rebuild_frame
WARNING:root:GUI 卡顿 112ms state=IDLE anim=待机呼吸休闲 physics=None
WARNING:pet.gui_stall_sampler:GUI 冻结现场（112ms，3 个采样点，旧→新）：
WARNING:pet.gui_stall_sampler:  [t-144ms] verify_seeky_multi.py:308:<module> <- verify_seeky_multi.py:244:main
WARNING:pet.gui_stall_sampler:  [t-74ms] verify_seeky_multi.py:308:<module> <- verify_seeky_multi.py:244:main <- webm_clip.py:2499:_poll <- webm_clip.py:2724:_process_frame
WARNING:pet.gui_stall_sampler:  [t-1ms] webm_clip.py:2499:_poll <- webm_clip.py:2750:_process_frame <- window_optional_services.py:62:<lambda> <- verify_seeky_multi.py:92:observed_frame <- window.py:1917:_on_frame <- window.py:2119:_rebuild_frame
WARNING:root:GUI 卡顿 112ms state=IDLE anim=待机呼吸休闲 physics=None
WARNING:pet.gui_stall_sampler:GUI 冻结现场（112ms，3 个采样点，旧→新）：
WARNING:pet.gui_stall_sampler:  [t-144ms] verify_seeky_multi.py:308:<module> <- verify_seeky_multi.py:244:main
WARNING:pet.gui_stall_sampler:  [t-74ms] verify_seeky_multi.py:308:<module> <- verify_seeky_multi.py:244:main <- webm_clip.py:2499:_poll <- webm_clip.py:2724:_process_frame
WARNING:pet.gui_stall_sampler:  [t-1ms] webm_clip.py:2499:_poll <- webm_clip.py:2750:_process_frame <- window_optional_services.py:62:<lambda> <- verify_seeky_multi.py:92:observed_frame <- window.py:1917:_on_frame <- window.py:2119:_rebuild_frame
WARNING:root:GUI 卡顿 286ms state=IDLE anim=待机呼吸休闲 physics=None
WARNING:pet.gui_stall_sampler:GUI 冻结现场（286ms，3 个采样点，旧→新）：
WARNING:pet.gui_stall_sampler:  [t-330ms] verify_seeky_multi.py:308:<module> <- verify_seeky_multi.py:244:main
WARNING:pet.gui_stall_sampler:  [t-269ms] verify_seeky_multi.py:308:<module> <- verify_seeky_multi.py:244:main <- webm_clip.py:2499:_poll <- webm_clip.py:2723:_process_frame
WARNING:pet.gui_stall_sampler:  [t-29ms] verify_seeky_multi.py:92:observed_frame <- window.py:1917:_on_frame <- window.py:2124:_rebuild_frame <- window.py:2270:_sync_mask <- window_optional_services.py:42:effects_coverage <- frame_edges.py:34:coverage_region
WARNING:root:GUI 卡顿 287ms state=IDLE anim=待机呼吸休闲 physics=None
WARNING:pet.gui_stall_sampler:GUI 冻结现场（287ms，3 个采样点，旧→新）：
WARNING:pet.gui_stall_sampler:  [t-331ms] verify_seeky_multi.py:308:<module> <- verify_seeky_multi.py:244:main
WARNING:pet.gui_stall_sampler:  [t-269ms] verify_seeky_multi.py:308:<module> <- verify_seeky_multi.py:244:main <- webm_clip.py:2499:_poll <- webm_clip.py:2723:_process_frame
WARNING:pet.gui_stall_sampler:  [t-30ms] verify_seeky_multi.py:92:observed_frame <- window.py:1917:_on_frame <- window.py:2124:_rebuild_frame <- window.py:2270:_sync_mask <- window_optional_services.py:42:effects_coverage <- frame_edges.py:34:coverage_region
WARNING:root:GUI 卡顿 287ms state=IDLE anim=待机呼吸休闲 physics=None
WARNING:pet.gui_stall_sampler:GUI 冻结现场（287ms，3 个采样点，旧→新）：
WARNING:pet.gui_stall_sampler:  [t-331ms] verify_seeky_multi.py:308:<module> <- verify_seeky_multi.py:244:main
WARNING:pet.gui_stall_sampler:  [t-270ms] verify_seeky_multi.py:308:<module> <- verify_seeky_multi.py:244:main <- webm_clip.py:2499:_poll <- webm_clip.py:2723:_process_frame
WARNING:pet.gui_stall_sampler:  [t-30ms] verify_seeky_multi.py:92:observed_frame <- window.py:1917:_on_frame <- window.py:2124:_rebuild_frame <- window.py:2270:_sync_mask <- window_optional_services.py:42:effects_coverage <- frame_edges.py:34:coverage_region
WARNING:root:GUI 卡顿 167ms state=IDLE anim=待机呼吸休闲 physics=None
WARNING:root:GUI 卡顿 167ms state=IDLE anim=待机呼吸休闲 physics=None
WARNING:root:GUI 卡顿 168ms state=IDLE anim=待机呼吸休闲 physics=None
WARNING:root:GUI 卡顿 456ms state=IDLE anim=待机呼吸休闲 physics=None
WARNING:root:GUI 卡顿 456ms state=IDLE anim=待机呼吸休闲 physics=None
WARNING:root:GUI 卡顿 456ms state=IDLE anim=待机呼吸休闲 physics=None
WARNING:root:GUI 卡顿 202ms state=IDLE anim=待机呼吸休闲 physics=None
WARNING:pet.gui_stall_sampler:GUI 冻结现场（202ms，2 个采样点，旧→新）：
WARNING:pet.gui_stall_sampler:  [t-229ms] webm_clip.py:2499:_poll <- webm_clip.py:2750:_process_frame <- window_optional_services.py:62:<lambda> <- verify_seeky_multi.py:92:observed_frame <- window.py:1917:_on_frame <- window.py:2106:_rebuild_frame
WARNING:pet.gui_stall_sampler:  [t-14ms] verify_seeky_multi.py:308:<module> <- verify_seeky_multi.py:244:main <- webm_clip.py:2499:_poll <- webm_clip.py:2724:_process_frame
WARNING:root:GUI 卡顿 203ms state=IDLE anim=待机呼吸休闲 physics=None
WARNING:pet.gui_stall_sampler:GUI 冻结现场（203ms，2 个采样点，旧→新）：
WARNING:pet.gui_stall_sampler:  [t-230ms] webm_clip.py:2499:_poll <- webm_clip.py:2750:_process_frame <- window_optional_services.py:62:<lambda> <- verify_seeky_multi.py:92:observed_frame <- window.py:1917:_on_frame <- window.py:2106:_rebuild_frame
WARNING:pet.gui_stall_sampler:  [t-14ms] verify_seeky_multi.py:308:<module> <- verify_seeky_multi.py:244:main <- webm_clip.py:2499:_poll <- webm_clip.py:2724:_process_frame
WARNING:root:GUI 卡顿 203ms state=IDLE anim=待机呼吸休闲 physics=None
WARNING:pet.gui_stall_sampler:GUI 冻结现场（203ms，2 个采样点，旧→新）：
WARNING:pet.gui_stall_sampler:  [t-230ms] webm_clip.py:2499:_poll <- webm_clip.py:2750:_process_frame <- window_optional_services.py:62:<lambda> <- verify_seeky_multi.py:92:observed_frame <- window.py:1917:_on_frame <- window.py:2106:_rebuild_frame
WARNING:pet.gui_stall_sampler:  [t-15ms] verify_seeky_multi.py:308:<module> <- verify_seeky_multi.py:244:main <- webm_clip.py:2499:_poll <- webm_clip.py:2724:_process_frame
WARNING:root:GUI 卡顿 146ms state=IDLE anim=待机呼吸休闲 physics=None
WARNING:pet.gui_stall_sampler:GUI 冻结现场（146ms，2 个采样点，旧→新）：
WARNING:pet.gui_stall_sampler:  [t-124ms] verify_seeky_multi.py:308:<module> <- verify_seeky_multi.py:244:main
WARNING:pet.gui_stall_sampler:  [t-8ms] webm_clip.py:2499:_poll <- webm_clip.py:2750:_process_frame <- window_optional_services.py:62:<lambda> <- verify_seeky_multi.py:92:observed_frame <- window.py:1917:_on_frame <- window.py:2106:_rebuild_frame
WARNING:root:GUI 卡顿 146ms state=IDLE anim=待机呼吸休闲 physics=None
WARNING:pet.gui_stall_sampler:GUI 冻结现场（146ms，2 个采样点，旧→新）：
WARNING:pet.gui_stall_sampler:  [t-124ms] verify_seeky_multi.py:308:<module> <- verify_seeky_multi.py:244:main
WARNING:pet.gui_stall_sampler:  [t-9ms] webm_clip.py:2499:_poll <- webm_clip.py:2750:_process_frame <- window_optional_services.py:62:<lambda> <- verify_seeky_multi.py:92:observed_frame <- window.py:1917:_on_frame <- window.py:2106:_rebuild_frame
WARNING:root:GUI 卡顿 147ms state=IDLE anim=待机呼吸休闲 physics=None
WARNING:pet.gui_stall_sampler:GUI 冻结现场（147ms，2 个采样点，旧→新）：
WARNING:pet.gui_stall_sampler:  [t-125ms] verify_seeky_multi.py:308:<module> <- verify_seeky_multi.py:244:main
WARNING:pet.gui_stall_sampler:  [t-9ms] webm_clip.py:2499:_poll <- webm_clip.py:2750:_process_frame <- window_optional_services.py:62:<lambda> <- verify_seeky_multi.py:92:observed_frame <- window.py:1917:_on_frame <- window.py:2106:_rebuild_frame
WARNING:root:GUI 卡顿 101ms state=IDLE anim=待机呼吸休闲 physics=None
WARNING:pet.gui_stall_sampler:GUI 冻结现场（101ms，2 个采样点，旧→新）：
WARNING:pet.gui_stall_sampler:  [t-145ms] verify_seeky_multi.py:308:<module> <- verify_seeky_multi.py:244:main
WARNING:pet.gui_stall_sampler:  [t-70ms] webm_clip.py:2499:_poll <- webm_clip.py:2750:_process_frame <- window_optional_services.py:62:<lambda> <- verify_seeky_multi.py:92:observed_frame <- window.py:1917:_on_frame <- window.py:2106:_rebuild_frame
WARNING:root:GUI 卡顿 110ms state=IDLE anim=待机呼吸休闲 physics=None
WARNING:pet.gui_stall_sampler:GUI 冻结现场（110ms，2 个采样点，旧→新）：
WARNING:pet.gui_stall_sampler:  [t-146ms] verify_seeky_multi.py:308:<module> <- verify_seeky_multi.py:244:main
WARNING:pet.gui_stall_sampler:  [t-71ms] webm_clip.py:2499:_poll <- webm_clip.py:2750:_process_frame <- window_optional_services.py:62:<lambda> <- verify_seeky_multi.py:92:observed_frame <- window.py:1917:_on_frame <- window.py:2106:_rebuild_frame
WARNING:root:GUI 卡顿 110ms state=IDLE anim=待机呼吸休闲 physics=None
WARNING:pet.gui_stall_sampler:GUI 冻结现场（110ms，2 个采样点，旧→新）：
WARNING:pet.gui_stall_sampler:  [t-146ms] verify_seeky_multi.py:308:<module> <- verify_seeky_multi.py:244:main
WARNING:pet.gui_stall_sampler:  [t-71ms] webm_clip.py:2499:_poll <- webm_clip.py:2750:_process_frame <- window_optional_services.py:62:<lambda> <- verify_seeky_multi.py:92:observed_frame <- window.py:1917:_on_frame <- window.py:2106:_rebuild_frame
WARNING:root:GUI 卡顿 124ms state=IDLE anim=待机呼吸休闲 physics=None
WARNING:pet.gui_stall_sampler:GUI 冻结现场（124ms，2 个采样点，旧→新）：
WARNING:pet.gui_stall_sampler:  [t-139ms] verify_seeky_multi.py:308:<module> <- verify_seeky_multi.py:244:main
WARNING:pet.gui_stall_sampler:  [t-52ms] verify_seeky_multi.py:92:observed_frame <- window.py:1917:_on_frame <- window.py:2124:_rebuild_frame <- window.py:2270:_sync_mask <- window_optional_services.py:42:effects_coverage <- frame_edges.py:39:coverage_region
WARNING:root:GUI 卡顿 130ms state=IDLE anim=待机呼吸休闲 physics=None
WARNING:pet.gui_stall_sampler:GUI 冻结现场（130ms，2 个采样点，旧→新）：
WARNING:pet.gui_stall_sampler:  [t-140ms] verify_seeky_multi.py:308:<module> <- verify_seeky_multi.py:244:main
WARNING:pet.gui_stall_sampler:  [t-53ms] verify_seeky_multi.py:92:observed_frame <- window.py:1917:_on_frame <- window.py:2124:_rebuild_frame <- window.py:2270:_sync_mask <- window_optional_services.py:42:effects_coverage <- frame_edges.py:39:coverage_region
WARNING:root:GUI 卡顿 131ms state=IDLE anim=待机呼吸休闲 physics=None
WARNING:pet.gui_stall_sampler:GUI 冻结现场（131ms，2 个采样点，旧→新）：
WARNING:pet.gui_stall_sampler:  [t-140ms] verify_seeky_multi.py:308:<module> <- verify_seeky_multi.py:244:main
WARNING:pet.gui_stall_sampler:  [t-53ms] verify_seeky_multi.py:92:observed_frame <- window.py:1917:_on_frame <- window.py:2124:_rebuild_frame <- window.py:2270:_sync_mask <- window_optional_services.py:42:effects_coverage <- frame_edges.py:39:coverage_region
WARNING:root:GUI 卡顿 106ms state=IDLE anim=待机呼吸休闲 physics=None
WARNING:pet.gui_stall_sampler:GUI 冻结现场（106ms，2 个采样点，旧→新）：
WARNING:pet.gui_stall_sampler:  [t-133ms] verify_seeky_multi.py:308:<module> <- verify_seeky_multi.py:244:main
WARNING:pet.gui_stall_sampler:  [t-35ms] webm_clip.py:2499:_poll <- webm_clip.py:2750:_process_frame <- window_optional_services.py:62:<lambda> <- verify_seeky_multi.py:92:observed_frame <- window.py:1917:_on_frame <- window.py:2114:_rebuild_frame
WARNING:root:GUI 卡顿 107ms state=IDLE anim=待机呼吸休闲 physics=None
WARNING:pet.gui_stall_sampler:GUI 冻结现场（107ms，2 个采样点，旧→新）：
WARNING:pet.gui_stall_sampler:  [t-133ms] verify_seeky_multi.py:308:<module> <- verify_seeky_multi.py:244:main
WARNING:pet.gui_stall_sampler:  [t-35ms] webm_clip.py:2499:_poll <- webm_clip.py:2750:_process_frame <- window_optional_services.py:62:<lambda> <- verify_seeky_multi.py:92:observed_frame <- window.py:1917:_on_frame <- window.py:2114:_rebuild_frame
WARNING:root:GUI 卡顿 107ms state=IDLE anim=待机呼吸休闲 physics=None
WARNING:pet.gui_stall_sampler:GUI 冻结现场（107ms，2 个采样点，旧→新）：
WARNING:pet.gui_stall_sampler:  [t-133ms] verify_seeky_multi.py:308:<module> <- verify_seeky_multi.py:244:main
WARNING:pet.gui_stall_sampler:  [t-35ms] webm_clip.py:2499:_poll <- webm_clip.py:2750:_process_frame <- window_optional_services.py:62:<lambda> <- verify_seeky_multi.py:92:observed_frame <- window.py:1917:_on_frame <- window.py:2114:_rebuild_frame
WARNING:root:GUI 卡顿 159ms state=IDLE anim=待机呼吸休闲 physics=None
WARNING:pet.gui_stall_sampler:GUI 冻结现场（159ms，1 个采样点，旧→新）：
WARNING:pet.gui_stall_sampler:  [t-168ms] verify_seeky_multi.py:308:<module> <- verify_seeky_multi.py:244:main
WARNING:root:GUI 卡顿 160ms state=IDLE anim=待机呼吸休闲 physics=None
WARNING:pet.gui_stall_sampler:GUI 冻结现场（160ms，1 个采样点，旧→新）：
WARNING:pet.gui_stall_sampler:  [t-168ms] verify_seeky_multi.py:308:<module> <- verify_seeky_multi.py:244:main
WARNING:root:GUI 卡顿 160ms state=IDLE anim=待机呼吸休闲 physics=None
WARNING:pet.gui_stall_sampler:GUI 冻结现场（160ms，1 个采样点，旧→新）：
WARNING:pet.gui_stall_sampler:  [t-169ms] verify_seeky_multi.py:308:<module> <- verify_seeky_multi.py:244:main
WARNING:root:GUI 卡顿 157ms state=IDLE anim=待机呼吸休闲 physics=None
WARNING:pet.gui_stall_sampler:GUI 冻结现场（157ms，3 个采样点，旧→新）：
WARNING:pet.gui_stall_sampler:  [t-187ms] verify_seeky_multi.py:308:<module> <- verify_seeky_multi.py:244:main
WARNING:pet.gui_stall_sampler:  [t-117ms] verify_seeky_multi.py:308:<module> <- verify_seeky_multi.py:244:main <- webm_clip.py:2499:_poll <- webm_clip.py:2723:_process_frame
WARNING:pet.gui_stall_sampler:  [t-25ms] webm_clip.py:2499:_poll <- webm_clip.py:2750:_process_frame <- window_optional_services.py:62:<lambda> <- verify_seeky_multi.py:92:observed_frame <- window.py:1917:_on_frame <- window.py:2106:_rebuild_frame
WARNING:root:GUI 卡顿 159ms state=IDLE anim=待机呼吸休闲 physics=None
WARNING:pet.gui_stall_sampler:GUI 冻结现场（159ms，3 个采样点，旧→新）：
WARNING:pet.gui_stall_sampler:  [t-187ms] verify_seeky_multi.py:308:<module> <- verify_seeky_multi.py:244:main
WARNING:pet.gui_stall_sampler:  [t-118ms] verify_seeky_multi.py:308:<module> <- verify_seeky_multi.py:244:main <- webm_clip.py:2499:_poll <- webm_clip.py:2723:_process_frame
WARNING:pet.gui_stall_sampler:  [t-26ms] webm_clip.py:2499:_poll <- webm_clip.py:2750:_process_frame <- window_optional_services.py:62:<lambda> <- verify_seeky_multi.py:92:observed_frame <- window.py:1917:_on_frame <- window.py:2106:_rebuild_frame
WARNING:root:GUI 卡顿 159ms state=IDLE anim=待机呼吸休闲 physics=None
WARNING:pet.gui_stall_sampler:GUI 冻结现场（159ms，3 个采样点，旧→新）：
WARNING:pet.gui_stall_sampler:  [t-188ms] verify_seeky_multi.py:308:<module> <- verify_seeky_multi.py:244:main
WARNING:pet.gui_stall_sampler:  [t-118ms] verify_seeky_multi.py:308:<module> <- verify_seeky_multi.py:244:main <- webm_clip.py:2499:_poll <- webm_clip.py:2723:_process_frame
WARNING:pet.gui_stall_sampler:  [t-26ms] webm_clip.py:2499:_poll <- webm_clip.py:2750:_process_frame <- window_optional_services.py:62:<lambda> <- verify_seeky_multi.py:92:observed_frame <- window.py:1917:_on_frame <- window.py:2106:_rebuild_frame
WARNING:root:GUI 卡顿 131ms state=IDLE anim=待机呼吸休闲 physics=None
WARNING:pet.gui_stall_sampler:GUI 冻结现场（131ms，2 个采样点，旧→新）：
WARNING:pet.gui_stall_sampler:  [t-165ms] verify_seeky_multi.py:308:<module> <- verify_seeky_multi.py:244:main
WARNING:pet.gui_stall_sampler:  [t-78ms] webm_clip.py:2499:_poll <- webm_clip.py:2750:_process_frame <- window_optional_services.py:62:<lambda> <- verify_seeky_multi.py:92:observed_frame <- window.py:1917:_on_frame <- window.py:2106:_rebuild_frame
WARNING:root:GUI 卡顿 132ms state=IDLE anim=待机呼吸休闲 physics=None
WARNING:pet.gui_stall_sampler:GUI 冻结现场（132ms，2 个采样点，旧→新）：
WARNING:pet.gui_stall_sampler:  [t-166ms] verify_seeky_multi.py:308:<module> <- verify_seeky_multi.py:244:main
WARNING:pet.gui_stall_sampler:  [t-78ms] webm_clip.py:2499:_poll <- webm_clip.py:2750:_process_frame <- window_optional_services.py:62:<lambda> <- verify_seeky_multi.py:92:observed_frame <- window.py:1917:_on_frame <- window.py:2106:_rebuild_frame
WARNING:root:GUI 卡顿 134ms state=IDLE anim=待机呼吸休闲 physics=None
WARNING:pet.gui_stall_sampler:GUI 冻结现场（134ms，2 个采样点，旧→新）：
WARNING:pet.gui_stall_sampler:  [t-167ms] verify_seeky_multi.py:308:<module> <- verify_seeky_multi.py:244:main
WARNING:pet.gui_stall_sampler:  [t-80ms] webm_clip.py:2499:_poll <- webm_clip.py:2750:_process_frame <- window_optional_services.py:62:<lambda> <- verify_seeky_multi.py:92:observed_frame <- window.py:1917:_on_frame <- window.py:2106:_rebuild_frame
WARNING:root:GUI 卡顿 138ms state=IDLE anim=待机呼吸休闲 physics=None
WARNING:pet.gui_stall_sampler:GUI 冻结现场（138ms，2 个采样点，旧→新）：
WARNING:pet.gui_stall_sampler:  [t-154ms] verify_seeky_multi.py:308:<module> <- verify_seeky_multi.py:244:main
WARNING:pet.gui_stall_sampler:  [t-31ms] webm_clip.py:2499:_poll <- webm_clip.py:2750:_process_frame <- window_optional_services.py:62:<lambda> <- verify_seeky_multi.py:92:observed_frame <- window.py:1917:_on_frame <- window.py:2106:_rebuild_frame
WARNING:root:GUI 卡顿 139ms state=IDLE anim=待机呼吸休闲 physics=None
WARNING:pet.gui_stall_sampler:GUI 冻结现场（139ms，2 个采样点，旧→新）：
WARNING:pet.gui_stall_sampler:  [t-155ms] verify_seeky_multi.py:308:<module> <- verify_seeky_multi.py:244:main
WARNING:pet.gui_stall_sampler:  [t-31ms] webm_clip.py:2499:_poll <- webm_clip.py:2750:_process_frame <- window_optional_services.py:62:<lambda> <- verify_seeky_multi.py:92:observed_frame <- window.py:1917:_on_frame <- window.py:2106:_rebuild_frame
WARNING:root:GUI 卡顿 139ms state=IDLE anim=待机呼吸休闲 physics=None
WARNING:pet.gui_stall_sampler:GUI 冻结现场（139ms，2 个采样点，旧→新）：
WARNING:pet.gui_stall_sampler:  [t-155ms] verify_seeky_multi.py:308:<module> <- verify_seeky_multi.py:244:main
WARNING:pet.gui_stall_sampler:  [t-31ms] webm_clip.py:2499:_poll <- webm_clip.py:2750:_process_frame <- window_optional_services.py:62:<lambda> <- verify_seeky_multi.py:92:observed_frame <- window.py:1917:_on_frame <- window.py:2106:_rebuild_frame
WARNING:root:GUI 卡顿 104ms state=IDLE anim=待机呼吸休闲 physics=None
WARNING:pet.gui_stall_sampler:GUI 冻结现场（104ms，2 个采样点，旧→新）：
WARNING:pet.gui_stall_sampler:  [t-135ms] verify_seeky_multi.py:308:<module> <- verify_seeky_multi.py:244:main
WARNING:pet.gui_stall_sampler:  [t-36ms] verify_seeky_multi.py:92:observed_frame <- window.py:1917:_on_frame <- window.py:2124:_rebuild_frame <- window.py:2270:_sync_mask <- window_optional_services.py:42:effects_coverage <- frame_edges.py:27:coverage_region
WARNING:root:GUI 卡顿 106ms state=IDLE anim=待机呼吸休闲 physics=None
WARNING:pet.gui_stall_sampler:GUI 冻结现场（106ms，2 个采样点，旧→新）：
WARNING:pet.gui_stall_sampler:  [t-136ms] verify_seeky_multi.py:308:<module> <- verify_seeky_multi.py:244:main
WARNING:pet.gui_stall_sampler:  [t-37ms] verify_seeky_multi.py:92:observed_frame <- window.py:1917:_on_frame <- window.py:2124:_rebuild_frame <- window.py:2270:_sync_mask <- window_optional_services.py:42:effects_coverage <- frame_edges.py:27:coverage_region
WARNING:root:GUI 卡顿 106ms state=IDLE anim=待机呼吸休闲 physics=None
WARNING:pet.gui_stall_sampler:GUI 冻结现场（106ms，2 个采样点，旧→新）：
WARNING:pet.gui_stall_sampler:  [t-136ms] verify_seeky_multi.py:308:<module> <- verify_seeky_multi.py:244:main
WARNING:pet.gui_stall_sampler:  [t-37ms] verify_seeky_multi.py:92:observed_frame <- window.py:1917:_on_frame <- window.py:2124:_rebuild_frame <- window.py:2270:_sync_mask <- window_optional_services.py:42:effects_coverage <- frame_edges.py:27:coverage_region
WARNING:root:GUI 卡顿 158ms state=IDLE anim=待机呼吸休闲 physics=None
WARNING:pet.gui_stall_sampler:GUI 冻结现场（158ms，2 个采样点，旧→新）：
WARNING:pet.gui_stall_sampler:  [t-192ms] verify_seeky_multi.py:308:<module> <- verify_seeky_multi.py:244:main <- webm_clip.py:2499:_poll <- webm_clip.py:2724:_process_frame
WARNING:pet.gui_stall_sampler:  [t-14ms] webm_clip.py:2499:_poll <- webm_clip.py:2750:_process_frame <- window_optional_services.py:62:<lambda> <- verify_seeky_multi.py:92:observed_frame <- window.py:1917:_on_frame <- window.py:2106:_rebuild_frame
WARNING:root:GUI 卡顿 158ms state=IDLE anim=待机呼吸休闲 physics=None
WARNING:pet.gui_stall_sampler:GUI 冻结现场（158ms，2 个采样点，旧→新）：
WARNING:pet.gui_stall_sampler:  [t-192ms] verify_seeky_multi.py:308:<module> <- verify_seeky_multi.py:244:main <- webm_clip.py:2499:_poll <- webm_clip.py:2724:_process_frame
WARNING:pet.gui_stall_sampler:  [t-14ms] webm_clip.py:2499:_poll <- webm_clip.py:2750:_process_frame <- window_optional_services.py:62:<lambda> <- verify_seeky_multi.py:92:observed_frame <- window.py:1917:_on_frame <- window.py:2106:_rebuild_frame
WARNING:root:GUI 卡顿 159ms state=IDLE anim=待机呼吸休闲 physics=None
WARNING:pet.gui_stall_sampler:GUI 冻结现场（159ms，2 个采样点，旧→新）：
WARNING:pet.gui_stall_sampler:  [t-193ms] verify_seeky_multi.py:308:<module> <- verify_seeky_multi.py:244:main <- webm_clip.py:2499:_poll <- webm_clip.py:2724:_process_frame
WARNING:pet.gui_stall_sampler:  [t-15ms] webm_clip.py:2499:_poll <- webm_clip.py:2750:_process_frame <- window_optional_services.py:62:<lambda> <- verify_seeky_multi.py:92:observed_frame <- window.py:1917:_on_frame <- window.py:2106:_rebuild_frame
WARNING:root:GUI 卡顿 118ms state=IDLE anim=待机呼吸休闲 physics=None
WARNING:pet.gui_stall_sampler:GUI 冻结现场（118ms，1 个采样点，旧→新）：
WARNING:pet.gui_stall_sampler:  [t-125ms] webm_clip.py:2499:_poll <- webm_clip.py:2750:_process_frame <- window_optional_services.py:62:<lambda> <- verify_seeky_multi.py:92:observed_frame <- window.py:1917:_on_frame <- window.py:2106:_rebuild_frame
WARNING:root:GUI 卡顿 119ms state=IDLE anim=待机呼吸休闲 physics=None
WARNING:pet.gui_stall_sampler:GUI 冻结现场（119ms，1 个采样点，旧→新）：
WARNING:pet.gui_stall_sampler:  [t-126ms] webm_clip.py:2499:_poll <- webm_clip.py:2750:_process_frame <- window_optional_services.py:62:<lambda> <- verify_seeky_multi.py:92:observed_frame <- window.py:1917:_on_frame <- window.py:2106:_rebuild_frame
WARNING:root:GUI 卡顿 119ms state=IDLE anim=待机呼吸休闲 physics=None
WARNING:pet.gui_stall_sampler:GUI 冻结现场（119ms，1 个采样点，旧→新）：
WARNING:pet.gui_stall_sampler:  [t-126ms] webm_clip.py:2499:_poll <- webm_clip.py:2750:_process_frame <- window_optional_services.py:62:<lambda> <- verify_seeky_multi.py:92:observed_frame <- window.py:1917:_on_frame <- window.py:2106:_rebuild_frame
WARNING:root:GUI 卡顿 156ms state=IDLE anim=待机呼吸休闲 physics=None
WARNING:pet.gui_stall_sampler:GUI 冻结现场（156ms，2 个采样点，旧→新）：
WARNING:pet.gui_stall_sampler:  [t-187ms] verify_seeky_multi.py:308:<module> <- verify_seeky_multi.py:244:main
WARNING:pet.gui_stall_sampler:  [t-24ms] verify_seeky_multi.py:308:<module> <- verify_seeky_multi.py:244:main <- webm_clip.py:2499:_poll <- webm_clip.py:2750:_process_frame
WARNING:root:GUI 卡顿 158ms state=IDLE anim=待机呼吸休闲 physics=None
WARNING:pet.gui_stall_sampler:GUI 冻结现场（158ms，2 个采样点，旧→新）：
WARNING:pet.gui_stall_sampler:  [t-188ms] verify_seeky_multi.py:308:<module> <- verify_seeky_multi.py:244:main
WARNING:pet.gui_stall_sampler:  [t-25ms] verify_seeky_multi.py:308:<module> <- verify_seeky_multi.py:244:main <- webm_clip.py:2499:_poll <- webm_clip.py:2750:_process_frame
WARNING:root:GUI 卡顿 158ms state=IDLE anim=待机呼吸休闲 physics=None
WARNING:pet.gui_stall_sampler:GUI 冻结现场（158ms，2 个采样点，旧→新）：
WARNING:pet.gui_stall_sampler:  [t-188ms] verify_seeky_multi.py:308:<module> <- verify_seeky_multi.py:244:main
WARNING:pet.gui_stall_sampler:  [t-25ms] verify_seeky_multi.py:308:<module> <- verify_seeky_multi.py:244:main <- webm_clip.py:2499:_poll <- webm_clip.py:2750:_process_frame
WARNING:root:GUI 卡顿 108ms state=IDLE anim=待机呼吸休闲 physics=None
WARNING:pet.gui_stall_sampler:GUI 冻结现场（108ms，3 个采样点，旧→新）：
WARNING:pet.gui_stall_sampler:  [t-129ms] verify_seeky_multi.py:308:<module> <- verify_seeky_multi.py:244:main
WARNING:pet.gui_stall_sampler:  [t-63ms] webm_clip.py:2499:_poll <- webm_clip.py:2750:_process_frame <- window_optional_services.py:62:<lambda> <- verify_seeky_multi.py:92:observed_frame <- window.py:1917:_on_frame <- window.py:2114:_rebuild_frame
WARNING:pet.gui_stall_sampler:  [t-4ms] verify_seeky_multi.py:308:<module> <- verify_seeky_multi.py:244:main
WARNING:root:GUI 卡顿 109ms state=IDLE anim=待机呼吸休闲 physics=None
WARNING:pet.gui_stall_sampler:GUI 冻结现场（109ms，3 个采样点，旧→新）：
WARNING:pet.gui_stall_sampler:  [t-130ms] verify_seeky_multi.py:308:<module> <- verify_seeky_multi.py:244:main
WARNING:pet.gui_stall_sampler:  [t-63ms] webm_clip.py:2499:_poll <- webm_clip.py:2750:_process_frame <- window_optional_services.py:62:<lambda> <- verify_seeky_multi.py:92:observed_frame <- window.py:1917:_on_frame <- window.py:2114:_rebuild_frame
WARNING:pet.gui_stall_sampler:  [t-4ms] verify_seeky_multi.py:308:<module> <- verify_seeky_multi.py:244:main
WARNING:root:GUI 卡顿 109ms state=IDLE anim=待机呼吸休闲 physics=None
WARNING:pet.gui_stall_sampler:GUI 冻结现场（109ms，3 个采样点，旧→新）：
WARNING:pet.gui_stall_sampler:  [t-130ms] verify_seeky_multi.py:308:<module> <- verify_seeky_multi.py:244:main
WARNING:pet.gui_stall_sampler:  [t-63ms] webm_clip.py:2499:_poll <- webm_clip.py:2750:_process_frame <- window_optional_services.py:62:<lambda> <- verify_seeky_multi.py:92:observed_frame <- window.py:1917:_on_frame <- window.py:2114:_rebuild_frame
WARNING:pet.gui_stall_sampler:  [t-4ms] verify_seeky_multi.py:308:<module> <- verify_seeky_multi.py:244:main
WARNING:root:GUI 卡顿 272ms state=IDLE anim=待机呼吸休闲 physics=None
WARNING:pet.gui_stall_sampler:GUI 冻结现场（272ms，2 个采样点，旧→新）：
WARNING:pet.gui_stall_sampler:  [t-285ms] verify_seeky_multi.py:308:<module> <- verify_seeky_multi.py:244:main
WARNING:pet.gui_stall_sampler:  [t-36ms] verify_seeky_multi.py:308:<module> <- verify_seeky_multi.py:244:main <- webm_clip.py:2499:_poll <- webm_clip.py:2724:_process_frame
WARNING:root:GUI 卡顿 274ms state=IDLE anim=待机呼吸休闲 physics=None
WARNING:pet.gui_stall_sampler:GUI 冻结现场（274ms，2 个采样点，旧→新）：
WARNING:pet.gui_stall_sampler:  [t-286ms] verify_seeky_multi.py:308:<module> <- verify_seeky_multi.py:244:main
WARNING:pet.gui_stall_sampler:  [t-36ms] verify_seeky_multi.py:308:<module> <- verify_seeky_multi.py:244:main <- webm_clip.py:2499:_poll <- webm_clip.py:2724:_process_frame
WARNING:root:GUI 卡顿 274ms state=IDLE anim=待机呼吸休闲 physics=None
WARNING:pet.gui_stall_sampler:GUI 冻结现场（274ms，2 个采样点，旧→新）：
WARNING:pet.gui_stall_sampler:  [t-286ms] verify_seeky_multi.py:308:<module> <- verify_seeky_multi.py:244:main
WARNING:pet.gui_stall_sampler:  [t-37ms] verify_seeky_multi.py:308:<module> <- verify_seeky_multi.py:244:main <- webm_clip.py:2499:_poll <- webm_clip.py:2724:_process_frame
WARNING:root:GUI 卡顿 163ms state=IDLE anim=待机呼吸休闲 physics=None
WARNING:pet.gui_stall_sampler:GUI 冻结现场（163ms，3 个采样点，旧→新）：
WARNING:pet.gui_stall_sampler:  [t-185ms] verify_seeky_multi.py:308:<module> <- verify_seeky_multi.py:244:main
WARNING:pet.gui_stall_sampler:  [t-104ms] verify_seeky_multi.py:308:<module> <- verify_seeky_multi.py:244:main <- webm_clip.py:2499:_poll <- webm_clip.py:2724:_process_frame
WARNING:pet.gui_stall_sampler:  [t-8ms] verify_seeky_multi.py:244:main <- collision_client.py:429:_on_collision_impulse <- window.py:938:_move_window_towards <- window_placement.py:132:move_window_towards <- window.py:2270:_sync_mask <- window_optional_services.py:42:effects_coverage
WARNING:root:GUI 卡顿 165ms state=IDLE anim=待机呼吸休闲 physics=None
WARNING:pet.gui_stall_sampler:GUI 冻结现场（165ms，3 个采样点，旧→新）：
WARNING:pet.gui_stall_sampler:  [t-186ms] verify_seeky_multi.py:308:<module> <- verify_seeky_multi.py:244:main
WARNING:pet.gui_stall_sampler:  [t-105ms] verify_seeky_multi.py:308:<module> <- verify_seeky_multi.py:244:main <- webm_clip.py:2499:_poll <- webm_clip.py:2724:_process_frame
WARNING:pet.gui_stall_sampler:  [t-9ms] verify_seeky_multi.py:244:main <- collision_client.py:429:_on_collision_impulse <- window.py:938:_move_window_towards <- window_placement.py:132:move_window_towards <- window.py:2270:_sync_mask <- window_optional_services.py:42:effects_coverage
WARNING:root:GUI 卡顿 166ms state=IDLE anim=待机呼吸休闲 physics=None
WARNING:pet.gui_stall_sampler:GUI 冻结现场（166ms，3 个采样点，旧→新）：
WARNING:pet.gui_stall_sampler:  [t-186ms] verify_seeky_multi.py:308:<module> <- verify_seeky_multi.py:244:main
WARNING:pet.gui_stall_sampler:  [t-105ms] verify_seeky_multi.py:308:<module> <- verify_seeky_multi.py:244:main <- webm_clip.py:2499:_poll <- webm_clip.py:2724:_process_frame
WARNING:pet.gui_stall_sampler:  [t-10ms] verify_seeky_multi.py:244:main <- collision_client.py:429:_on_collision_impulse <- window.py:938:_move_window_towards <- window_placement.py:132:move_window_towards <- window.py:2270:_sync_mask <- window_optional_services.py:42:effects_coverage
WARNING:root:GUI 卡顿 106ms state=IDLE anim=待机呼吸休闲 physics=None
WARNING:pet.gui_stall_sampler:GUI 冻结现场（106ms，2 个采样点，旧→新）：
WARNING:pet.gui_stall_sampler:  [t-137ms] webm_clip.py:2499:_poll <- webm_clip.py:2750:_process_frame <- window_optional_services.py:62:<lambda> <- verify_seeky_multi.py:92:observed_frame <- window.py:1917:_on_frame <- window.py:2106:_rebuild_frame
WARNING:pet.gui_stall_sampler:  [t-23ms] verify_seeky_multi.py:308:<module> <- verify_seeky_multi.py:244:main <- window_optional_services.py:216:_on_cursor_facing_tick <- window.py:2126:_rebuild_frame <- window.py:2291:_sync_mask <- window_optional_services.py:44:effects_coverage
WARNING:root:GUI 卡顿 107ms state=IDLE anim=待机呼吸休闲 physics=None
WARNING:pet.gui_stall_sampler:GUI 冻结现场（107ms，2 个采样点，旧→新）：
WARNING:pet.gui_stall_sampler:  [t-138ms] webm_clip.py:2499:_poll <- webm_clip.py:2750:_process_frame <- window_optional_services.py:62:<lambda> <- verify_seeky_multi.py:92:observed_frame <- window.py:1917:_on_frame <- window.py:2106:_rebuild_frame
WARNING:pet.gui_stall_sampler:  [t-23ms] verify_seeky_multi.py:308:<module> <- verify_seeky_multi.py:244:main <- window_optional_services.py:216:_on_cursor_facing_tick <- window.py:2126:_rebuild_frame <- window.py:2291:_sync_mask <- window_optional_services.py:44:effects_coverage
WARNING:root:GUI 卡顿 107ms state=IDLE anim=待机呼吸休闲 physics=None
WARNING:pet.gui_stall_sampler:GUI 冻结现场（107ms，2 个采样点，旧→新）：
WARNING:pet.gui_stall_sampler:  [t-138ms] webm_clip.py:2499:_poll <- webm_clip.py:2750:_process_frame <- window_optional_services.py:62:<lambda> <- verify_seeky_multi.py:92:observed_frame <- window.py:1917:_on_frame <- window.py:2106:_rebuild_frame
WARNING:pet.gui_stall_sampler:  [t-23ms] verify_seeky_multi.py:308:<module> <- verify_seeky_multi.py:244:main <- window_optional_services.py:216:_on_cursor_facing_tick <- window.py:2126:_rebuild_frame <- window.py:2291:_sync_mask <- window_optional_services.py:44:effects_coverage
WARNING:root:GUI 卡顿 125ms state=IDLE anim=待机呼吸休闲 physics=None
WARNING:pet.gui_stall_sampler:GUI 冻结现场（125ms，2 个采样点，旧→新）：
WARNING:pet.gui_stall_sampler:  [t-168ms] webm_clip.py:2499:_poll <- webm_clip.py:2750:_process_frame <- window_optional_services.py:62:<lambda> <- verify_seeky_multi.py:92:observed_frame <- window.py:1917:_on_frame <- window.py:2106:_rebuild_frame
WARNING:pet.gui_stall_sampler:  [t-11ms] verify_seeky_multi.py:308:<module> <- verify_seeky_multi.py:244:main
WARNING:root:GUI 卡顿 126ms state=IDLE anim=待机呼吸休闲 physics=None
WARNING:pet.gui_stall_sampler:GUI 冻结现场（126ms，2 个采样点，旧→新）：
WARNING:pet.gui_stall_sampler:  [t-169ms] webm_clip.py:2499:_poll <- webm_clip.py:2750:_process_frame <- window_optional_services.py:62:<lambda> <- verify_seeky_multi.py:92:observed_frame <- window.py:1917:_on_frame <- window.py:2106:_rebuild_frame
WARNING:pet.gui_stall_sampler:  [t-12ms] verify_seeky_multi.py:308:<module> <- verify_seeky_multi.py:244:main
WARNING:root:GUI 卡顿 126ms state=IDLE anim=待机呼吸休闲 physics=None
WARNING:pet.gui_stall_sampler:GUI 冻结现场（126ms，2 个采样点，旧→新）：
WARNING:pet.gui_stall_sampler:  [t-169ms] webm_clip.py:2499:_poll <- webm_clip.py:2750:_process_frame <- window_optional_services.py:62:<lambda> <- verify_seeky_multi.py:92:observed_frame <- window.py:1917:_on_frame <- window.py:2106:_rebuild_frame
WARNING:pet.gui_stall_sampler:  [t-12ms] verify_seeky_multi.py:308:<module> <- verify_seeky_multi.py:244:main
WARNING:root:GUI 卡顿 122ms state=IDLE anim=待机呼吸休闲 physics=None
WARNING:pet.gui_stall_sampler:GUI 冻结现场（122ms，1 个采样点，旧→新）：
WARNING:pet.gui_stall_sampler:  [t-67ms] verify_seeky_multi.py:308:<module> <- verify_seeky_multi.py:244:main <- webm_clip.py:2499:_poll <- webm_clip.py:2724:_process_frame
WARNING:root:GUI 卡顿 124ms state=IDLE anim=待机呼吸休闲 physics=None
WARNING:pet.gui_stall_sampler:GUI 冻结现场（124ms，1 个采样点，旧→新）：
WARNING:pet.gui_stall_sampler:  [t-68ms] verify_seeky_multi.py:308:<module> <- verify_seeky_multi.py:244:main <- webm_clip.py:2499:_poll <- webm_clip.py:2724:_process_frame
WARNING:root:GUI 卡顿 125ms state=IDLE anim=待机呼吸休闲 physics=None
WARNING:pet.gui_stall_sampler:GUI 冻结现场（125ms，1 个采样点，旧→新）：
WARNING:pet.gui_stall_sampler:  [t-68ms] verify_seeky_multi.py:308:<module> <- verify_seeky_multi.py:244:main <- webm_clip.py:2499:_poll <- webm_clip.py:2724:_process_frame
WARNING:root:GUI 卡顿 111ms state=IDLE anim=待机呼吸休闲 physics=None
WARNING:pet.gui_stall_sampler:GUI 冻结现场（111ms，1 个采样点，旧→新）：
WARNING:pet.gui_stall_sampler:  [t-128ms] verify_seeky_multi.py:308:<module> <- verify_seeky_multi.py:244:main
WARNING:root:GUI 卡顿 113ms state=IDLE anim=待机呼吸休闲 physics=None
WARNING:pet.gui_stall_sampler:GUI 冻结现场（113ms，2 个采样点，旧→新）：
WARNING:pet.gui_stall_sampler:  [t-129ms] verify_seeky_multi.py:308:<module> <- verify_seeky_multi.py:244:main
WARNING:pet.gui_stall_sampler:  [t-1ms] webm_clip.py:2750:_process_frame <- window_optional_services.py:62:<lambda> <- verify_seeky_multi.py:92:observed_frame <- window.py:1917:_on_frame <- window.py:2068:_rebuild_frame <- window.py:1990:_frame_signature
WARNING:root:GUI 卡顿 125ms state=IDLE anim=待机呼吸休闲 physics=None
WARNING:pet.gui_stall_sampler:GUI 冻结现场（125ms，2 个采样点，旧→新）：
WARNING:pet.gui_stall_sampler:  [t-141ms] verify_seeky_multi.py:308:<module> <- verify_seeky_multi.py:244:main
WARNING:pet.gui_stall_sampler:  [t-12ms] webm_clip.py:2750:_process_frame <- window_optional_services.py:62:<lambda> <- verify_seeky_multi.py:92:observed_frame <- window.py:1917:_on_frame <- window.py:2068:_rebuild_frame <- window.py:1990:_frame_signature
WARNING:root:GUI 卡顿 120ms state=IDLE anim=待机呼吸休闲 physics=None
WARNING:pet.gui_stall_sampler:GUI 冻结现场（120ms，2 个采样点，旧→新）：
WARNING:pet.gui_stall_sampler:  [t-161ms] verify_seeky_multi.py:308:<module> <- verify_seeky_multi.py:244:main
WARNING:pet.gui_stall_sampler:  [t-36ms] verify_seeky_multi.py:308:<module> <- verify_seeky_multi.py:244:main <- webm_clip.py:2499:_poll <- webm_clip.py:2724:_process_frame
WARNING:root:GUI 卡顿 121ms state=IDLE anim=待机呼吸休闲 physics=None
WARNING:pet.gui_stall_sampler:GUI 冻结现场（121ms，2 个采样点，旧→新）：
WARNING:pet.gui_stall_sampler:  [t-162ms] verify_seeky_multi.py:308:<module> <- verify_seeky_multi.py:244:main
WARNING:pet.gui_stall_sampler:  [t-37ms] verify_seeky_multi.py:308:<module> <- verify_seeky_multi.py:244:main <- webm_clip.py:2499:_poll <- webm_clip.py:2724:_process_frame
WARNING:root:GUI 卡顿 122ms state=IDLE anim=待机呼吸休闲 physics=None
WARNING:pet.gui_stall_sampler:GUI 冻结现场（122ms，2 个采样点，旧→新）：
WARNING:pet.gui_stall_sampler:  [t-162ms] verify_seeky_multi.py:308:<module> <- verify_seeky_multi.py:244:main
WARNING:pet.gui_stall_sampler:  [t-37ms] verify_seeky_multi.py:308:<module> <- verify_seeky_multi.py:244:main <- webm_clip.py:2499:_poll <- webm_clip.py:2724:_process_frame
WARNING:root:GUI 卡顿 131ms state=IDLE anim=待机呼吸休闲 physics=None
WARNING:pet.gui_stall_sampler:GUI 冻结现场（131ms，2 个采样点，旧→新）：
WARNING:pet.gui_stall_sampler:  [t-100ms] verify_seeky_multi.py:308:<module> <- verify_seeky_multi.py:244:main <- webm_clip.py:2499:_poll <- webm_clip.py:2724:_process_frame
WARNING:pet.gui_stall_sampler:  [t-38ms] verify_seeky_multi.py:308:<module> <- verify_seeky_multi.py:244:main <- webm_clip.py:2499:_poll <- webm_clip.py:2723:_process_frame
WARNING:root:GUI 卡顿 133ms state=IDLE anim=待机呼吸休闲 physics=None
WARNING:pet.gui_stall_sampler:GUI 冻结现场（133ms，3 个采样点，旧→新）：
WARNING:pet.gui_stall_sampler:  [t-183ms] webm_clip.py:2499:_poll <- webm_clip.py:2750:_process_frame <- window_optional_services.py:62:<lambda> <- verify_seeky_multi.py:92:observed_frame <- window.py:1917:_on_frame <- window.py:2106:_rebuild_frame
WARNING:pet.gui_stall_sampler:  [t-100ms] verify_seeky_multi.py:308:<module> <- verify_seeky_multi.py:244:main <- webm_clip.py:2499:_poll <- webm_clip.py:2724:_process_frame
WARNING:pet.gui_stall_sampler:  [t-39ms] verify_seeky_multi.py:308:<module> <- verify_seeky_multi.py:244:main <- webm_clip.py:2499:_poll <- webm_clip.py:2723:_process_frame
WARNING:root:GUI 卡顿 133ms state=IDLE anim=待机呼吸休闲 physics=None
WARNING:pet.gui_stall_sampler:GUI 冻结现场（133ms，3 个采样点，旧→新）：
WARNING:pet.gui_stall_sampler:  [t-183ms] webm_clip.py:2499:_poll <- webm_clip.py:2750:_process_frame <- window_optional_services.py:62:<lambda> <- verify_seeky_multi.py:92:observed_frame <- window.py:1917:_on_frame <- window.py:2106:_rebuild_frame
WARNING:pet.gui_stall_sampler:  [t-100ms] verify_seeky_multi.py:308:<module> <- verify_seeky_multi.py:244:main <- webm_clip.py:2499:_poll <- webm_clip.py:2724:_process_frame
WARNING:pet.gui_stall_sampler:  [t-39ms] verify_seeky_multi.py:308:<module> <- verify_seeky_multi.py:244:main <- webm_clip.py:2499:_poll <- webm_clip.py:2723:_process_frame
WARNING:root:GUI 卡顿 134ms state=IDLE anim=待机呼吸休闲 physics=None
WARNING:pet.gui_stall_sampler:GUI 冻结现场（134ms，3 个采样点，旧→新）：
WARNING:pet.gui_stall_sampler:  [t-167ms] verify_seeky_multi.py:308:<module> <- verify_seeky_multi.py:244:main
WARNING:pet.gui_stall_sampler:  [t-96ms] webm_clip.py:2499:_poll <- webm_clip.py:2750:_process_frame <- window_optional_services.py:62:<lambda> <- verify_seeky_multi.py:92:observed_frame <- window.py:1917:_on_frame <- window.py:2106:_rebuild_frame
WARNING:pet.gui_stall_sampler:  [t-32ms] verify_seeky_multi.py:308:<module> <- verify_seeky_multi.py:244:main
WARNING:root:GUI 卡顿 136ms state=IDLE anim=待机呼吸休闲 physics=None
WARNING:pet.gui_stall_sampler:GUI 冻结现场（136ms，3 个采样点，旧→新）：
WARNING:pet.gui_stall_sampler:  [t-168ms] verify_seeky_multi.py:308:<module> <- verify_seeky_multi.py:244:main
WARNING:pet.gui_stall_sampler:  [t-98ms] webm_clip.py:2499:_poll <- webm_clip.py:2750:_process_frame <- window_optional_services.py:62:<lambda> <- verify_seeky_multi.py:92:observed_frame <- window.py:1917:_on_frame <- window.py:2106:_rebuild_frame
WARNING:pet.gui_stall_sampler:  [t-33ms] verify_seeky_multi.py:308:<module> <- verify_seeky_multi.py:244:main
WARNING:root:GUI 卡顿 136ms state=IDLE anim=待机呼吸休闲 physics=None
WARNING:pet.gui_stall_sampler:GUI 冻结现场（136ms，3 个采样点，旧→新）：
WARNING:pet.gui_stall_sampler:  [t-168ms] verify_seeky_multi.py:308:<module> <- verify_seeky_multi.py:244:main
WARNING:pet.gui_stall_sampler:  [t-98ms] webm_clip.py:2499:_poll <- webm_clip.py:2750:_process_frame <- window_optional_services.py:62:<lambda> <- verify_seeky_multi.py:92:observed_frame <- window.py:1917:_on_frame <- window.py:2106:_rebuild_frame
WARNING:pet.gui_stall_sampler:  [t-33ms] verify_seeky_multi.py:308:<module> <- verify_seeky_multi.py:244:main
WARNING:root:GUI 卡顿 137ms state=IDLE anim=待机呼吸休闲 physics=None
WARNING:pet.gui_stall_sampler:GUI 冻结现场（137ms，3 个采样点，旧→新）：
WARNING:pet.gui_stall_sampler:  [t-180ms] webm_clip.py:2499:_poll <- webm_clip.py:2750:_process_frame <- window_optional_services.py:62:<lambda> <- verify_seeky_multi.py:92:observed_frame <- window.py:1919:_on_frame <- window.py:2126:_rebuild_frame
WARNING:pet.gui_stall_sampler:  [t-66ms] webm_clip.py:2499:_poll <- webm_clip.py:2750:_process_frame <- window_optional_services.py:62:<lambda> <- verify_seeky_multi.py:92:observed_frame <- window.py:1917:_on_frame <- window.py:2106:_rebuild_frame
WARNING:pet.gui_stall_sampler:  [t-10ms] window_optional_services.py:62:<lambda> <- verify_seeky_multi.py:92:observed_frame <- window.py:1917:_on_frame <- window.py:2124:_rebuild_frame <- window.py:2270:_sync_mask <- window_optional_services.py:42:effects_coverage
WARNING:root:GUI 卡顿 139ms state=IDLE anim=待机呼吸休闲 physics=None
WARNING:pet.gui_stall_sampler:GUI 冻结现场（139ms，3 个采样点，旧→新）：
WARNING:pet.gui_stall_sampler:  [t-182ms] webm_clip.py:2499:_poll <- webm_clip.py:2750:_process_frame <- window_optional_services.py:62:<lambda> <- verify_seeky_multi.py:92:observed_frame <- window.py:1919:_on_frame <- window.py:2126:_rebuild_frame
WARNING:pet.gui_stall_sampler:  [t-68ms] webm_clip.py:2499:_poll <- webm_clip.py:2750:_process_frame <- window_optional_services.py:62:<lambda> <- verify_seeky_multi.py:92:observed_frame <- window.py:1917:_on_frame <- window.py:2106:_rebuild_frame
WARNING:pet.gui_stall_sampler:  [t-11ms] window_optional_services.py:62:<lambda> <- verify_seeky_multi.py:92:observed_frame <- window.py:1917:_on_frame <- window.py:2124:_rebuild_frame <- window.py:2270:_sync_mask <- window_optional_services.py:42:effects_coverage
WARNING:root:GUI 卡顿 140ms state=IDLE anim=待机呼吸休闲 physics=None
WARNING:pet.gui_stall_sampler:GUI 冻结现场（140ms，3 个采样点，旧→新）：
WARNING:pet.gui_stall_sampler:  [t-183ms] webm_clip.py:2499:_poll <- webm_clip.py:2750:_process_frame <- window_optional_services.py:62:<lambda> <- verify_seeky_multi.py:92:observed_frame <- window.py:1919:_on_frame <- window.py:2126:_rebuild_frame
WARNING:pet.gui_stall_sampler:  [t-68ms] webm_clip.py:2499:_poll <- webm_clip.py:2750:_process_frame <- window_optional_services.py:62:<lambda> <- verify_seeky_multi.py:92:observed_frame <- window.py:1917:_on_frame <- window.py:2106:_rebuild_frame
WARNING:pet.gui_stall_sampler:  [t-12ms] window_optional_services.py:62:<lambda> <- verify_seeky_multi.py:92:observed_frame <- window.py:1917:_on_frame <- window.py:2124:_rebuild_frame <- window.py:2270:_sync_mask <- window_optional_services.py:42:effects_coverage
WARNING:root:GUI 卡顿 202ms state=IDLE anim=待机呼吸休闲 physics=None
WARNING:pet.gui_stall_sampler:GUI 冻结现场（202ms，2 个采样点，旧→新）：
WARNING:pet.gui_stall_sampler:  [t-114ms] verify_seeky_multi.py:308:<module> <- verify_seeky_multi.py:244:main <- webm_clip.py:2499:_poll <- webm_clip.py:2724:_process_frame
WARNING:pet.gui_stall_sampler:  [t-5ms] verify_seeky_multi.py:308:<module> <- verify_seeky_multi.py:244:main
WARNING:root:GUI 卡顿 204ms state=IDLE anim=待机呼吸休闲 physics=None
WARNING:pet.gui_stall_sampler:GUI 冻结现场（204ms，3 个采样点，旧→新）：
WARNING:pet.gui_stall_sampler:  [t-253ms] verify_seeky_multi.py:308:<module> <- verify_seeky_multi.py:244:main
WARNING:pet.gui_stall_sampler:  [t-115ms] verify_seeky_multi.py:308:<module> <- verify_seeky_multi.py:244:main <- webm_clip.py:2499:_poll <- webm_clip.py:2724:_process_frame
WARNING:pet.gui_stall_sampler:  [t-6ms] verify_seeky_multi.py:308:<module> <- verify_seeky_multi.py:244:main
WARNING:root:GUI 卡顿 204ms state=IDLE anim=待机呼吸休闲 physics=None
WARNING:pet.gui_stall_sampler:GUI 冻结现场（204ms，3 个采样点，旧→新）：
WARNING:pet.gui_stall_sampler:  [t-254ms] verify_seeky_multi.py:308:<module> <- verify_seeky_multi.py:244:main
WARNING:pet.gui_stall_sampler:  [t-116ms] verify_seeky_multi.py:308:<module> <- verify_seeky_multi.py:244:main <- webm_clip.py:2499:_poll <- webm_clip.py:2724:_process_frame
WARNING:pet.gui_stall_sampler:  [t-6ms] verify_seeky_multi.py:308:<module> <- verify_seeky_multi.py:244:main
WARNING:root:GUI 卡顿 120ms state=IDLE anim=待机呼吸休闲 physics=None
WARNING:pet.gui_stall_sampler:GUI 冻结现场（120ms，2 个采样点，旧→新）：
WARNING:pet.gui_stall_sampler:  [t-154ms] verify_seeky_multi.py:308:<module> <- verify_seeky_multi.py:244:main
WARNING:pet.gui_stall_sampler:  [t-39ms] webm_clip.py:2499:_poll <- webm_clip.py:2750:_process_frame <- window_optional_services.py:62:<lambda> <- verify_seeky_multi.py:92:observed_frame <- window.py:1917:_on_frame <- window.py:2106:_rebuild_frame
WARNING:root:GUI 卡顿 121ms state=IDLE anim=待机呼吸休闲 physics=None
WARNING:pet.gui_stall_sampler:GUI 冻结现场（121ms，2 个采样点，旧→新）：
WARNING:pet.gui_stall_sampler:  [t-154ms] verify_seeky_multi.py:308:<module> <- verify_seeky_multi.py:244:main
WARNING:pet.gui_stall_sampler:  [t-39ms] webm_clip.py:2499:_poll <- webm_clip.py:2750:_process_frame <- window_optional_services.py:62:<lambda> <- verify_seeky_multi.py:92:observed_frame <- window.py:1917:_on_frame <- window.py:2106:_rebuild_frame
WARNING:root:GUI 卡顿 121ms state=IDLE anim=待机呼吸休闲 physics=None
WARNING:pet.gui_stall_sampler:GUI 冻结现场（121ms，2 个采样点，旧→新）：
WARNING:pet.gui_stall_sampler:  [t-155ms] verify_seeky_multi.py:308:<module> <- verify_seeky_multi.py:244:main
WARNING:pet.gui_stall_sampler:  [t-40ms] webm_clip.py:2499:_poll <- webm_clip.py:2750:_process_frame <- window_optional_services.py:62:<lambda> <- verify_seeky_multi.py:92:observed_frame <- window.py:1917:_on_frame <- window.py:2106:_rebuild_frame
WARNING:root:GUI 卡顿 117ms state=IDLE anim=待机呼吸休闲 physics=None
WARNING:pet.gui_stall_sampler:GUI 冻结现场（117ms，2 个采样点，旧→新）：
WARNING:pet.gui_stall_sampler:  [t-157ms] verify_seeky_multi.py:308:<module> <- verify_seeky_multi.py:244:main
WARNING:pet.gui_stall_sampler:  [t-21ms] window_optional_services.py:62:<lambda> <- verify_seeky_multi.py:92:observed_frame <- window.py:1917:_on_frame <- window.py:2068:_rebuild_frame <- window.py:1993:_frame_signature <- window.py:2034:_frame_content_fingerprint
WARNING:root:GUI 卡顿 118ms state=IDLE anim=待机呼吸休闲 physics=None
WARNING:pet.gui_stall_sampler:GUI 冻结现场（118ms，2 个采样点，旧→新）：
WARNING:pet.gui_stall_sampler:  [t-157ms] verify_seeky_multi.py:308:<module> <- verify_seeky_multi.py:244:main
WARNING:pet.gui_stall_sampler:  [t-22ms] window_optional_services.py:62:<lambda> <- verify_seeky_multi.py:92:observed_frame <- window.py:1917:_on_frame <- window.py:2068:_rebuild_frame <- window.py:1993:_frame_signature <- window.py:2034:_frame_content_fingerprint
WARNING:root:GUI 卡顿 118ms state=IDLE anim=待机呼吸休闲 physics=None
WARNING:pet.gui_stall_sampler:GUI 冻结现场（118ms，2 个采样点，旧→新）：
WARNING:pet.gui_stall_sampler:  [t-158ms] verify_seeky_multi.py:308:<module> <- verify_seeky_multi.py:244:main
WARNING:pet.gui_stall_sampler:  [t-22ms] window_optional_services.py:62:<lambda> <- verify_seeky_multi.py:92:observed_frame <- window.py:1917:_on_frame <- window.py:2068:_rebuild_frame <- window.py:1993:_frame_signature <- window.py:2034:_frame_content_fingerprint
WARNING:root:GUI 卡顿 108ms state=IDLE anim=待机呼吸休闲 physics=None
WARNING:pet.gui_stall_sampler:GUI 冻结现场（108ms，2 个采样点，旧→新）：
WARNING:pet.gui_stall_sampler:  [t-115ms] verify_seeky_multi.py:308:<module> <- verify_seeky_multi.py:244:main
WARNING:pet.gui_stall_sampler:  [t-11ms] verify_seeky_multi.py:92:observed_frame <- window.py:1917:_on_frame <- window.py:2124:_rebuild_frame <- window.py:2270:_sync_mask <- window_optional_services.py:42:effects_coverage <- frame_edges.py:26:coverage_region
WARNING:root:GUI 卡顿 109ms state=IDLE anim=待机呼吸休闲 physics=None
WARNING:pet.gui_stall_sampler:GUI 冻结现场（109ms，2 个采样点，旧→新）：
WARNING:pet.gui_stall_sampler:  [t-115ms] verify_seeky_multi.py:308:<module> <- verify_seeky_multi.py:244:main
WARNING:pet.gui_stall_sampler:  [t-12ms] verify_seeky_multi.py:92:observed_frame <- window.py:1917:_on_frame <- window.py:2124:_rebuild_frame <- window.py:2270:_sync_mask <- window_optional_services.py:42:effects_coverage <- frame_edges.py:26:coverage_region
WARNING:root:GUI 卡顿 109ms state=IDLE anim=待机呼吸休闲 physics=None
WARNING:pet.gui_stall_sampler:GUI 冻结现场（109ms，2 个采样点，旧→新）：
WARNING:pet.gui_stall_sampler:  [t-116ms] verify_seeky_multi.py:308:<module> <- verify_seeky_multi.py:244:main
WARNING:pet.gui_stall_sampler:  [t-12ms] verify_seeky_multi.py:92:observed_frame <- window.py:1917:_on_frame <- window.py:2124:_rebuild_frame <- window.py:2270:_sync_mask <- window_optional_services.py:42:effects_coverage <- frame_edges.py:26:coverage_region
WARNING:root:GUI 卡顿 125ms state=IDLE anim=待机呼吸休闲 physics=None
WARNING:pet.gui_stall_sampler:GUI 冻结现场（125ms，2 个采样点，旧→新）：
WARNING:pet.gui_stall_sampler:  [t-142ms] verify_seeky_multi.py:308:<module> <- verify_seeky_multi.py:244:main
WARNING:root:GUI 卡顿 126ms state=IDLE anim=待机呼吸休闲 physics=None
WARNING:pet.gui_stall_sampler:GUI 冻结现场（126ms，2 个采样点，旧→新）：
WARNING:pet.gui_stall_sampler:  [t-143ms] verify_seeky_multi.py:308:<module> <- verify_seeky_multi.py:244:main
WARNING:root:GUI 卡顿 127ms state=IDLE anim=待机呼吸休闲 physics=None
WARNING:pet.gui_stall_sampler:GUI 冻结现场（127ms，2 个采样点，旧→新）：
WARNING:pet.gui_stall_sampler:  [t-143ms] verify_seeky_multi.py:308:<module> <- verify_seeky_multi.py:244:main
WARNING:root:GUI 卡顿 145ms state=IDLE anim=待机呼吸休闲 physics=None
WARNING:pet.gui_stall_sampler:GUI 冻结现场（145ms，1 个采样点，旧→新）：
WARNING:pet.gui_stall_sampler:  [t-56ms] verify_seeky_multi.py:308:<module> <- verify_seeky_multi.py:244:main <- webm_clip.py:2499:_poll <- webm_clip.py:2724:_process_frame
WARNING:root:GUI 卡顿 146ms state=IDLE anim=待机呼吸休闲 physics=None
WARNING:pet.gui_stall_sampler:GUI 冻结现场（146ms，1 个采样点，旧→新）：
WARNING:pet.gui_stall_sampler:  [t-57ms] verify_seeky_multi.py:308:<module> <- verify_seeky_multi.py:244:main <- webm_clip.py:2499:_poll <- webm_clip.py:2724:_process_frame
WARNING:root:GUI 卡顿 147ms state=IDLE anim=待机呼吸休闲 physics=None
WARNING:pet.gui_stall_sampler:GUI 冻结现场（147ms，1 个采样点，旧→新）：
WARNING:pet.gui_stall_sampler:  [t-57ms] verify_seeky_multi.py:308:<module> <- verify_seeky_multi.py:244:main <- webm_clip.py:2499:_poll <- webm_clip.py:2724:_process_frame
WARNING:root:GUI 卡顿 103ms state=IDLE anim=待机呼吸休闲 physics=None
WARNING:pet.gui_stall_sampler:GUI 冻结现场（103ms，1 个采样点，旧→新）：
WARNING:pet.gui_stall_sampler:  [t-22ms] verify_seeky_multi.py:308:<module> <- verify_seeky_multi.py:244:main <- webm_clip.py:2499:_poll <- webm_clip.py:2723:_process_frame
WARNING:root:GUI 卡顿 104ms state=IDLE anim=待机呼吸休闲 physics=None
WARNING:pet.gui_stall_sampler:GUI 冻结现场（104ms，1 个采样点，旧→新）：
WARNING:pet.gui_stall_sampler:  [t-22ms] verify_seeky_multi.py:308:<module> <- verify_seeky_multi.py:244:main <- webm_clip.py:2499:_poll <- webm_clip.py:2723:_process_frame
WARNING:root:GUI 卡顿 104ms state=IDLE anim=待机呼吸休闲 physics=None
WARNING:pet.gui_stall_sampler:GUI 冻结现场（104ms，1 个采样点，旧→新）：
WARNING:pet.gui_stall_sampler:  [t-23ms] verify_seeky_multi.py:308:<module> <- verify_seeky_multi.py:244:main <- webm_clip.py:2499:_poll <- webm_clip.py:2723:_process_frame
WARNING:root:GUI 卡顿 185ms state=IDLE anim=待机呼吸休闲 physics=None
WARNING:pet.gui_stall_sampler:GUI 冻结现场（185ms，2 个采样点，旧→新）：
WARNING:pet.gui_stall_sampler:  [t-185ms] verify_seeky_multi.py:308:<module> <- verify_seeky_multi.py:244:main
WARNING:pet.gui_stall_sampler:  [t-46ms] webm_clip.py:2499:_poll <- webm_clip.py:2750:_process_frame <- window_optional_services.py:62:<lambda> <- verify_seeky_multi.py:92:observed_frame <- window.py:1917:_on_frame <- window.py:2106:_rebuild_frame
WARNING:root:GUI 卡顿 186ms state=IDLE anim=待机呼吸休闲 physics=None
WARNING:pet.gui_stall_sampler:GUI 冻结现场（186ms，2 个采样点，旧→新）：
WARNING:pet.gui_stall_sampler:  [t-185ms] verify_seeky_multi.py:308:<module> <- verify_seeky_multi.py:244:main
WARNING:pet.gui_stall_sampler:  [t-47ms] webm_clip.py:2499:_poll <- webm_clip.py:2750:_process_frame <- window_optional_services.py:62:<lambda> <- verify_seeky_multi.py:92:observed_frame <- window.py:1917:_on_frame <- window.py:2106:_rebuild_frame
WARNING:root:GUI 卡顿 186ms state=IDLE anim=待机呼吸休闲 physics=None
WARNING:pet.gui_stall_sampler:GUI 冻结现场（186ms，2 个采样点，旧→新）：
WARNING:pet.gui_stall_sampler:  [t-186ms] verify_seeky_multi.py:308:<module> <- verify_seeky_multi.py:244:main
WARNING:pet.gui_stall_sampler:  [t-47ms] webm_clip.py:2499:_poll <- webm_clip.py:2750:_process_frame <- window_optional_services.py:62:<lambda> <- verify_seeky_multi.py:92:observed_frame <- window.py:1917:_on_frame <- window.py:2106:_rebuild_frame
WARNING:root:GUI 卡顿 142ms state=IDLE anim=待机呼吸休闲 physics=None
WARNING:pet.gui_stall_sampler:GUI 冻结现场（142ms，1 个采样点，旧→新）：
WARNING:pet.gui_stall_sampler:  [t-49ms] verify_seeky_multi.py:308:<module> <- verify_seeky_multi.py:244:main <- webm_clip.py:2499:_poll <- webm_clip.py:2724:_process_frame
WARNING:root:GUI 卡顿 144ms state=IDLE anim=待机呼吸休闲 physics=None
WARNING:pet.gui_stall_sampler:GUI 冻结现场（144ms，1 个采样点，旧→新）：
WARNING:pet.gui_stall_sampler:  [t-49ms] verify_seeky_multi.py:308:<module> <- verify_seeky_multi.py:244:main <- webm_clip.py:2499:_poll <- webm_clip.py:2724:_process_frame
WARNING:root:GUI 卡顿 144ms state=IDLE anim=待机呼吸休闲 physics=None
WARNING:pet.gui_stall_sampler:GUI 冻结现场（144ms，1 个采样点，旧→新）：
WARNING:pet.gui_stall_sampler:  [t-50ms] verify_seeky_multi.py:308:<module> <- verify_seeky_multi.py:244:main <- webm_clip.py:2499:_poll <- webm_clip.py:2724:_process_frame
WARNING:root:GUI 卡顿 117ms state=IDLE anim=待机呼吸休闲 physics=None
WARNING:pet.gui_stall_sampler:GUI 冻结现场（117ms，1 个采样点，旧→新）：
WARNING:pet.gui_stall_sampler:  [t-89ms] verify_seeky_multi.py:308:<module> <- verify_seeky_multi.py:244:main
WARNING:root:GUI 卡顿 118ms state=IDLE anim=待机呼吸休闲 physics=None
WARNING:pet.gui_stall_sampler:GUI 冻结现场（118ms，1 个采样点，旧→新）：
WARNING:pet.gui_stall_sampler:  [t-90ms] verify_seeky_multi.py:308:<module> <- verify_seeky_multi.py:244:main
WARNING:root:GUI 卡顿 118ms state=IDLE anim=待机呼吸休闲 physics=None
WARNING:pet.gui_stall_sampler:GUI 冻结现场（118ms，1 个采样点，旧→新）：
WARNING:pet.gui_stall_sampler:  [t-58ms] webm_clip.py:2499:_poll <- webm_clip.py:2750:_process_frame <- window_optional_services.py:62:<lambda> <- verify_seeky_multi.py:92:observed_frame <- window.py:1917:_on_frame <- window.py:2119:_rebuild_frame
WARNING:root:GUI 卡顿 119ms state=IDLE anim=待机呼吸休闲 physics=None
WARNING:pet.gui_stall_sampler:GUI 冻结现场（119ms，1 个采样点，旧→新）：
WARNING:pet.gui_stall_sampler:  [t-59ms] webm_clip.py:2499:_poll <- webm_clip.py:2750:_process_frame <- window_optional_services.py:62:<lambda> <- verify_seeky_multi.py:92:observed_frame <- window.py:1917:_on_frame <- window.py:2119:_rebuild_frame
WARNING:root:GUI 卡顿 120ms state=IDLE anim=待机呼吸休闲 physics=None
WARNING:pet.gui_stall_sampler:GUI 冻结现场（120ms，1 个采样点，旧→新）：
WARNING:pet.gui_stall_sampler:  [t-60ms] webm_clip.py:2499:_poll <- webm_clip.py:2750:_process_frame <- window_optional_services.py:62:<lambda> <- verify_seeky_multi.py:92:observed_frame <- window.py:1917:_on_frame <- window.py:2119:_rebuild_frame
WARNING:root:GUI 卡顿 107ms state=IDLE anim=待机呼吸休闲 physics=None
WARNING:pet.gui_stall_sampler:GUI 冻结现场（107ms，2 个采样点，旧→新）：
WARNING:pet.gui_stall_sampler:  [t-156ms] webm_clip.py:2499:_poll <- webm_clip.py:2750:_process_frame <- window_optional_services.py:62:<lambda> <- verify_seeky_multi.py:92:observed_frame <- window.py:1917:_on_frame <- window.py:2106:_rebuild_frame
WARNING:pet.gui_stall_sampler:  [t-63ms] verify_seeky_multi.py:308:<module> <- verify_seeky_multi.py:244:main <- webm_clip.py:2499:_poll <- webm_clip.py:2724:_process_frame
WARNING:root:GUI 卡顿 109ms state=IDLE anim=待机呼吸休闲 physics=None
WARNING:pet.gui_stall_sampler:GUI 冻结现场（109ms，2 个采样点，旧→新）：
WARNING:pet.gui_stall_sampler:  [t-157ms] webm_clip.py:2499:_poll <- webm_clip.py:2750:_process_frame <- window_optional_services.py:62:<lambda> <- verify_seeky_multi.py:92:observed_frame <- window.py:1917:_on_frame <- window.py:2106:_rebuild_frame
WARNING:pet.gui_stall_sampler:  [t-64ms] verify_seeky_multi.py:308:<module> <- verify_seeky_multi.py:244:main <- webm_clip.py:2499:_poll <- webm_clip.py:2724:_process_frame
WARNING:root:GUI 卡顿 109ms state=IDLE anim=待机呼吸休闲 physics=None
WARNING:pet.gui_stall_sampler:GUI 冻结现场（109ms，3 个采样点，旧→新）：
WARNING:pet.gui_stall_sampler:  [t-158ms] webm_clip.py:2499:_poll <- webm_clip.py:2750:_process_frame <- window_optional_services.py:62:<lambda> <- verify_seeky_multi.py:92:observed_frame <- window.py:1917:_on_frame <- window.py:2106:_rebuild_frame
WARNING:pet.gui_stall_sampler:  [t-65ms] verify_seeky_multi.py:308:<module> <- verify_seeky_multi.py:244:main <- webm_clip.py:2499:_poll <- webm_clip.py:2724:_process_frame
WARNING:pet.gui_stall_sampler:  [t-0ms] verify_seeky_multi.py:308:<module> <- verify_seeky_multi.py:244:main <- collision_client.py:467:_on_collision_impulse <- collision_client.py:267:_submit_collision_state <- collision_ipc.py:1261:submit_state
WARNING:root:GUI 卡顿 138ms state=IDLE anim=待机呼吸休闲 physics=None
WARNING:root:GUI 卡顿 139ms state=IDLE anim=待机呼吸休闲 physics=None
WARNING:root:GUI 卡顿 139ms state=IDLE anim=待机呼吸休闲 physics=None
WARNING:root:GUI 卡顿 110ms state=IDLE anim=待机呼吸休闲 physics=None
WARNING:pet.gui_stall_sampler:GUI 冻结现场（110ms，2 个采样点，旧→新）：
WARNING:pet.gui_stall_sampler:  [t-158ms] window_optional_services.py:62:<lambda> <- verify_seeky_multi.py:92:observed_frame <- window.py:1919:_on_frame <- window.py:2126:_rebuild_frame <- window.py:2005:_frame_signature <- library.py:928:clip_path
WARNING:pet.gui_stall_sampler:  [t-10ms] webm_clip.py:2499:_poll <- webm_clip.py:2750:_process_frame <- window_optional_services.py:62:<lambda> <- verify_seeky_multi.py:92:observed_frame <- window.py:1917:_on_frame <- window.py:2106:_rebuild_frame
WARNING:root:GUI 卡顿 111ms state=IDLE anim=待机呼吸休闲 physics=None
WARNING:pet.gui_stall_sampler:GUI 冻结现场（111ms，2 个采样点，旧→新）：
WARNING:pet.gui_stall_sampler:  [t-159ms] window_optional_services.py:62:<lambda> <- verify_seeky_multi.py:92:observed_frame <- window.py:1919:_on_frame <- window.py:2126:_rebuild_frame <- window.py:2005:_frame_signature <- library.py:928:clip_path
WARNING:pet.gui_stall_sampler:  [t-11ms] webm_clip.py:2499:_poll <- webm_clip.py:2750:_process_frame <- window_optional_services.py:62:<lambda> <- verify_seeky_multi.py:92:observed_frame <- window.py:1917:_on_frame <- window.py:2106:_rebuild_frame
WARNING:root:GUI 卡顿 111ms state=IDLE anim=待机呼吸休闲 physics=None
WARNING:pet.gui_stall_sampler:GUI 冻结现场（111ms，2 个采样点，旧→新）：
WARNING:pet.gui_stall_sampler:  [t-160ms] window_optional_services.py:62:<lambda> <- verify_seeky_multi.py:92:observed_frame <- window.py:1919:_on_frame <- window.py:2126:_rebuild_frame <- window.py:2005:_frame_signature <- library.py:928:clip_path
WARNING:pet.gui_stall_sampler:  [t-11ms] webm_clip.py:2499:_poll <- webm_clip.py:2750:_process_frame <- window_optional_services.py:62:<lambda> <- verify_seeky_multi.py:92:observed_frame <- window.py:1917:_on_frame <- window.py:2106:_rebuild_frame
WARNING:root:GUI 卡顿 145ms state=IDLE anim=待机呼吸休闲 physics=None
WARNING:pet.gui_stall_sampler:GUI 冻结现场（145ms，2 个采样点，旧→新）：
WARNING:pet.gui_stall_sampler:  [t-177ms] verify_seeky_multi.py:308:<module> <- verify_seeky_multi.py:244:main
WARNING:pet.gui_stall_sampler:  [t-41ms] webm_clip.py:2750:_process_frame <- window_optional_services.py:62:<lambda> <- verify_seeky_multi.py:92:observed_frame <- window.py:1917:_on_frame <- window.py:2124:_rebuild_frame <- window.py:2263:_sync_mask
WARNING:root:GUI 卡顿 147ms state=IDLE anim=待机呼吸休闲 physics=None
WARNING:pet.gui_stall_sampler:GUI 冻结现场（147ms，2 个采样点，旧→新）：
WARNING:pet.gui_stall_sampler:  [t-178ms] verify_seeky_multi.py:308:<module> <- verify_seeky_multi.py:244:main
WARNING:pet.gui_stall_sampler:  [t-42ms] webm_clip.py:2750:_process_frame <- window_optional_services.py:62:<lambda> <- verify_seeky_multi.py:92:observed_frame <- window.py:1917:_on_frame <- window.py:2124:_rebuild_frame <- window.py:2263:_sync_mask
WARNING:root:GUI 卡顿 149ms state=IDLE anim=待机呼吸休闲 physics=None
WARNING:pet.gui_stall_sampler:GUI 冻结现场（149ms，2 个采样点，旧→新）：
WARNING:pet.gui_stall_sampler:  [t-180ms] verify_seeky_multi.py:308:<module> <- verify_seeky_multi.py:244:main
WARNING:pet.gui_stall_sampler:  [t-44ms] webm_clip.py:2750:_process_frame <- window_optional_services.py:62:<lambda> <- verify_seeky_multi.py:92:observed_frame <- window.py:1917:_on_frame <- window.py:2124:_rebuild_frame <- window.py:2263:_sync_mask
WARNING:root:GUI 卡顿 169ms state=IDLE anim=待机呼吸休闲 physics=None
WARNING:pet.gui_stall_sampler:GUI 冻结现场（169ms，1 个采样点，旧→新）：
WARNING:pet.gui_stall_sampler:  [t-63ms] verify_seeky_multi.py:308:<module> <- verify_seeky_multi.py:244:main
WARNING:root:GUI 卡顿 170ms state=IDLE anim=待机呼吸休闲 physics=None
WARNING:pet.gui_stall_sampler:GUI 冻结现场（170ms，1 个采样点，旧→新）：
WARNING:pet.gui_stall_sampler:  [t-63ms] verify_seeky_multi.py:308:<module> <- verify_seeky_multi.py:244:main
WARNING:root:GUI 卡顿 170ms state=IDLE anim=待机呼吸休闲 physics=None
WARNING:pet.gui_stall_sampler:GUI 冻结现场（170ms，1 个采样点，旧→新）：
WARNING:pet.gui_stall_sampler:  [t-63ms] verify_seeky_multi.py:308:<module> <- verify_seeky_multi.py:244:main
WARNING:root:GUI 卡顿 121ms state=IDLE anim=待机呼吸休闲 physics=None
WARNING:pet.gui_stall_sampler:GUI 冻结现场（121ms，2 个采样点，旧→新）：
WARNING:pet.gui_stall_sampler:  [t-130ms] verify_seeky_multi.py:308:<module> <- verify_seeky_multi.py:244:main
WARNING:pet.gui_stall_sampler:  [t-22ms] webm_clip.py:2499:_poll <- webm_clip.py:2750:_process_frame <- window_optional_services.py:62:<lambda> <- verify_seeky_multi.py:92:observed_frame <- window.py:1917:_on_frame <- window.py:2106:_rebuild_frame
WARNING:root:GUI 卡顿 123ms state=IDLE anim=待机呼吸休闲 physics=None
WARNING:pet.gui_stall_sampler:GUI 冻结现场（123ms，2 个采样点，旧→新）：
WARNING:pet.gui_stall_sampler:  [t-131ms] verify_seeky_multi.py:308:<module> <- verify_seeky_multi.py:244:main
WARNING:pet.gui_stall_sampler:  [t-23ms] webm_clip.py:2499:_poll <- webm_clip.py:2750:_process_frame <- window_optional_services.py:62:<lambda> <- verify_seeky_multi.py:92:observed_frame <- window.py:1917:_on_frame <- window.py:2106:_rebuild_frame
WARNING:root:GUI 卡顿 123ms state=IDLE anim=待机呼吸休闲 physics=None
WARNING:pet.gui_stall_sampler:GUI 冻结现场（123ms，2 个采样点，旧→新）：
WARNING:pet.gui_stall_sampler:  [t-131ms] verify_seeky_multi.py:308:<module> <- verify_seeky_multi.py:244:main
WARNING:pet.gui_stall_sampler:  [t-23ms] webm_clip.py:2499:_poll <- webm_clip.py:2750:_process_frame <- window_optional_services.py:62:<lambda> <- verify_seeky_multi.py:92:observed_frame <- window.py:1917:_on_frame <- window.py:2106:_rebuild_frame
WARNING:root:GUI 卡顿 118ms state=IDLE anim=待机呼吸休闲 physics=None
WARNING:pet.gui_stall_sampler:GUI 冻结现场（118ms，2 个采样点，旧→新）：
WARNING:pet.gui_stall_sampler:  [t-128ms] verify_seeky_multi.py:308:<module> <- verify_seeky_multi.py:244:main
WARNING:pet.gui_stall_sampler:  [t-41ms] verify_seeky_multi.py:308:<module> <- verify_seeky_multi.py:244:main <- webm_clip.py:2499:_poll <- webm_clip.py:2724:_process_frame
WARNING:root:GUI 卡顿 121ms state=IDLE anim=待机呼吸休闲 physics=None
WARNING:pet.gui_stall_sampler:GUI 冻结现场（121ms，2 个采样点，旧→新）：
WARNING:pet.gui_stall_sampler:  [t-129ms] verify_seeky_multi.py:308:<module> <- verify_seeky_multi.py:244:main
WARNING:pet.gui_stall_sampler:  [t-41ms] verify_seeky_multi.py:308:<module> <- verify_seeky_multi.py:244:main <- webm_clip.py:2499:_poll <- webm_clip.py:2724:_process_frame
WARNING:root:GUI 卡顿 121ms state=IDLE anim=待机呼吸休闲 physics=None
WARNING:pet.gui_stall_sampler:GUI 冻结现场（121ms，2 个采样点，旧→新）：
WARNING:pet.gui_stall_sampler:  [t-129ms] verify_seeky_multi.py:308:<module> <- verify_seeky_multi.py:244:main
WARNING:pet.gui_stall_sampler:  [t-42ms] verify_seeky_multi.py:308:<module> <- verify_seeky_multi.py:244:main <- webm_clip.py:2499:_poll <- webm_clip.py:2724:_process_frame
WARNING:root:GUI 卡顿 142ms state=IDLE anim=待机呼吸休闲 physics=None
WARNING:pet.gui_stall_sampler:GUI 冻结现场（142ms，2 个采样点，旧→新）：
WARNING:pet.gui_stall_sampler:  [t-154ms] verify_seeky_multi.py:308:<module> <- verify_seeky_multi.py:244:main
WARNING:pet.gui_stall_sampler:  [t-23ms] webm_clip.py:2750:_process_frame <- window_optional_services.py:62:<lambda> <- verify_seeky_multi.py:92:observed_frame <- window.py:1917:_on_frame <- window.py:2068:_rebuild_frame <- window.py:1990:_frame_signature
WARNING:root:GUI 卡顿 144ms state=IDLE anim=待机呼吸休闲 physics=None
WARNING:pet.gui_stall_sampler:GUI 冻结现场（144ms，2 个采样点，旧→新）：
WARNING:pet.gui_stall_sampler:  [t-155ms] verify_seeky_multi.py:308:<module> <- verify_seeky_multi.py:244:main
WARNING:pet.gui_stall_sampler:  [t-24ms] webm_clip.py:2750:_process_frame <- window_optional_services.py:62:<lambda> <- verify_seeky_multi.py:92:observed_frame <- window.py:1917:_on_frame <- window.py:2068:_rebuild_frame <- window.py:1990:_frame_signature
WARNING:root:GUI 卡顿 144ms state=IDLE anim=待机呼吸休闲 physics=None
WARNING:pet.gui_stall_sampler:GUI 冻结现场（144ms，2 个采样点，旧→新）：
WARNING:pet.gui_stall_sampler:  [t-156ms] verify_seeky_multi.py:308:<module> <- verify_seeky_multi.py:244:main
WARNING:pet.gui_stall_sampler:  [t-24ms] webm_clip.py:2750:_process_frame <- window_optional_services.py:62:<lambda> <- verify_seeky_multi.py:92:observed_frame <- window.py:1917:_on_frame <- window.py:2068:_rebuild_frame <- window.py:1990:_frame_signature
WARNING:root:GUI 卡顿 107ms state=IDLE anim=待机呼吸休闲 physics=None
WARNING:pet.gui_stall_sampler:GUI 冻结现场（107ms，2 个采样点，旧→新）：
WARNING:pet.gui_stall_sampler:  [t-119ms] verify_seeky_multi.py:308:<module> <- verify_seeky_multi.py:244:main
WARNING:pet.gui_stall_sampler:  [t-42ms] verify_seeky_multi.py:308:<module> <- verify_seeky_multi.py:244:main <- webm_clip.py:2499:_poll <- webm_clip.py:2724:_process_frame
WARNING:root:GUI 卡顿 108ms state=IDLE anim=待机呼吸休闲 physics=None
WARNING:pet.gui_stall_sampler:GUI 冻结现场（108ms，2 个采样点，旧→新）：
WARNING:pet.gui_stall_sampler:  [t-120ms] verify_seeky_multi.py:308:<module> <- verify_seeky_multi.py:244:main
WARNING:pet.gui_stall_sampler:  [t-43ms] verify_seeky_multi.py:308:<module> <- verify_seeky_multi.py:244:main <- webm_clip.py:2499:_poll <- webm_clip.py:2724:_process_frame
WARNING:root:GUI 卡顿 108ms state=IDLE anim=待机呼吸休闲 physics=None
WARNING:pet.gui_stall_sampler:GUI 冻结现场（108ms，2 个采样点，旧→新）：
WARNING:pet.gui_stall_sampler:  [t-120ms] verify_seeky_multi.py:308:<module> <- verify_seeky_multi.py:244:main
WARNING:pet.gui_stall_sampler:  [t-43ms] verify_seeky_multi.py:308:<module> <- verify_seeky_multi.py:244:main <- webm_clip.py:2499:_poll <- webm_clip.py:2724:_process_frame
WARNING:root:GUI 卡顿 101ms state=IDLE anim=待机呼吸休闲 physics=None
WARNING:pet.gui_stall_sampler:GUI 冻结现场（101ms，1 个采样点，旧→新）：
WARNING:pet.gui_stall_sampler:  [t-146ms] verify_seeky_multi.py:92:observed_frame <- window.py:1917:_on_frame <- window.py:2124:_rebuild_frame <- window.py:2270:_sync_mask <- window_optional_services.py:42:effects_coverage <- frame_edges.py:27:coverage_region
WARNING:root:GUI 卡顿 101ms state=IDLE anim=待机呼吸休闲 physics=None
WARNING:pet.gui_stall_sampler:GUI 冻结现场（101ms，1 个采样点，旧→新）：
WARNING:pet.gui_stall_sampler:  [t-146ms] verify_seeky_multi.py:92:observed_frame <- window.py:1917:_on_frame <- window.py:2124:_rebuild_frame <- window.py:2270:_sync_mask <- window_optional_services.py:42:effects_coverage <- frame_edges.py:27:coverage_region
WARNING:root:GUI 卡顿 101ms state=IDLE anim=待机呼吸休闲 physics=None
WARNING:pet.gui_stall_sampler:GUI 冻结现场（101ms，1 个采样点，旧→新）：
WARNING:pet.gui_stall_sampler:  [t-146ms] verify_seeky_multi.py:92:observed_frame <- window.py:1917:_on_frame <- window.py:2124:_rebuild_frame <- window.py:2270:_sync_mask <- window_optional_services.py:42:effects_coverage <- frame_edges.py:27:coverage_region
WARNING:root:GUI 卡顿 112ms state=IDLE anim=待机呼吸休闲 physics=None
WARNING:pet.gui_stall_sampler:GUI 冻结现场（112ms，1 个采样点，旧→新）：
WARNING:pet.gui_stall_sampler:  [t-31ms] webm_clip.py:2750:_process_frame <- window_optional_services.py:62:<lambda> <- verify_seeky_multi.py:92:observed_frame <- window.py:1917:_on_frame <- window.py:2068:_rebuild_frame <- window.py:1990:_frame_signature
WARNING:root:GUI 卡顿 114ms state=IDLE anim=待机呼吸休闲 physics=None
WARNING:pet.gui_stall_sampler:GUI 冻结现场（114ms，1 个采样点，旧→新）：
WARNING:pet.gui_stall_sampler:  [t-32ms] webm_clip.py:2750:_process_frame <- window_optional_services.py:62:<lambda> <- verify_seeky_multi.py:92:observed_frame <- window.py:1917:_on_frame <- window.py:2068:_rebuild_frame <- window.py:1990:_frame_signature
WARNING:root:GUI 卡顿 114ms state=IDLE anim=待机呼吸休闲 physics=None
WARNING:pet.gui_stall_sampler:GUI 冻结现场（114ms，1 个采样点，旧→新）：
WARNING:pet.gui_stall_sampler:  [t-32ms] webm_clip.py:2750:_process_frame <- window_optional_services.py:62:<lambda> <- verify_seeky_multi.py:92:observed_frame <- window.py:1917:_on_frame <- window.py:2068:_rebuild_frame <- window.py:1990:_frame_signature
WARNING:root:GUI 卡顿 102ms state=IDLE anim=待机呼吸休闲 physics=None
WARNING:pet.gui_stall_sampler:GUI 冻结现场（102ms，1 个采样点，旧→新）：
WARNING:pet.gui_stall_sampler:  [t-16ms] webm_clip.py:2499:_poll <- webm_clip.py:2750:_process_frame <- window_optional_services.py:62:<lambda> <- verify_seeky_multi.py:92:observed_frame <- window.py:1917:_on_frame <- window.py:2106:_rebuild_frame
WARNING:root:GUI 卡顿 102ms state=IDLE anim=待机呼吸休闲 physics=None
WARNING:pet.gui_stall_sampler:GUI 冻结现场（102ms，1 个采样点，旧→新）：
WARNING:pet.gui_stall_sampler:  [t-17ms] webm_clip.py:2499:_poll <- webm_clip.py:2750:_process_frame <- window_optional_services.py:62:<lambda> <- verify_seeky_multi.py:92:observed_frame <- window.py:1917:_on_frame <- window.py:2106:_rebuild_frame
WARNING:root:GUI 卡顿 103ms state=IDLE anim=待机呼吸休闲 physics=None
WARNING:pet.gui_stall_sampler:GUI 冻结现场（103ms，1 个采样点，旧→新）：
WARNING:pet.gui_stall_sampler:  [t-17ms] webm_clip.py:2499:_poll <- webm_clip.py:2750:_process_frame <- window_optional_services.py:62:<lambda> <- verify_seeky_multi.py:92:observed_frame <- window.py:1917:_on_frame <- window.py:2106:_rebuild_frame
WARNING:root:GUI 卡顿 141ms state=IDLE anim=待机呼吸休闲 physics=None
WARNING:pet.gui_stall_sampler:GUI 冻结现场（141ms，2 个采样点，旧→新）：
WARNING:pet.gui_stall_sampler:  [t-186ms] verify_seeky_multi.py:308:<module> <- verify_seeky_multi.py:244:main
WARNING:root:GUI 卡顿 142ms state=IDLE anim=待机呼吸休闲 physics=None
WARNING:pet.gui_stall_sampler:GUI 冻结现场（142ms，2 个采样点，旧→新）：
WARNING:pet.gui_stall_sampler:  [t-186ms] verify_seeky_multi.py:308:<module> <- verify_seeky_multi.py:244:main
WARNING:root:GUI 卡顿 142ms state=IDLE anim=待机呼吸休闲 physics=None
WARNING:pet.gui_stall_sampler:GUI 冻结现场（142ms，2 个采样点，旧→新）：
WARNING:pet.gui_stall_sampler:  [t-187ms] verify_seeky_multi.py:308:<module> <- verify_seeky_multi.py:244:main
WARNING:root:GUI 卡顿 155ms state=IDLE anim=待机呼吸休闲 physics=None
WARNING:pet.gui_stall_sampler:GUI 冻结现场（155ms，1 个采样点，旧→新）：
WARNING:pet.gui_stall_sampler:  [t-46ms] verify_seeky_multi.py:92:observed_frame <- window.py:1917:_on_frame <- window.py:2124:_rebuild_frame <- window.py:2270:_sync_mask <- window_optional_services.py:42:effects_coverage <- frame_edges.py:34:coverage_region
WARNING:root:GUI 卡顿 156ms state=IDLE anim=待机呼吸休闲 physics=None
WARNING:pet.gui_stall_sampler:GUI 冻结现场（156ms，1 个采样点，旧→新）：
WARNING:pet.gui_stall_sampler:  [t-47ms] verify_seeky_multi.py:92:observed_frame <- window.py:1917:_on_frame <- window.py:2124:_rebuild_frame <- window.py:2270:_sync_mask <- window_optional_services.py:42:effects_coverage <- frame_edges.py:34:coverage_region
WARNING:root:GUI 卡顿 156ms state=IDLE anim=待机呼吸休闲 physics=None
WARNING:pet.gui_stall_sampler:GUI 冻结现场（156ms，1 个采样点，旧→新）：
WARNING:pet.gui_stall_sampler:  [t-47ms] verify_seeky_multi.py:92:observed_frame <- window.py:1917:_on_frame <- window.py:2124:_rebuild_frame <- window.py:2270:_sync_mask <- window_optional_services.py:42:effects_coverage <- frame_edges.py:34:coverage_region
WARNING:root:GUI 卡顿 194ms state=IDLE anim=待机呼吸休闲 physics=None
WARNING:pet.gui_stall_sampler:GUI 冻结现场（194ms，2 个采样点，旧→新）：
WARNING:pet.gui_stall_sampler:  [t-230ms] verify_seeky_multi.py:308:<module> <- verify_seeky_multi.py:244:main
WARNING:pet.gui_stall_sampler:  [t-59ms] webm_clip.py:2499:_poll <- webm_clip.py:2750:_process_frame <- window_optional_services.py:62:<lambda> <- verify_seeky_multi.py:92:observed_frame <- window.py:1917:_on_frame <- window.py:2106:_rebuild_frame
WARNING:root:GUI 卡顿 195ms state=IDLE anim=待机呼吸休闲 physics=None
WARNING:pet.gui_stall_sampler:GUI 冻结现场（195ms，2 个采样点，旧→新）：
WARNING:pet.gui_stall_sampler:  [t-231ms] verify_seeky_multi.py:308:<module> <- verify_seeky_multi.py:244:main
WARNING:pet.gui_stall_sampler:  [t-60ms] webm_clip.py:2499:_poll <- webm_clip.py:2750:_process_frame <- window_optional_services.py:62:<lambda> <- verify_seeky_multi.py:92:observed_frame <- window.py:1917:_on_frame <- window.py:2106:_rebuild_frame
WARNING:root:GUI 卡顿 195ms state=IDLE anim=待机呼吸休闲 physics=None
WARNING:pet.gui_stall_sampler:GUI 冻结现场（195ms，2 个采样点，旧→新）：
WARNING:pet.gui_stall_sampler:  [t-231ms] verify_seeky_multi.py:308:<module> <- verify_seeky_multi.py:244:main
WARNING:pet.gui_stall_sampler:  [t-60ms] webm_clip.py:2499:_poll <- webm_clip.py:2750:_process_frame <- window_optional_services.py:62:<lambda> <- verify_seeky_multi.py:92:observed_frame <- window.py:1917:_on_frame <- window.py:2106:_rebuild_frame
WARNING:root:GUI 卡顿 106ms state=IDLE anim=待机呼吸休闲 physics=None
WARNING:pet.gui_stall_sampler:GUI 冻结现场（106ms，2 个采样点，旧→新）：
WARNING:pet.gui_stall_sampler:  [t-120ms] verify_seeky_multi.py:308:<module> <- verify_seeky_multi.py:244:main
WARNING:pet.gui_stall_sampler:  [t-25ms] verify_seeky_multi.py:92:observed_frame <- window.py:1917:_on_frame <- window.py:2124:_rebuild_frame <- window.py:2270:_sync_mask <- window_optional_services.py:42:effects_coverage <- frame_edges.py:37:coverage_region
WARNING:root:GUI 卡顿 107ms state=IDLE anim=待机呼吸休闲 physics=None
WARNING:pet.gui_stall_sampler:GUI 冻结现场（107ms，2 个采样点，旧→新）：
WARNING:pet.gui_stall_sampler:  [t-121ms] verify_seeky_multi.py:308:<module> <- verify_seeky_multi.py:244:main
WARNING:pet.gui_stall_sampler:  [t-26ms] verify_seeky_multi.py:92:observed_frame <- window.py:1917:_on_frame <- window.py:2124:_rebuild_frame <- window.py:2270:_sync_mask <- window_optional_services.py:42:effects_coverage <- frame_edges.py:37:coverage_region
WARNING:root:GUI 卡顿 107ms state=IDLE anim=待机呼吸休闲 physics=None
WARNING:pet.gui_stall_sampler:GUI 冻结现场（107ms，2 个采样点，旧→新）：
WARNING:pet.gui_stall_sampler:  [t-121ms] verify_seeky_multi.py:308:<module> <- verify_seeky_multi.py:244:main
WARNING:pet.gui_stall_sampler:  [t-26ms] verify_seeky_multi.py:92:observed_frame <- window.py:1917:_on_frame <- window.py:2124:_rebuild_frame <- window.py:2270:_sync_mask <- window_optional_services.py:42:effects_coverage <- frame_edges.py:37:coverage_region
WARNING:root:GUI 卡顿 141ms state=IDLE anim=待机呼吸休闲 physics=None
WARNING:pet.gui_stall_sampler:GUI 冻结现场（141ms，2 个采样点，旧→新）：
WARNING:pet.gui_stall_sampler:  [t-180ms] verify_seeky_multi.py:308:<module> <- verify_seeky_multi.py:244:main
WARNING:root:GUI 卡顿 143ms state=IDLE anim=待机呼吸休闲 physics=None
WARNING:pet.gui_stall_sampler:GUI 冻结现场（143ms，2 个采样点，旧→新）：
WARNING:pet.gui_stall_sampler:  [t-181ms] verify_seeky_multi.py:308:<module> <- verify_seeky_multi.py:244:main
WARNING:root:GUI 卡顿 143ms state=IDLE anim=待机呼吸休闲 physics=None
WARNING:pet.gui_stall_sampler:GUI 冻结现场（143ms，2 个采样点，旧→新）：
WARNING:pet.gui_stall_sampler:  [t-181ms] verify_seeky_multi.py:308:<module> <- verify_seeky_multi.py:244:main
WARNING:root:GUI 卡顿 110ms state=IDLE anim=待机呼吸休闲 physics=None
WARNING:pet.gui_stall_sampler:GUI 冻结现场（110ms，2 个采样点，旧→新）：
WARNING:pet.gui_stall_sampler:  [t-140ms] verify_seeky_multi.py:308:<module> <- verify_seeky_multi.py:244:main
WARNING:pet.gui_stall_sampler:  [t-0ms] webm_clip.py:2750:_process_frame <- window_optional_services.py:62:<lambda> <- verify_seeky_multi.py:92:observed_frame <- window.py:1917:_on_frame <- window.py:2124:_rebuild_frame <- window.py:2265:_sync_mask
WARNING:root:GUI 卡顿 111ms state=IDLE anim=待机呼吸休闲 physics=None
WARNING:pet.gui_stall_sampler:GUI 冻结现场（111ms，2 个采样点，旧→新）：
WARNING:pet.gui_stall_sampler:  [t-140ms] verify_seeky_multi.py:308:<module> <- verify_seeky_multi.py:244:main
WARNING:pet.gui_stall_sampler:  [t-1ms] webm_clip.py:2750:_process_frame <- window_optional_services.py:62:<lambda> <- verify_seeky_multi.py:92:observed_frame <- window.py:1917:_on_frame <- window.py:2124:_rebuild_frame <- window.py:2265:_sync_mask
WARNING:root:GUI 卡顿 111ms state=IDLE anim=待机呼吸休闲 physics=None
WARNING:pet.gui_stall_sampler:GUI 冻结现场（111ms，2 个采样点，旧→新）：
WARNING:pet.gui_stall_sampler:  [t-140ms] verify_seeky_multi.py:308:<module> <- verify_seeky_multi.py:244:main
WARNING:pet.gui_stall_sampler:  [t-1ms] webm_clip.py:2750:_process_frame <- window_optional_services.py:62:<lambda> <- verify_seeky_multi.py:92:observed_frame <- window.py:1917:_on_frame <- window.py:2124:_rebuild_frame <- window.py:2265:_sync_mask
WARNING:root:GUI 卡顿 145ms state=IDLE anim=待机呼吸休闲 physics=None
WARNING:pet.gui_stall_sampler:GUI 冻结现场（145ms，2 个采样点，旧→新）：
WARNING:pet.gui_stall_sampler:  [t-122ms] verify_seeky_multi.py:308:<module> <- verify_seeky_multi.py:244:main <- webm_clip.py:2499:_poll <- webm_clip.py:2724:_process_frame
WARNING:pet.gui_stall_sampler:  [t-14ms] webm_clip.py:2499:_poll <- webm_clip.py:2750:_process_frame <- window_optional_services.py:62:<lambda> <- verify_seeky_multi.py:92:observed_frame <- window.py:1917:_on_frame <- window.py:2124:_rebuild_frame
WARNING:root:GUI 卡顿 147ms state=IDLE anim=待机呼吸休闲 physics=None
WARNING:pet.gui_stall_sampler:GUI 冻结现场（147ms，2 个采样点，旧→新）：
WARNING:pet.gui_stall_sampler:  [t-123ms] verify_seeky_multi.py:308:<module> <- verify_seeky_multi.py:244:main <- webm_clip.py:2499:_poll <- webm_clip.py:2724:_process_frame
WARNING:pet.gui_stall_sampler:  [t-15ms] webm_clip.py:2499:_poll <- webm_clip.py:2750:_process_frame <- window_optional_services.py:62:<lambda> <- verify_seeky_multi.py:92:observed_frame <- window.py:1917:_on_frame <- window.py:2124:_rebuild_frame
WARNING:root:GUI 卡顿 147ms state=IDLE anim=待机呼吸休闲 physics=None
WARNING:pet.gui_stall_sampler:GUI 冻结现场（147ms，3 个采样点，旧→新）：
WARNING:pet.gui_stall_sampler:  [t-197ms] verify_seeky_multi.py:308:<module> <- verify_seeky_multi.py:244:main
WARNING:pet.gui_stall_sampler:  [t-124ms] verify_seeky_multi.py:308:<module> <- verify_seeky_multi.py:244:main <- webm_clip.py:2499:_poll <- webm_clip.py:2724:_process_frame
WARNING:pet.gui_stall_sampler:  [t-15ms] webm_clip.py:2499:_poll <- webm_clip.py:2750:_process_frame <- window_optional_services.py:62:<lambda> <- verify_seeky_multi.py:92:observed_frame <- window.py:1917:_on_frame <- window.py:2124:_rebuild_frame
WARNING:root:GUI 卡顿 127ms state=IDLE anim=待机呼吸休闲 physics=None
WARNING:pet.gui_stall_sampler:GUI 冻结现场（127ms，2 个采样点，旧→新）：
WARNING:pet.gui_stall_sampler:  [t-173ms] webm_clip.py:2499:_poll <- webm_clip.py:2750:_process_frame <- window_optional_services.py:62:<lambda> <- verify_seeky_multi.py:92:observed_frame <- window.py:1917:_on_frame <- window.py:2106:_rebuild_frame
WARNING:pet.gui_stall_sampler:  [t-22ms] verify_seeky_multi.py:308:<module> <- verify_seeky_multi.py:244:main <- webm_clip.py:2499:_poll <- webm_clip.py:2724:_process_frame
WARNING:root:GUI 卡顿 127ms state=IDLE anim=待机呼吸休闲 physics=None
WARNING:pet.gui_stall_sampler:GUI 冻结现场（127ms，2 个采样点，旧→新）：
WARNING:pet.gui_stall_sampler:  [t-174ms] webm_clip.py:2499:_poll <- webm_clip.py:2750:_process_frame <- window_optional_services.py:62:<lambda> <- verify_seeky_multi.py:92:observed_frame <- window.py:1917:_on_frame <- window.py:2106:_rebuild_frame
WARNING:pet.gui_stall_sampler:  [t-23ms] verify_seeky_multi.py:308:<module> <- verify_seeky_multi.py:244:main <- webm_clip.py:2499:_poll <- webm_clip.py:2724:_process_frame
WARNING:root:GUI 卡顿 128ms state=IDLE anim=待机呼吸休闲 physics=None
WARNING:pet.gui_stall_sampler:GUI 冻结现场（128ms，2 个采样点，旧→新）：
WARNING:pet.gui_stall_sampler:  [t-174ms] webm_clip.py:2499:_poll <- webm_clip.py:2750:_process_frame <- window_optional_services.py:62:<lambda> <- verify_seeky_multi.py:92:observed_frame <- window.py:1917:_on_frame <- window.py:2106:_rebuild_frame
WARNING:pet.gui_stall_sampler:  [t-23ms] verify_seeky_multi.py:308:<module> <- verify_seeky_multi.py:244:main <- webm_clip.py:2499:_poll <- webm_clip.py:2724:_process_frame
WARNING:root:GUI 卡顿 117ms state=IDLE anim=待机呼吸休闲 physics=None
WARNING:pet.gui_stall_sampler:GUI 冻结现场（117ms，3 个采样点，旧→新）：
WARNING:pet.gui_stall_sampler:  [t-160ms] verify_seeky_multi.py:308:<module> <- verify_seeky_multi.py:244:main
WARNING:pet.gui_stall_sampler:  [t-96ms] verify_seeky_multi.py:308:<module> <- verify_seeky_multi.py:244:main <- webm_clip.py:2499:_poll <- webm_clip.py:2724:_process_frame
WARNING:pet.gui_stall_sampler:  [t-19ms] webm_clip.py:2499:_poll <- webm_clip.py:2750:_process_frame <- window_optional_services.py:62:<lambda> <- verify_seeky_multi.py:92:observed_frame <- window.py:1917:_on_frame <- window.py:2106:_rebuild_frame
WARNING:root:GUI 卡顿 119ms state=IDLE anim=待机呼吸休闲 physics=None
WARNING:pet.gui_stall_sampler:GUI 冻结现场（119ms，3 个采样点，旧→新）：
WARNING:pet.gui_stall_sampler:  [t-161ms] verify_seeky_multi.py:308:<module> <- verify_seeky_multi.py:244:main
WARNING:pet.gui_stall_sampler:  [t-98ms] verify_seeky_multi.py:308:<module> <- verify_seeky_multi.py:244:main <- webm_clip.py:2499:_poll <- webm_clip.py:2724:_process_frame
WARNING:pet.gui_stall_sampler:  [t-21ms] webm_clip.py:2499:_poll <- webm_clip.py:2750:_process_frame <- window_optional_services.py:62:<lambda> <- verify_seeky_multi.py:92:observed_frame <- window.py:1917:_on_frame <- window.py:2106:_rebuild_frame
WARNING:root:GUI 卡顿 120ms state=IDLE anim=待机呼吸休闲 physics=None
WARNING:pet.gui_stall_sampler:GUI 冻结现场（120ms，3 个采样点，旧→新）：
WARNING:pet.gui_stall_sampler:  [t-161ms] verify_seeky_multi.py:308:<module> <- verify_seeky_multi.py:244:main
WARNING:pet.gui_stall_sampler:  [t-98ms] verify_seeky_multi.py:308:<module> <- verify_seeky_multi.py:244:main <- webm_clip.py:2499:_poll <- webm_clip.py:2724:_process_frame
WARNING:pet.gui_stall_sampler:  [t-21ms] webm_clip.py:2499:_poll <- webm_clip.py:2750:_process_frame <- window_optional_services.py:62:<lambda> <- verify_seeky_multi.py:92:observed_frame <- window.py:1917:_on_frame <- window.py:2106:_rebuild_frame
WARNING:root:GUI 卡顿 159ms state=IDLE anim=待机呼吸休闲 physics=None
WARNING:pet.gui_stall_sampler:GUI 冻结现场（159ms，1 个采样点，旧→新）：
WARNING:pet.gui_stall_sampler:  [t-82ms] webm_clip.py:2499:_poll <- webm_clip.py:2750:_process_frame <- window_optional_services.py:62:<lambda> <- verify_seeky_multi.py:92:observed_frame <- window.py:1917:_on_frame <- window.py:2106:_rebuild_frame
WARNING:root:GUI 卡顿 160ms state=IDLE anim=待机呼吸休闲 physics=None
WARNING:pet.gui_stall_sampler:GUI 冻结现场（160ms，2 个采样点，旧→新）：
WARNING:pet.gui_stall_sampler:  [t-210ms] webm_clip.py:2499:_poll <- webm_clip.py:2750:_process_frame <- window_optional_services.py:62:<lambda> <- verify_seeky_multi.py:92:observed_frame <- window.py:1917:_on_frame <- window.py:2099:_rebuild_frame
WARNING:pet.gui_stall_sampler:  [t-83ms] webm_clip.py:2499:_poll <- webm_clip.py:2750:_process_frame <- window_optional_services.py:62:<lambda> <- verify_seeky_multi.py:92:observed_frame <- window.py:1917:_on_frame <- window.py:2106:_rebuild_frame
WARNING:root:GUI 卡顿 160ms state=IDLE anim=待机呼吸休闲 physics=None
WARNING:pet.gui_stall_sampler:GUI 冻结现场（160ms，2 个采样点，旧→新）：
WARNING:pet.gui_stall_sampler:  [t-210ms] webm_clip.py:2499:_poll <- webm_clip.py:2750:_process_frame <- window_optional_services.py:62:<lambda> <- verify_seeky_multi.py:92:observed_frame <- window.py:1917:_on_frame <- window.py:2099:_rebuild_frame
WARNING:pet.gui_stall_sampler:  [t-83ms] webm_clip.py:2499:_poll <- webm_clip.py:2750:_process_frame <- window_optional_services.py:62:<lambda> <- verify_seeky_multi.py:92:observed_frame <- window.py:1917:_on_frame <- window.py:2106:_rebuild_frame
WARNING:root:GUI 卡顿 250ms state=IDLE anim=待机呼吸休闲 physics=None
WARNING:pet.gui_stall_sampler:GUI 冻结现场（250ms，2 个采样点，旧→新）：
WARNING:pet.gui_stall_sampler:  [t-92ms] verify_seeky_multi.py:308:<module> <- verify_seeky_multi.py:244:main <- webm_clip.py:2499:_poll <- webm_clip.py:2724:_process_frame
WARNING:pet.gui_stall_sampler:  [t-32ms] verify_seeky_multi.py:308:<module> <- verify_seeky_multi.py:244:main
WARNING:root:GUI 卡顿 257ms state=IDLE anim=待机呼吸休闲 physics=None
WARNING:pet.gui_stall_sampler:GUI 冻结现场（257ms，3 个采样点，旧→新）：
WARNING:pet.gui_stall_sampler:  [t-303ms] webm_clip.py:2499:_poll <- webm_clip.py:2750:_process_frame <- window_optional_services.py:62:<lambda> <- verify_seeky_multi.py:92:observed_frame <- window.py:1917:_on_frame <- window.py:2119:_rebuild_frame
WARNING:pet.gui_stall_sampler:  [t-93ms] verify_seeky_multi.py:308:<module> <- verify_seeky_multi.py:244:main <- webm_clip.py:2499:_poll <- webm_clip.py:2724:_process_frame
WARNING:pet.gui_stall_sampler:  [t-33ms] verify_seeky_multi.py:308:<module> <- verify_seeky_multi.py:244:main
WARNING:root:GUI 卡顿 258ms state=IDLE anim=待机呼吸休闲 physics=None
WARNING:pet.gui_stall_sampler:GUI 冻结现场（258ms，3 个采样点，旧→新）：
WARNING:pet.gui_stall_sampler:  [t-304ms] webm_clip.py:2499:_poll <- webm_clip.py:2750:_process_frame <- window_optional_services.py:62:<lambda> <- verify_seeky_multi.py:92:observed_frame <- window.py:1917:_on_frame <- window.py:2119:_rebuild_frame
WARNING:pet.gui_stall_sampler:  [t-94ms] verify_seeky_multi.py:308:<module> <- verify_seeky_multi.py:244:main <- webm_clip.py:2499:_poll <- webm_clip.py:2724:_process_frame
WARNING:pet.gui_stall_sampler:  [t-33ms] verify_seeky_multi.py:308:<module> <- verify_seeky_multi.py:244:main
WARNING:root:GUI 卡顿 113ms state=IDLE anim=待机呼吸休闲 physics=None
WARNING:pet.gui_stall_sampler:GUI 冻结现场（113ms，2 个采样点，旧→新）：
WARNING:pet.gui_stall_sampler:  [t-161ms] verify_seeky_multi.py:308:<module> <- verify_seeky_multi.py:244:main
WARNING:pet.gui_stall_sampler:  [t-5ms] verify_seeky_multi.py:92:observed_frame <- window.py:1917:_on_frame <- window.py:2124:_rebuild_frame <- window.py:2270:_sync_mask <- window_optional_services.py:42:effects_coverage <- frame_edges.py:34:coverage_region
WARNING:root:GUI 卡顿 130ms state=IDLE anim=待机呼吸休闲 physics=None
WARNING:pet.gui_stall_sampler:GUI 冻结现场（130ms，2 个采样点，旧→新）：
WARNING:pet.gui_stall_sampler:  [t-178ms] verify_seeky_multi.py:308:<module> <- verify_seeky_multi.py:244:main
WARNING:pet.gui_stall_sampler:  [t-22ms] verify_seeky_multi.py:92:observed_frame <- window.py:1917:_on_frame <- window.py:2124:_rebuild_frame <- window.py:2270:_sync_mask <- window_optional_services.py:42:effects_coverage <- frame_edges.py:34:coverage_region
WARNING:root:GUI 卡顿 131ms state=IDLE anim=待机呼吸休闲 physics=None
WARNING:pet.gui_stall_sampler:GUI 冻结现场（131ms，2 个采样点，旧→新）：
WARNING:pet.gui_stall_sampler:  [t-180ms] verify_seeky_multi.py:308:<module> <- verify_seeky_multi.py:244:main
WARNING:pet.gui_stall_sampler:  [t-24ms] verify_seeky_multi.py:92:observed_frame <- window.py:1917:_on_frame <- window.py:2124:_rebuild_frame <- window.py:2270:_sync_mask <- window_optional_services.py:42:effects_coverage <- frame_edges.py:34:coverage_region
WARNING:root:GUI 卡顿 116ms state=IDLE anim=待机呼吸休闲 physics=None
WARNING:pet.gui_stall_sampler:GUI 冻结现场（116ms，2 个采样点，旧→新）：
WARNING:pet.gui_stall_sampler:  [t-124ms] verify_seeky_multi.py:308:<module> <- verify_seeky_multi.py:244:main
WARNING:pet.gui_stall_sampler:  [t-28ms] webm_clip.py:2499:_poll <- webm_clip.py:2750:_process_frame <- window_optional_services.py:62:<lambda> <- verify_seeky_multi.py:92:observed_frame <- window.py:1917:_on_frame <- window.py:2099:_rebuild_frame
WARNING:root:GUI 卡顿 117ms state=IDLE anim=待机呼吸休闲 physics=None
WARNING:pet.gui_stall_sampler:GUI 冻结现场（117ms，2 个采样点，旧→新）：
WARNING:pet.gui_stall_sampler:  [t-125ms] verify_seeky_multi.py:308:<module> <- verify_seeky_multi.py:244:main
WARNING:pet.gui_stall_sampler:  [t-29ms] webm_clip.py:2499:_poll <- webm_clip.py:2750:_process_frame <- window_optional_services.py:62:<lambda> <- verify_seeky_multi.py:92:observed_frame <- window.py:1917:_on_frame <- window.py:2099:_rebuild_frame
WARNING:root:GUI 卡顿 117ms state=IDLE anim=待机呼吸休闲 physics=None
WARNING:pet.gui_stall_sampler:GUI 冻结现场（117ms，2 个采样点，旧→新）：
WARNING:pet.gui_stall_sampler:  [t-125ms] verify_seeky_multi.py:308:<module> <- verify_seeky_multi.py:244:main
WARNING:pet.gui_stall_sampler:  [t-29ms] webm_clip.py:2499:_poll <- webm_clip.py:2750:_process_frame <- window_optional_services.py:62:<lambda> <- verify_seeky_multi.py:92:observed_frame <- window.py:1917:_on_frame <- window.py:2099:_rebuild_frame
WARNING:root:GUI 卡顿 119ms state=IDLE anim=待机呼吸休闲 physics=None
WARNING:pet.gui_stall_sampler:GUI 冻结现场（119ms，2 个采样点，旧→新）：
WARNING:pet.gui_stall_sampler:  [t-131ms] verify_seeky_multi.py:308:<module> <- verify_seeky_multi.py:244:main
WARNING:pet.gui_stall_sampler:  [t-32ms] verify_seeky_multi.py:308:<module> <- verify_seeky_multi.py:244:main <- webm_clip.py:2499:_poll <- webm_clip.py:2724:_process_frame
WARNING:root:GUI 卡顿 121ms state=IDLE anim=待机呼吸休闲 physics=None
WARNING:pet.gui_stall_sampler:GUI 冻结现场（121ms，2 个采样点，旧→新）：
WARNING:pet.gui_stall_sampler:  [t-132ms] verify_seeky_multi.py:308:<module> <- verify_seeky_multi.py:244:main
WARNING:pet.gui_stall_sampler:  [t-33ms] verify_seeky_multi.py:308:<module> <- verify_seeky_multi.py:244:main <- webm_clip.py:2499:_poll <- webm_clip.py:2724:_process_frame
WARNING:root:GUI 卡顿 121ms state=IDLE anim=待机呼吸休闲 physics=None
WARNING:pet.gui_stall_sampler:GUI 冻结现场（121ms，2 个采样点，旧→新）：
WARNING:pet.gui_stall_sampler:  [t-132ms] verify_seeky_multi.py:308:<module> <- verify_seeky_multi.py:244:main
WARNING:pet.gui_stall_sampler:  [t-34ms] verify_seeky_multi.py:308:<module> <- verify_seeky_multi.py:244:main <- webm_clip.py:2499:_poll <- webm_clip.py:2724:_process_frame
WARNING:root:GUI 卡顿 131ms state=IDLE anim=待机呼吸休闲 physics=None
WARNING:pet.gui_stall_sampler:GUI 冻结现场（131ms，3 个采样点，旧→新）：
WARNING:pet.gui_stall_sampler:  [t-168ms] verify_seeky_multi.py:308:<module> <- verify_seeky_multi.py:244:main
WARNING:pet.gui_stall_sampler:  [t-105ms] verify_seeky_multi.py:308:<module> <- verify_seeky_multi.py:244:main <- webm_clip.py:2499:_poll <- webm_clip.py:2723:_process_frame
WARNING:pet.gui_stall_sampler:  [t-44ms] verify_seeky_multi.py:308:<module> <- verify_seeky_multi.py:244:main <- webm_clip.py:2499:_poll <- webm_clip.py:2724:_process_frame
WARNING:root:GUI 卡顿 133ms state=IDLE anim=待机呼吸休闲 physics=None
WARNING:pet.gui_stall_sampler:GUI 冻结现场（133ms，3 个采样点，旧→新）：
WARNING:pet.gui_stall_sampler:  [t-169ms] verify_seeky_multi.py:308:<module> <- verify_seeky_multi.py:244:main
WARNING:pet.gui_stall_sampler:  [t-106ms] verify_seeky_multi.py:308:<module> <- verify_seeky_multi.py:244:main <- webm_clip.py:2499:_poll <- webm_clip.py:2723:_process_frame
WARNING:pet.gui_stall_sampler:  [t-45ms] verify_seeky_multi.py:308:<module> <- verify_seeky_multi.py:244:main <- webm_clip.py:2499:_poll <- webm_clip.py:2724:_process_frame
WARNING:root:GUI 卡顿 134ms state=IDLE anim=待机呼吸休闲 physics=None
WARNING:pet.gui_stall_sampler:GUI 冻结现场（134ms，3 个采样点，旧→新）：
WARNING:pet.gui_stall_sampler:  [t-169ms] verify_seeky_multi.py:308:<module> <- verify_seeky_multi.py:244:main
WARNING:pet.gui_stall_sampler:  [t-107ms] verify_seeky_multi.py:308:<module> <- verify_seeky_multi.py:244:main <- webm_clip.py:2499:_poll <- webm_clip.py:2723:_process_frame
WARNING:pet.gui_stall_sampler:  [t-46ms] verify_seeky_multi.py:308:<module> <- verify_seeky_multi.py:244:main <- webm_clip.py:2499:_poll <- webm_clip.py:2724:_process_frame
WARNING:root:GUI 卡顿 135ms state=IDLE anim=待机呼吸休闲 physics=None
WARNING:pet.gui_stall_sampler:GUI 冻结现场（135ms，1 个采样点，旧→新）：
WARNING:pet.gui_stall_sampler:  [t-180ms] window_optional_services.py:62:<lambda> <- verify_seeky_multi.py:92:observed_frame <- window.py:1917:_on_frame <- window.py:2124:_rebuild_frame <- window.py:2270:_sync_mask <- window_optional_services.py:42:effects_coverage
WARNING:root:GUI 卡顿 136ms state=IDLE anim=待机呼吸休闲 physics=None
WARNING:pet.gui_stall_sampler:GUI 冻结现场（136ms，1 个采样点，旧→新）：
WARNING:pet.gui_stall_sampler:  [t-180ms] window_optional_services.py:62:<lambda> <- verify_seeky_multi.py:92:observed_frame <- window.py:1917:_on_frame <- window.py:2124:_rebuild_frame <- window.py:2270:_sync_mask <- window_optional_services.py:42:effects_coverage
WARNING:root:GUI 卡顿 136ms state=IDLE anim=待机呼吸休闲 physics=None
WARNING:pet.gui_stall_sampler:GUI 冻结现场（136ms，1 个采样点，旧→新）：
WARNING:pet.gui_stall_sampler:  [t-181ms] window_optional_services.py:62:<lambda> <- verify_seeky_multi.py:92:observed_frame <- window.py:1917:_on_frame <- window.py:2124:_rebuild_frame <- window.py:2270:_sync_mask <- window_optional_services.py:42:effects_coverage
WARNING:root:GUI 卡顿 108ms state=IDLE anim=待机呼吸休闲 physics=None
WARNING:pet.gui_stall_sampler:GUI 冻结现场（108ms，2 个采样点，旧→新）：
WARNING:pet.gui_stall_sampler:  [t-146ms] window_optional_services.py:62:<lambda> <- verify_seeky_multi.py:92:observed_frame <- window.py:1917:_on_frame <- window.py:2124:_rebuild_frame <- window.py:2270:_sync_mask <- window_optional_services.py:42:effects_coverage
WARNING:pet.gui_stall_sampler:  [t-12ms] verify_seeky_multi.py:308:<module> <- verify_seeky_multi.py:244:main <- webm_clip.py:2499:_poll <- webm_clip.py:2750:_process_frame
WARNING:root:GUI 卡顿 110ms state=IDLE anim=待机呼吸休闲 physics=None
WARNING:pet.gui_stall_sampler:GUI 冻结现场（110ms，2 个采样点，旧→新）：
WARNING:pet.gui_stall_sampler:  [t-148ms] window_optional_services.py:62:<lambda> <- verify_seeky_multi.py:92:observed_frame <- window.py:1917:_on_frame <- window.py:2124:_rebuild_frame <- window.py:2270:_sync_mask <- window_optional_services.py:42:effects_coverage
WARNING:pet.gui_stall_sampler:  [t-14ms] verify_seeky_multi.py:308:<module> <- verify_seeky_multi.py:244:main <- webm_clip.py:2499:_poll <- webm_clip.py:2750:_process_frame
WARNING:root:GUI 卡顿 110ms state=IDLE anim=待机呼吸休闲 physics=None
WARNING:pet.gui_stall_sampler:GUI 冻结现场（110ms，2 个采样点，旧→新）：
WARNING:pet.gui_stall_sampler:  [t-148ms] window_optional_services.py:62:<lambda> <- verify_seeky_multi.py:92:observed_frame <- window.py:1917:_on_frame <- window.py:2124:_rebuild_frame <- window.py:2270:_sync_mask <- window_optional_services.py:42:effects_coverage
WARNING:pet.gui_stall_sampler:  [t-14ms] verify_seeky_multi.py:308:<module> <- verify_seeky_multi.py:244:main <- webm_clip.py:2499:_poll <- webm_clip.py:2750:_process_frame
WARNING:root:GUI 卡顿 111ms state=IDLE anim=待机呼吸休闲 physics=None
WARNING:pet.gui_stall_sampler:GUI 冻结现场（111ms，2 个采样点，旧→新）：
WARNING:pet.gui_stall_sampler:  [t-124ms] verify_seeky_multi.py:308:<module> <- verify_seeky_multi.py:244:main
WARNING:pet.gui_stall_sampler:  [t-22ms] webm_clip.py:2499:_poll <- webm_clip.py:2750:_process_frame <- window_optional_services.py:62:<lambda> <- verify_seeky_multi.py:92:observed_frame <- window.py:1917:_on_frame <- window.py:2106:_rebuild_frame
WARNING:root:GUI 卡顿 112ms state=IDLE anim=待机呼吸休闲 physics=None
WARNING:pet.gui_stall_sampler:GUI 冻结现场（112ms，2 个采样点，旧→新）：
WARNING:pet.gui_stall_sampler:  [t-124ms] verify_seeky_multi.py:308:<module> <- verify_seeky_multi.py:244:main
WARNING:pet.gui_stall_sampler:  [t-22ms] webm_clip.py:2499:_poll <- webm_clip.py:2750:_process_frame <- window_optional_services.py:62:<lambda> <- verify_seeky_multi.py:92:observed_frame <- window.py:1917:_on_frame <- window.py:2106:_rebuild_frame
WARNING:root:GUI 卡顿 112ms state=IDLE anim=待机呼吸休闲 physics=None
WARNING:pet.gui_stall_sampler:GUI 冻结现场（112ms，2 个采样点，旧→新）：
WARNING:pet.gui_stall_sampler:  [t-125ms] verify_seeky_multi.py:308:<module> <- verify_seeky_multi.py:244:main
WARNING:pet.gui_stall_sampler:  [t-22ms] webm_clip.py:2499:_poll <- webm_clip.py:2750:_process_frame <- window_optional_services.py:62:<lambda> <- verify_seeky_multi.py:92:observed_frame <- window.py:1917:_on_frame <- window.py:2106:_rebuild_frame
WARNING:root:GUI 卡顿 140ms state=IDLE anim=待机呼吸休闲 physics=None
WARNING:pet.gui_stall_sampler:GUI 冻结现场（140ms，1 个采样点，旧→新）：
WARNING:pet.gui_stall_sampler:  [t-149ms] verify_seeky_multi.py:308:<module> <- verify_seeky_multi.py:244:main
WARNING:root:GUI 卡顿 141ms state=IDLE anim=待机呼吸休闲 physics=None
WARNING:pet.gui_stall_sampler:GUI 冻结现场（141ms，1 个采样点，旧→新）：
WARNING:pet.gui_stall_sampler:  [t-150ms] verify_seeky_multi.py:308:<module> <- verify_seeky_multi.py:244:main
WARNING:root:GUI 卡顿 141ms state=IDLE anim=待机呼吸休闲 physics=None
WARNING:pet.gui_stall_sampler:GUI 冻结现场（141ms，1 个采样点，旧→新）：
WARNING:pet.gui_stall_sampler:  [t-150ms] verify_seeky_multi.py:308:<module> <- verify_seeky_multi.py:244:main
WARNING:root:GUI 卡顿 118ms state=IDLE anim=待机呼吸休闲 physics=None
WARNING:pet.gui_stall_sampler:GUI 冻结现场（118ms，2 个采样点，旧→新）：
WARNING:pet.gui_stall_sampler:  [t-154ms] verify_seeky_multi.py:308:<module> <- verify_seeky_multi.py:244:main
WARNING:pet.gui_stall_sampler:  [t-30ms] webm_clip.py:2499:_poll <- webm_clip.py:2750:_process_frame <- window_optional_services.py:62:<lambda> <- verify_seeky_multi.py:92:observed_frame <- window.py:1917:_on_frame <- window.py:2106:_rebuild_frame
WARNING:root:GUI 卡顿 120ms state=IDLE anim=待机呼吸休闲 physics=None
WARNING:pet.gui_stall_sampler:GUI 冻结现场（120ms，2 个采样点，旧→新）：
WARNING:pet.gui_stall_sampler:  [t-155ms] verify_seeky_multi.py:308:<module> <- verify_seeky_multi.py:244:main
WARNING:pet.gui_stall_sampler:  [t-30ms] webm_clip.py:2499:_poll <- webm_clip.py:2750:_process_frame <- window_optional_services.py:62:<lambda> <- verify_seeky_multi.py:92:observed_frame <- window.py:1917:_on_frame <- window.py:2106:_rebuild_frame
WARNING:root:GUI 卡顿 120ms state=IDLE anim=待机呼吸休闲 physics=None
WARNING:pet.gui_stall_sampler:GUI 冻结现场（120ms，2 个采样点，旧→新）：
WARNING:pet.gui_stall_sampler:  [t-155ms] verify_seeky_multi.py:308:<module> <- verify_seeky_multi.py:244:main
WARNING:pet.gui_stall_sampler:  [t-30ms] webm_clip.py:2499:_poll <- webm_clip.py:2750:_process_frame <- window_optional_services.py:62:<lambda> <- verify_seeky_multi.py:92:observed_frame <- window.py:1917:_on_frame <- window.py:2106:_rebuild_frame
WARNING:root:GUI 卡顿 108ms state=IDLE anim=待机呼吸休闲 physics=None
WARNING:pet.gui_stall_sampler:GUI 冻结现场（108ms，2 个采样点，旧→新）：
WARNING:pet.gui_stall_sampler:  [t-150ms] verify_seeky_multi.py:308:<module> <- verify_seeky_multi.py:244:main
WARNING:pet.gui_stall_sampler:  [t-9ms] webm_clip.py:2499:_poll <- webm_clip.py:2750:_process_frame <- window_optional_services.py:62:<lambda> <- verify_seeky_multi.py:92:observed_frame <- window.py:1917:_on_frame <- window.py:2114:_rebuild_frame
WARNING:root:GUI 卡顿 109ms state=IDLE anim=待机呼吸休闲 physics=None
WARNING:pet.gui_stall_sampler:GUI 冻结现场（109ms，2 个采样点，旧→新）：
WARNING:pet.gui_stall_sampler:  [t-150ms] verify_seeky_multi.py:308:<module> <- verify_seeky_multi.py:244:main
WARNING:pet.gui_stall_sampler:  [t-10ms] webm_clip.py:2499:_poll <- webm_clip.py:2750:_process_frame <- window_optional_services.py:62:<lambda> <- verify_seeky_multi.py:92:observed_frame <- window.py:1917:_on_frame <- window.py:2114:_rebuild_frame
WARNING:root:GUI 卡顿 109ms state=IDLE anim=待机呼吸休闲 physics=None
WARNING:pet.gui_stall_sampler:GUI 冻结现场（109ms，2 个采样点，旧→新）：
WARNING:pet.gui_stall_sampler:  [t-150ms] verify_seeky_multi.py:308:<module> <- verify_seeky_multi.py:244:main
WARNING:pet.gui_stall_sampler:  [t-10ms] webm_clip.py:2499:_poll <- webm_clip.py:2750:_process_frame <- window_optional_services.py:62:<lambda> <- verify_seeky_multi.py:92:observed_frame <- window.py:1917:_on_frame <- window.py:2114:_rebuild_frame
WARNING:root:GUI 卡顿 109ms state=IDLE anim=待机呼吸休闲 physics=None
WARNING:pet.gui_stall_sampler:GUI 冻结现场（109ms，1 个采样点，旧→新）：
WARNING:pet.gui_stall_sampler:  [t-24ms] webm_clip.py:2499:_poll <- webm_clip.py:2750:_process_frame <- window_optional_services.py:62:<lambda> <- verify_seeky_multi.py:92:observed_frame <- window.py:1917:_on_frame <- window.py:2106:_rebuild_frame
WARNING:root:GUI 卡顿 111ms state=IDLE anim=待机呼吸休闲 physics=None
WARNING:pet.gui_stall_sampler:GUI 冻结现场（111ms，2 个采样点，旧→新）：
WARNING:pet.gui_stall_sampler:  [t-160ms] verify_seeky_multi.py:308:<module> <- verify_seeky_multi.py:244:main
WARNING:pet.gui_stall_sampler:  [t-25ms] webm_clip.py:2499:_poll <- webm_clip.py:2750:_process_frame <- window_optional_services.py:62:<lambda> <- verify_seeky_multi.py:92:observed_frame <- window.py:1917:_on_frame <- window.py:2106:_rebuild_frame
WARNING:root:GUI 卡顿 111ms state=IDLE anim=待机呼吸休闲 physics=None
WARNING:pet.gui_stall_sampler:GUI 冻结现场（111ms，2 个采样点，旧→新）：
WARNING:pet.gui_stall_sampler:  [t-160ms] verify_seeky_multi.py:308:<module> <- verify_seeky_multi.py:244:main
WARNING:pet.gui_stall_sampler:  [t-25ms] webm_clip.py:2499:_poll <- webm_clip.py:2750:_process_frame <- window_optional_services.py:62:<lambda> <- verify_seeky_multi.py:92:observed_frame <- window.py:1917:_on_frame <- window.py:2106:_rebuild_frame
WARNING:root:GUI 卡顿 107ms state=IDLE anim=待机呼吸休闲 physics=None
WARNING:pet.gui_stall_sampler:GUI 冻结现场（107ms，2 个采样点，旧→新）：
WARNING:pet.gui_stall_sampler:  [t-135ms] verify_seeky_multi.py:308:<module> <- verify_seeky_multi.py:244:main
WARNING:root:GUI 卡顿 108ms state=IDLE anim=待机呼吸休闲 physics=None
WARNING:pet.gui_stall_sampler:GUI 冻结现场（108ms，2 个采样点，旧→新）：
WARNING:pet.gui_stall_sampler:  [t-135ms] verify_seeky_multi.py:308:<module> <- verify_seeky_multi.py:244:main
WARNING:root:GUI 卡顿 108ms state=IDLE anim=待机呼吸休闲 physics=None
WARNING:pet.gui_stall_sampler:GUI 冻结现场（108ms，2 个采样点，旧→新）：
WARNING:pet.gui_stall_sampler:  [t-136ms] verify_seeky_multi.py:308:<module> <- verify_seeky_multi.py:244:main
WARNING:root:GUI 卡顿 107ms state=IDLE anim=待机呼吸休闲 physics=None
WARNING:pet.gui_stall_sampler:GUI 冻结现场（107ms，2 个采样点，旧→新）：
WARNING:pet.gui_stall_sampler:  [t-109ms] verify_seeky_multi.py:308:<module> <- verify_seeky_multi.py:244:main
WARNING:pet.gui_stall_sampler:  [t-40ms] verify_seeky_multi.py:308:<module> <- verify_seeky_multi.py:244:main <- webm_clip.py:2499:_poll <- webm_clip.py:2724:_process_frame
WARNING:root:GUI 卡顿 108ms state=IDLE anim=待机呼吸休闲 physics=None
WARNING:pet.gui_stall_sampler:GUI 冻结现场（108ms，2 个采样点，旧→新）：
WARNING:pet.gui_stall_sampler:  [t-110ms] verify_seeky_multi.py:308:<module> <- verify_seeky_multi.py:244:main
WARNING:pet.gui_stall_sampler:  [t-41ms] verify_seeky_multi.py:308:<module> <- verify_seeky_multi.py:244:main <- webm_clip.py:2499:_poll <- webm_clip.py:2724:_process_frame
WARNING:root:GUI 卡顿 109ms state=IDLE anim=待机呼吸休闲 physics=None
WARNING:pet.gui_stall_sampler:GUI 冻结现场（109ms，2 个采样点，旧→新）：
WARNING:pet.gui_stall_sampler:  [t-110ms] verify_seeky_multi.py:308:<module> <- verify_seeky_multi.py:244:main
WARNING:pet.gui_stall_sampler:  [t-41ms] verify_seeky_multi.py:308:<module> <- verify_seeky_multi.py:244:main <- webm_clip.py:2499:_poll <- webm_clip.py:2724:_process_frame
WARNING:root:GUI 卡顿 198ms state=IDLE anim=待机呼吸休闲 physics=None
WARNING:pet.gui_stall_sampler:GUI 冻结现场（198ms，2 个采样点，旧→新）：
WARNING:pet.gui_stall_sampler:  [t-200ms] verify_seeky_multi.py:308:<module> <- verify_seeky_multi.py:244:main
WARNING:pet.gui_stall_sampler:  [t-45ms] webm_clip.py:2499:_poll <- webm_clip.py:2750:_process_frame <- window_optional_services.py:62:<lambda> <- verify_seeky_multi.py:92:observed_frame <- window.py:1904:_on_frame <- window.py:2753:_predict_prewarm
WARNING:root:GUI 卡顿 200ms state=IDLE anim=待机呼吸休闲 physics=None
WARNING:pet.gui_stall_sampler:GUI 冻结现场（200ms，2 个采样点，旧→新）：
WARNING:pet.gui_stall_sampler:  [t-201ms] verify_seeky_multi.py:308:<module> <- verify_seeky_multi.py:244:main
WARNING:pet.gui_stall_sampler:  [t-46ms] webm_clip.py:2499:_poll <- webm_clip.py:2750:_process_frame <- window_optional_services.py:62:<lambda> <- verify_seeky_multi.py:92:observed_frame <- window.py:1904:_on_frame <- window.py:2753:_predict_prewarm
WARNING:root:GUI 卡顿 200ms state=IDLE anim=待机呼吸休闲 physics=None
WARNING:pet.gui_stall_sampler:GUI 冻结现场（200ms，2 个采样点，旧→新）：
WARNING:pet.gui_stall_sampler:  [t-201ms] verify_seeky_multi.py:308:<module> <- verify_seeky_multi.py:244:main
WARNING:pet.gui_stall_sampler:  [t-46ms] webm_clip.py:2499:_poll <- webm_clip.py:2750:_process_frame <- window_optional_services.py:62:<lambda> <- verify_seeky_multi.py:92:observed_frame <- window.py:1904:_on_frame <- window.py:2753:_predict_prewarm
WARNING:root:GUI 卡顿 183ms state=IDLE anim=待机呼吸休闲 physics=None
WARNING:pet.gui_stall_sampler:GUI 冻结现场（183ms，3 个采样点，旧→新）：
WARNING:pet.gui_stall_sampler:  [t-224ms] webm_clip.py:2499:_poll <- webm_clip.py:2750:_process_frame <- window_optional_services.py:62:<lambda> <- verify_seeky_multi.py:92:observed_frame <- window.py:1917:_on_frame <- window.py:2119:_rebuild_frame
WARNING:pet.gui_stall_sampler:  [t-63ms] verify_seeky_multi.py:308:<module> <- verify_seeky_multi.py:244:main <- webm_clip.py:2499:_poll <- webm_clip.py:2724:_process_frame
WARNING:pet.gui_stall_sampler:  [t-8ms] verify_seeky_multi.py:308:<module> <- verify_seeky_multi.py:244:main
WARNING:root:GUI 卡顿 183ms state=IDLE anim=待机呼吸休闲 physics=None
WARNING:pet.gui_stall_sampler:GUI 冻结现场（183ms，3 个采样点，旧→新）：
WARNING:pet.gui_stall_sampler:  [t-225ms] webm_clip.py:2499:_poll <- webm_clip.py:2750:_process_frame <- window_optional_services.py:62:<lambda> <- verify_seeky_multi.py:92:observed_frame <- window.py:1917:_on_frame <- window.py:2119:_rebuild_frame
WARNING:pet.gui_stall_sampler:  [t-64ms] verify_seeky_multi.py:308:<module> <- verify_seeky_multi.py:244:main <- webm_clip.py:2499:_poll <- webm_clip.py:2724:_process_frame
WARNING:pet.gui_stall_sampler:  [t-8ms] verify_seeky_multi.py:308:<module> <- verify_seeky_multi.py:244:main
WARNING:root:GUI 卡顿 184ms state=IDLE anim=待机呼吸休闲 physics=None
WARNING:pet.gui_stall_sampler:GUI 冻结现场（184ms，3 个采样点，旧→新）：
WARNING:pet.gui_stall_sampler:  [t-225ms] webm_clip.py:2499:_poll <- webm_clip.py:2750:_process_frame <- window_optional_services.py:62:<lambda> <- verify_seeky_multi.py:92:observed_frame <- window.py:1917:_on_frame <- window.py:2119:_rebuild_frame
WARNING:pet.gui_stall_sampler:  [t-64ms] verify_seeky_multi.py:308:<module> <- verify_seeky_multi.py:244:main <- webm_clip.py:2499:_poll <- webm_clip.py:2724:_process_frame
WARNING:pet.gui_stall_sampler:  [t-8ms] verify_seeky_multi.py:308:<module> <- verify_seeky_multi.py:244:main
WARNING:root:GUI 卡顿 170ms state=IDLE anim=待机呼吸休闲 physics=None
WARNING:pet.gui_stall_sampler:GUI 冻结现场（170ms，3 个采样点，旧→新）：
WARNING:pet.gui_stall_sampler:  [t-212ms] webm_clip.py:2499:_poll <- webm_clip.py:2750:_process_frame <- window_optional_services.py:62:<lambda> <- verify_seeky_multi.py:92:observed_frame <- window.py:1917:_on_frame <- window.py:2106:_rebuild_frame
WARNING:pet.gui_stall_sampler:  [t-103ms] webm_clip.py:2499:_poll <- webm_clip.py:2750:_process_frame <- window_optional_services.py:62:<lambda> <- verify_seeky_multi.py:92:observed_frame <- window.py:1919:_on_frame <- window.py:2126:_rebuild_frame
WARNING:pet.gui_stall_sampler:  [t-7ms] webm_clip.py:2499:_poll <- webm_clip.py:2750:_process_frame <- window_optional_services.py:62:<lambda> <- verify_seeky_multi.py:92:observed_frame <- window.py:1917:_on_frame <- window.py:2106:_rebuild_frame
WARNING:root:GUI 卡顿 181ms state=IDLE anim=待机呼吸休闲 physics=None
WARNING:pet.gui_stall_sampler:GUI 冻结现场（181ms，3 个采样点，旧→新）：
WARNING:pet.gui_stall_sampler:  [t-224ms] webm_clip.py:2499:_poll <- webm_clip.py:2750:_process_frame <- window_optional_services.py:62:<lambda> <- verify_seeky_multi.py:92:observed_frame <- window.py:1917:_on_frame <- window.py:2106:_rebuild_frame
WARNING:pet.gui_stall_sampler:  [t-115ms] webm_clip.py:2499:_poll <- webm_clip.py:2750:_process_frame <- window_optional_services.py:62:<lambda> <- verify_seeky_multi.py:92:observed_frame <- window.py:1919:_on_frame <- window.py:2126:_rebuild_frame
WARNING:pet.gui_stall_sampler:  [t-19ms] webm_clip.py:2499:_poll <- webm_clip.py:2750:_process_frame <- window_optional_services.py:62:<lambda> <- verify_seeky_multi.py:92:observed_frame <- window.py:1917:_on_frame <- window.py:2106:_rebuild_frame
WARNING:root:GUI 卡顿 198ms state=IDLE anim=待机呼吸休闲 physics=None
WARNING:pet.gui_stall_sampler:GUI 冻结现场（198ms，3 个采样点，旧→新）：
WARNING:pet.gui_stall_sampler:  [t-241ms] webm_clip.py:2499:_poll <- webm_clip.py:2750:_process_frame <- window_optional_services.py:62:<lambda> <- verify_seeky_multi.py:92:observed_frame <- window.py:1917:_on_frame <- window.py:2106:_rebuild_frame
WARNING:pet.gui_stall_sampler:  [t-132ms] webm_clip.py:2499:_poll <- webm_clip.py:2750:_process_frame <- window_optional_services.py:62:<lambda> <- verify_seeky_multi.py:92:observed_frame <- window.py:1919:_on_frame <- window.py:2126:_rebuild_frame
WARNING:pet.gui_stall_sampler:  [t-36ms] webm_clip.py:2499:_poll <- webm_clip.py:2750:_process_frame <- window_optional_services.py:62:<lambda> <- verify_seeky_multi.py:92:observed_frame <- window.py:1917:_on_frame <- window.py:2106:_rebuild_frame
WARNING:root:GUI 卡顿 109ms state=IDLE anim=待机呼吸休闲 physics=None
WARNING:pet.gui_stall_sampler:GUI 冻结现场（109ms，2 个采样点，旧→新）：
WARNING:pet.gui_stall_sampler:  [t-154ms] webm_clip.py:2750:_process_frame <- window_optional_services.py:62:<lambda> <- verify_seeky_multi.py:92:observed_frame <- window.py:1917:_on_frame <- window.py:2124:_rebuild_frame <- window.py:2263:_sync_mask
WARNING:pet.gui_stall_sampler:  [t-11ms] verify_seeky_multi.py:308:<module> <- verify_seeky_multi.py:244:main <- webm_clip.py:2499:_poll <- webm_clip.py:2750:_process_frame
WARNING:root:GUI 卡顿 112ms state=IDLE anim=待机呼吸休闲 physics=None
WARNING:pet.gui_stall_sampler:GUI 冻结现场（112ms，2 个采样点，旧→新）：
WARNING:pet.gui_stall_sampler:  [t-155ms] webm_clip.py:2750:_process_frame <- window_optional_services.py:62:<lambda> <- verify_seeky_multi.py:92:observed_frame <- window.py:1917:_on_frame <- window.py:2124:_rebuild_frame <- window.py:2263:_sync_mask
WARNING:pet.gui_stall_sampler:  [t-11ms] verify_seeky_multi.py:308:<module> <- verify_seeky_multi.py:244:main <- webm_clip.py:2499:_poll <- webm_clip.py:2750:_process_frame
WARNING:root:GUI 卡顿 112ms state=IDLE anim=待机呼吸休闲 physics=None
WARNING:pet.gui_stall_sampler:GUI 冻结现场（112ms，2 个采样点，旧→新）：
WARNING:pet.gui_stall_sampler:  [t-155ms] webm_clip.py:2750:_process_frame <- window_optional_services.py:62:<lambda> <- verify_seeky_multi.py:92:observed_frame <- window.py:1917:_on_frame <- window.py:2124:_rebuild_frame <- window.py:2263:_sync_mask
WARNING:pet.gui_stall_sampler:  [t-12ms] verify_seeky_multi.py:308:<module> <- verify_seeky_multi.py:244:main <- webm_clip.py:2499:_poll <- webm_clip.py:2750:_process_frame
WARNING:root:GUI 卡顿 127ms state=IDLE anim=待机呼吸休闲 physics=None
WARNING:pet.gui_stall_sampler:GUI 冻结现场（127ms，2 个采样点，旧→新）：
WARNING:pet.gui_stall_sampler:  [t-142ms] verify_seeky_multi.py:308:<module> <- verify_seeky_multi.py:244:main
WARNING:pet.gui_stall_sampler:  [t-37ms] verify_seeky_multi.py:92:observed_frame <- window.py:1917:_on_frame <- window.py:2124:_rebuild_frame <- window.py:2270:_sync_mask <- window_optional_services.py:42:effects_coverage <- frame_edges.py:27:coverage_region
WARNING:root:GUI 卡顿 128ms state=IDLE anim=待机呼吸休闲 physics=None
WARNING:pet.gui_stall_sampler:GUI 冻结现场（128ms，2 个采样点，旧→新）：
WARNING:pet.gui_stall_sampler:  [t-142ms] verify_seeky_multi.py:308:<module> <- verify_seeky_multi.py:244:main
WARNING:pet.gui_stall_sampler:  [t-38ms] verify_seeky_multi.py:92:observed_frame <- window.py:1917:_on_frame <- window.py:2124:_rebuild_frame <- window.py:2270:_sync_mask <- window_optional_services.py:42:effects_coverage <- frame_edges.py:27:coverage_region
WARNING:root:GUI 卡顿 129ms state=IDLE anim=待机呼吸休闲 physics=None
WARNING:pet.gui_stall_sampler:GUI 冻结现场（129ms，2 个采样点，旧→新）：
WARNING:pet.gui_stall_sampler:  [t-143ms] verify_seeky_multi.py:308:<module> <- verify_seeky_multi.py:244:main
WARNING:pet.gui_stall_sampler:  [t-38ms] verify_seeky_multi.py:92:observed_frame <- window.py:1917:_on_frame <- window.py:2124:_rebuild_frame <- window.py:2270:_sync_mask <- window_optional_services.py:42:effects_coverage <- frame_edges.py:27:coverage_region
WARNING:root:GUI 卡顿 103ms state=IDLE anim=待机呼吸休闲 physics=None
WARNING:pet.gui_stall_sampler:GUI 冻结现场（103ms，3 个采样点，旧→新）：
WARNING:pet.gui_stall_sampler:  [t-142ms] verify_seeky_multi.py:308:<module> <- verify_seeky_multi.py:244:main
WARNING:pet.gui_stall_sampler:  [t-60ms] webm_clip.py:2499:_poll <- webm_clip.py:2750:_process_frame <- window_optional_services.py:62:<lambda> <- verify_seeky_multi.py:92:observed_frame <- window.py:1917:_on_frame <- window.py:2106:_rebuild_frame
WARNING:pet.gui_stall_sampler:  [t-9ms] verify_seeky_multi.py:308:<module> <- verify_seeky_multi.py:244:main
WARNING:root:GUI 卡顿 104ms state=IDLE anim=待机呼吸休闲 physics=None
WARNING:pet.gui_stall_sampler:GUI 冻结现场（104ms，3 个采样点，旧→新）：
WARNING:pet.gui_stall_sampler:  [t-142ms] verify_seeky_multi.py:308:<module> <- verify_seeky_multi.py:244:main
WARNING:pet.gui_stall_sampler:  [t-61ms] webm_clip.py:2499:_poll <- webm_clip.py:2750:_process_frame <- window_optional_services.py:62:<lambda> <- verify_seeky_multi.py:92:observed_frame <- window.py:1917:_on_frame <- window.py:2106:_rebuild_frame
WARNING:pet.gui_stall_sampler:  [t-9ms] verify_seeky_multi.py:308:<module> <- verify_seeky_multi.py:244:main
WARNING:root:GUI 卡顿 105ms state=IDLE anim=待机呼吸休闲 physics=None
WARNING:pet.gui_stall_sampler:GUI 冻结现场（105ms，3 个采样点，旧→新）：
WARNING:pet.gui_stall_sampler:  [t-143ms] verify_seeky_multi.py:308:<module> <- verify_seeky_multi.py:244:main
WARNING:pet.gui_stall_sampler:  [t-61ms] webm_clip.py:2499:_poll <- webm_clip.py:2750:_process_frame <- window_optional_services.py:62:<lambda> <- verify_seeky_multi.py:92:observed_frame <- window.py:1917:_on_frame <- window.py:2106:_rebuild_frame
WARNING:pet.gui_stall_sampler:  [t-10ms] verify_seeky_multi.py:308:<module> <- verify_seeky_multi.py:244:main
WARNING:root:GUI 卡顿 114ms state=IDLE anim=待机呼吸休闲 physics=None
WARNING:pet.gui_stall_sampler:GUI 冻结现场（114ms，2 个采样点，旧→新）：
WARNING:pet.gui_stall_sampler:  [t-151ms] verify_seeky_multi.py:308:<module> <- verify_seeky_multi.py:244:main
WARNING:pet.gui_stall_sampler:  [t-12ms] verify_seeky_multi.py:308:<module> <- verify_seeky_multi.py:244:main <- webm_clip.py:2499:_poll <- webm_clip.py:2750:_process_frame
WARNING:root:GUI 卡顿 115ms state=IDLE anim=待机呼吸休闲 physics=None
WARNING:pet.gui_stall_sampler:GUI 冻结现场（115ms，2 个采样点，旧→新）：
WARNING:pet.gui_stall_sampler:  [t-151ms] verify_seeky_multi.py:308:<module> <- verify_seeky_multi.py:244:main
WARNING:pet.gui_stall_sampler:  [t-12ms] verify_seeky_multi.py:308:<module> <- verify_seeky_multi.py:244:main <- webm_clip.py:2499:_poll <- webm_clip.py:2750:_process_frame
WARNING:root:GUI 卡顿 116ms state=IDLE anim=待机呼吸休闲 physics=None
WARNING:pet.gui_stall_sampler:GUI 冻结现场（116ms，2 个采样点，旧→新）：
WARNING:pet.gui_stall_sampler:  [t-152ms] verify_seeky_multi.py:308:<module> <- verify_seeky_multi.py:244:main
WARNING:pet.gui_stall_sampler:  [t-13ms] verify_seeky_multi.py:308:<module> <- verify_seeky_multi.py:244:main <- webm_clip.py:2499:_poll <- webm_clip.py:2750:_process_frame
WARNING:root:GUI 卡顿 128ms state=IDLE anim=待机呼吸休闲 physics=None
WARNING:pet.gui_stall_sampler:GUI 冻结现场（128ms，2 个采样点，旧→新）：
WARNING:pet.gui_stall_sampler:  [t-126ms] verify_seeky_multi.py:308:<module> <- verify_seeky_multi.py:244:main
WARNING:pet.gui_stall_sampler:  [t-14ms] webm_clip.py:2499:_poll <- webm_clip.py:2750:_process_frame <- window_optional_services.py:62:<lambda> <- verify_seeky_multi.py:92:observed_frame <- window.py:1917:_on_frame <- window.py:2106:_rebuild_frame
WARNING:root:GUI 卡顿 129ms state=IDLE anim=待机呼吸休闲 physics=None
WARNING:pet.gui_stall_sampler:GUI 冻结现场（129ms，2 个采样点，旧→新）：
WARNING:pet.gui_stall_sampler:  [t-127ms] verify_seeky_multi.py:308:<module> <- verify_seeky_multi.py:244:main
WARNING:pet.gui_stall_sampler:  [t-14ms] webm_clip.py:2499:_poll <- webm_clip.py:2750:_process_frame <- window_optional_services.py:62:<lambda> <- verify_seeky_multi.py:92:observed_frame <- window.py:1917:_on_frame <- window.py:2106:_rebuild_frame
WARNING:root:GUI 卡顿 130ms state=IDLE anim=待机呼吸休闲 physics=None
WARNING:pet.gui_stall_sampler:GUI 冻结现场（130ms，2 个采样点，旧→新）：
WARNING:pet.gui_stall_sampler:  [t-127ms] verify_seeky_multi.py:308:<module> <- verify_seeky_multi.py:244:main
WARNING:pet.gui_stall_sampler:  [t-15ms] webm_clip.py:2499:_poll <- webm_clip.py:2750:_process_frame <- window_optional_services.py:62:<lambda> <- verify_seeky_multi.py:92:observed_frame <- window.py:1917:_on_frame <- window.py:2106:_rebuild_frame
WARNING:root:GUI 卡顿 125ms state=IDLE anim=待机呼吸休闲 physics=None
WARNING:pet.gui_stall_sampler:GUI 冻结现场（125ms，1 个采样点，旧→新）：
WARNING:pet.gui_stall_sampler:  [t-6ms] verify_seeky_multi.py:308:<module> <- verify_seeky_multi.py:244:main <- webm_clip.py:2499:_poll <- webm_clip.py:2750:_process_frame
WARNING:root:GUI 卡顿 127ms state=IDLE anim=待机呼吸休闲 physics=None
WARNING:pet.gui_stall_sampler:GUI 冻结现场（127ms，1 个采样点，旧→新）：
WARNING:pet.gui_stall_sampler:  [t-7ms] verify_seeky_multi.py:308:<module> <- verify_seeky_multi.py:244:main <- webm_clip.py:2499:_poll <- webm_clip.py:2750:_process_frame
WARNING:root:GUI 卡顿 127ms state=IDLE anim=待机呼吸休闲 physics=None
WARNING:pet.gui_stall_sampler:GUI 冻结现场（127ms，1 个采样点，旧→新）：
WARNING:pet.gui_stall_sampler:  [t-7ms] verify_seeky_multi.py:308:<module> <- verify_seeky_multi.py:244:main <- webm_clip.py:2499:_poll <- webm_clip.py:2750:_process_frame
WARNING:root:GUI 卡顿 118ms state=IDLE anim=待机呼吸休闲 physics=None
WARNING:pet.gui_stall_sampler:GUI 冻结现场（118ms，3 个采样点，旧→新）：
WARNING:pet.gui_stall_sampler:  [t-131ms] verify_seeky_multi.py:308:<module> <- verify_seeky_multi.py:244:main
WARNING:pet.gui_stall_sampler:  [t-63ms] webm_clip.py:2499:_poll <- webm_clip.py:2750:_process_frame <- window_optional_services.py:62:<lambda> <- verify_seeky_multi.py:92:observed_frame <- window.py:1917:_on_frame <- window.py:2106:_rebuild_frame
WARNING:pet.gui_stall_sampler:  [t-4ms] verify_seeky_multi.py:308:<module> <- verify_seeky_multi.py:244:main
WARNING:root:GUI 卡顿 119ms state=IDLE anim=待机呼吸休闲 physics=None
WARNING:pet.gui_stall_sampler:GUI 冻结现场（119ms，3 个采样点，旧→新）：
WARNING:pet.gui_stall_sampler:  [t-131ms] verify_seeky_multi.py:308:<module> <- verify_seeky_multi.py:244:main
WARNING:pet.gui_stall_sampler:  [t-63ms] webm_clip.py:2499:_poll <- webm_clip.py:2750:_process_frame <- window_optional_services.py:62:<lambda> <- verify_seeky_multi.py:92:observed_frame <- window.py:1917:_on_frame <- window.py:2106:_rebuild_frame
WARNING:pet.gui_stall_sampler:  [t-4ms] verify_seeky_multi.py:308:<module> <- verify_seeky_multi.py:244:main
WARNING:root:GUI 卡顿 119ms state=IDLE anim=待机呼吸休闲 physics=None
WARNING:pet.gui_stall_sampler:GUI 冻结现场（119ms，3 个采样点，旧→新）：
WARNING:pet.gui_stall_sampler:  [t-131ms] verify_seeky_multi.py:308:<module> <- verify_seeky_multi.py:244:main
WARNING:pet.gui_stall_sampler:  [t-64ms] webm_clip.py:2499:_poll <- webm_clip.py:2750:_process_frame <- window_optional_services.py:62:<lambda> <- verify_seeky_multi.py:92:observed_frame <- window.py:1917:_on_frame <- window.py:2106:_rebuild_frame
WARNING:pet.gui_stall_sampler:  [t-4ms] verify_seeky_multi.py:308:<module> <- verify_seeky_multi.py:244:main
WARNING:root:GUI 卡顿 109ms state=IDLE anim=待机呼吸休闲 physics=None
WARNING:pet.gui_stall_sampler:GUI 冻结现场（109ms，1 个采样点，旧→新）：
WARNING:pet.gui_stall_sampler:  [t-7ms] window_optional_services.py:62:<lambda> <- verify_seeky_multi.py:92:observed_frame <- window.py:1917:_on_frame <- window.py:2068:_rebuild_frame <- window.py:1993:_frame_signature <- window.py:2031:_frame_content_fingerprint
WARNING:root:GUI 卡顿 110ms state=IDLE anim=待机呼吸休闲 physics=None
WARNING:pet.gui_stall_sampler:GUI 冻结现场（110ms，1 个采样点，旧→新）：
WARNING:pet.gui_stall_sampler:  [t-7ms] window_optional_services.py:62:<lambda> <- verify_seeky_multi.py:92:observed_frame <- window.py:1917:_on_frame <- window.py:2068:_rebuild_frame <- window.py:1993:_frame_signature <- window.py:2031:_frame_content_fingerprint
WARNING:root:GUI 卡顿 110ms state=IDLE anim=待机呼吸休闲 physics=None
WARNING:pet.gui_stall_sampler:GUI 冻结现场（110ms，1 个采样点，旧→新）：
WARNING:pet.gui_stall_sampler:  [t-8ms] window_optional_services.py:62:<lambda> <- verify_seeky_multi.py:92:observed_frame <- window.py:1917:_on_frame <- window.py:2068:_rebuild_frame <- window.py:1993:_frame_signature <- window.py:2031:_frame_content_fingerprint
WARNING:root:GUI 卡顿 109ms state=IDLE anim=待机呼吸休闲 physics=None
WARNING:pet.gui_stall_sampler:GUI 冻结现场（109ms，2 个采样点，旧→新）：
WARNING:pet.gui_stall_sampler:  [t-142ms] verify_seeky_multi.py:308:<module> <- verify_seeky_multi.py:244:main
WARNING:pet.gui_stall_sampler:  [t-21ms] webm_clip.py:2499:_poll <- webm_clip.py:2750:_process_frame <- window_optional_services.py:62:<lambda> <- verify_seeky_multi.py:92:observed_frame <- window.py:1917:_on_frame <- window.py:2106:_rebuild_frame
WARNING:root:GUI 卡顿 112ms state=IDLE anim=待机呼吸休闲 physics=None
WARNING:pet.gui_stall_sampler:GUI 冻结现场（112ms，2 个采样点，旧→新）：
WARNING:pet.gui_stall_sampler:  [t-142ms] verify_seeky_multi.py:308:<module> <- verify_seeky_multi.py:244:main
WARNING:pet.gui_stall_sampler:  [t-22ms] webm_clip.py:2499:_poll <- webm_clip.py:2750:_process_frame <- window_optional_services.py:62:<lambda> <- verify_seeky_multi.py:92:observed_frame <- window.py:1917:_on_frame <- window.py:2106:_rebuild_frame
WARNING:root:GUI 卡顿 112ms state=IDLE anim=待机呼吸休闲 physics=None
WARNING:pet.gui_stall_sampler:GUI 冻结现场（112ms，2 个采样点，旧→新）：
WARNING:pet.gui_stall_sampler:  [t-143ms] verify_seeky_multi.py:308:<module> <- verify_seeky_multi.py:244:main
WARNING:pet.gui_stall_sampler:  [t-23ms] webm_clip.py:2499:_poll <- webm_clip.py:2750:_process_frame <- window_optional_services.py:62:<lambda> <- verify_seeky_multi.py:92:observed_frame <- window.py:1917:_on_frame <- window.py:2106:_rebuild_frame
WARNING:root:GUI 卡顿 137ms state=IDLE anim=待机呼吸休闲 physics=None
WARNING:pet.gui_stall_sampler:GUI 冻结现场（137ms，2 个采样点，旧→新）：
WARNING:pet.gui_stall_sampler:  [t-178ms] window_optional_services.py:62:<lambda> <- verify_seeky_multi.py:92:observed_frame <- window.py:1917:_on_frame <- window.py:2124:_rebuild_frame <- window.py:2270:_sync_mask <- window_optional_services.py:42:effects_coverage
WARNING:pet.gui_stall_sampler:  [t-41ms] verify_seeky_multi.py:308:<module> <- verify_seeky_multi.py:244:main <- webm_clip.py:2499:_poll <- webm_clip.py:2750:_process_frame
WARNING:root:GUI 卡顿 141ms state=IDLE anim=待机呼吸休闲 physics=None
WARNING:pet.gui_stall_sampler:GUI 冻结现场（141ms，2 个采样点，旧→新）：
WARNING:pet.gui_stall_sampler:  [t-180ms] window_optional_services.py:62:<lambda> <- verify_seeky_multi.py:92:observed_frame <- window.py:1917:_on_frame <- window.py:2124:_rebuild_frame <- window.py:2270:_sync_mask <- window_optional_services.py:42:effects_coverage
WARNING:pet.gui_stall_sampler:  [t-43ms] verify_seeky_multi.py:308:<module> <- verify_seeky_multi.py:244:main <- webm_clip.py:2499:_poll <- webm_clip.py:2750:_process_frame
WARNING:root:GUI 卡顿 142ms state=IDLE anim=待机呼吸休闲 physics=None
WARNING:pet.gui_stall_sampler:GUI 冻结现场（142ms，2 个采样点，旧→新）：
WARNING:pet.gui_stall_sampler:  [t-181ms] window_optional_services.py:62:<lambda> <- verify_seeky_multi.py:92:observed_frame <- window.py:1917:_on_frame <- window.py:2124:_rebuild_frame <- window.py:2270:_sync_mask <- window_optional_services.py:42:effects_coverage
WARNING:pet.gui_stall_sampler:  [t-44ms] verify_seeky_multi.py:308:<module> <- verify_seeky_multi.py:244:main <- webm_clip.py:2499:_poll <- webm_clip.py:2750:_process_frame
WARNING:root:GUI 卡顿 221ms state=IDLE anim=待机呼吸休闲 physics=None
WARNING:pet.gui_stall_sampler:GUI 冻结现场（221ms，2 个采样点，旧→新）：
WARNING:pet.gui_stall_sampler:  [t-139ms] verify_seeky_multi.py:308:<module> <- verify_seeky_multi.py:244:main <- webm_clip.py:2499:_poll <- webm_clip.py:2724:_process_frame
WARNING:pet.gui_stall_sampler:  [t-2ms] verify_seeky_multi.py:308:<module> <- verify_seeky_multi.py:244:main
WARNING:root:GUI 卡顿 222ms state=IDLE anim=待机呼吸休闲 physics=None
WARNING:pet.gui_stall_sampler:GUI 冻结现场（222ms，2 个采样点，旧→新）：
WARNING:pet.gui_stall_sampler:  [t-139ms] verify_seeky_multi.py:308:<module> <- verify_seeky_multi.py:244:main <- webm_clip.py:2499:_poll <- webm_clip.py:2724:_process_frame
WARNING:pet.gui_stall_sampler:  [t-2ms] verify_seeky_multi.py:308:<module> <- verify_seeky_multi.py:244:main
WARNING:root:GUI 卡顿 222ms state=IDLE anim=待机呼吸休闲 physics=None
WARNING:pet.gui_stall_sampler:GUI 冻结现场（222ms，2 个采样点，旧→新）：
WARNING:pet.gui_stall_sampler:  [t-139ms] verify_seeky_multi.py:308:<module> <- verify_seeky_multi.py:244:main <- webm_clip.py:2499:_poll <- webm_clip.py:2724:_process_frame
WARNING:pet.gui_stall_sampler:  [t-2ms] verify_seeky_multi.py:308:<module> <- verify_seeky_multi.py:244:main
WARNING:root:GUI 卡顿 106ms state=IDLE anim=待机呼吸休闲 physics=None
WARNING:pet.gui_stall_sampler:GUI 冻结现场（106ms，2 个采样点，旧→新）：
WARNING:pet.gui_stall_sampler:  [t-135ms] verify_seeky_multi.py:308:<module> <- verify_seeky_multi.py:244:main
WARNING:pet.gui_stall_sampler:  [t-10ms] window_optional_services.py:62:<lambda> <- verify_seeky_multi.py:92:observed_frame <- window.py:1917:_on_frame <- window.py:2068:_rebuild_frame <- window.py:1993:_frame_signature <- window.py:2031:_frame_content_fingerprint
WARNING:root:GUI 卡顿 107ms state=IDLE anim=待机呼吸休闲 physics=None
WARNING:pet.gui_stall_sampler:GUI 冻结现场（107ms，2 个采样点，旧→新）：
WARNING:pet.gui_stall_sampler:  [t-136ms] verify_seeky_multi.py:308:<module> <- verify_seeky_multi.py:244:main
WARNING:pet.gui_stall_sampler:  [t-11ms] window_optional_services.py:62:<lambda> <- verify_seeky_multi.py:92:observed_frame <- window.py:1917:_on_frame <- window.py:2068:_rebuild_frame <- window.py:1993:_frame_signature <- window.py:2031:_frame_content_fingerprint
WARNING:root:GUI 卡顿 109ms state=IDLE anim=待机呼吸休闲 physics=None
WARNING:pet.gui_stall_sampler:GUI 冻结现场（109ms，2 个采样点，旧→新）：
WARNING:pet.gui_stall_sampler:  [t-137ms] verify_seeky_multi.py:308:<module> <- verify_seeky_multi.py:244:main
WARNING:pet.gui_stall_sampler:  [t-12ms] window_optional_services.py:62:<lambda> <- verify_seeky_multi.py:92:observed_frame <- window.py:1917:_on_frame <- window.py:2068:_rebuild_frame <- window.py:1993:_frame_signature <- window.py:2031:_frame_content_fingerprint
WARNING:root:GUI 卡顿 176ms state=IDLE anim=待机呼吸休闲 physics=None
WARNING:pet.gui_stall_sampler:GUI 冻结现场（176ms，1 个采样点，旧→新）：
WARNING:pet.gui_stall_sampler:  [t-210ms] verify_seeky_multi.py:308:<module> <- verify_seeky_multi.py:244:main
WARNING:root:GUI 卡顿 178ms state=IDLE anim=待机呼吸休闲 physics=None
WARNING:pet.gui_stall_sampler:GUI 冻结现场（178ms，2 个采样点，旧→新）：
WARNING:pet.gui_stall_sampler:  [t-212ms] verify_seeky_multi.py:308:<module> <- verify_seeky_multi.py:244:main
WARNING:pet.gui_stall_sampler:  [t-1ms] webm_clip.py:2499:_poll <- webm_clip.py:2750:_process_frame <- window_optional_services.py:62:<lambda> <- verify_seeky_multi.py:92:observed_frame <- window.py:1917:_on_frame <- window.py:2106:_rebuild_frame
WARNING:root:GUI 卡顿 179ms state=IDLE anim=待机呼吸休闲 physics=None
WARNING:pet.gui_stall_sampler:GUI 冻结现场（179ms，2 个采样点，旧→新）：
WARNING:pet.gui_stall_sampler:  [t-213ms] verify_seeky_multi.py:308:<module> <- verify_seeky_multi.py:244:main
WARNING:pet.gui_stall_sampler:  [t-1ms] webm_clip.py:2499:_poll <- webm_clip.py:2750:_process_frame <- window_optional_services.py:62:<lambda> <- verify_seeky_multi.py:92:observed_frame <- window.py:1917:_on_frame <- window.py:2106:_rebuild_frame
WARNING:root:GUI 卡顿 156ms state=IDLE anim=待机呼吸休闲 physics=None
WARNING:pet.gui_stall_sampler:GUI 冻结现场（156ms，1 个采样点，旧→新）：
WARNING:pet.gui_stall_sampler:  [t-45ms] window_optional_services.py:62:<lambda> <- verify_seeky_multi.py:92:observed_frame <- window.py:1917:_on_frame <- window.py:2124:_rebuild_frame <- window.py:2270:_sync_mask <- window_optional_services.py:42:effects_coverage
WARNING:root:GUI 卡顿 161ms state=IDLE anim=待机呼吸休闲 physics=None
WARNING:pet.gui_stall_sampler:GUI 冻结现场（161ms，1 个采样点，旧→新）：
WARNING:pet.gui_stall_sampler:  [t-47ms] window_optional_services.py:62:<lambda> <- verify_seeky_multi.py:92:observed_frame <- window.py:1917:_on_frame <- window.py:2124:_rebuild_frame <- window.py:2270:_sync_mask <- window_optional_services.py:42:effects_coverage
WARNING:root:GUI 卡顿 162ms state=IDLE anim=待机呼吸休闲 physics=None
WARNING:pet.gui_stall_sampler:GUI 冻结现场（162ms，1 个采样点，旧→新）：
WARNING:pet.gui_stall_sampler:  [t-48ms] window_optional_services.py:62:<lambda> <- verify_seeky_multi.py:92:observed_frame <- window.py:1917:_on_frame <- window.py:2124:_rebuild_frame <- window.py:2270:_sync_mask <- window_optional_services.py:42:effects_coverage
WARNING:root:GUI 卡顿 179ms state=IDLE anim=待机呼吸休闲 physics=None
WARNING:pet.gui_stall_sampler:GUI 冻结现场（179ms，1 个采样点，旧→新）：
WARNING:pet.gui_stall_sampler:  [t-15ms] webm_clip.py:2499:_poll <- webm_clip.py:2750:_process_frame <- window_optional_services.py:62:<lambda> <- verify_seeky_multi.py:92:observed_frame <- window.py:1917:_on_frame <- window.py:2119:_rebuild_frame
WARNING:root:GUI 卡顿 180ms state=IDLE anim=待机呼吸休闲 physics=None
WARNING:pet.gui_stall_sampler:GUI 冻结现场（180ms，1 个采样点，旧→新）：
WARNING:pet.gui_stall_sampler:  [t-16ms] webm_clip.py:2499:_poll <- webm_clip.py:2750:_process_frame <- window_optional_services.py:62:<lambda> <- verify_seeky_multi.py:92:observed_frame <- window.py:1917:_on_frame <- window.py:2119:_rebuild_frame
WARNING:root:GUI 卡顿 180ms state=IDLE anim=待机呼吸休闲 physics=None
WARNING:pet.gui_stall_sampler:GUI 冻结现场（180ms，1 个采样点，旧→新）：
WARNING:pet.gui_stall_sampler:  [t-16ms] webm_clip.py:2499:_poll <- webm_clip.py:2750:_process_frame <- window_optional_services.py:62:<lambda> <- verify_seeky_multi.py:92:observed_frame <- window.py:1917:_on_frame <- window.py:2119:_rebuild_frame
WARNING:root:GUI 卡顿 120ms state=IDLE anim=待机呼吸休闲 physics=None
WARNING:pet.gui_stall_sampler:GUI 冻结现场（120ms，2 个采样点，旧→新）：
WARNING:pet.gui_stall_sampler:  [t-131ms] webm_clip.py:2499:_poll <- webm_clip.py:2750:_process_frame <- window_optional_services.py:62:<lambda> <- verify_seeky_multi.py:92:observed_frame <- window.py:1917:_on_frame <- window.py:2119:_rebuild_frame
WARNING:pet.gui_stall_sampler:  [t-29ms] verify_seeky_multi.py:308:<module> <- verify_seeky_multi.py:244:main <- webm_clip.py:2499:_poll <- webm_clip.py:2724:_process_frame
WARNING:root:GUI 卡顿 121ms state=IDLE anim=待机呼吸休闲 physics=None
WARNING:pet.gui_stall_sampler:GUI 冻结现场（121ms，2 个采样点，旧→新）：
WARNING:pet.gui_stall_sampler:  [t-132ms] webm_clip.py:2499:_poll <- webm_clip.py:2750:_process_frame <- window_optional_services.py:62:<lambda> <- verify_seeky_multi.py:92:observed_frame <- window.py:1917:_on_frame <- window.py:2119:_rebuild_frame
WARNING:pet.gui_stall_sampler:  [t-30ms] verify_seeky_multi.py:308:<module> <- verify_seeky_multi.py:244:main <- webm_clip.py:2499:_poll <- webm_clip.py:2724:_process_frame
WARNING:root:GUI 卡顿 121ms state=IDLE anim=待机呼吸休闲 physics=None
WARNING:pet.gui_stall_sampler:GUI 冻结现场（121ms，2 个采样点，旧→新）：
WARNING:pet.gui_stall_sampler:  [t-132ms] webm_clip.py:2499:_poll <- webm_clip.py:2750:_process_frame <- window_optional_services.py:62:<lambda> <- verify_seeky_multi.py:92:observed_frame <- window.py:1917:_on_frame <- window.py:2119:_rebuild_frame
WARNING:pet.gui_stall_sampler:  [t-30ms] verify_seeky_multi.py:308:<module> <- verify_seeky_multi.py:244:main <- webm_clip.py:2499:_poll <- webm_clip.py:2724:_process_frame
WARNING:root:GUI 卡顿 131ms state=IDLE anim=待机呼吸休闲 physics=None
WARNING:pet.gui_stall_sampler:GUI 冻结现场（131ms，3 个采样点，旧→新）：
WARNING:pet.gui_stall_sampler:  [t-180ms] verify_seeky_multi.py:308:<module> <- verify_seeky_multi.py:244:main
WARNING:pet.gui_stall_sampler:  [t-61ms] webm_clip.py:2499:_poll <- webm_clip.py:2750:_process_frame <- window_optional_services.py:62:<lambda> <- verify_seeky_multi.py:92:observed_frame <- window.py:1917:_on_frame <- window.py:2106:_rebuild_frame
WARNING:pet.gui_stall_sampler:  [t-3ms] verify_seeky_multi.py:308:<module> <- verify_seeky_multi.py:244:main
WARNING:root:GUI 卡顿 133ms state=IDLE anim=待机呼吸休闲 physics=None
WARNING:pet.gui_stall_sampler:GUI 冻结现场（133ms，3 个采样点，旧→新）：
WARNING:pet.gui_stall_sampler:  [t-180ms] verify_seeky_multi.py:308:<module> <- verify_seeky_multi.py:244:main
WARNING:pet.gui_stall_sampler:  [t-62ms] webm_clip.py:2499:_poll <- webm_clip.py:2750:_process_frame <- window_optional_services.py:62:<lambda> <- verify_seeky_multi.py:92:observed_frame <- window.py:1917:_on_frame <- window.py:2106:_rebuild_frame
WARNING:pet.gui_stall_sampler:  [t-4ms] verify_seeky_multi.py:308:<module> <- verify_seeky_multi.py:244:main
WARNING:root:GUI 卡顿 133ms state=IDLE anim=待机呼吸休闲 physics=None
WARNING:pet.gui_stall_sampler:GUI 冻结现场（133ms，3 个采样点，旧→新）：
WARNING:pet.gui_stall_sampler:  [t-180ms] verify_seeky_multi.py:308:<module> <- verify_seeky_multi.py:244:main
WARNING:pet.gui_stall_sampler:  [t-62ms] webm_clip.py:2499:_poll <- webm_clip.py:2750:_process_frame <- window_optional_services.py:62:<lambda> <- verify_seeky_multi.py:92:observed_frame <- window.py:1917:_on_frame <- window.py:2106:_rebuild_frame
WARNING:pet.gui_stall_sampler:  [t-4ms] verify_seeky_multi.py:308:<module> <- verify_seeky_multi.py:244:main
WARNING:root:GUI 卡顿 111ms state=IDLE anim=待机呼吸休闲 physics=None
WARNING:pet.gui_stall_sampler:GUI 冻结现场（111ms，1 个采样点，旧→新）：
WARNING:pet.gui_stall_sampler:  [t-32ms] verify_seeky_multi.py:308:<module> <- verify_seeky_multi.py:244:main <- webm_clip.py:2499:_poll <- webm_clip.py:2724:_process_frame
WARNING:root:GUI 卡顿 114ms state=IDLE anim=待机呼吸休闲 physics=None
WARNING:pet.gui_stall_sampler:GUI 冻结现场（114ms，1 个采样点，旧→新）：
WARNING:pet.gui_stall_sampler:  [t-33ms] verify_seeky_multi.py:308:<module> <- verify_seeky_multi.py:244:main <- webm_clip.py:2499:_poll <- webm_clip.py:2724:_process_frame
WARNING:root:GUI 卡顿 114ms state=IDLE anim=待机呼吸休闲 physics=None
WARNING:pet.gui_stall_sampler:GUI 冻结现场（114ms，1 个采样点，旧→新）：
WARNING:pet.gui_stall_sampler:  [t-33ms] verify_seeky_multi.py:308:<module> <- verify_seeky_multi.py:244:main <- webm_clip.py:2499:_poll <- webm_clip.py:2724:_process_frame
WARNING:root:GUI 卡顿 143ms state=IDLE anim=待机呼吸休闲 physics=None
WARNING:pet.gui_stall_sampler:GUI 冻结现场（143ms，2 个采样点，旧→新）：
WARNING:pet.gui_stall_sampler:  [t-155ms] verify_seeky_multi.py:308:<module> <- verify_seeky_multi.py:244:main
WARNING:pet.gui_stall_sampler:  [t-1ms] verify_seeky_multi.py:92:observed_frame <- window.py:1917:_on_frame <- window.py:2124:_rebuild_frame <- window.py:2270:_sync_mask <- window_optional_services.py:42:effects_coverage <- frame_edges.py:27:coverage_region
WARNING:root:GUI 卡顿 145ms state=IDLE anim=待机呼吸休闲 physics=None
WARNING:pet.gui_stall_sampler:GUI 冻结现场（145ms，2 个采样点，旧→新）：
WARNING:pet.gui_stall_sampler:  [t-156ms] verify_seeky_multi.py:308:<module> <- verify_seeky_multi.py:244:main
WARNING:pet.gui_stall_sampler:  [t-2ms] verify_seeky_multi.py:92:observed_frame <- window.py:1917:_on_frame <- window.py:2124:_rebuild_frame <- window.py:2270:_sync_mask <- window_optional_services.py:42:effects_coverage <- frame_edges.py:27:coverage_region
WARNING:root:GUI 卡顿 145ms state=IDLE anim=待机呼吸休闲 physics=None
WARNING:pet.gui_stall_sampler:GUI 冻结现场（145ms，2 个采样点，旧→新）：
WARNING:pet.gui_stall_sampler:  [t-156ms] verify_seeky_multi.py:308:<module> <- verify_seeky_multi.py:244:main
WARNING:pet.gui_stall_sampler:  [t-2ms] verify_seeky_multi.py:92:observed_frame <- window.py:1917:_on_frame <- window.py:2124:_rebuild_frame <- window.py:2270:_sync_mask <- window_optional_services.py:42:effects_coverage <- frame_edges.py:27:coverage_region
WARNING:root:GUI 卡顿 114ms state=IDLE anim=待机呼吸休闲 physics=None
WARNING:pet.gui_stall_sampler:GUI 冻结现场（114ms，2 个采样点，旧→新）：
WARNING:pet.gui_stall_sampler:  [t-129ms] verify_seeky_multi.py:308:<module> <- verify_seeky_multi.py:244:main
WARNING:pet.gui_stall_sampler:  [t-24ms] webm_clip.py:2499:_poll <- webm_clip.py:2750:_process_frame <- window_optional_services.py:62:<lambda> <- verify_seeky_multi.py:92:observed_frame <- window.py:1917:_on_frame <- window.py:2099:_rebuild_frame
WARNING:root:GUI 卡顿 115ms state=IDLE anim=待机呼吸休闲 physics=None
WARNING:pet.gui_stall_sampler:GUI 冻结现场（115ms，2 个采样点，旧→新）：
WARNING:pet.gui_stall_sampler:  [t-129ms] verify_seeky_multi.py:308:<module> <- verify_seeky_multi.py:244:main
WARNING:pet.gui_stall_sampler:  [t-25ms] webm_clip.py:2499:_poll <- webm_clip.py:2750:_process_frame <- window_optional_services.py:62:<lambda> <- verify_seeky_multi.py:92:observed_frame <- window.py:1917:_on_frame <- window.py:2099:_rebuild_frame
WARNING:root:GUI 卡顿 115ms state=IDLE anim=待机呼吸休闲 physics=None
WARNING:pet.gui_stall_sampler:GUI 冻结现场（115ms，2 个采样点，旧→新）：
WARNING:pet.gui_stall_sampler:  [t-129ms] verify_seeky_multi.py:308:<module> <- verify_seeky_multi.py:244:main
WARNING:pet.gui_stall_sampler:  [t-25ms] webm_clip.py:2499:_poll <- webm_clip.py:2750:_process_frame <- window_optional_services.py:62:<lambda> <- verify_seeky_multi.py:92:observed_frame <- window.py:1917:_on_frame <- window.py:2099:_rebuild_frame
WARNING:root:GUI 卡顿 124ms state=IDLE anim=待机呼吸休闲 physics=None
WARNING:pet.gui_stall_sampler:GUI 冻结现场（124ms，2 个采样点，旧→新）：
WARNING:pet.gui_stall_sampler:  [t-157ms] verify_seeky_multi.py:308:<module> <- verify_seeky_multi.py:244:main
WARNING:root:GUI 卡顿 125ms state=IDLE anim=待机呼吸休闲 physics=None
WARNING:pet.gui_stall_sampler:GUI 冻结现场（125ms，2 个采样点，旧→新）：
WARNING:pet.gui_stall_sampler:  [t-158ms] verify_seeky_multi.py:308:<module> <- verify_seeky_multi.py:244:main
WARNING:root:GUI 卡顿 125ms state=IDLE anim=待机呼吸休闲 physics=None
WARNING:pet.gui_stall_sampler:GUI 冻结现场（125ms，1 个采样点，旧→新）：
WARNING:pet.gui_stall_sampler:  [t-39ms] verify_seeky_multi.py:308:<module> <- verify_seeky_multi.py:244:main
WARNING:root:GUI 卡顿 120ms state=IDLE anim=待机呼吸休闲 physics=None
WARNING:pet.gui_stall_sampler:GUI 冻结现场（120ms，2 个采样点，旧→新）：
WARNING:pet.gui_stall_sampler:  [t-165ms] verify_seeky_multi.py:308:<module> <- verify_seeky_multi.py:244:main
WARNING:pet.gui_stall_sampler:  [t-24ms] verify_seeky_multi.py:308:<module> <- verify_seeky_multi.py:244:main <- webm_clip.py:2499:_poll <- webm_clip.py:2724:_process_frame
WARNING:root:GUI 卡顿 121ms state=IDLE anim=待机呼吸休闲 physics=None
WARNING:pet.gui_stall_sampler:GUI 冻结现场（121ms，2 个采样点，旧→新）：
WARNING:pet.gui_stall_sampler:  [t-166ms] verify_seeky_multi.py:308:<module> <- verify_seeky_multi.py:244:main
WARNING:pet.gui_stall_sampler:  [t-25ms] verify_seeky_multi.py:308:<module> <- verify_seeky_multi.py:244:main <- webm_clip.py:2499:_poll <- webm_clip.py:2724:_process_frame
WARNING:root:GUI 卡顿 121ms state=IDLE anim=待机呼吸休闲 physics=None
WARNING:pet.gui_stall_sampler:GUI 冻结现场（121ms，2 个采样点，旧→新）：
WARNING:pet.gui_stall_sampler:  [t-166ms] verify_seeky_multi.py:308:<module> <- verify_seeky_multi.py:244:main
WARNING:pet.gui_stall_sampler:  [t-25ms] verify_seeky_multi.py:308:<module> <- verify_seeky_multi.py:244:main <- webm_clip.py:2499:_poll <- webm_clip.py:2724:_process_frame
WARNING:root:GUI 卡顿 101ms state=IDLE anim=待机呼吸休闲 physics=None
WARNING:pet.gui_stall_sampler:GUI 冻结现场（101ms，2 个采样点，旧→新）：
WARNING:pet.gui_stall_sampler:  [t-125ms] verify_seeky_multi.py:308:<module> <- verify_seeky_multi.py:244:main
WARNING:pet.gui_stall_sampler:  [t-6ms] verify_seeky_multi.py:92:observed_frame <- window.py:1917:_on_frame <- window.py:2124:_rebuild_frame <- window.py:2270:_sync_mask <- window_optional_services.py:42:effects_coverage <- frame_edges.py:38:coverage_region
WARNING:root:GUI 卡顿 103ms state=IDLE anim=待机呼吸休闲 physics=None
WARNING:pet.gui_stall_sampler:GUI 冻结现场（103ms，2 个采样点，旧→新）：
WARNING:pet.gui_stall_sampler:  [t-127ms] verify_seeky_multi.py:308:<module> <- verify_seeky_multi.py:244:main
WARNING:pet.gui_stall_sampler:  [t-8ms] verify_seeky_multi.py:92:observed_frame <- window.py:1917:_on_frame <- window.py:2124:_rebuild_frame <- window.py:2270:_sync_mask <- window_optional_services.py:42:effects_coverage <- frame_edges.py:38:coverage_region
WARNING:root:GUI 卡顿 104ms state=IDLE anim=待机呼吸休闲 physics=None
WARNING:pet.gui_stall_sampler:GUI 冻结现场（104ms，2 个采样点，旧→新）：
WARNING:pet.gui_stall_sampler:  [t-128ms] verify_seeky_multi.py:308:<module> <- verify_seeky_multi.py:244:main
WARNING:pet.gui_stall_sampler:  [t-9ms] verify_seeky_multi.py:92:observed_frame <- window.py:1917:_on_frame <- window.py:2124:_rebuild_frame <- window.py:2270:_sync_mask <- window_optional_services.py:42:effects_coverage <- frame_edges.py:38:coverage_region
WARNING:root:GUI 卡顿 138ms state=IDLE anim=待机呼吸休闲 physics=None
WARNING:pet.gui_stall_sampler:GUI 冻结现场（138ms，2 个采样点，旧→新）：
WARNING:pet.gui_stall_sampler:  [t-187ms] verify_seeky_multi.py:92:observed_frame <- window.py:1917:_on_frame <- window.py:2124:_rebuild_frame <- window.py:2270:_sync_mask <- window_optional_services.py:42:effects_coverage <- frame_edges.py:38:coverage_region
WARNING:pet.gui_stall_sampler:  [t-4ms] webm_clip.py:2499:_poll <- webm_clip.py:2750:_process_frame <- window_optional_services.py:62:<lambda> <- verify_seeky_multi.py:92:observed_frame <- window.py:1919:_on_frame <- window.py:2126:_rebuild_frame
WARNING:root:GUI 卡顿 139ms state=IDLE anim=待机呼吸休闲 physics=None
WARNING:pet.gui_stall_sampler:GUI 冻结现场（139ms，2 个采样点，旧→新）：
WARNING:pet.gui_stall_sampler:  [t-187ms] verify_seeky_multi.py:92:observed_frame <- window.py:1917:_on_frame <- window.py:2124:_rebuild_frame <- window.py:2270:_sync_mask <- window_optional_services.py:42:effects_coverage <- frame_edges.py:38:coverage_region
WARNING:pet.gui_stall_sampler:  [t-5ms] webm_clip.py:2499:_poll <- webm_clip.py:2750:_process_frame <- window_optional_services.py:62:<lambda> <- verify_seeky_multi.py:92:observed_frame <- window.py:1919:_on_frame <- window.py:2126:_rebuild_frame
WARNING:root:GUI 卡顿 139ms state=IDLE anim=待机呼吸休闲 physics=None
WARNING:pet.gui_stall_sampler:GUI 冻结现场（139ms，2 个采样点，旧→新）：
WARNING:pet.gui_stall_sampler:  [t-188ms] verify_seeky_multi.py:92:observed_frame <- window.py:1917:_on_frame <- window.py:2124:_rebuild_frame <- window.py:2270:_sync_mask <- window_optional_services.py:42:effects_coverage <- frame_edges.py:38:coverage_region
WARNING:pet.gui_stall_sampler:  [t-5ms] webm_clip.py:2499:_poll <- webm_clip.py:2750:_process_frame <- window_optional_services.py:62:<lambda> <- verify_seeky_multi.py:92:observed_frame <- window.py:1919:_on_frame <- window.py:2126:_rebuild_frame
WARNING:root:GUI 卡顿 115ms state=IDLE anim=待机呼吸休闲 physics=None
WARNING:pet.gui_stall_sampler:GUI 冻结现场（115ms，2 个采样点，旧→新）：
WARNING:pet.gui_stall_sampler:  [t-151ms] webm_clip.py:2750:_process_frame <- window_optional_services.py:62:<lambda> <- verify_seeky_multi.py:92:observed_frame <- window.py:1917:_on_frame <- window.py:2068:_rebuild_frame <- window.py:1990:_frame_signature
WARNING:pet.gui_stall_sampler:  [t-6ms] verify_seeky_multi.py:308:<module> <- verify_seeky_multi.py:244:main
WARNING:root:GUI 卡顿 116ms state=IDLE anim=待机呼吸休闲 physics=None
WARNING:pet.gui_stall_sampler:GUI 冻结现场（116ms，2 个采样点，旧→新）：
WARNING:pet.gui_stall_sampler:  [t-152ms] webm_clip.py:2750:_process_frame <- window_optional_services.py:62:<lambda> <- verify_seeky_multi.py:92:observed_frame <- window.py:1917:_on_frame <- window.py:2068:_rebuild_frame <- window.py:1990:_frame_signature
WARNING:pet.gui_stall_sampler:  [t-7ms] verify_seeky_multi.py:308:<module> <- verify_seeky_multi.py:244:main
WARNING:root:GUI 卡顿 116ms state=IDLE anim=待机呼吸休闲 physics=None
WARNING:pet.gui_stall_sampler:GUI 冻结现场（116ms，2 个采样点，旧→新）：
WARNING:pet.gui_stall_sampler:  [t-152ms] webm_clip.py:2750:_process_frame <- window_optional_services.py:62:<lambda> <- verify_seeky_multi.py:92:observed_frame <- window.py:1917:_on_frame <- window.py:2068:_rebuild_frame <- window.py:1990:_frame_signature
WARNING:pet.gui_stall_sampler:  [t-7ms] verify_seeky_multi.py:308:<module> <- verify_seeky_multi.py:244:main
WARNING:root:GUI 卡顿 141ms state=IDLE anim=待机呼吸休闲 physics=None
WARNING:pet.gui_stall_sampler:GUI 冻结现场（141ms，2 个采样点，旧→新）：
WARNING:pet.gui_stall_sampler:  [t-171ms] verify_seeky_multi.py:308:<module> <- verify_seeky_multi.py:244:main
WARNING:pet.gui_stall_sampler:  [t-62ms] webm_clip.py:2499:_poll <- webm_clip.py:2750:_process_frame <- window_optional_services.py:62:<lambda> <- verify_seeky_multi.py:92:observed_frame <- window.py:1917:_on_frame <- window.py:2106:_rebuild_frame
WARNING:root:GUI 卡顿 142ms state=IDLE anim=待机呼吸休闲 physics=None
WARNING:pet.gui_stall_sampler:GUI 冻结现场（142ms，2 个采样点，旧→新）：
WARNING:pet.gui_stall_sampler:  [t-172ms] verify_seeky_multi.py:308:<module> <- verify_seeky_multi.py:244:main
WARNING:pet.gui_stall_sampler:  [t-63ms] webm_clip.py:2499:_poll <- webm_clip.py:2750:_process_frame <- window_optional_services.py:62:<lambda> <- verify_seeky_multi.py:92:observed_frame <- window.py:1917:_on_frame <- window.py:2106:_rebuild_frame
WARNING:root:GUI 卡顿 143ms state=IDLE anim=待机呼吸休闲 physics=None
WARNING:pet.gui_stall_sampler:GUI 冻结现场（143ms，2 个采样点，旧→新）：
WARNING:pet.gui_stall_sampler:  [t-172ms] verify_seeky_multi.py:308:<module> <- verify_seeky_multi.py:244:main
WARNING:pet.gui_stall_sampler:  [t-63ms] webm_clip.py:2499:_poll <- webm_clip.py:2750:_process_frame <- window_optional_services.py:62:<lambda> <- verify_seeky_multi.py:92:observed_frame <- window.py:1917:_on_frame <- window.py:2106:_rebuild_frame
WARNING:root:GUI 卡顿 151ms state=IDLE anim=待机呼吸休闲 physics=None
WARNING:pet.gui_stall_sampler:GUI 冻结现场（151ms，2 个采样点，旧→新）：
WARNING:pet.gui_stall_sampler:  [t-188ms] webm_clip.py:2499:_poll <- webm_clip.py:2750:_process_frame <- window_optional_services.py:62:<lambda> <- verify_seeky_multi.py:92:observed_frame <- window.py:1917:_on_frame <- window.py:2119:_rebuild_frame
WARNING:pet.gui_stall_sampler:  [t-27ms] webm_clip.py:2499:_poll <- webm_clip.py:2750:_process_frame <- window_optional_services.py:62:<lambda> <- verify_seeky_multi.py:92:observed_frame <- window.py:1917:_on_frame <- window.py:2106:_rebuild_frame
WARNING:root:GUI 卡顿 152ms state=IDLE anim=待机呼吸休闲 physics=None
WARNING:pet.gui_stall_sampler:GUI 冻结现场（152ms，2 个采样点，旧→新）：
WARNING:pet.gui_stall_sampler:  [t-189ms] webm_clip.py:2499:_poll <- webm_clip.py:2750:_process_frame <- window_optional_services.py:62:<lambda> <- verify_seeky_multi.py:92:observed_frame <- window.py:1917:_on_frame <- window.py:2119:_rebuild_frame
WARNING:pet.gui_stall_sampler:  [t-28ms] webm_clip.py:2499:_poll <- webm_clip.py:2750:_process_frame <- window_optional_services.py:62:<lambda> <- verify_seeky_multi.py:92:observed_frame <- window.py:1917:_on_frame <- window.py:2106:_rebuild_frame
WARNING:root:GUI 卡顿 152ms state=IDLE anim=待机呼吸休闲 physics=None
WARNING:pet.gui_stall_sampler:GUI 冻结现场（152ms，2 个采样点，旧→新）：
WARNING:pet.gui_stall_sampler:  [t-189ms] webm_clip.py:2499:_poll <- webm_clip.py:2750:_process_frame <- window_optional_services.py:62:<lambda> <- verify_seeky_multi.py:92:observed_frame <- window.py:1917:_on_frame <- window.py:2119:_rebuild_frame
WARNING:pet.gui_stall_sampler:  [t-28ms] webm_clip.py:2499:_poll <- webm_clip.py:2750:_process_frame <- window_optional_services.py:62:<lambda> <- verify_seeky_multi.py:92:observed_frame <- window.py:1917:_on_frame <- window.py:2106:_rebuild_frame
WARNING:root:GUI 卡顿 171ms state=IDLE anim=待机呼吸休闲 physics=None
WARNING:pet.gui_stall_sampler:GUI 冻结现场（171ms，2 个采样点，旧→新）：
WARNING:pet.gui_stall_sampler:  [t-186ms] verify_seeky_multi.py:308:<module> <- verify_seeky_multi.py:244:main
WARNING:pet.gui_stall_sampler:  [t-46ms] window_optional_services.py:62:<lambda> <- verify_seeky_multi.py:92:observed_frame <- window.py:1917:_on_frame <- window.py:2124:_rebuild_frame <- window.py:2270:_sync_mask <- window_optional_services.py:42:effects_coverage
WARNING:root:GUI 卡顿 185ms state=IDLE anim=待机呼吸休闲 physics=None
WARNING:pet.gui_stall_sampler:GUI 冻结现场（185ms，2 个采样点，旧→新）：
WARNING:pet.gui_stall_sampler:  [t-191ms] verify_seeky_multi.py:308:<module> <- verify_seeky_multi.py:244:main
WARNING:pet.gui_stall_sampler:  [t-51ms] window_optional_services.py:62:<lambda> <- verify_seeky_multi.py:92:observed_frame <- window.py:1917:_on_frame <- window.py:2124:_rebuild_frame <- window.py:2270:_sync_mask <- window_optional_services.py:42:effects_coverage
WARNING:root:GUI 卡顿 213ms state=IDLE anim=待机呼吸休闲 physics=None
WARNING:pet.gui_stall_sampler:GUI 冻结现场（213ms，2 个采样点，旧→新）：
WARNING:pet.gui_stall_sampler:  [t-219ms] verify_seeky_multi.py:308:<module> <- verify_seeky_multi.py:244:main
WARNING:pet.gui_stall_sampler:  [t-79ms] window_optional_services.py:62:<lambda> <- verify_seeky_multi.py:92:observed_frame <- window.py:1917:_on_frame <- window.py:2124:_rebuild_frame <- window.py:2270:_sync_mask <- window_optional_services.py:42:effects_coverage
WARNING:root:GUI 卡顿 117ms state=IDLE anim=待机呼吸休闲 physics=None
WARNING:pet.gui_stall_sampler:GUI 冻结现场（117ms，2 个采样点，旧→新）：
WARNING:pet.gui_stall_sampler:  [t-153ms] verify_seeky_multi.py:308:<module> <- verify_seeky_multi.py:244:main
WARNING:pet.gui_stall_sampler:  [t-17ms] webm_clip.py:2499:_poll <- webm_clip.py:2750:_process_frame <- window_optional_services.py:62:<lambda> <- verify_seeky_multi.py:92:observed_frame <- window.py:1917:_on_frame <- window.py:2106:_rebuild_frame
WARNING:root:GUI 卡顿 118ms state=IDLE anim=待机呼吸休闲 physics=None
WARNING:pet.gui_stall_sampler:GUI 冻结现场（118ms，2 个采样点，旧→新）：
WARNING:pet.gui_stall_sampler:  [t-153ms] verify_seeky_multi.py:308:<module> <- verify_seeky_multi.py:244:main
WARNING:pet.gui_stall_sampler:  [t-18ms] webm_clip.py:2499:_poll <- webm_clip.py:2750:_process_frame <- window_optional_services.py:62:<lambda> <- verify_seeky_multi.py:92:observed_frame <- window.py:1917:_on_frame <- window.py:2106:_rebuild_frame
WARNING:root:GUI 卡顿 118ms state=IDLE anim=待机呼吸休闲 physics=None
WARNING:pet.gui_stall_sampler:GUI 冻结现场（118ms，2 个采样点，旧→新）：
WARNING:pet.gui_stall_sampler:  [t-154ms] verify_seeky_multi.py:308:<module> <- verify_seeky_multi.py:244:main
WARNING:pet.gui_stall_sampler:  [t-18ms] webm_clip.py:2499:_poll <- webm_clip.py:2750:_process_frame <- window_optional_services.py:62:<lambda> <- verify_seeky_multi.py:92:observed_frame <- window.py:1917:_on_frame <- window.py:2106:_rebuild_frame
WARNING:root:GUI 卡顿 138ms state=IDLE anim=待机呼吸休闲 physics=None
WARNING:pet.gui_stall_sampler:GUI 冻结现场（138ms，2 个采样点，旧→新）：
WARNING:pet.gui_stall_sampler:  [t-163ms] verify_seeky_multi.py:308:<module> <- verify_seeky_multi.py:244:main
WARNING:pet.gui_stall_sampler:  [t-1ms] verify_seeky_multi.py:92:observed_frame <- window.py:1917:_on_frame <- window.py:2124:_rebuild_frame <- window.py:2270:_sync_mask <- window_optional_services.py:42:effects_coverage <- frame_edges.py:27:coverage_region
WARNING:root:GUI 卡顿 139ms state=IDLE anim=待机呼吸休闲 physics=None
WARNING:pet.gui_stall_sampler:GUI 冻结现场（139ms，2 个采样点，旧→新）：
WARNING:pet.gui_stall_sampler:  [t-164ms] verify_seeky_multi.py:308:<module> <- verify_seeky_multi.py:244:main
WARNING:pet.gui_stall_sampler:  [t-2ms] verify_seeky_multi.py:92:observed_frame <- window.py:1917:_on_frame <- window.py:2124:_rebuild_frame <- window.py:2270:_sync_mask <- window_optional_services.py:42:effects_coverage <- frame_edges.py:27:coverage_region
WARNING:root:GUI 卡顿 139ms state=IDLE anim=待机呼吸休闲 physics=None
WARNING:pet.gui_stall_sampler:GUI 冻结现场（139ms，2 个采样点，旧→新）：
WARNING:pet.gui_stall_sampler:  [t-164ms] verify_seeky_multi.py:308:<module> <- verify_seeky_multi.py:244:main
WARNING:pet.gui_stall_sampler:  [t-2ms] verify_seeky_multi.py:92:observed_frame <- window.py:1917:_on_frame <- window.py:2124:_rebuild_frame <- window.py:2270:_sync_mask <- window_optional_services.py:42:effects_coverage <- frame_edges.py:27:coverage_region
WARNING:root:GUI 卡顿 144ms state=IDLE anim=待机呼吸休闲 physics=None
WARNING:pet.gui_stall_sampler:GUI 冻结现场（144ms，2 个采样点，旧→新）：
WARNING:pet.gui_stall_sampler:  [t-173ms] verify_seeky_multi.py:308:<module> <- verify_seeky_multi.py:244:main
WARNING:pet.gui_stall_sampler:  [t-73ms] verify_seeky_multi.py:308:<module> <- verify_seeky_multi.py:244:main <- webm_clip.py:2499:_poll <- webm_clip.py:2724:_process_frame
WARNING:root:GUI 卡顿 146ms state=IDLE anim=待机呼吸休闲 physics=None
WARNING:pet.gui_stall_sampler:GUI 冻结现场（146ms，3 个采样点，旧→新）：
WARNING:pet.gui_stall_sampler:  [t-175ms] verify_seeky_multi.py:308:<module> <- verify_seeky_multi.py:244:main
WARNING:pet.gui_stall_sampler:  [t-75ms] verify_seeky_multi.py:308:<module> <- verify_seeky_multi.py:244:main <- webm_clip.py:2499:_poll <- webm_clip.py:2724:_process_frame
WARNING:pet.gui_stall_sampler:  [t-0ms] __init__.py:1531:warning <- __init__.py:1664:_log <- __init__.py:1680:handle <- __init__.py:1736:callHandlers <- __init__.py:1026:handle <- __init__.py:1153:emit
WARNING:root:GUI 卡顿 147ms state=IDLE anim=待机呼吸休闲 physics=None
WARNING:pet.gui_stall_sampler:GUI 冻结现场（147ms，3 个采样点，旧→新）：
WARNING:pet.gui_stall_sampler:  [t-175ms] verify_seeky_multi.py:308:<module> <- verify_seeky_multi.py:244:main
WARNING:pet.gui_stall_sampler:  [t-75ms] verify_seeky_multi.py:308:<module> <- verify_seeky_multi.py:244:main <- webm_clip.py:2499:_poll <- webm_clip.py:2724:_process_frame
WARNING:pet.gui_stall_sampler:  [t-1ms] __init__.py:1531:warning <- __init__.py:1664:_log <- __init__.py:1680:handle <- __init__.py:1736:callHandlers <- __init__.py:1026:handle <- __init__.py:1153:emit
WARNING:root:GUI 卡顿 122ms state=IDLE anim=待机呼吸休闲 physics=None
WARNING:pet.gui_stall_sampler:GUI 冻结现场（122ms，2 个采样点，旧→新）：
WARNING:pet.gui_stall_sampler:  [t-148ms] verify_seeky_multi.py:308:<module> <- verify_seeky_multi.py:244:main
WARNING:pet.gui_stall_sampler:  [t-1ms] webm_clip.py:2499:_poll <- webm_clip.py:2750:_process_frame <- window_optional_services.py:62:<lambda> <- verify_seeky_multi.py:92:observed_frame <- window.py:1917:_on_frame <- window.py:2099:_rebuild_frame
WARNING:root:GUI 卡顿 123ms state=IDLE anim=待机呼吸休闲 physics=None
WARNING:pet.gui_stall_sampler:GUI 冻结现场（123ms，2 个采样点，旧→新）：
WARNING:pet.gui_stall_sampler:  [t-148ms] verify_seeky_multi.py:308:<module> <- verify_seeky_multi.py:244:main
WARNING:pet.gui_stall_sampler:  [t-1ms] webm_clip.py:2499:_poll <- webm_clip.py:2750:_process_frame <- window_optional_services.py:62:<lambda> <- verify_seeky_multi.py:92:observed_frame <- window.py:1917:_on_frame <- window.py:2099:_rebuild_frame
WARNING:root:GUI 卡顿 123ms state=IDLE anim=待机呼吸休闲 physics=None
WARNING:pet.gui_stall_sampler:GUI 冻结现场（123ms，2 个采样点，旧→新）：
WARNING:pet.gui_stall_sampler:  [t-149ms] verify_seeky_multi.py:308:<module> <- verify_seeky_multi.py:244:main
WARNING:pet.gui_stall_sampler:  [t-2ms] webm_clip.py:2499:_poll <- webm_clip.py:2750:_process_frame <- window_optional_services.py:62:<lambda> <- verify_seeky_multi.py:92:observed_frame <- window.py:1917:_on_frame <- window.py:2099:_rebuild_frame
WARNING:root:GUI 卡顿 144ms state=IDLE anim=待机呼吸休闲 physics=None
WARNING:pet.gui_stall_sampler:GUI 冻结现场（144ms，2 个采样点，旧→新）：
WARNING:pet.gui_stall_sampler:  [t-167ms] verify_seeky_multi.py:308:<module> <- verify_seeky_multi.py:244:main
WARNING:pet.gui_stall_sampler:  [t-1ms] webm_clip.py:2499:_poll <- webm_clip.py:2750:_process_frame <- window_optional_services.py:62:<lambda> <- verify_seeky_multi.py:92:observed_frame <- window.py:1903:_on_frame <- window.py:887:_sync_movie_throttle
WARNING:root:GUI 卡顿 146ms state=IDLE anim=待机呼吸休闲 physics=None
WARNING:pet.gui_stall_sampler:GUI 冻结现场（146ms，2 个采样点，旧→新）：
WARNING:pet.gui_stall_sampler:  [t-168ms] verify_seeky_multi.py:308:<module> <- verify_seeky_multi.py:244:main
WARNING:pet.gui_stall_sampler:  [t-2ms] webm_clip.py:2499:_poll <- webm_clip.py:2750:_process_frame <- window_optional_services.py:62:<lambda> <- verify_seeky_multi.py:92:observed_frame <- window.py:1903:_on_frame <- window.py:887:_sync_movie_throttle
WARNING:root:GUI 卡顿 146ms state=IDLE anim=待机呼吸休闲 physics=None
WARNING:pet.gui_stall_sampler:GUI 冻结现场（146ms，2 个采样点，旧→新）：
WARNING:pet.gui_stall_sampler:  [t-168ms] verify_seeky_multi.py:308:<module> <- verify_seeky_multi.py:244:main
WARNING:pet.gui_stall_sampler:  [t-3ms] webm_clip.py:2499:_poll <- webm_clip.py:2750:_process_frame <- window_optional_services.py:62:<lambda> <- verify_seeky_multi.py:92:observed_frame <- window.py:1903:_on_frame <- window.py:887:_sync_movie_throttle
WARNING:root:GUI 卡顿 126ms state=IDLE anim=待机呼吸休闲 physics=None
WARNING:pet.gui_stall_sampler:GUI 冻结现场（126ms，3 个采样点，旧→新）：
WARNING:pet.gui_stall_sampler:  [t-134ms] verify_seeky_multi.py:308:<module> <- verify_seeky_multi.py:244:main
WARNING:pet.gui_stall_sampler:  [t-65ms] webm_clip.py:2499:_poll <- webm_clip.py:2750:_process_frame <- window_optional_services.py:62:<lambda> <- verify_seeky_multi.py:92:observed_frame <- window.py:1917:_on_frame <- window.py:2106:_rebuild_frame
WARNING:pet.gui_stall_sampler:  [t-8ms] verify_seeky_multi.py:308:<module> <- verify_seeky_multi.py:244:main
WARNING:root:GUI 卡顿 127ms state=IDLE anim=待机呼吸休闲 physics=None
WARNING:pet.gui_stall_sampler:GUI 冻结现场（127ms，3 个采样点，旧→新）：
WARNING:pet.gui_stall_sampler:  [t-135ms] verify_seeky_multi.py:308:<module> <- verify_seeky_multi.py:244:main
WARNING:pet.gui_stall_sampler:  [t-66ms] webm_clip.py:2499:_poll <- webm_clip.py:2750:_process_frame <- window_optional_services.py:62:<lambda> <- verify_seeky_multi.py:92:observed_frame <- window.py:1917:_on_frame <- window.py:2106:_rebuild_frame
WARNING:pet.gui_stall_sampler:  [t-8ms] verify_seeky_multi.py:308:<module> <- verify_seeky_multi.py:244:main
WARNING:root:GUI 卡顿 128ms state=IDLE anim=待机呼吸休闲 physics=None
WARNING:pet.gui_stall_sampler:GUI 冻结现场（128ms，3 个采样点，旧→新）：
WARNING:pet.gui_stall_sampler:  [t-136ms] verify_seeky_multi.py:308:<module> <- verify_seeky_multi.py:244:main
WARNING:pet.gui_stall_sampler:  [t-66ms] webm_clip.py:2499:_poll <- webm_clip.py:2750:_process_frame <- window_optional_services.py:62:<lambda> <- verify_seeky_multi.py:92:observed_frame <- window.py:1917:_on_frame <- window.py:2106:_rebuild_frame
WARNING:pet.gui_stall_sampler:  [t-9ms] verify_seeky_multi.py:308:<module> <- verify_seeky_multi.py:244:main
WARNING:root:GUI 卡顿 104ms state=IDLE anim=待机呼吸休闲 physics=None
WARNING:pet.gui_stall_sampler:GUI 冻结现场（104ms，2 个采样点，旧→新）：
WARNING:pet.gui_stall_sampler:  [t-144ms] verify_seeky_multi.py:308:<module> <- verify_seeky_multi.py:244:main
WARNING:pet.gui_stall_sampler:  [t-5ms] verify_seeky_multi.py:308:<module> <- verify_seeky_multi.py:244:main <- window.py:2460:paintEvent
WARNING:root:GUI 卡顿 105ms state=IDLE anim=待机呼吸休闲 physics=None
WARNING:pet.gui_stall_sampler:GUI 冻结现场（105ms，2 个采样点，旧→新）：
WARNING:pet.gui_stall_sampler:  [t-145ms] verify_seeky_multi.py:308:<module> <- verify_seeky_multi.py:244:main
WARNING:pet.gui_stall_sampler:  [t-5ms] verify_seeky_multi.py:308:<module> <- verify_seeky_multi.py:244:main <- window.py:2460:paintEvent
WARNING:root:GUI 卡顿 105ms state=IDLE anim=待机呼吸休闲 physics=None
WARNING:pet.gui_stall_sampler:GUI 冻结现场（105ms，2 个采样点，旧→新）：
WARNING:pet.gui_stall_sampler:  [t-145ms] verify_seeky_multi.py:308:<module> <- verify_seeky_multi.py:244:main
WARNING:pet.gui_stall_sampler:  [t-5ms] verify_seeky_multi.py:308:<module> <- verify_seeky_multi.py:244:main <- window.py:2460:paintEvent
WARNING:root:GUI 卡顿 187ms state=IDLE anim=待机呼吸休闲 physics=None
WARNING:pet.gui_stall_sampler:GUI 冻结现场（187ms，1 个采样点，旧→新）：
WARNING:pet.gui_stall_sampler:  [t-232ms] verify_seeky_multi.py:308:<module> <- verify_seeky_multi.py:244:main <- window.py:2460:paintEvent
WARNING:root:GUI 卡顿 188ms state=IDLE anim=待机呼吸休闲 physics=None
WARNING:pet.gui_stall_sampler:GUI 冻结现场（188ms，1 个采样点，旧→新）：
WARNING:pet.gui_stall_sampler:  [t-233ms] verify_seeky_multi.py:308:<module> <- verify_seeky_multi.py:244:main <- window.py:2460:paintEvent
WARNING:root:GUI 卡顿 188ms state=IDLE anim=待机呼吸休闲 physics=None
WARNING:pet.gui_stall_sampler:GUI 冻结现场（188ms，1 个采样点，旧→新）：
WARNING:pet.gui_stall_sampler:  [t-233ms] verify_seeky_multi.py:308:<module> <- verify_seeky_multi.py:244:main <- window.py:2460:paintEvent
WARNING:root:GUI 卡顿 165ms state=IDLE anim=待机呼吸休闲 physics=None
WARNING:pet.gui_stall_sampler:GUI 冻结现场（165ms，2 个采样点，旧→新）：
WARNING:pet.gui_stall_sampler:  [t-195ms] verify_seeky_multi.py:308:<module> <- verify_seeky_multi.py:244:main <- webm_clip.py:2499:_poll <- webm_clip.py:2724:_process_frame
WARNING:pet.gui_stall_sampler:  [t-19ms] verify_seeky_multi.py:308:<module> <- verify_seeky_multi.py:244:main
WARNING:root:GUI 卡顿 169ms state=IDLE anim=待机呼吸休闲 physics=None
WARNING:pet.gui_stall_sampler:GUI 冻结现场（169ms，2 个采样点，旧→新）：
WARNING:pet.gui_stall_sampler:  [t-197ms] verify_seeky_multi.py:308:<module> <- verify_seeky_multi.py:244:main <- webm_clip.py:2499:_poll <- webm_clip.py:2724:_process_frame
WARNING:pet.gui_stall_sampler:  [t-22ms] verify_seeky_multi.py:308:<module> <- verify_seeky_multi.py:244:main
WARNING:root:GUI 卡顿 173ms state=IDLE anim=待机呼吸休闲 physics=None
WARNING:pet.gui_stall_sampler:GUI 冻结现场（173ms，2 个采样点，旧→新）：
WARNING:pet.gui_stall_sampler:  [t-202ms] verify_seeky_multi.py:308:<module> <- verify_seeky_multi.py:244:main <- webm_clip.py:2499:_poll <- webm_clip.py:2724:_process_frame
WARNING:pet.gui_stall_sampler:  [t-26ms] verify_seeky_multi.py:308:<module> <- verify_seeky_multi.py:244:main
WARNING:root:GUI 卡顿 145ms state=IDLE anim=待机呼吸休闲 physics=None
WARNING:pet.gui_stall_sampler:GUI 冻结现场（145ms，2 个采样点，旧→新）：
WARNING:pet.gui_stall_sampler:  [t-192ms] verify_seeky_multi.py:308:<module> <- verify_seeky_multi.py:244:main
WARNING:pet.gui_stall_sampler:  [t-88ms] verify_seeky_multi.py:308:<module> <- verify_seeky_multi.py:244:main <- webm_clip.py:2499:_poll <- webm_clip.py:2724:_process_frame
WARNING:root:GUI 卡顿 146ms state=IDLE anim=待机呼吸休闲 physics=None
WARNING:pet.gui_stall_sampler:GUI 冻结现场（146ms，2 个采样点，旧→新）：
WARNING:pet.gui_stall_sampler:  [t-193ms] verify_seeky_multi.py:308:<module> <- verify_seeky_multi.py:244:main
WARNING:pet.gui_stall_sampler:  [t-89ms] verify_seeky_multi.py:308:<module> <- verify_seeky_multi.py:244:main <- webm_clip.py:2499:_poll <- webm_clip.py:2724:_process_frame
WARNING:root:GUI 卡顿 146ms state=IDLE anim=待机呼吸休闲 physics=None
WARNING:pet.gui_stall_sampler:GUI 冻结现场（146ms，2 个采样点，旧→新）：
WARNING:pet.gui_stall_sampler:  [t-193ms] verify_seeky_multi.py:308:<module> <- verify_seeky_multi.py:244:main
WARNING:pet.gui_stall_sampler:  [t-89ms] verify_seeky_multi.py:308:<module> <- verify_seeky_multi.py:244:main <- webm_clip.py:2499:_poll <- webm_clip.py:2724:_process_frame
WARNING:root:GUI 卡顿 149ms state=IDLE anim=待机呼吸休闲 physics=None
WARNING:pet.gui_stall_sampler:GUI 冻结现场（149ms，1 个采样点，旧→新）：
WARNING:pet.gui_stall_sampler:  [t-159ms] verify_seeky_multi.py:308:<module> <- verify_seeky_multi.py:244:main
WARNING:root:GUI 卡顿 150ms state=IDLE anim=待机呼吸休闲 physics=None
WARNING:pet.gui_stall_sampler:GUI 冻结现场（150ms，1 个采样点，旧→新）：
WARNING:pet.gui_stall_sampler:  [t-159ms] verify_seeky_multi.py:308:<module> <- verify_seeky_multi.py:244:main
WARNING:root:GUI 卡顿 150ms state=IDLE anim=待机呼吸休闲 physics=None
WARNING:pet.gui_stall_sampler:GUI 冻结现场（150ms，1 个采样点，旧→新）：
WARNING:pet.gui_stall_sampler:  [t-159ms] verify_seeky_multi.py:308:<module> <- verify_seeky_multi.py:244:main
WARNING:root:GUI 卡顿 122ms state=IDLE anim=待机呼吸休闲 physics=None
WARNING:pet.gui_stall_sampler:GUI 冻结现场（122ms，2 个采样点，旧→新）：
WARNING:pet.gui_stall_sampler:  [t-122ms] verify_seeky_multi.py:308:<module> <- verify_seeky_multi.py:244:main
WARNING:pet.gui_stall_sampler:  [t-42ms] verify_seeky_multi.py:308:<module> <- verify_seeky_multi.py:244:main <- webm_clip.py:2499:_poll <- webm_clip.py:2724:_process_frame
WARNING:root:GUI 卡顿 123ms state=IDLE anim=待机呼吸休闲 physics=None
WARNING:pet.gui_stall_sampler:GUI 冻结现场（123ms，2 个采样点，旧→新）：
WARNING:pet.gui_stall_sampler:  [t-122ms] verify_seeky_multi.py:308:<module> <- verify_seeky_multi.py:244:main
WARNING:pet.gui_stall_sampler:  [t-42ms] verify_seeky_multi.py:308:<module> <- verify_seeky_multi.py:244:main <- webm_clip.py:2499:_poll <- webm_clip.py:2724:_process_frame
WARNING:root:GUI 卡顿 123ms state=IDLE anim=待机呼吸休闲 physics=None
WARNING:pet.gui_stall_sampler:GUI 冻结现场（123ms，2 个采样点，旧→新）：
WARNING:pet.gui_stall_sampler:  [t-123ms] verify_seeky_multi.py:308:<module> <- verify_seeky_multi.py:244:main
WARNING:pet.gui_stall_sampler:  [t-42ms] verify_seeky_multi.py:308:<module> <- verify_seeky_multi.py:244:main <- webm_clip.py:2499:_poll <- webm_clip.py:2724:_process_frame
WARNING:root:GUI 卡顿 167ms state=IDLE anim=待机呼吸休闲 physics=None
WARNING:pet.gui_stall_sampler:GUI 冻结现场（167ms，2 个采样点，旧→新）：
WARNING:pet.gui_stall_sampler:  [t-217ms] webm_clip.py:2499:_poll <- webm_clip.py:2750:_process_frame <- window_optional_services.py:62:<lambda> <- verify_seeky_multi.py:92:observed_frame <- window.py:1919:_on_frame <- window.py:2126:_rebuild_frame
WARNING:pet.gui_stall_sampler:  [t-30ms] verify_seeky_multi.py:308:<module> <- verify_seeky_multi.py:244:main
WARNING:root:GUI 卡顿 168ms state=IDLE anim=待机呼吸休闲 physics=None
WARNING:pet.gui_stall_sampler:GUI 冻结现场（168ms，2 个采样点，旧→新）：
WARNING:pet.gui_stall_sampler:  [t-217ms] webm_clip.py:2499:_poll <- webm_clip.py:2750:_process_frame <- window_optional_services.py:62:<lambda> <- verify_seeky_multi.py:92:observed_frame <- window.py:1919:_on_frame <- window.py:2126:_rebuild_frame
WARNING:pet.gui_stall_sampler:  [t-31ms] verify_seeky_multi.py:308:<module> <- verify_seeky_multi.py:244:main
WARNING:root:GUI 卡顿 169ms state=IDLE anim=待机呼吸休闲 physics=None
WARNING:pet.gui_stall_sampler:GUI 冻结现场（169ms，2 个采样点，旧→新）：
WARNING:pet.gui_stall_sampler:  [t-218ms] webm_clip.py:2499:_poll <- webm_clip.py:2750:_process_frame <- window_optional_services.py:62:<lambda> <- verify_seeky_multi.py:92:observed_frame <- window.py:1919:_on_frame <- window.py:2126:_rebuild_frame
WARNING:pet.gui_stall_sampler:  [t-31ms] verify_seeky_multi.py:308:<module> <- verify_seeky_multi.py:244:main
WARNING:root:GUI 卡顿 122ms state=IDLE anim=待机呼吸休闲 physics=None
WARNING:pet.gui_stall_sampler:GUI 冻结现场（122ms，3 个采样点，旧→新）：
WARNING:pet.gui_stall_sampler:  [t-123ms] verify_seeky_multi.py:308:<module> <- verify_seeky_multi.py:244:main
WARNING:pet.gui_stall_sampler:  [t-60ms] verify_seeky_multi.py:308:<module> <- verify_seeky_multi.py:244:main <- webm_clip.py:2499:_poll <- webm_clip.py:2723:_process_frame
WARNING:pet.gui_stall_sampler:  [t-1ms] verify_seeky_multi.py:308:<module> <- verify_seeky_multi.py:244:main
WARNING:root:GUI 卡顿 123ms state=IDLE anim=待机呼吸休闲 physics=None
WARNING:pet.gui_stall_sampler:GUI 冻结现场（123ms，3 个采样点，旧→新）：
WARNING:pet.gui_stall_sampler:  [t-123ms] verify_seeky_multi.py:308:<module> <- verify_seeky_multi.py:244:main
WARNING:pet.gui_stall_sampler:  [t-60ms] verify_seeky_multi.py:308:<module> <- verify_seeky_multi.py:244:main <- webm_clip.py:2499:_poll <- webm_clip.py:2723:_process_frame
WARNING:pet.gui_stall_sampler:  [t-2ms] verify_seeky_multi.py:308:<module> <- verify_seeky_multi.py:244:main
WARNING:root:GUI 卡顿 123ms state=IDLE anim=待机呼吸休闲 physics=None
WARNING:pet.gui_stall_sampler:GUI 冻结现场（123ms，3 个采样点，旧→新）：
WARNING:pet.gui_stall_sampler:  [t-124ms] verify_seeky_multi.py:308:<module> <- verify_seeky_multi.py:244:main
WARNING:pet.gui_stall_sampler:  [t-61ms] verify_seeky_multi.py:308:<module> <- verify_seeky_multi.py:244:main <- webm_clip.py:2499:_poll <- webm_clip.py:2723:_process_frame
WARNING:pet.gui_stall_sampler:  [t-2ms] verify_seeky_multi.py:308:<module> <- verify_seeky_multi.py:244:main
WARNING:root:GUI 卡顿 106ms state=IDLE anim=待机呼吸休闲 physics=None
WARNING:pet.gui_stall_sampler:GUI 冻结现场（106ms，2 个采样点，旧→新）：
WARNING:pet.gui_stall_sampler:  [t-149ms] verify_seeky_multi.py:308:<module> <- verify_seeky_multi.py:244:main
WARNING:pet.gui_stall_sampler:  [t-9ms] verify_seeky_multi.py:92:observed_frame <- window.py:1917:_on_frame <- window.py:2124:_rebuild_frame <- window.py:2270:_sync_mask <- window_optional_services.py:42:effects_coverage <- frame_edges.py:27:coverage_region
WARNING:root:GUI 卡顿 107ms state=IDLE anim=待机呼吸休闲 physics=None
WARNING:pet.gui_stall_sampler:GUI 冻结现场（107ms，2 个采样点，旧→新）：
WARNING:pet.gui_stall_sampler:  [t-149ms] verify_seeky_multi.py:308:<module> <- verify_seeky_multi.py:244:main
WARNING:pet.gui_stall_sampler:  [t-9ms] verify_seeky_multi.py:92:observed_frame <- window.py:1917:_on_frame <- window.py:2124:_rebuild_frame <- window.py:2270:_sync_mask <- window_optional_services.py:42:effects_coverage <- frame_edges.py:27:coverage_region
WARNING:root:GUI 卡顿 108ms state=IDLE anim=待机呼吸休闲 physics=None
WARNING:pet.gui_stall_sampler:GUI 冻结现场（108ms，2 个采样点，旧→新）：
WARNING:pet.gui_stall_sampler:  [t-150ms] verify_seeky_multi.py:308:<module> <- verify_seeky_multi.py:244:main
WARNING:pet.gui_stall_sampler:  [t-10ms] verify_seeky_multi.py:92:observed_frame <- window.py:1917:_on_frame <- window.py:2124:_rebuild_frame <- window.py:2270:_sync_mask <- window_optional_services.py:42:effects_coverage <- frame_edges.py:27:coverage_region
WARNING:root:GUI 卡顿 106ms state=IDLE anim=待机呼吸休闲 physics=None
WARNING:pet.gui_stall_sampler:GUI 冻结现场（106ms，2 个采样点，旧→新）：
WARNING:pet.gui_stall_sampler:  [t-145ms] verify_seeky_multi.py:308:<module> <- verify_seeky_multi.py:244:main <- webm_clip.py:2499:_poll <- webm_clip.py:2724:_process_frame
WARNING:pet.gui_stall_sampler:  [t-2ms] verify_seeky_multi.py:308:<module> <- verify_seeky_multi.py:244:main <- webm_clip.py:2499:_poll <- webm_clip.py:2750:_process_frame
WARNING:root:GUI 卡顿 107ms state=IDLE anim=待机呼吸休闲 physics=None
WARNING:pet.gui_stall_sampler:GUI 冻结现场（107ms，2 个采样点，旧→新）：
WARNING:pet.gui_stall_sampler:  [t-146ms] verify_seeky_multi.py:308:<module> <- verify_seeky_multi.py:244:main <- webm_clip.py:2499:_poll <- webm_clip.py:2724:_process_frame
WARNING:pet.gui_stall_sampler:  [t-3ms] verify_seeky_multi.py:308:<module> <- verify_seeky_multi.py:244:main <- webm_clip.py:2499:_poll <- webm_clip.py:2750:_process_frame
WARNING:root:GUI 卡顿 109ms state=IDLE anim=待机呼吸休闲 physics=None
WARNING:pet.gui_stall_sampler:GUI 冻结现场（109ms，2 个采样点，旧→新）：
WARNING:pet.gui_stall_sampler:  [t-147ms] verify_seeky_multi.py:308:<module> <- verify_seeky_multi.py:244:main <- webm_clip.py:2499:_poll <- webm_clip.py:2724:_process_frame
WARNING:pet.gui_stall_sampler:  [t-4ms] verify_seeky_multi.py:308:<module> <- verify_seeky_multi.py:244:main <- webm_clip.py:2499:_poll <- webm_clip.py:2750:_process_frame
WARNING:root:GUI 卡顿 120ms state=IDLE anim=待机呼吸休闲 physics=None
WARNING:pet.gui_stall_sampler:GUI 冻结现场（120ms，3 个采样点，旧→新）：
WARNING:pet.gui_stall_sampler:  [t-153ms] verify_seeky_multi.py:308:<module> <- verify_seeky_multi.py:244:main
WARNING:pet.gui_stall_sampler:  [t-69ms] webm_clip.py:2499:_poll <- webm_clip.py:2750:_process_frame <- window_optional_services.py:62:<lambda> <- verify_seeky_multi.py:92:observed_frame <- window.py:1917:_on_frame <- window.py:2106:_rebuild_frame
WARNING:pet.gui_stall_sampler:  [t-5ms] verify_seeky_multi.py:308:<module> <- verify_seeky_multi.py:244:main
WARNING:root:GUI 卡顿 121ms state=IDLE anim=待机呼吸休闲 physics=None
WARNING:pet.gui_stall_sampler:GUI 冻结现场（121ms，3 个采样点，旧→新）：
WARNING:pet.gui_stall_sampler:  [t-153ms] verify_seeky_multi.py:308:<module> <- verify_seeky_multi.py:244:main
WARNING:pet.gui_stall_sampler:  [t-70ms] webm_clip.py:2499:_poll <- webm_clip.py:2750:_process_frame <- window_optional_services.py:62:<lambda> <- verify_seeky_multi.py:92:observed_frame <- window.py:1917:_on_frame <- window.py:2106:_rebuild_frame
WARNING:pet.gui_stall_sampler:  [t-6ms] verify_seeky_multi.py:308:<module> <- verify_seeky_multi.py:244:main
WARNING:root:GUI 卡顿 122ms state=IDLE anim=待机呼吸休闲 physics=None
WARNING:pet.gui_stall_sampler:GUI 冻结现场（122ms，3 个采样点，旧→新）：
WARNING:pet.gui_stall_sampler:  [t-153ms] verify_seeky_multi.py:308:<module> <- verify_seeky_multi.py:244:main
WARNING:pet.gui_stall_sampler:  [t-70ms] webm_clip.py:2499:_poll <- webm_clip.py:2750:_process_frame <- window_optional_services.py:62:<lambda> <- verify_seeky_multi.py:92:observed_frame <- window.py:1917:_on_frame <- window.py:2106:_rebuild_frame
WARNING:pet.gui_stall_sampler:  [t-6ms] verify_seeky_multi.py:308:<module> <- verify_seeky_multi.py:244:main
WARNING:root:GUI 卡顿 162ms state=IDLE anim=待机呼吸休闲 physics=None
WARNING:pet.gui_stall_sampler:GUI 冻结现场（162ms，2 个采样点，旧→新）：
WARNING:pet.gui_stall_sampler:  [t-208ms] verify_seeky_multi.py:308:<module> <- verify_seeky_multi.py:244:main
WARNING:pet.gui_stall_sampler:  [t-34ms] verify_seeky_multi.py:92:observed_frame <- window.py:1917:_on_frame <- window.py:2124:_rebuild_frame <- window.py:2270:_sync_mask <- window_optional_services.py:42:effects_coverage <- frame_edges.py:39:coverage_region
WARNING:root:GUI 卡顿 164ms state=IDLE anim=待机呼吸休闲 physics=None
WARNING:pet.gui_stall_sampler:GUI 冻结现场（164ms，2 个采样点，旧→新）：
WARNING:pet.gui_stall_sampler:  [t-209ms] verify_seeky_multi.py:308:<module> <- verify_seeky_multi.py:244:main
WARNING:pet.gui_stall_sampler:  [t-35ms] verify_seeky_multi.py:92:observed_frame <- window.py:1917:_on_frame <- window.py:2124:_rebuild_frame <- window.py:2270:_sync_mask <- window_optional_services.py:42:effects_coverage <- frame_edges.py:39:coverage_region
WARNING:root:GUI 卡顿 164ms state=IDLE anim=待机呼吸休闲 physics=None
WARNING:pet.gui_stall_sampler:GUI 冻结现场（164ms，2 个采样点，旧→新）：
WARNING:pet.gui_stall_sampler:  [t-209ms] verify_seeky_multi.py:308:<module> <- verify_seeky_multi.py:244:main
WARNING:pet.gui_stall_sampler:  [t-35ms] verify_seeky_multi.py:92:observed_frame <- window.py:1917:_on_frame <- window.py:2124:_rebuild_frame <- window.py:2270:_sync_mask <- window_optional_services.py:42:effects_coverage <- frame_edges.py:39:coverage_region
WARNING:root:GUI 卡顿 115ms state=IDLE anim=待机呼吸休闲 physics=None
WARNING:pet.gui_stall_sampler:GUI 冻结现场（115ms，2 个采样点，旧→新）：
WARNING:pet.gui_stall_sampler:  [t-158ms] verify_seeky_multi.py:308:<module> <- verify_seeky_multi.py:244:main
WARNING:pet.gui_stall_sampler:  [t-12ms] webm_clip.py:2499:_poll <- webm_clip.py:2750:_process_frame <- window_optional_services.py:62:<lambda> <- verify_seeky_multi.py:92:observed_frame <- window.py:1917:_on_frame <- window.py:2099:_rebuild_frame
WARNING:root:GUI 卡顿 117ms state=IDLE anim=待机呼吸休闲 physics=None
WARNING:pet.gui_stall_sampler:GUI 冻结现场（117ms，2 个采样点，旧→新）：
WARNING:pet.gui_stall_sampler:  [t-159ms] verify_seeky_multi.py:308:<module> <- verify_seeky_multi.py:244:main
WARNING:pet.gui_stall_sampler:  [t-13ms] webm_clip.py:2499:_poll <- webm_clip.py:2750:_process_frame <- window_optional_services.py:62:<lambda> <- verify_seeky_multi.py:92:observed_frame <- window.py:1917:_on_frame <- window.py:2099:_rebuild_frame
WARNING:root:GUI 卡顿 117ms state=IDLE anim=待机呼吸休闲 physics=None
WARNING:pet.gui_stall_sampler:GUI 冻结现场（117ms，2 个采样点，旧→新）：
WARNING:pet.gui_stall_sampler:  [t-159ms] verify_seeky_multi.py:308:<module> <- verify_seeky_multi.py:244:main
WARNING:pet.gui_stall_sampler:  [t-13ms] webm_clip.py:2499:_poll <- webm_clip.py:2750:_process_frame <- window_optional_services.py:62:<lambda> <- verify_seeky_multi.py:92:observed_frame <- window.py:1917:_on_frame <- window.py:2099:_rebuild_frame
WARNING:root:GUI 卡顿 110ms state=IDLE anim=待机呼吸休闲 physics=None
WARNING:pet.gui_stall_sampler:GUI 冻结现场（110ms，2 个采样点，旧→新）：
WARNING:pet.gui_stall_sampler:  [t-156ms] window_optional_services.py:62:<lambda> <- verify_seeky_multi.py:92:observed_frame <- window.py:1917:_on_frame <- window.py:2124:_rebuild_frame <- window.py:2270:_sync_mask <- window_optional_services.py:42:effects_coverage
WARNING:pet.gui_stall_sampler:  [t-43ms] verify_seeky_multi.py:308:<module> <- verify_seeky_multi.py:244:main <- webm_clip.py:2499:_poll <- webm_clip.py:2750:_process_frame
WARNING:root:GUI 卡顿 111ms state=IDLE anim=待机呼吸休闲 physics=None
WARNING:pet.gui_stall_sampler:GUI 冻结现场（111ms，2 个采样点，旧→新）：
WARNING:pet.gui_stall_sampler:  [t-157ms] window_optional_services.py:62:<lambda> <- verify_seeky_multi.py:92:observed_frame <- window.py:1917:_on_frame <- window.py:2124:_rebuild_frame <- window.py:2270:_sync_mask <- window_optional_services.py:42:effects_coverage
WARNING:pet.gui_stall_sampler:  [t-44ms] verify_seeky_multi.py:308:<module> <- verify_seeky_multi.py:244:main <- webm_clip.py:2499:_poll <- webm_clip.py:2750:_process_frame
WARNING:root:GUI 卡顿 112ms state=IDLE anim=待机呼吸休闲 physics=None
WARNING:pet.gui_stall_sampler:GUI 冻结现场（112ms，2 个采样点，旧→新）：
WARNING:pet.gui_stall_sampler:  [t-157ms] window_optional_services.py:62:<lambda> <- verify_seeky_multi.py:92:observed_frame <- window.py:1917:_on_frame <- window.py:2124:_rebuild_frame <- window.py:2270:_sync_mask <- window_optional_services.py:42:effects_coverage
WARNING:pet.gui_stall_sampler:  [t-44ms] verify_seeky_multi.py:308:<module> <- verify_seeky_multi.py:244:main <- webm_clip.py:2499:_poll <- webm_clip.py:2750:_process_frame
WARNING:root:GUI 卡顿 118ms state=IDLE anim=待机呼吸休闲 physics=None
WARNING:pet.gui_stall_sampler:GUI 冻结现场（118ms，1 个采样点，旧→新）：
WARNING:pet.gui_stall_sampler:  [t-11ms] webm_clip.py:2499:_poll <- webm_clip.py:2750:_process_frame <- window_optional_services.py:62:<lambda> <- verify_seeky_multi.py:92:observed_frame <- window.py:1917:_on_frame <- window.py:2106:_rebuild_frame
WARNING:root:GUI 卡顿 119ms state=IDLE anim=待机呼吸休闲 physics=None
WARNING:pet.gui_stall_sampler:GUI 冻结现场（119ms，1 个采样点，旧→新）：
WARNING:pet.gui_stall_sampler:  [t-11ms] webm_clip.py:2499:_poll <- webm_clip.py:2750:_process_frame <- window_optional_services.py:62:<lambda> <- verify_seeky_multi.py:92:observed_frame <- window.py:1917:_on_frame <- window.py:2106:_rebuild_frame
WARNING:root:GUI 卡顿 119ms state=IDLE anim=待机呼吸休闲 physics=None
WARNING:pet.gui_stall_sampler:GUI 冻结现场（119ms，1 个采样点，旧→新）：
WARNING:pet.gui_stall_sampler:  [t-12ms] webm_clip.py:2499:_poll <- webm_clip.py:2750:_process_frame <- window_optional_services.py:62:<lambda> <- verify_seeky_multi.py:92:observed_frame <- window.py:1917:_on_frame <- window.py:2106:_rebuild_frame
WARNING:root:GUI 卡顿 103ms state=IDLE anim=待机呼吸休闲 physics=None
WARNING:pet.gui_stall_sampler:GUI 冻结现场（103ms，2 个采样点，旧→新）：
WARNING:pet.gui_stall_sampler:  [t-132ms] verify_seeky_multi.py:308:<module> <- verify_seeky_multi.py:244:main
WARNING:pet.gui_stall_sampler:  [t-46ms] verify_seeky_multi.py:308:<module> <- verify_seeky_multi.py:244:main <- webm_clip.py:2499:_poll <- webm_clip.py:2723:_process_frame
WARNING:root:GUI 卡顿 104ms state=IDLE anim=待机呼吸休闲 physics=None
WARNING:pet.gui_stall_sampler:GUI 冻结现场（104ms，2 个采样点，旧→新）：
WARNING:pet.gui_stall_sampler:  [t-133ms] verify_seeky_multi.py:308:<module> <- verify_seeky_multi.py:244:main
WARNING:pet.gui_stall_sampler:  [t-48ms] verify_seeky_multi.py:308:<module> <- verify_seeky_multi.py:244:main <- webm_clip.py:2499:_poll <- webm_clip.py:2723:_process_frame
WARNING:root:GUI 卡顿 105ms state=IDLE anim=待机呼吸休闲 physics=None
WARNING:pet.gui_stall_sampler:GUI 冻结现场（105ms，2 个采样点，旧→新）：
WARNING:pet.gui_stall_sampler:  [t-134ms] verify_seeky_multi.py:308:<module> <- verify_seeky_multi.py:244:main
WARNING:pet.gui_stall_sampler:  [t-48ms] verify_seeky_multi.py:308:<module> <- verify_seeky_multi.py:244:main <- webm_clip.py:2499:_poll <- webm_clip.py:2723:_process_frame
WARNING:root:GUI 卡顿 100ms state=IDLE anim=待机呼吸休闲 physics=None
WARNING:pet.gui_stall_sampler:GUI 冻结现场（100ms，2 个采样点，旧→新）：
WARNING:pet.gui_stall_sampler:  [t-148ms] verify_seeky_multi.py:92:observed_frame <- window.py:1917:_on_frame <- window.py:2124:_rebuild_frame <- window.py:2270:_sync_mask <- window_optional_services.py:42:effects_coverage <- frame_edges.py:27:coverage_region
WARNING:pet.gui_stall_sampler:  [t-9ms] webm_clip.py:2499:_poll <- webm_clip.py:2750:_process_frame <- window_optional_services.py:62:<lambda> <- verify_seeky_multi.py:92:observed_frame <- window.py:1919:_on_frame <- window.py:2126:_rebuild_frame
WARNING:root:GUI 卡顿 101ms state=IDLE anim=待机呼吸休闲 physics=None
WARNING:pet.gui_stall_sampler:GUI 冻结现场（101ms，2 个采样点，旧→新）：
WARNING:pet.gui_stall_sampler:  [t-149ms] verify_seeky_multi.py:92:observed_frame <- window.py:1917:_on_frame <- window.py:2124:_rebuild_frame <- window.py:2270:_sync_mask <- window_optional_services.py:42:effects_coverage <- frame_edges.py:27:coverage_region
WARNING:pet.gui_stall_sampler:  [t-10ms] webm_clip.py:2499:_poll <- webm_clip.py:2750:_process_frame <- window_optional_services.py:62:<lambda> <- verify_seeky_multi.py:92:observed_frame <- window.py:1919:_on_frame <- window.py:2126:_rebuild_frame
WARNING:root:GUI 卡顿 102ms state=IDLE anim=待机呼吸休闲 physics=None
WARNING:pet.gui_stall_sampler:GUI 冻结现场（102ms，2 个采样点，旧→新）：
WARNING:pet.gui_stall_sampler:  [t-149ms] verify_seeky_multi.py:92:observed_frame <- window.py:1917:_on_frame <- window.py:2124:_rebuild_frame <- window.py:2270:_sync_mask <- window_optional_services.py:42:effects_coverage <- frame_edges.py:27:coverage_region
WARNING:pet.gui_stall_sampler:  [t-10ms] webm_clip.py:2499:_poll <- webm_clip.py:2750:_process_frame <- window_optional_services.py:62:<lambda> <- verify_seeky_multi.py:92:observed_frame <- window.py:1919:_on_frame <- window.py:2126:_rebuild_frame
WARNING:root:GUI 卡顿 230ms state=IDLE anim=待机呼吸休闲 physics=None
WARNING:pet.gui_stall_sampler:GUI 冻结现场（230ms，1 个采样点，旧→新）：
WARNING:pet.gui_stall_sampler:  [t-53ms] webm_clip.py:2499:_poll <- webm_clip.py:2750:_process_frame <- window_optional_services.py:62:<lambda> <- verify_seeky_multi.py:92:observed_frame <- window.py:1917:_on_frame <- window.py:2106:_rebuild_frame
WARNING:root:GUI 卡顿 231ms state=IDLE anim=待机呼吸休闲 physics=None
WARNING:pet.gui_stall_sampler:GUI 冻结现场（231ms，2 个采样点，旧→新）：
WARNING:pet.gui_stall_sampler:  [t-281ms] webm_clip.py:2499:_poll <- webm_clip.py:2750:_process_frame <- window_optional_services.py:62:<lambda> <- verify_seeky_multi.py:92:observed_frame <- window.py:1919:_on_frame <- window.py:2126:_rebuild_frame
WARNING:pet.gui_stall_sampler:  [t-54ms] webm_clip.py:2499:_poll <- webm_clip.py:2750:_process_frame <- window_optional_services.py:62:<lambda> <- verify_seeky_multi.py:92:observed_frame <- window.py:1917:_on_frame <- window.py:2106:_rebuild_frame
WARNING:root:GUI 卡顿 232ms state=IDLE anim=待机呼吸休闲 physics=None
WARNING:pet.gui_stall_sampler:GUI 冻结现场（232ms，2 个采样点，旧→新）：
WARNING:pet.gui_stall_sampler:  [t-281ms] webm_clip.py:2499:_poll <- webm_clip.py:2750:_process_frame <- window_optional_services.py:62:<lambda> <- verify_seeky_multi.py:92:observed_frame <- window.py:1919:_on_frame <- window.py:2126:_rebuild_frame
WARNING:pet.gui_stall_sampler:  [t-54ms] webm_clip.py:2499:_poll <- webm_clip.py:2750:_process_frame <- window_optional_services.py:62:<lambda> <- verify_seeky_multi.py:92:observed_frame <- window.py:1917:_on_frame <- window.py:2106:_rebuild_frame
WARNING:root:GUI 卡顿 116ms state=IDLE anim=待机呼吸休闲 physics=None
WARNING:pet.gui_stall_sampler:GUI 冻结现场（116ms，3 个采样点，旧→新）：
WARNING:pet.gui_stall_sampler:  [t-155ms] verify_seeky_multi.py:308:<module> <- verify_seeky_multi.py:244:main
WARNING:pet.gui_stall_sampler:  [t-91ms] verify_seeky_multi.py:308:<module> <- verify_seeky_multi.py:244:main <- webm_clip.py:2499:_poll <- webm_clip.py:2724:_process_frame
WARNING:pet.gui_stall_sampler:  [t-8ms] window_optional_services.py:62:<lambda> <- verify_seeky_multi.py:92:observed_frame <- window.py:1917:_on_frame <- window.py:2124:_rebuild_frame <- window.py:2270:_sync_mask <- window_optional_services.py:42:effects_coverage
WARNING:root:GUI 卡顿 117ms state=IDLE anim=待机呼吸休闲 physics=None
WARNING:pet.gui_stall_sampler:GUI 冻结现场（117ms，3 个采样点，旧→新）：
WARNING:pet.gui_stall_sampler:  [t-156ms] verify_seeky_multi.py:308:<module> <- verify_seeky_multi.py:244:main
WARNING:pet.gui_stall_sampler:  [t-92ms] verify_seeky_multi.py:308:<module> <- verify_seeky_multi.py:244:main <- webm_clip.py:2499:_poll <- webm_clip.py:2724:_process_frame
WARNING:pet.gui_stall_sampler:  [t-9ms] window_optional_services.py:62:<lambda> <- verify_seeky_multi.py:92:observed_frame <- window.py:1917:_on_frame <- window.py:2124:_rebuild_frame <- window.py:2270:_sync_mask <- window_optional_services.py:42:effects_coverage
WARNING:root:GUI 卡顿 118ms state=IDLE anim=待机呼吸休闲 physics=None
WARNING:pet.gui_stall_sampler:GUI 冻结现场（118ms，3 个采样点，旧→新）：
WARNING:pet.gui_stall_sampler:  [t-156ms] verify_seeky_multi.py:308:<module> <- verify_seeky_multi.py:244:main
WARNING:pet.gui_stall_sampler:  [t-92ms] verify_seeky_multi.py:308:<module> <- verify_seeky_multi.py:244:main <- webm_clip.py:2499:_poll <- webm_clip.py:2724:_process_frame
WARNING:pet.gui_stall_sampler:  [t-9ms] window_optional_services.py:62:<lambda> <- verify_seeky_multi.py:92:observed_frame <- window.py:1917:_on_frame <- window.py:2124:_rebuild_frame <- window.py:2270:_sync_mask <- window_optional_services.py:42:effects_coverage
WARNING:root:GUI 卡顿 122ms state=IDLE anim=待机呼吸休闲 physics=None
WARNING:pet.gui_stall_sampler:GUI 冻结现场（122ms，2 个采样点，旧→新）：
WARNING:pet.gui_stall_sampler:  [t-168ms] verify_seeky_multi.py:308:<module> <- verify_seeky_multi.py:244:main
WARNING:pet.gui_stall_sampler:  [t-51ms] webm_clip.py:2499:_poll <- webm_clip.py:2750:_process_frame <- window_optional_services.py:62:<lambda> <- verify_seeky_multi.py:92:observed_frame <- window.py:1917:_on_frame <- window.py:2114:_rebuild_frame
WARNING:root:GUI 卡顿 123ms state=IDLE anim=待机呼吸休闲 physics=None
WARNING:pet.gui_stall_sampler:GUI 冻结现场（123ms，2 个采样点，旧→新）：
WARNING:pet.gui_stall_sampler:  [t-169ms] verify_seeky_multi.py:308:<module> <- verify_seeky_multi.py:244:main
WARNING:pet.gui_stall_sampler:  [t-52ms] webm_clip.py:2499:_poll <- webm_clip.py:2750:_process_frame <- window_optional_services.py:62:<lambda> <- verify_seeky_multi.py:92:observed_frame <- window.py:1917:_on_frame <- window.py:2114:_rebuild_frame
WARNING:root:GUI 卡顿 123ms state=IDLE anim=待机呼吸休闲 physics=None
WARNING:pet.gui_stall_sampler:GUI 冻结现场（123ms，2 个采样点，旧→新）：
WARNING:pet.gui_stall_sampler:  [t-169ms] verify_seeky_multi.py:308:<module> <- verify_seeky_multi.py:244:main
WARNING:pet.gui_stall_sampler:  [t-52ms] webm_clip.py:2499:_poll <- webm_clip.py:2750:_process_frame <- window_optional_services.py:62:<lambda> <- verify_seeky_multi.py:92:observed_frame <- window.py:1917:_on_frame <- window.py:2114:_rebuild_frame
WARNING:root:GUI 卡顿 102ms state=IDLE anim=待机呼吸休闲 physics=None
WARNING:pet.gui_stall_sampler:GUI 冻结现场（102ms，1 个采样点，旧→新）：
WARNING:pet.gui_stall_sampler:  [t-148ms] webm_clip.py:2499:_poll <- webm_clip.py:2750:_process_frame <- window_optional_services.py:62:<lambda> <- verify_seeky_multi.py:92:observed_frame <- window.py:1917:_on_frame <- window.py:2106:_rebuild_frame
WARNING:root:GUI 卡顿 104ms state=IDLE anim=待机呼吸休闲 physics=None
WARNING:pet.gui_stall_sampler:GUI 冻结现场（104ms，2 个采样点，旧→新）：
WARNING:pet.gui_stall_sampler:  [t-149ms] webm_clip.py:2499:_poll <- webm_clip.py:2750:_process_frame <- window_optional_services.py:62:<lambda> <- verify_seeky_multi.py:92:observed_frame <- window.py:1917:_on_frame <- window.py:2106:_rebuild_frame
WARNING:pet.gui_stall_sampler:  [t-0ms] window_optional_services.py:62:<lambda> <- verify_seeky_multi.py:92:observed_frame <- window.py:1919:_on_frame <- window.py:2126:_rebuild_frame <- window.py:2291:_sync_mask <- window_optional_services.py:44:effects_coverage
WARNING:root:GUI 卡顿 104ms state=IDLE anim=待机呼吸休闲 physics=None
WARNING:pet.gui_stall_sampler:GUI 冻结现场（104ms，2 个采样点，旧→新）：
WARNING:pet.gui_stall_sampler:  [t-150ms] webm_clip.py:2499:_poll <- webm_clip.py:2750:_process_frame <- window_optional_services.py:62:<lambda> <- verify_seeky_multi.py:92:observed_frame <- window.py:1917:_on_frame <- window.py:2106:_rebuild_frame
WARNING:pet.gui_stall_sampler:  [t-1ms] window_optional_services.py:62:<lambda> <- verify_seeky_multi.py:92:observed_frame <- window.py:1919:_on_frame <- window.py:2126:_rebuild_frame <- window.py:2291:_sync_mask <- window_optional_services.py:44:effects_coverage
WARNING:root:GUI 卡顿 138ms state=IDLE anim=待机呼吸休闲 physics=None
WARNING:pet.gui_stall_sampler:GUI 冻结现场（138ms，2 个采样点，旧→新）：
WARNING:pet.gui_stall_sampler:  [t-151ms] verify_seeky_multi.py:308:<module> <- verify_seeky_multi.py:244:main
WARNING:pet.gui_stall_sampler:  [t-25ms] webm_clip.py:2499:_poll <- webm_clip.py:2750:_process_frame <- window_optional_services.py:62:<lambda> <- verify_seeky_multi.py:92:observed_frame <- window.py:1917:_on_frame <- window.py:2106:_rebuild_frame
WARNING:root:GUI 卡顿 139ms state=IDLE anim=待机呼吸休闲 physics=None
WARNING:pet.gui_stall_sampler:GUI 冻结现场（139ms，2 个采样点，旧→新）：
WARNING:pet.gui_stall_sampler:  [t-151ms] verify_seeky_multi.py:308:<module> <- verify_seeky_multi.py:244:main
WARNING:pet.gui_stall_sampler:  [t-26ms] webm_clip.py:2499:_poll <- webm_clip.py:2750:_process_frame <- window_optional_services.py:62:<lambda> <- verify_seeky_multi.py:92:observed_frame <- window.py:1917:_on_frame <- window.py:2106:_rebuild_frame
WARNING:root:GUI 卡顿 140ms state=IDLE anim=待机呼吸休闲 physics=None
WARNING:pet.gui_stall_sampler:GUI 冻结现场（140ms，2 个采样点，旧→新）：
WARNING:pet.gui_stall_sampler:  [t-152ms] verify_seeky_multi.py:308:<module> <- verify_seeky_multi.py:244:main
WARNING:pet.gui_stall_sampler:  [t-26ms] webm_clip.py:2499:_poll <- webm_clip.py:2750:_process_frame <- window_optional_services.py:62:<lambda> <- verify_seeky_multi.py:92:observed_frame <- window.py:1917:_on_frame <- window.py:2106:_rebuild_frame
WARNING:root:GUI 卡顿 332ms state=IDLE anim=待机呼吸休闲 physics=None
WARNING:pet.gui_stall_sampler:GUI 冻结现场（332ms，3 个采样点，旧→新）：
WARNING:pet.gui_stall_sampler:  [t-337ms] verify_seeky_multi.py:308:<module> <- verify_seeky_multi.py:244:main
WARNING:pet.gui_stall_sampler:  [t-156ms] verify_seeky_multi.py:308:<module> <- verify_seeky_multi.py:244:main <- webm_clip.py:2499:_poll <- webm_clip.py:2724:_process_frame
WARNING:pet.gui_stall_sampler:  [t-33ms] window_optional_services.py:62:<lambda> <- verify_seeky_multi.py:92:observed_frame <- window.py:1917:_on_frame <- window.py:2124:_rebuild_frame <- window.py:2270:_sync_mask <- window_optional_services.py:42:effects_coverage
WARNING:root:GUI 卡顿 334ms state=IDLE anim=待机呼吸休闲 physics=None
WARNING:pet.gui_stall_sampler:GUI 冻结现场（334ms，3 个采样点，旧→新）：
WARNING:pet.gui_stall_sampler:  [t-337ms] verify_seeky_multi.py:308:<module> <- verify_seeky_multi.py:244:main
WARNING:pet.gui_stall_sampler:  [t-157ms] verify_seeky_multi.py:308:<module> <- verify_seeky_multi.py:244:main <- webm_clip.py:2499:_poll <- webm_clip.py:2724:_process_frame
WARNING:pet.gui_stall_sampler:  [t-34ms] window_optional_services.py:62:<lambda> <- verify_seeky_multi.py:92:observed_frame <- window.py:1917:_on_frame <- window.py:2124:_rebuild_frame <- window.py:2270:_sync_mask <- window_optional_services.py:42:effects_coverage
WARNING:root:GUI 卡顿 334ms state=IDLE anim=待机呼吸休闲 physics=None
WARNING:pet.gui_stall_sampler:GUI 冻结现场（334ms，3 个采样点，旧→新）：
WARNING:pet.gui_stall_sampler:  [t-338ms] verify_seeky_multi.py:308:<module> <- verify_seeky_multi.py:244:main
WARNING:pet.gui_stall_sampler:  [t-157ms] verify_seeky_multi.py:308:<module> <- verify_seeky_multi.py:244:main <- webm_clip.py:2499:_poll <- webm_clip.py:2724:_process_frame
WARNING:pet.gui_stall_sampler:  [t-34ms] window_optional_services.py:62:<lambda> <- verify_seeky_multi.py:92:observed_frame <- window.py:1917:_on_frame <- window.py:2124:_rebuild_frame <- window.py:2270:_sync_mask <- window_optional_services.py:42:effects_coverage
WARNING:root:GUI 卡顿 105ms state=IDLE anim=待机呼吸休闲 physics=None
WARNING:pet.gui_stall_sampler:GUI 冻结现场（105ms，2 个采样点，旧→新）：
WARNING:pet.gui_stall_sampler:  [t-123ms] verify_seeky_multi.py:308:<module> <- verify_seeky_multi.py:244:main
WARNING:pet.gui_stall_sampler:  [t-26ms] webm_clip.py:2499:_poll <- webm_clip.py:2750:_process_frame <- window_optional_services.py:62:<lambda> <- verify_seeky_multi.py:92:observed_frame <- window.py:1917:_on_frame <- window.py:2106:_rebuild_frame
WARNING:root:GUI 卡顿 107ms state=IDLE anim=待机呼吸休闲 physics=None
WARNING:pet.gui_stall_sampler:GUI 冻结现场（107ms，2 个采样点，旧→新）：
WARNING:pet.gui_stall_sampler:  [t-124ms] verify_seeky_multi.py:308:<module> <- verify_seeky_multi.py:244:main
WARNING:pet.gui_stall_sampler:  [t-26ms] webm_clip.py:2499:_poll <- webm_clip.py:2750:_process_frame <- window_optional_services.py:62:<lambda> <- verify_seeky_multi.py:92:observed_frame <- window.py:1917:_on_frame <- window.py:2106:_rebuild_frame
WARNING:root:GUI 卡顿 107ms state=IDLE anim=待机呼吸休闲 physics=None
WARNING:pet.gui_stall_sampler:GUI 冻结现场（107ms，2 个采样点，旧→新）：
WARNING:pet.gui_stall_sampler:  [t-125ms] verify_seeky_multi.py:308:<module> <- verify_seeky_multi.py:244:main
WARNING:pet.gui_stall_sampler:  [t-27ms] webm_clip.py:2499:_poll <- webm_clip.py:2750:_process_frame <- window_optional_services.py:62:<lambda> <- verify_seeky_multi.py:92:observed_frame <- window.py:1917:_on_frame <- window.py:2106:_rebuild_frame
WARNING:root:GUI 卡顿 112ms state=IDLE anim=待机呼吸休闲 physics=None
WARNING:pet.gui_stall_sampler:GUI 冻结现场（112ms，3 个采样点，旧→新）：
WARNING:pet.gui_stall_sampler:  [t-128ms] verify_seeky_multi.py:308:<module> <- verify_seeky_multi.py:244:main
WARNING:pet.gui_stall_sampler:  [t-69ms] webm_clip.py:2750:_process_frame <- window_optional_services.py:62:<lambda> <- verify_seeky_multi.py:92:observed_frame <- window.py:1917:_on_frame <- window.py:2124:_rebuild_frame <- window.py:2263:_sync_mask
WARNING:pet.gui_stall_sampler:  [t-13ms] window_optional_services.py:62:<lambda> <- verify_seeky_multi.py:92:observed_frame <- window.py:1919:_on_frame <- window.py:2126:_rebuild_frame <- window.py:2291:_sync_mask <- window_optional_services.py:44:effects_coverage
WARNING:root:GUI 卡顿 113ms state=IDLE anim=待机呼吸休闲 physics=None
WARNING:pet.gui_stall_sampler:GUI 冻结现场（113ms，3 个采样点，旧→新）：
WARNING:pet.gui_stall_sampler:  [t-129ms] verify_seeky_multi.py:308:<module> <- verify_seeky_multi.py:244:main
WARNING:pet.gui_stall_sampler:  [t-70ms] webm_clip.py:2750:_process_frame <- window_optional_services.py:62:<lambda> <- verify_seeky_multi.py:92:observed_frame <- window.py:1917:_on_frame <- window.py:2124:_rebuild_frame <- window.py:2263:_sync_mask
WARNING:pet.gui_stall_sampler:  [t-13ms] window_optional_services.py:62:<lambda> <- verify_seeky_multi.py:92:observed_frame <- window.py:1919:_on_frame <- window.py:2126:_rebuild_frame <- window.py:2291:_sync_mask <- window_optional_services.py:44:effects_coverage
WARNING:root:GUI 卡顿 114ms state=IDLE anim=待机呼吸休闲 physics=None
WARNING:pet.gui_stall_sampler:GUI 冻结现场（114ms，3 个采样点，旧→新）：
WARNING:pet.gui_stall_sampler:  [t-130ms] verify_seeky_multi.py:308:<module> <- verify_seeky_multi.py:244:main
WARNING:pet.gui_stall_sampler:  [t-70ms] webm_clip.py:2750:_process_frame <- window_optional_services.py:62:<lambda> <- verify_seeky_multi.py:92:observed_frame <- window.py:1917:_on_frame <- window.py:2124:_rebuild_frame <- window.py:2263:_sync_mask
WARNING:pet.gui_stall_sampler:  [t-14ms] window_optional_services.py:62:<lambda> <- verify_seeky_multi.py:92:observed_frame <- window.py:1919:_on_frame <- window.py:2126:_rebuild_frame <- window.py:2291:_sync_mask <- window_optional_services.py:44:effects_coverage
WARNING:root:GUI 卡顿 108ms state=IDLE anim=待机呼吸休闲 physics=None
WARNING:pet.gui_stall_sampler:GUI 冻结现场（108ms，1 个采样点，旧→新）：
WARNING:pet.gui_stall_sampler:  [t-13ms] verify_seeky_multi.py:308:<module> <- verify_seeky_multi.py:244:main
WARNING:root:GUI 卡顿 109ms state=IDLE anim=待机呼吸休闲 physics=None
WARNING:pet.gui_stall_sampler:GUI 冻结现场（109ms，1 个采样点，旧→新）：
WARNING:pet.gui_stall_sampler:  [t-13ms] verify_seeky_multi.py:308:<module> <- verify_seeky_multi.py:244:main
WARNING:root:GUI 卡顿 110ms state=IDLE anim=待机呼吸休闲 physics=None
WARNING:pet.gui_stall_sampler:GUI 冻结现场（110ms，1 个采样点，旧→新）：
WARNING:pet.gui_stall_sampler:  [t-14ms] verify_seeky_multi.py:308:<module> <- verify_seeky_multi.py:244:main
WARNING:root:GUI 卡顿 184ms state=IDLE anim=待机呼吸休闲 physics=None
WARNING:pet.gui_stall_sampler:GUI 冻结现场（184ms，2 个采样点，旧→新）：
WARNING:pet.gui_stall_sampler:  [t-230ms] verify_seeky_multi.py:308:<module> <- verify_seeky_multi.py:244:main
WARNING:pet.gui_stall_sampler:  [t-35ms] webm_clip.py:2499:_poll <- webm_clip.py:2750:_process_frame <- window_optional_services.py:62:<lambda> <- verify_seeky_multi.py:92:observed_frame <- window.py:1917:_on_frame <- window.py:2124:_rebuild_frame
WARNING:root:GUI 卡顿 187ms state=IDLE anim=待机呼吸休闲 physics=None
WARNING:pet.gui_stall_sampler:GUI 冻结现场（187ms，2 个采样点，旧→新）：
WARNING:pet.gui_stall_sampler:  [t-231ms] verify_seeky_multi.py:308:<module> <- verify_seeky_multi.py:244:main
WARNING:pet.gui_stall_sampler:  [t-36ms] webm_clip.py:2499:_poll <- webm_clip.py:2750:_process_frame <- window_optional_services.py:62:<lambda> <- verify_seeky_multi.py:92:observed_frame <- window.py:1917:_on_frame <- window.py:2124:_rebuild_frame
WARNING:root:GUI 卡顿 188ms state=IDLE anim=待机呼吸休闲 physics=None
WARNING:pet.gui_stall_sampler:GUI 冻结现场（188ms，2 个采样点，旧→新）：
WARNING:pet.gui_stall_sampler:  [t-231ms] verify_seeky_multi.py:308:<module> <- verify_seeky_multi.py:244:main
WARNING:pet.gui_stall_sampler:  [t-37ms] webm_clip.py:2499:_poll <- webm_clip.py:2750:_process_frame <- window_optional_services.py:62:<lambda> <- verify_seeky_multi.py:92:observed_frame <- window.py:1917:_on_frame <- window.py:2124:_rebuild_frame
WARNING:root:GUI 卡顿 116ms state=IDLE anim=待机呼吸休闲 physics=None
WARNING:pet.gui_stall_sampler:GUI 冻结现场（116ms，3 个采样点，旧→新）：
WARNING:pet.gui_stall_sampler:  [t-141ms] verify_seeky_multi.py:308:<module> <- verify_seeky_multi.py:244:main
WARNING:pet.gui_stall_sampler:  [t-82ms] verify_seeky_multi.py:308:<module> <- verify_seeky_multi.py:244:main <- webm_clip.py:2499:_poll <- webm_clip.py:2724:_process_frame
WARNING:pet.gui_stall_sampler:  [t-10ms] webm_clip.py:2499:_poll <- webm_clip.py:2750:_process_frame <- window_optional_services.py:62:<lambda> <- verify_seeky_multi.py:92:observed_frame <- window.py:1917:_on_frame <- window.py:2119:_rebuild_frame
WARNING:root:GUI 卡顿 117ms state=IDLE anim=待机呼吸休闲 physics=None
WARNING:pet.gui_stall_sampler:GUI 冻结现场（117ms，3 个采样点，旧→新）：
WARNING:pet.gui_stall_sampler:  [t-142ms] verify_seeky_multi.py:308:<module> <- verify_seeky_multi.py:244:main
WARNING:pet.gui_stall_sampler:  [t-83ms] verify_seeky_multi.py:308:<module> <- verify_seeky_multi.py:244:main <- webm_clip.py:2499:_poll <- webm_clip.py:2724:_process_frame
WARNING:pet.gui_stall_sampler:  [t-10ms] webm_clip.py:2499:_poll <- webm_clip.py:2750:_process_frame <- window_optional_services.py:62:<lambda> <- verify_seeky_multi.py:92:observed_frame <- window.py:1917:_on_frame <- window.py:2119:_rebuild_frame
WARNING:root:GUI 卡顿 117ms state=IDLE anim=待机呼吸休闲 physics=None
WARNING:pet.gui_stall_sampler:GUI 冻结现场（117ms，3 个采样点，旧→新）：
WARNING:pet.gui_stall_sampler:  [t-142ms] verify_seeky_multi.py:308:<module> <- verify_seeky_multi.py:244:main
WARNING:pet.gui_stall_sampler:  [t-83ms] verify_seeky_multi.py:308:<module> <- verify_seeky_multi.py:244:main <- webm_clip.py:2499:_poll <- webm_clip.py:2724:_process_frame
WARNING:pet.gui_stall_sampler:  [t-11ms] webm_clip.py:2499:_poll <- webm_clip.py:2750:_process_frame <- window_optional_services.py:62:<lambda> <- verify_seeky_multi.py:92:observed_frame <- window.py:1917:_on_frame <- window.py:2119:_rebuild_frame
WARNING:root:GUI 卡顿 142ms state=IDLE anim=待机呼吸休闲 physics=None
WARNING:pet.gui_stall_sampler:GUI 冻结现场（142ms，2 个采样点，旧→新）：
WARNING:pet.gui_stall_sampler:  [t-161ms] verify_seeky_multi.py:308:<module> <- verify_seeky_multi.py:244:main
WARNING:root:GUI 卡顿 143ms state=IDLE anim=待机呼吸休闲 physics=None
WARNING:pet.gui_stall_sampler:GUI 冻结现场（143ms，2 个采样点，旧→新）：
WARNING:pet.gui_stall_sampler:  [t-162ms] verify_seeky_multi.py:308:<module> <- verify_seeky_multi.py:244:main
WARNING:root:GUI 卡顿 143ms state=IDLE anim=待机呼吸休闲 physics=None
WARNING:pet.gui_stall_sampler:GUI 冻结现场（143ms，2 个采样点，旧→新）：
WARNING:pet.gui_stall_sampler:  [t-162ms] verify_seeky_multi.py:308:<module> <- verify_seeky_multi.py:244:main
WARNING:root:GUI 卡顿 107ms state=IDLE anim=待机呼吸休闲 physics=None
WARNING:pet.gui_stall_sampler:GUI 冻结现场（107ms，1 个采样点，旧→新）：
WARNING:pet.gui_stall_sampler:  [t-13ms] webm_clip.py:2499:_poll <- webm_clip.py:2750:_process_frame <- window_optional_services.py:62:<lambda> <- verify_seeky_multi.py:92:observed_frame <- window.py:1917:_on_frame <- window.py:2106:_rebuild_frame
WARNING:root:GUI 卡顿 121ms state=IDLE anim=待机呼吸休闲 physics=None
WARNING:pet.gui_stall_sampler:GUI 冻结现场（121ms，1 个采样点，旧→新）：
WARNING:pet.gui_stall_sampler:  [t-14ms] webm_clip.py:2499:_poll <- webm_clip.py:2750:_process_frame <- window_optional_services.py:62:<lambda> <- verify_seeky_multi.py:92:observed_frame <- window.py:1917:_on_frame <- window.py:2106:_rebuild_frame
WARNING:root:GUI 卡顿 121ms state=IDLE anim=待机呼吸休闲 physics=None
WARNING:pet.gui_stall_sampler:GUI 冻结现场（121ms，1 个采样点，旧→新）：
WARNING:pet.gui_stall_sampler:  [t-15ms] webm_clip.py:2499:_poll <- webm_clip.py:2750:_process_frame <- window_optional_services.py:62:<lambda> <- verify_seeky_multi.py:92:observed_frame <- window.py:1917:_on_frame <- window.py:2106:_rebuild_frame
WARNING:root:GUI 卡顿 100ms state=IDLE anim=待机呼吸休闲 physics=None
WARNING:pet.gui_stall_sampler:GUI 冻结现场（100ms，1 个采样点，旧→新）：
WARNING:pet.gui_stall_sampler:  [t-34ms] webm_clip.py:2499:_poll <- webm_clip.py:2750:_process_frame <- window_optional_services.py:62:<lambda> <- verify_seeky_multi.py:92:observed_frame <- window.py:1917:_on_frame <- window.py:2106:_rebuild_frame
WARNING:root:GUI 卡顿 101ms state=IDLE anim=待机呼吸休闲 physics=None
WARNING:pet.gui_stall_sampler:GUI 冻结现场（101ms，1 个采样点，旧→新）：
WARNING:pet.gui_stall_sampler:  [t-35ms] webm_clip.py:2499:_poll <- webm_clip.py:2750:_process_frame <- window_optional_services.py:62:<lambda> <- verify_seeky_multi.py:92:observed_frame <- window.py:1917:_on_frame <- window.py:2106:_rebuild_frame
WARNING:root:GUI 卡顿 101ms state=IDLE anim=待机呼吸休闲 physics=None
WARNING:pet.gui_stall_sampler:GUI 冻结现场（101ms，1 个采样点，旧→新）：
WARNING:pet.gui_stall_sampler:  [t-35ms] webm_clip.py:2499:_poll <- webm_clip.py:2750:_process_frame <- window_optional_services.py:62:<lambda> <- verify_seeky_multi.py:92:observed_frame <- window.py:1917:_on_frame <- window.py:2106:_rebuild_frame
WARNING:root:GUI 卡顿 166ms state=IDLE anim=待机呼吸休闲 physics=None
WARNING:pet.gui_stall_sampler:GUI 冻结现场（166ms，2 个采样点，旧→新）：
WARNING:pet.gui_stall_sampler:  [t-193ms] verify_seeky_multi.py:308:<module> <- verify_seeky_multi.py:244:main
WARNING:pet.gui_stall_sampler:  [t-106ms] verify_seeky_multi.py:308:<module> <- verify_seeky_multi.py:244:main <- webm_clip.py:2499:_poll <- webm_clip.py:2723:_process_frame
WARNING:root:GUI 卡顿 190ms state=IDLE anim=待机呼吸休闲 physics=None
WARNING:pet.gui_stall_sampler:GUI 冻结现场（190ms，3 个采样点，旧→新）：
WARNING:pet.gui_stall_sampler:  [t-213ms] verify_seeky_multi.py:308:<module> <- verify_seeky_multi.py:244:main
WARNING:pet.gui_stall_sampler:  [t-127ms] verify_seeky_multi.py:308:<module> <- verify_seeky_multi.py:244:main <- webm_clip.py:2499:_poll <- webm_clip.py:2723:_process_frame
WARNING:pet.gui_stall_sampler:  [t-1ms] verify_seeky_multi.py:92:observed_frame <- window.py:1919:_on_frame <- window.py:2126:_rebuild_frame <- window.py:2291:_sync_mask <- window.py:2233:_frame_draw_rect <- window.py:336:_content_frame_rect
WARNING:root:GUI 卡顿 192ms state=IDLE anim=待机呼吸休闲 physics=None
WARNING:pet.gui_stall_sampler:GUI 冻结现场（192ms，3 个采样点，旧→新）：
WARNING:pet.gui_stall_sampler:  [t-215ms] verify_seeky_multi.py:308:<module> <- verify_seeky_multi.py:244:main
WARNING:pet.gui_stall_sampler:  [t-129ms] verify_seeky_multi.py:308:<module> <- verify_seeky_multi.py:244:main <- webm_clip.py:2499:_poll <- webm_clip.py:2723:_process_frame
WARNING:pet.gui_stall_sampler:  [t-2ms] verify_seeky_multi.py:92:observed_frame <- window.py:1919:_on_frame <- window.py:2126:_rebuild_frame <- window.py:2291:_sync_mask <- window.py:2233:_frame_draw_rect <- window.py:336:_content_frame_rect
WARNING:root:GUI 卡顿 113ms state=IDLE anim=待机呼吸休闲 physics=None
WARNING:pet.gui_stall_sampler:GUI 冻结现场（113ms，2 个采样点，旧→新）：
WARNING:pet.gui_stall_sampler:  [t-119ms] verify_seeky_multi.py:308:<module> <- verify_seeky_multi.py:244:main
WARNING:pet.gui_stall_sampler:  [t-48ms] verify_seeky_multi.py:308:<module> <- verify_seeky_multi.py:244:main <- webm_clip.py:2499:_poll <- webm_clip.py:2723:_process_frame
WARNING:root:GUI 卡顿 115ms state=IDLE anim=待机呼吸休闲 physics=None
WARNING:pet.gui_stall_sampler:GUI 冻结现场（115ms，2 个采样点，旧→新）：
WARNING:pet.gui_stall_sampler:  [t-120ms] verify_seeky_multi.py:308:<module> <- verify_seeky_multi.py:244:main
WARNING:pet.gui_stall_sampler:  [t-49ms] verify_seeky_multi.py:308:<module> <- verify_seeky_multi.py:244:main <- webm_clip.py:2499:_poll <- webm_clip.py:2723:_process_frame
WARNING:root:GUI 卡顿 115ms state=IDLE anim=待机呼吸休闲 physics=None
WARNING:pet.gui_stall_sampler:GUI 冻结现场（115ms，2 个采样点，旧→新）：
WARNING:pet.gui_stall_sampler:  [t-121ms] verify_seeky_multi.py:308:<module> <- verify_seeky_multi.py:244:main
WARNING:pet.gui_stall_sampler:  [t-49ms] verify_seeky_multi.py:308:<module> <- verify_seeky_multi.py:244:main <- webm_clip.py:2499:_poll <- webm_clip.py:2723:_process_frame
WARNING:root:GUI 卡顿 138ms state=IDLE anim=待机呼吸休闲 physics=None
WARNING:pet.gui_stall_sampler:GUI 冻结现场（138ms，1 个采样点，旧→新）：
WARNING:pet.gui_stall_sampler:  [t-56ms] webm_clip.py:2499:_poll <- webm_clip.py:2750:_process_frame <- window_optional_services.py:62:<lambda> <- verify_seeky_multi.py:92:observed_frame <- window.py:1917:_on_frame <- window.py:2106:_rebuild_frame
WARNING:root:GUI 卡顿 140ms state=IDLE anim=待机呼吸休闲 physics=None
WARNING:pet.gui_stall_sampler:GUI 冻结现场（140ms，1 个采样点，旧→新）：
WARNING:pet.gui_stall_sampler:  [t-58ms] webm_clip.py:2499:_poll <- webm_clip.py:2750:_process_frame <- window_optional_services.py:62:<lambda> <- verify_seeky_multi.py:92:observed_frame <- window.py:1917:_on_frame <- window.py:2106:_rebuild_frame
WARNING:root:GUI 卡顿 142ms state=IDLE anim=待机呼吸休闲 physics=None
WARNING:pet.gui_stall_sampler:GUI 冻结现场（142ms，1 个采样点，旧→新）：
WARNING:pet.gui_stall_sampler:  [t-59ms] webm_clip.py:2499:_poll <- webm_clip.py:2750:_process_frame <- window_optional_services.py:62:<lambda> <- verify_seeky_multi.py:92:observed_frame <- window.py:1917:_on_frame <- window.py:2106:_rebuild_frame
WARNING:root:GUI 卡顿 114ms state=IDLE anim=待机呼吸休闲 physics=None
WARNING:pet.gui_stall_sampler:GUI 冻结现场（114ms，1 个采样点，旧→新）：
WARNING:pet.gui_stall_sampler:  [t-50ms] verify_seeky_multi.py:308:<module> <- verify_seeky_multi.py:244:main <- webm_clip.py:2499:_poll <- webm_clip.py:2750:_process_frame
WARNING:root:GUI 卡顿 115ms state=IDLE anim=待机呼吸休闲 physics=None
WARNING:pet.gui_stall_sampler:GUI 冻结现场（115ms，1 个采样点，旧→新）：
WARNING:pet.gui_stall_sampler:  [t-51ms] verify_seeky_multi.py:308:<module> <- verify_seeky_multi.py:244:main <- webm_clip.py:2499:_poll <- webm_clip.py:2750:_process_frame
WARNING:root:GUI 卡顿 115ms state=IDLE anim=待机呼吸休闲 physics=None
WARNING:pet.gui_stall_sampler:GUI 冻结现场（115ms，1 个采样点，旧→新）：
WARNING:pet.gui_stall_sampler:  [t-51ms] verify_seeky_multi.py:308:<module> <- verify_seeky_multi.py:244:main <- webm_clip.py:2499:_poll <- webm_clip.py:2750:_process_frame
WARNING:root:GUI 卡顿 151ms state=IDLE anim=待机呼吸休闲 physics=None
WARNING:pet.gui_stall_sampler:GUI 冻结现场（151ms，1 个采样点，旧→新）：
WARNING:pet.gui_stall_sampler:  [t-132ms] verify_seeky_multi.py:308:<module> <- verify_seeky_multi.py:244:main
WARNING:root:GUI 卡顿 151ms state=IDLE anim=待机呼吸休闲 physics=None
WARNING:pet.gui_stall_sampler:GUI 冻结现场（151ms，1 个采样点，旧→新）：
WARNING:pet.gui_stall_sampler:  [t-133ms] verify_seeky_multi.py:308:<module> <- verify_seeky_multi.py:244:main
WARNING:root:GUI 卡顿 151ms state=IDLE anim=待机呼吸休闲 physics=None
WARNING:pet.gui_stall_sampler:GUI 冻结现场（151ms，1 个采样点，旧→新）：
WARNING:pet.gui_stall_sampler:  [t-134ms] verify_seeky_multi.py:308:<module> <- verify_seeky_multi.py:244:main
WARNING:root:GUI 卡顿 158ms state=IDLE anim=待机呼吸休闲 physics=None
WARNING:pet.gui_stall_sampler:GUI 冻结现场（158ms，2 个采样点，旧→新）：
WARNING:pet.gui_stall_sampler:  [t-177ms] verify_seeky_multi.py:308:<module> <- verify_seeky_multi.py:244:main
WARNING:pet.gui_stall_sampler:  [t-90ms] webm_clip.py:2499:_poll <- webm_clip.py:2750:_process_frame <- window_optional_services.py:62:<lambda> <- verify_seeky_multi.py:92:observed_frame <- window.py:1917:_on_frame <- window.py:2106:_rebuild_frame
WARNING:root:GUI 卡顿 161ms state=IDLE anim=待机呼吸休闲 physics=None
WARNING:pet.gui_stall_sampler:GUI 冻结现场（161ms，3 个采样点，旧→新）：
WARNING:pet.gui_stall_sampler:  [t-178ms] verify_seeky_multi.py:308:<module> <- verify_seeky_multi.py:244:main
WARNING:pet.gui_stall_sampler:  [t-92ms] webm_clip.py:2499:_poll <- webm_clip.py:2750:_process_frame <- window_optional_services.py:62:<lambda> <- verify_seeky_multi.py:92:observed_frame <- window.py:1917:_on_frame <- window.py:2106:_rebuild_frame
WARNING:pet.gui_stall_sampler:  [t-0ms] webm_clip.py:2499:_poll <- webm_clip.py:2750:_process_frame <- window_optional_services.py:62:<lambda> <- verify_seeky_multi.py:92:observed_frame <- window.py:1917:_on_frame <- window.py:2124:_rebuild_frame
WARNING:root:GUI 卡顿 161ms state=IDLE anim=待机呼吸休闲 physics=None
WARNING:pet.gui_stall_sampler:GUI 冻结现场（161ms，3 个采样点，旧→新）：
WARNING:pet.gui_stall_sampler:  [t-179ms] verify_seeky_multi.py:308:<module> <- verify_seeky_multi.py:244:main
WARNING:pet.gui_stall_sampler:  [t-93ms] webm_clip.py:2499:_poll <- webm_clip.py:2750:_process_frame <- window_optional_services.py:62:<lambda> <- verify_seeky_multi.py:92:observed_frame <- window.py:1917:_on_frame <- window.py:2106:_rebuild_frame
WARNING:pet.gui_stall_sampler:  [t-1ms] webm_clip.py:2499:_poll <- webm_clip.py:2750:_process_frame <- window_optional_services.py:62:<lambda> <- verify_seeky_multi.py:92:observed_frame <- window.py:1917:_on_frame <- window.py:2124:_rebuild_frame
WARNING:root:GUI 卡顿 164ms state=IDLE anim=待机呼吸休闲 physics=None
WARNING:pet.gui_stall_sampler:GUI 冻结现场（164ms，3 个采样点，旧→新）：
WARNING:pet.gui_stall_sampler:  [t-179ms] verify_seeky_multi.py:308:<module> <- verify_seeky_multi.py:244:main
WARNING:pet.gui_stall_sampler:  [t-83ms] webm_clip.py:2499:_poll <- webm_clip.py:2750:_process_frame <- window_optional_services.py:62:<lambda> <- verify_seeky_multi.py:92:observed_frame <- window.py:1917:_on_frame <- window.py:2106:_rebuild_frame
WARNING:pet.gui_stall_sampler:  [t-9ms] webm_clip.py:2499:_poll <- webm_clip.py:2750:_process_frame <- window_optional_services.py:62:<lambda> <- verify_seeky_multi.py:92:observed_frame <- window.py:1917:_on_frame <- window.py:2124:_rebuild_frame
WARNING:root:GUI 卡顿 166ms state=IDLE anim=待机呼吸休闲 physics=None
WARNING:pet.gui_stall_sampler:GUI 冻结现场（166ms，3 个采样点，旧→新）：
WARNING:pet.gui_stall_sampler:  [t-180ms] verify_seeky_multi.py:308:<module> <- verify_seeky_multi.py:244:main
WARNING:pet.gui_stall_sampler:  [t-83ms] webm_clip.py:2499:_poll <- webm_clip.py:2750:_process_frame <- window_optional_services.py:62:<lambda> <- verify_seeky_multi.py:92:observed_frame <- window.py:1917:_on_frame <- window.py:2106:_rebuild_frame
WARNING:pet.gui_stall_sampler:  [t-9ms] webm_clip.py:2499:_poll <- webm_clip.py:2750:_process_frame <- window_optional_services.py:62:<lambda> <- verify_seeky_multi.py:92:observed_frame <- window.py:1917:_on_frame <- window.py:2124:_rebuild_frame
WARNING:root:GUI 卡顿 166ms state=IDLE anim=待机呼吸休闲 physics=None
WARNING:pet.gui_stall_sampler:GUI 冻结现场（166ms，3 个采样点，旧→新）：
WARNING:pet.gui_stall_sampler:  [t-180ms] verify_seeky_multi.py:308:<module> <- verify_seeky_multi.py:244:main
WARNING:pet.gui_stall_sampler:  [t-84ms] webm_clip.py:2499:_poll <- webm_clip.py:2750:_process_frame <- window_optional_services.py:62:<lambda> <- verify_seeky_multi.py:92:observed_frame <- window.py:1917:_on_frame <- window.py:2106:_rebuild_frame
WARNING:pet.gui_stall_sampler:  [t-10ms] webm_clip.py:2499:_poll <- webm_clip.py:2750:_process_frame <- window_optional_services.py:62:<lambda> <- verify_seeky_multi.py:92:observed_frame <- window.py:1917:_on_frame <- window.py:2124:_rebuild_frame
WARNING:root:GUI 卡顿 110ms state=IDLE anim=待机呼吸休闲 physics=None
WARNING:pet.gui_stall_sampler:GUI 冻结现场（110ms，3 个采样点，旧→新）：
WARNING:pet.gui_stall_sampler:  [t-150ms] verify_seeky_multi.py:308:<module> <- verify_seeky_multi.py:244:main
WARNING:pet.gui_stall_sampler:  [t-84ms] webm_clip.py:2499:_poll <- webm_clip.py:2750:_process_frame <- window_optional_services.py:62:<lambda> <- verify_seeky_multi.py:92:observed_frame <- window.py:1917:_on_frame <- window.py:2114:_rebuild_frame
WARNING:pet.gui_stall_sampler:  [t-13ms] window_optional_services.py:62:<lambda> <- verify_seeky_multi.py:92:observed_frame <- window.py:1917:_on_frame <- window.py:2124:_rebuild_frame <- window.py:2270:_sync_mask <- window_optional_services.py:42:effects_coverage
WARNING:root:GUI 卡顿 111ms state=IDLE anim=待机呼吸休闲 physics=None
WARNING:pet.gui_stall_sampler:GUI 冻结现场（111ms，3 个采样点，旧→新）：
WARNING:pet.gui_stall_sampler:  [t-151ms] verify_seeky_multi.py:308:<module> <- verify_seeky_multi.py:244:main
WARNING:pet.gui_stall_sampler:  [t-85ms] webm_clip.py:2499:_poll <- webm_clip.py:2750:_process_frame <- window_optional_services.py:62:<lambda> <- verify_seeky_multi.py:92:observed_frame <- window.py:1917:_on_frame <- window.py:2114:_rebuild_frame
WARNING:pet.gui_stall_sampler:  [t-14ms] window_optional_services.py:62:<lambda> <- verify_seeky_multi.py:92:observed_frame <- window.py:1917:_on_frame <- window.py:2124:_rebuild_frame <- window.py:2270:_sync_mask <- window_optional_services.py:42:effects_coverage
WARNING:root:GUI 卡顿 112ms state=IDLE anim=待机呼吸休闲 physics=None
WARNING:pet.gui_stall_sampler:GUI 冻结现场（112ms，3 个采样点，旧→新）：
WARNING:pet.gui_stall_sampler:  [t-152ms] verify_seeky_multi.py:308:<module> <- verify_seeky_multi.py:244:main
WARNING:pet.gui_stall_sampler:  [t-85ms] webm_clip.py:2499:_poll <- webm_clip.py:2750:_process_frame <- window_optional_services.py:62:<lambda> <- verify_seeky_multi.py:92:observed_frame <- window.py:1917:_on_frame <- window.py:2114:_rebuild_frame
WARNING:pet.gui_stall_sampler:  [t-14ms] window_optional_services.py:62:<lambda> <- verify_seeky_multi.py:92:observed_frame <- window.py:1917:_on_frame <- window.py:2124:_rebuild_frame <- window.py:2270:_sync_mask <- window_optional_services.py:42:effects_coverage
WARNING:root:GUI 卡顿 119ms state=IDLE anim=待机呼吸休闲 physics=None
WARNING:pet.gui_stall_sampler:GUI 冻结现场（119ms，2 个采样点，旧→新）：
WARNING:pet.gui_stall_sampler:  [t-54ms] webm_clip.py:2750:_process_frame <- window_optional_services.py:62:<lambda> <- verify_seeky_multi.py:92:observed_frame <- window.py:1919:_on_frame <- window.py:2126:_rebuild_frame <- window.py:2005:_frame_signature
WARNING:pet.gui_stall_sampler:  [t-2ms] verify_seeky_multi.py:308:<module> <- verify_seeky_multi.py:244:main
WARNING:root:GUI 卡顿 120ms state=IDLE anim=待机呼吸休闲 physics=None
WARNING:pet.gui_stall_sampler:GUI 冻结现场（120ms，2 个采样点，旧→新）：
WARNING:pet.gui_stall_sampler:  [t-55ms] webm_clip.py:2750:_process_frame <- window_optional_services.py:62:<lambda> <- verify_seeky_multi.py:92:observed_frame <- window.py:1919:_on_frame <- window.py:2126:_rebuild_frame <- window.py:2005:_frame_signature
WARNING:pet.gui_stall_sampler:  [t-3ms] verify_seeky_multi.py:308:<module> <- verify_seeky_multi.py:244:main
WARNING:root:GUI 卡顿 121ms state=IDLE anim=待机呼吸休闲 physics=None
WARNING:pet.gui_stall_sampler:GUI 冻结现场（121ms，2 个采样点，旧→新）：
WARNING:pet.gui_stall_sampler:  [t-55ms] webm_clip.py:2750:_process_frame <- window_optional_services.py:62:<lambda> <- verify_seeky_multi.py:92:observed_frame <- window.py:1919:_on_frame <- window.py:2126:_rebuild_frame <- window.py:2005:_frame_signature
WARNING:pet.gui_stall_sampler:  [t-3ms] verify_seeky_multi.py:308:<module> <- verify_seeky_multi.py:244:main
WARNING:root:GUI 卡顿 133ms state=IDLE anim=待机呼吸休闲 physics=None
WARNING:pet.gui_stall_sampler:GUI 冻结现场（133ms，3 个采样点，旧→新）：
WARNING:pet.gui_stall_sampler:  [t-175ms] verify_seeky_multi.py:308:<module> <- verify_seeky_multi.py:244:main
WARNING:pet.gui_stall_sampler:  [t-87ms] verify_seeky_multi.py:308:<module> <- verify_seeky_multi.py:244:main <- webm_clip.py:2499:_poll <- webm_clip.py:2724:_process_frame
WARNING:pet.gui_stall_sampler:  [t-18ms] webm_clip.py:2499:_poll <- webm_clip.py:2750:_process_frame <- window_optional_services.py:62:<lambda> <- verify_seeky_multi.py:92:observed_frame <- window.py:1917:_on_frame <- window.py:2106:_rebuild_frame
WARNING:root:GUI 卡顿 134ms state=IDLE anim=待机呼吸休闲 physics=None
WARNING:pet.gui_stall_sampler:GUI 冻结现场（134ms，3 个采样点，旧→新）：
WARNING:pet.gui_stall_sampler:  [t-176ms] verify_seeky_multi.py:308:<module> <- verify_seeky_multi.py:244:main
WARNING:pet.gui_stall_sampler:  [t-88ms] verify_seeky_multi.py:308:<module> <- verify_seeky_multi.py:244:main <- webm_clip.py:2499:_poll <- webm_clip.py:2724:_process_frame
WARNING:pet.gui_stall_sampler:  [t-19ms] webm_clip.py:2499:_poll <- webm_clip.py:2750:_process_frame <- window_optional_services.py:62:<lambda> <- verify_seeky_multi.py:92:observed_frame <- window.py:1917:_on_frame <- window.py:2106:_rebuild_frame
WARNING:root:GUI 卡顿 134ms state=IDLE anim=待机呼吸休闲 physics=None
WARNING:pet.gui_stall_sampler:GUI 冻结现场（134ms，3 个采样点，旧→新）：
WARNING:pet.gui_stall_sampler:  [t-176ms] verify_seeky_multi.py:308:<module> <- verify_seeky_multi.py:244:main
WARNING:pet.gui_stall_sampler:  [t-88ms] verify_seeky_multi.py:308:<module> <- verify_seeky_multi.py:244:main <- webm_clip.py:2499:_poll <- webm_clip.py:2724:_process_frame
WARNING:pet.gui_stall_sampler:  [t-19ms] webm_clip.py:2499:_poll <- webm_clip.py:2750:_process_frame <- window_optional_services.py:62:<lambda> <- verify_seeky_multi.py:92:observed_frame <- window.py:1917:_on_frame <- window.py:2106:_rebuild_frame
WARNING:root:GUI 卡顿 104ms state=IDLE anim=待机呼吸休闲 physics=None
WARNING:pet.gui_stall_sampler:GUI 冻结现场（104ms，2 个采样点，旧→新）：
WARNING:pet.gui_stall_sampler:  [t-103ms] verify_seeky_multi.py:308:<module> <- verify_seeky_multi.py:244:main
WARNING:pet.gui_stall_sampler:  [t-13ms] verify_seeky_multi.py:92:observed_frame <- window.py:1917:_on_frame <- window.py:2124:_rebuild_frame <- window.py:2270:_sync_mask <- window_optional_services.py:42:effects_coverage <- frame_edges.py:27:coverage_region
WARNING:root:GUI 卡顿 104ms state=IDLE anim=待机呼吸休闲 physics=None
WARNING:pet.gui_stall_sampler:GUI 冻结现场（104ms，2 个采样点，旧→新）：
WARNING:pet.gui_stall_sampler:  [t-104ms] verify_seeky_multi.py:308:<module> <- verify_seeky_multi.py:244:main
WARNING:pet.gui_stall_sampler:  [t-14ms] verify_seeky_multi.py:92:observed_frame <- window.py:1917:_on_frame <- window.py:2124:_rebuild_frame <- window.py:2270:_sync_mask <- window_optional_services.py:42:effects_coverage <- frame_edges.py:27:coverage_region
WARNING:root:GUI 卡顿 105ms state=IDLE anim=待机呼吸休闲 physics=None
WARNING:pet.gui_stall_sampler:GUI 冻结现场（105ms，2 个采样点，旧→新）：
WARNING:pet.gui_stall_sampler:  [t-104ms] verify_seeky_multi.py:308:<module> <- verify_seeky_multi.py:244:main
WARNING:pet.gui_stall_sampler:  [t-14ms] verify_seeky_multi.py:92:observed_frame <- window.py:1917:_on_frame <- window.py:2124:_rebuild_frame <- window.py:2270:_sync_mask <- window_optional_services.py:42:effects_coverage <- frame_edges.py:27:coverage_region
WARNING:root:GUI 卡顿 134ms state=IDLE anim=待机呼吸休闲 physics=None
WARNING:pet.gui_stall_sampler:GUI 冻结现场（134ms，2 个采样点，旧→新）：
WARNING:pet.gui_stall_sampler:  [t-89ms] verify_seeky_multi.py:308:<module> <- verify_seeky_multi.py:244:main
WARNING:pet.gui_stall_sampler:  [t-14ms] webm_clip.py:2499:_poll <- webm_clip.py:2750:_process_frame <- window_optional_services.py:62:<lambda> <- verify_seeky_multi.py:92:observed_frame <- window.py:1917:_on_frame <- window.py:2106:_rebuild_frame
WARNING:root:GUI 卡顿 135ms state=IDLE anim=待机呼吸休闲 physics=None
WARNING:pet.gui_stall_sampler:GUI 冻结现场（135ms，2 个采样点，旧→新）：
WARNING:pet.gui_stall_sampler:  [t-90ms] verify_seeky_multi.py:308:<module> <- verify_seeky_multi.py:244:main
WARNING:pet.gui_stall_sampler:  [t-15ms] webm_clip.py:2499:_poll <- webm_clip.py:2750:_process_frame <- window_optional_services.py:62:<lambda> <- verify_seeky_multi.py:92:observed_frame <- window.py:1917:_on_frame <- window.py:2106:_rebuild_frame
WARNING:root:GUI 卡顿 136ms state=IDLE anim=待机呼吸休闲 physics=None
WARNING:pet.gui_stall_sampler:GUI 冻结现场（136ms，2 个采样点，旧→新）：
WARNING:pet.gui_stall_sampler:  [t-91ms] verify_seeky_multi.py:308:<module> <- verify_seeky_multi.py:244:main
WARNING:pet.gui_stall_sampler:  [t-15ms] webm_clip.py:2499:_poll <- webm_clip.py:2750:_process_frame <- window_optional_services.py:62:<lambda> <- verify_seeky_multi.py:92:observed_frame <- window.py:1917:_on_frame <- window.py:2106:_rebuild_frame
WARNING:root:GUI 卡顿 108ms state=IDLE anim=待机呼吸休闲 physics=None
WARNING:pet.gui_stall_sampler:GUI 冻结现场（108ms，2 个采样点，旧→新）：
WARNING:pet.gui_stall_sampler:  [t-108ms] verify_seeky_multi.py:308:<module> <- verify_seeky_multi.py:244:main
WARNING:pet.gui_stall_sampler:  [t-25ms] verify_seeky_multi.py:92:observed_frame <- window.py:1917:_on_frame <- window.py:2124:_rebuild_frame <- window.py:2270:_sync_mask <- window_optional_services.py:42:effects_coverage <- frame_edges.py:27:coverage_region
WARNING:root:GUI 卡顿 109ms state=IDLE anim=待机呼吸休闲 physics=None
WARNING:pet.gui_stall_sampler:GUI 冻结现场（109ms，2 个采样点，旧→新）：
WARNING:pet.gui_stall_sampler:  [t-108ms] verify_seeky_multi.py:308:<module> <- verify_seeky_multi.py:244:main
WARNING:pet.gui_stall_sampler:  [t-26ms] verify_seeky_multi.py:92:observed_frame <- window.py:1917:_on_frame <- window.py:2124:_rebuild_frame <- window.py:2270:_sync_mask <- window_optional_services.py:42:effects_coverage <- frame_edges.py:27:coverage_region
WARNING:root:GUI 卡顿 109ms state=IDLE anim=待机呼吸休闲 physics=None
WARNING:pet.gui_stall_sampler:GUI 冻结现场（109ms，2 个采样点，旧→新）：
WARNING:pet.gui_stall_sampler:  [t-108ms] verify_seeky_multi.py:308:<module> <- verify_seeky_multi.py:244:main
WARNING:pet.gui_stall_sampler:  [t-26ms] verify_seeky_multi.py:92:observed_frame <- window.py:1917:_on_frame <- window.py:2124:_rebuild_frame <- window.py:2270:_sync_mask <- window_optional_services.py:42:effects_coverage <- frame_edges.py:27:coverage_region
WARNING:root:GUI 卡顿 135ms state=IDLE anim=待机呼吸休闲 physics=None
WARNING:pet.gui_stall_sampler:GUI 冻结现场（135ms，2 个采样点，旧→新）：
WARNING:pet.gui_stall_sampler:  [t-141ms] verify_seeky_multi.py:308:<module> <- verify_seeky_multi.py:244:main
WARNING:pet.gui_stall_sampler:  [t-36ms] webm_clip.py:2499:_poll <- webm_clip.py:2750:_process_frame <- window_optional_services.py:62:<lambda> <- verify_seeky_multi.py:92:observed_frame <- window.py:1917:_on_frame <- window.py:2106:_rebuild_frame
WARNING:root:GUI 卡顿 136ms state=IDLE anim=待机呼吸休闲 physics=None
WARNING:pet.gui_stall_sampler:GUI 冻结现场（136ms，2 个采样点，旧→新）：
WARNING:pet.gui_stall_sampler:  [t-141ms] verify_seeky_multi.py:308:<module> <- verify_seeky_multi.py:244:main
WARNING:pet.gui_stall_sampler:  [t-36ms] webm_clip.py:2499:_poll <- webm_clip.py:2750:_process_frame <- window_optional_services.py:62:<lambda> <- verify_seeky_multi.py:92:observed_frame <- window.py:1917:_on_frame <- window.py:2106:_rebuild_frame
WARNING:root:GUI 卡顿 136ms state=IDLE anim=待机呼吸休闲 physics=None
WARNING:pet.gui_stall_sampler:GUI 冻结现场（136ms，2 个采样点，旧→新）：
WARNING:pet.gui_stall_sampler:  [t-141ms] verify_seeky_multi.py:308:<module> <- verify_seeky_multi.py:244:main
WARNING:pet.gui_stall_sampler:  [t-36ms] webm_clip.py:2499:_poll <- webm_clip.py:2750:_process_frame <- window_optional_services.py:62:<lambda> <- verify_seeky_multi.py:92:observed_frame <- window.py:1917:_on_frame <- window.py:2106:_rebuild_frame
WARNING:root:GUI 卡顿 120ms state=IDLE anim=待机呼吸休闲 physics=None
WARNING:pet.gui_stall_sampler:GUI 冻结现场（120ms，2 个采样点，旧→新）：
WARNING:pet.gui_stall_sampler:  [t-135ms] verify_seeky_multi.py:308:<module> <- verify_seeky_multi.py:244:main
WARNING:pet.gui_stall_sampler:  [t-56ms] webm_clip.py:2499:_poll <- webm_clip.py:2750:_process_frame <- window_optional_services.py:62:<lambda> <- verify_seeky_multi.py:92:observed_frame <- window.py:1917:_on_frame <- window.py:2099:_rebuild_frame
WARNING:root:GUI 卡顿 121ms state=IDLE anim=待机呼吸休闲 physics=None
WARNING:pet.gui_stall_sampler:GUI 冻结现场（121ms，2 个采样点，旧→新）：
WARNING:pet.gui_stall_sampler:  [t-135ms] verify_seeky_multi.py:308:<module> <- verify_seeky_multi.py:244:main
WARNING:pet.gui_stall_sampler:  [t-56ms] webm_clip.py:2499:_poll <- webm_clip.py:2750:_process_frame <- window_optional_services.py:62:<lambda> <- verify_seeky_multi.py:92:observed_frame <- window.py:1917:_on_frame <- window.py:2099:_rebuild_frame
WARNING:root:GUI 卡顿 122ms state=IDLE anim=待机呼吸休闲 physics=None
WARNING:pet.gui_stall_sampler:GUI 冻结现场（122ms，2 个采样点，旧→新）：
WARNING:pet.gui_stall_sampler:  [t-136ms] verify_seeky_multi.py:308:<module> <- verify_seeky_multi.py:244:main
WARNING:pet.gui_stall_sampler:  [t-56ms] webm_clip.py:2499:_poll <- webm_clip.py:2750:_process_frame <- window_optional_services.py:62:<lambda> <- verify_seeky_multi.py:92:observed_frame <- window.py:1917:_on_frame <- window.py:2099:_rebuild_frame
WARNING:root:GUI 卡顿 155ms state=IDLE anim=待机呼吸休闲 physics=None
WARNING:pet.gui_stall_sampler:GUI 冻结现场（155ms，3 个采样点，旧→新）：
WARNING:pet.gui_stall_sampler:  [t-176ms] verify_seeky_multi.py:308:<module> <- verify_seeky_multi.py:244:main
WARNING:pet.gui_stall_sampler:  [t-78ms] webm_clip.py:2499:_poll <- webm_clip.py:2750:_process_frame <- window_optional_services.py:62:<lambda> <- verify_seeky_multi.py:92:observed_frame <- window.py:1917:_on_frame <- window.py:2106:_rebuild_frame
WARNING:pet.gui_stall_sampler:  [t-12ms] verify_seeky_multi.py:92:observed_frame <- window.py:1917:_on_frame <- window.py:2124:_rebuild_frame <- window.py:2270:_sync_mask <- window_optional_services.py:42:effects_coverage <- frame_edges.py:34:coverage_region
WARNING:root:GUI 卡顿 157ms state=IDLE anim=待机呼吸休闲 physics=None
WARNING:pet.gui_stall_sampler:GUI 冻结现场（157ms，3 个采样点，旧→新）：
WARNING:pet.gui_stall_sampler:  [t-177ms] verify_seeky_multi.py:308:<module> <- verify_seeky_multi.py:244:main
WARNING:pet.gui_stall_sampler:  [t-79ms] webm_clip.py:2499:_poll <- webm_clip.py:2750:_process_frame <- window_optional_services.py:62:<lambda> <- verify_seeky_multi.py:92:observed_frame <- window.py:1917:_on_frame <- window.py:2106:_rebuild_frame
WARNING:pet.gui_stall_sampler:  [t-13ms] verify_seeky_multi.py:92:observed_frame <- window.py:1917:_on_frame <- window.py:2124:_rebuild_frame <- window.py:2270:_sync_mask <- window_optional_services.py:42:effects_coverage <- frame_edges.py:34:coverage_region
WARNING:root:GUI 卡顿 157ms state=IDLE anim=待机呼吸休闲 physics=None
WARNING:pet.gui_stall_sampler:GUI 冻结现场（157ms，3 个采样点，旧→新）：
WARNING:pet.gui_stall_sampler:  [t-178ms] verify_seeky_multi.py:308:<module> <- verify_seeky_multi.py:244:main
WARNING:pet.gui_stall_sampler:  [t-80ms] webm_clip.py:2499:_poll <- webm_clip.py:2750:_process_frame <- window_optional_services.py:62:<lambda> <- verify_seeky_multi.py:92:observed_frame <- window.py:1917:_on_frame <- window.py:2106:_rebuild_frame
WARNING:pet.gui_stall_sampler:  [t-14ms] verify_seeky_multi.py:92:observed_frame <- window.py:1917:_on_frame <- window.py:2124:_rebuild_frame <- window.py:2270:_sync_mask <- window_optional_services.py:42:effects_coverage <- frame_edges.py:34:coverage_region
WARNING:root:GUI 卡顿 127ms state=IDLE anim=待机呼吸休闲 physics=None
WARNING:pet.gui_stall_sampler:GUI 冻结现场（127ms，2 个采样点，旧→新）：
WARNING:pet.gui_stall_sampler:  [t-139ms] verify_seeky_multi.py:92:observed_frame <- window.py:1917:_on_frame <- window.py:2124:_rebuild_frame <- window.py:2270:_sync_mask <- window_optional_services.py:42:effects_coverage <- frame_edges.py:34:coverage_region
WARNING:pet.gui_stall_sampler:  [t-2ms] webm_clip.py:2499:_poll <- webm_clip.py:2750:_process_frame <- window_optional_services.py:62:<lambda> <- verify_seeky_multi.py:92:observed_frame <- window.py:1919:_on_frame <- window.py:2126:_rebuild_frame
WARNING:root:GUI 卡顿 126ms state=IDLE anim=待机呼吸休闲 physics=None
WARNING:pet.gui_stall_sampler:GUI 冻结现场（126ms，2 个采样点，旧→新）：
WARNING:pet.gui_stall_sampler:  [t-140ms] verify_seeky_multi.py:92:observed_frame <- window.py:1917:_on_frame <- window.py:2124:_rebuild_frame <- window.py:2270:_sync_mask <- window_optional_services.py:42:effects_coverage <- frame_edges.py:34:coverage_region
WARNING:pet.gui_stall_sampler:  [t-3ms] webm_clip.py:2499:_poll <- webm_clip.py:2750:_process_frame <- window_optional_services.py:62:<lambda> <- verify_seeky_multi.py:92:observed_frame <- window.py:1919:_on_frame <- window.py:2126:_rebuild_frame
WARNING:root:GUI 卡顿 126ms state=IDLE anim=待机呼吸休闲 physics=None
WARNING:pet.gui_stall_sampler:GUI 冻结现场（126ms，2 个采样点，旧→新）：
WARNING:pet.gui_stall_sampler:  [t-140ms] verify_seeky_multi.py:92:observed_frame <- window.py:1917:_on_frame <- window.py:2124:_rebuild_frame <- window.py:2270:_sync_mask <- window_optional_services.py:42:effects_coverage <- frame_edges.py:34:coverage_region
WARNING:pet.gui_stall_sampler:  [t-3ms] webm_clip.py:2499:_poll <- webm_clip.py:2750:_process_frame <- window_optional_services.py:62:<lambda> <- verify_seeky_multi.py:92:observed_frame <- window.py:1919:_on_frame <- window.py:2126:_rebuild_frame
WARNING:root:GUI 卡顿 162ms state=IDLE anim=待机呼吸休闲 physics=None
WARNING:pet.gui_stall_sampler:GUI 冻结现场（162ms，2 个采样点，旧→新）：
WARNING:pet.gui_stall_sampler:  [t-180ms] verify_seeky_multi.py:308:<module> <- verify_seeky_multi.py:244:main
WARNING:pet.gui_stall_sampler:  [t-102ms] webm_clip.py:2750:_process_frame <- window_optional_services.py:62:<lambda> <- verify_seeky_multi.py:92:observed_frame <- window.py:1904:_on_frame <- window.py:2765:_predict_prewarm <- webm_clip.py:1479:decode_throttle_divisor
WARNING:root:GUI 卡顿 163ms state=IDLE anim=待机呼吸休闲 physics=None
WARNING:pet.gui_stall_sampler:GUI 冻结现场（163ms，2 个采样点，旧→新）：
WARNING:pet.gui_stall_sampler:  [t-180ms] verify_seeky_multi.py:308:<module> <- verify_seeky_multi.py:244:main
WARNING:pet.gui_stall_sampler:  [t-103ms] webm_clip.py:2750:_process_frame <- window_optional_services.py:62:<lambda> <- verify_seeky_multi.py:92:observed_frame <- window.py:1904:_on_frame <- window.py:2765:_predict_prewarm <- webm_clip.py:1479:decode_throttle_divisor
WARNING:root:GUI 卡顿 163ms state=IDLE anim=待机呼吸休闲 physics=None
WARNING:pet.gui_stall_sampler:GUI 冻结现场（163ms，2 个采样点，旧→新）：
WARNING:pet.gui_stall_sampler:  [t-180ms] verify_seeky_multi.py:308:<module> <- verify_seeky_multi.py:244:main
WARNING:pet.gui_stall_sampler:  [t-103ms] webm_clip.py:2750:_process_frame <- window_optional_services.py:62:<lambda> <- verify_seeky_multi.py:92:observed_frame <- window.py:1904:_on_frame <- window.py:2765:_predict_prewarm <- webm_clip.py:1479:decode_throttle_divisor
WARNING:root:GUI 卡顿 154ms state=IDLE anim=待机呼吸休闲 physics=None
WARNING:pet.gui_stall_sampler:GUI 冻结现场（154ms，3 个采样点，旧→新）：
WARNING:pet.gui_stall_sampler:  [t-194ms] verify_seeky_multi.py:308:<module> <- verify_seeky_multi.py:244:main
WARNING:pet.gui_stall_sampler:  [t-93ms] verify_seeky_multi.py:308:<module> <- verify_seeky_multi.py:244:main <- webm_clip.py:2499:_poll <- webm_clip.py:2724:_process_frame
WARNING:pet.gui_stall_sampler:  [t-26ms] webm_clip.py:2499:_poll <- webm_clip.py:2750:_process_frame <- window_optional_services.py:62:<lambda> <- verify_seeky_multi.py:92:observed_frame <- window.py:1917:_on_frame <- window.py:2106:_rebuild_frame
WARNING:root:GUI 卡顿 156ms state=IDLE anim=待机呼吸休闲 physics=None
WARNING:pet.gui_stall_sampler:GUI 冻结现场（156ms，3 个采样点，旧→新）：
WARNING:pet.gui_stall_sampler:  [t-196ms] verify_seeky_multi.py:308:<module> <- verify_seeky_multi.py:244:main
WARNING:pet.gui_stall_sampler:  [t-94ms] verify_seeky_multi.py:308:<module> <- verify_seeky_multi.py:244:main <- webm_clip.py:2499:_poll <- webm_clip.py:2724:_process_frame
WARNING:pet.gui_stall_sampler:  [t-27ms] webm_clip.py:2499:_poll <- webm_clip.py:2750:_process_frame <- window_optional_services.py:62:<lambda> <- verify_seeky_multi.py:92:observed_frame <- window.py:1917:_on_frame <- window.py:2106:_rebuild_frame
WARNING:root:GUI 卡顿 156ms state=IDLE anim=待机呼吸休闲 physics=None
WARNING:pet.gui_stall_sampler:GUI 冻结现场（156ms，3 个采样点，旧→新）：
WARNING:pet.gui_stall_sampler:  [t-196ms] verify_seeky_multi.py:308:<module> <- verify_seeky_multi.py:244:main
WARNING:pet.gui_stall_sampler:  [t-94ms] verify_seeky_multi.py:308:<module> <- verify_seeky_multi.py:244:main <- webm_clip.py:2499:_poll <- webm_clip.py:2724:_process_frame
WARNING:pet.gui_stall_sampler:  [t-28ms] webm_clip.py:2499:_poll <- webm_clip.py:2750:_process_frame <- window_optional_services.py:62:<lambda> <- verify_seeky_multi.py:92:observed_frame <- window.py:1917:_on_frame <- window.py:2106:_rebuild_frame
WARNING:root:GUI 卡顿 132ms state=IDLE anim=待机呼吸休闲 physics=None
WARNING:pet.gui_stall_sampler:GUI 冻结现场（132ms，1 个采样点，旧→新）：
WARNING:pet.gui_stall_sampler:  [t-47ms] webm_clip.py:2499:_poll <- webm_clip.py:2750:_process_frame <- window_optional_services.py:62:<lambda> <- verify_seeky_multi.py:92:observed_frame <- window.py:1917:_on_frame <- window.py:2106:_rebuild_frame
WARNING:root:GUI 卡顿 132ms state=IDLE anim=待机呼吸休闲 physics=None
WARNING:pet.gui_stall_sampler:GUI 冻结现场（132ms，1 个采样点，旧→新）：
WARNING:pet.gui_stall_sampler:  [t-47ms] webm_clip.py:2499:_poll <- webm_clip.py:2750:_process_frame <- window_optional_services.py:62:<lambda> <- verify_seeky_multi.py:92:observed_frame <- window.py:1917:_on_frame <- window.py:2106:_rebuild_frame
WARNING:root:GUI 卡顿 132ms state=IDLE anim=待机呼吸休闲 physics=None
WARNING:pet.gui_stall_sampler:GUI 冻结现场（132ms，1 个采样点，旧→新）：
WARNING:pet.gui_stall_sampler:  [t-47ms] webm_clip.py:2499:_poll <- webm_clip.py:2750:_process_frame <- window_optional_services.py:62:<lambda> <- verify_seeky_multi.py:92:observed_frame <- window.py:1917:_on_frame <- window.py:2106:_rebuild_frame
WARNING:root:GUI 卡顿 154ms state=IDLE anim=待机呼吸休闲 physics=None
WARNING:pet.gui_stall_sampler:GUI 冻结现场（154ms，3 个采样点，旧→新）：
WARNING:pet.gui_stall_sampler:  [t-200ms] verify_seeky_multi.py:308:<module> <- verify_seeky_multi.py:244:main
WARNING:pet.gui_stall_sampler:  [t-141ms] verify_seeky_multi.py:308:<module> <- verify_seeky_multi.py:244:main <- webm_clip.py:2499:_poll <- webm_clip.py:2724:_process_frame
WARNING:pet.gui_stall_sampler:  [t-39ms] webm_clip.py:2499:_poll <- webm_clip.py:2750:_process_frame <- window_optional_services.py:62:<lambda> <- verify_seeky_multi.py:92:observed_frame <- window.py:1917:_on_frame <- window.py:2106:_rebuild_frame
WARNING:root:GUI 卡顿 155ms state=IDLE anim=待机呼吸休闲 physics=None
WARNING:pet.gui_stall_sampler:GUI 冻结现场（155ms，3 个采样点，旧→新）：
WARNING:pet.gui_stall_sampler:  [t-201ms] verify_seeky_multi.py:308:<module> <- verify_seeky_multi.py:244:main
WARNING:pet.gui_stall_sampler:  [t-142ms] verify_seeky_multi.py:308:<module> <- verify_seeky_multi.py:244:main <- webm_clip.py:2499:_poll <- webm_clip.py:2724:_process_frame
WARNING:pet.gui_stall_sampler:  [t-40ms] webm_clip.py:2499:_poll <- webm_clip.py:2750:_process_frame <- window_optional_services.py:62:<lambda> <- verify_seeky_multi.py:92:observed_frame <- window.py:1917:_on_frame <- window.py:2106:_rebuild_frame
WARNING:root:GUI 卡顿 156ms state=IDLE anim=待机呼吸休闲 physics=None
WARNING:pet.gui_stall_sampler:GUI 冻结现场（156ms，3 个采样点，旧→新）：
WARNING:pet.gui_stall_sampler:  [t-201ms] verify_seeky_multi.py:308:<module> <- verify_seeky_multi.py:244:main
WARNING:pet.gui_stall_sampler:  [t-143ms] verify_seeky_multi.py:308:<module> <- verify_seeky_multi.py:244:main <- webm_clip.py:2499:_poll <- webm_clip.py:2724:_process_frame
WARNING:pet.gui_stall_sampler:  [t-40ms] webm_clip.py:2499:_poll <- webm_clip.py:2750:_process_frame <- window_optional_services.py:62:<lambda> <- verify_seeky_multi.py:92:observed_frame <- window.py:1917:_on_frame <- window.py:2106:_rebuild_frame
WARNING:root:GUI 卡顿 130ms state=IDLE anim=待机呼吸休闲 physics=None
WARNING:pet.gui_stall_sampler:GUI 冻结现场（130ms，3 个采样点，旧→新）：
WARNING:pet.gui_stall_sampler:  [t-169ms] webm_clip.py:2499:_poll <- webm_clip.py:2750:_process_frame <- window_optional_services.py:62:<lambda> <- verify_seeky_multi.py:92:observed_frame <- window.py:1917:_on_frame <- window.py:2106:_rebuild_frame
WARNING:root:GUI 卡顿 129ms state=IDLE anim=待机呼吸休闲 physics=None
WARNING:pet.gui_stall_sampler:GUI 冻结现场（129ms，3 个采样点，旧→新）：
WARNING:pet.gui_stall_sampler:  [t-169ms] webm_clip.py:2499:_poll <- webm_clip.py:2750:_process_frame <- window_optional_services.py:62:<lambda> <- verify_seeky_multi.py:92:observed_frame <- window.py:1917:_on_frame <- window.py:2106:_rebuild_frame
WARNING:root:GUI 卡顿 129ms state=IDLE anim=待机呼吸休闲 physics=None
WARNING:pet.gui_stall_sampler:GUI 冻结现场（129ms，3 个采样点，旧→新）：
WARNING:pet.gui_stall_sampler:  [t-169ms] webm_clip.py:2499:_poll <- webm_clip.py:2750:_process_frame <- window_optional_services.py:62:<lambda> <- verify_seeky_multi.py:92:observed_frame <- window.py:1917:_on_frame <- window.py:2106:_rebuild_frame
WARNING:root:GUI 卡顿 159ms state=IDLE anim=待机呼吸休闲 physics=None
WARNING:pet.gui_stall_sampler:GUI 冻结现场（159ms，3 个采样点，旧→新）：
WARNING:pet.gui_stall_sampler:  [t-204ms] webm_clip.py:2499:_poll <- webm_clip.py:2750:_process_frame <- window_optional_services.py:62:<lambda> <- verify_seeky_multi.py:92:observed_frame <- window.py:1917:_on_frame <- window.py:2106:_rebuild_frame
WARNING:root:GUI 卡顿 160ms state=IDLE anim=待机呼吸休闲 physics=None
WARNING:pet.gui_stall_sampler:GUI 冻结现场（160ms，3 个采样点，旧→新）：
WARNING:pet.gui_stall_sampler:  [t-204ms] webm_clip.py:2499:_poll <- webm_clip.py:2750:_process_frame <- window_optional_services.py:62:<lambda> <- verify_seeky_multi.py:92:observed_frame <- window.py:1917:_on_frame <- window.py:2106:_rebuild_frame
WARNING:root:GUI 卡顿 160ms state=IDLE anim=待机呼吸休闲 physics=None
WARNING:pet.gui_stall_sampler:GUI 冻结现场（160ms，3 个采样点，旧→新）：
WARNING:pet.gui_stall_sampler:  [t-204ms] webm_clip.py:2499:_poll <- webm_clip.py:2750:_process_frame <- window_optional_services.py:62:<lambda> <- verify_seeky_multi.py:92:observed_frame <- window.py:1917:_on_frame <- window.py:2106:_rebuild_frame
WARNING:root:GUI 卡顿 272ms state=IDLE anim=待机呼吸休闲 physics=None
WARNING:pet.gui_stall_sampler:GUI 冻结现场（272ms，4 个采样点，旧→新）：
WARNING:pet.gui_stall_sampler:  [t-320ms] verify_seeky_multi.py:308:<module> <- verify_seeky_multi.py:244:main
WARNING:pet.gui_stall_sampler:  [t-122ms] verify_seeky_multi.py:308:<module> <- verify_seeky_multi.py:244:main <- webm_clip.py:2499:_poll <- webm_clip.py:2750:_process_frame
WARNING:pet.gui_stall_sampler:  [t-59ms] webm_clip.py:2499:_poll <- webm_clip.py:2750:_process_frame <- window_optional_services.py:62:<lambda> <- verify_seeky_multi.py:92:observed_frame <- window.py:1917:_on_frame <- window.py:2106:_rebuild_frame
WARNING:pet.gui_stall_sampler:  [t-1ms] verify_seeky_multi.py:308:<module> <- verify_seeky_multi.py:244:main
WARNING:root:GUI 卡顿 274ms state=IDLE anim=待机呼吸休闲 physics=None
WARNING:pet.gui_stall_sampler:GUI 冻结现场（274ms，4 个采样点，旧→新）：
WARNING:pet.gui_stall_sampler:  [t-321ms] verify_seeky_multi.py:308:<module> <- verify_seeky_multi.py:244:main
WARNING:pet.gui_stall_sampler:  [t-123ms] verify_seeky_multi.py:308:<module> <- verify_seeky_multi.py:244:main <- webm_clip.py:2499:_poll <- webm_clip.py:2750:_process_frame
WARNING:pet.gui_stall_sampler:  [t-60ms] webm_clip.py:2499:_poll <- webm_clip.py:2750:_process_frame <- window_optional_services.py:62:<lambda> <- verify_seeky_multi.py:92:observed_frame <- window.py:1917:_on_frame <- window.py:2106:_rebuild_frame
WARNING:pet.gui_stall_sampler:  [t-2ms] verify_seeky_multi.py:308:<module> <- verify_seeky_multi.py:244:main
WARNING:root:GUI 卡顿 274ms state=IDLE anim=待机呼吸休闲 physics=None
WARNING:pet.gui_stall_sampler:GUI 冻结现场（274ms，4 个采样点，旧→新）：
WARNING:pet.gui_stall_sampler:  [t-321ms] verify_seeky_multi.py:308:<module> <- verify_seeky_multi.py:244:main
WARNING:pet.gui_stall_sampler:  [t-123ms] verify_seeky_multi.py:308:<module> <- verify_seeky_multi.py:244:main <- webm_clip.py:2499:_poll <- webm_clip.py:2750:_process_frame
WARNING:pet.gui_stall_sampler:  [t-60ms] webm_clip.py:2499:_poll <- webm_clip.py:2750:_process_frame <- window_optional_services.py:62:<lambda> <- verify_seeky_multi.py:92:observed_frame <- window.py:1917:_on_frame <- window.py:2106:_rebuild_frame
WARNING:pet.gui_stall_sampler:  [t-2ms] verify_seeky_multi.py:308:<module> <- verify_seeky_multi.py:244:main
WARNING:root:GUI 卡顿 105ms state=IDLE anim=待机呼吸休闲 physics=None
WARNING:pet.gui_stall_sampler:GUI 冻结现场（105ms，3 个采样点，旧→新）：
WARNING:pet.gui_stall_sampler:  [t-144ms] verify_seeky_multi.py:308:<module> <- verify_seeky_multi.py:244:main
WARNING:pet.gui_stall_sampler:  [t-65ms] webm_clip.py:2499:_poll <- webm_clip.py:2750:_process_frame <- window_optional_services.py:62:<lambda> <- verify_seeky_multi.py:92:observed_frame <- window.py:1917:_on_frame <- window.py:2119:_rebuild_frame
WARNING:pet.gui_stall_sampler:  [t-2ms] verify_seeky_multi.py:308:<module> <- verify_seeky_multi.py:244:main
WARNING:root:GUI 卡顿 106ms state=IDLE anim=待机呼吸休闲 physics=None
WARNING:pet.gui_stall_sampler:GUI 冻结现场（106ms，3 个采样点，旧→新）：
WARNING:pet.gui_stall_sampler:  [t-145ms] verify_seeky_multi.py:308:<module> <- verify_seeky_multi.py:244:main
WARNING:pet.gui_stall_sampler:  [t-66ms] webm_clip.py:2499:_poll <- webm_clip.py:2750:_process_frame <- window_optional_services.py:62:<lambda> <- verify_seeky_multi.py:92:observed_frame <- window.py:1917:_on_frame <- window.py:2119:_rebuild_frame
WARNING:pet.gui_stall_sampler:  [t-3ms] verify_seeky_multi.py:308:<module> <- verify_seeky_multi.py:244:main
WARNING:root:GUI 卡顿 107ms state=IDLE anim=待机呼吸休闲 physics=None
WARNING:pet.gui_stall_sampler:GUI 冻结现场（107ms，3 个采样点，旧→新）：
WARNING:pet.gui_stall_sampler:  [t-145ms] verify_seeky_multi.py:308:<module> <- verify_seeky_multi.py:244:main
WARNING:pet.gui_stall_sampler:  [t-66ms] webm_clip.py:2499:_poll <- webm_clip.py:2750:_process_frame <- window_optional_services.py:62:<lambda> <- verify_seeky_multi.py:92:observed_frame <- window.py:1917:_on_frame <- window.py:2119:_rebuild_frame
WARNING:pet.gui_stall_sampler:  [t-3ms] verify_seeky_multi.py:308:<module> <- verify_seeky_multi.py:244:main
WARNING:root:GUI 卡顿 159ms state=IDLE anim=待机呼吸休闲 physics=None
WARNING:pet.gui_stall_sampler:GUI 冻结现场（159ms，3 个采样点，旧→新）：
WARNING:pet.gui_stall_sampler:  [t-193ms] webm_clip.py:2499:_poll <- webm_clip.py:2750:_process_frame <- window_optional_services.py:62:<lambda> <- verify_seeky_multi.py:92:observed_frame <- window.py:1917:_on_frame <- window.py:2106:_rebuild_frame
WARNING:root:GUI 卡顿 160ms state=IDLE anim=待机呼吸休闲 physics=None
WARNING:pet.gui_stall_sampler:GUI 冻结现场（160ms，3 个采样点，旧→新）：
WARNING:pet.gui_stall_sampler:  [t-194ms] webm_clip.py:2499:_poll <- webm_clip.py:2750:_process_frame <- window_optional_services.py:62:<lambda> <- verify_seeky_multi.py:92:observed_frame <- window.py:1917:_on_frame <- window.py:2106:_rebuild_frame
WARNING:root:GUI 卡顿 160ms state=IDLE anim=待机呼吸休闲 physics=None
WARNING:pet.gui_stall_sampler:GUI 冻结现场（160ms，3 个采样点，旧→新）：
WARNING:pet.gui_stall_sampler:  [t-194ms] webm_clip.py:2499:_poll <- webm_clip.py:2750:_process_frame <- window_optional_services.py:62:<lambda> <- verify_seeky_multi.py:92:observed_frame <- window.py:1917:_on_frame <- window.py:2106:_rebuild_frame
WARNING:root:GUI 卡顿 163ms state=IDLE anim=待机呼吸休闲 physics=None
WARNING:pet.gui_stall_sampler:GUI 冻结现场（163ms，2 个采样点，旧→新）：
WARNING:pet.gui_stall_sampler:  [t-193ms] verify_seeky_multi.py:308:<module> <- verify_seeky_multi.py:244:main
WARNING:pet.gui_stall_sampler:  [t-122ms] webm_clip.py:2499:_poll <- webm_clip.py:2750:_process_frame <- window_optional_services.py:62:<lambda> <- verify_seeky_multi.py:92:observed_frame <- window.py:1917:_on_frame <- window.py:2106:_rebuild_frame
WARNING:root:GUI 卡顿 164ms state=IDLE anim=待机呼吸休闲 physics=None
WARNING:pet.gui_stall_sampler:GUI 冻结现场（164ms，2 个采样点，旧→新）：
WARNING:pet.gui_stall_sampler:  [t-194ms] verify_seeky_multi.py:308:<module> <- verify_seeky_multi.py:244:main
WARNING:pet.gui_stall_sampler:  [t-123ms] webm_clip.py:2499:_poll <- webm_clip.py:2750:_process_frame <- window_optional_services.py:62:<lambda> <- verify_seeky_multi.py:92:observed_frame <- window.py:1917:_on_frame <- window.py:2106:_rebuild_frame
WARNING:root:GUI 卡顿 165ms state=IDLE anim=待机呼吸休闲 physics=None
WARNING:pet.gui_stall_sampler:GUI 冻结现场（165ms，2 个采样点，旧→新）：
WARNING:pet.gui_stall_sampler:  [t-194ms] verify_seeky_multi.py:308:<module> <- verify_seeky_multi.py:244:main
WARNING:pet.gui_stall_sampler:  [t-123ms] webm_clip.py:2499:_poll <- webm_clip.py:2750:_process_frame <- window_optional_services.py:62:<lambda> <- verify_seeky_multi.py:92:observed_frame <- window.py:1917:_on_frame <- window.py:2106:_rebuild_frame
WARNING:root:GUI 卡顿 132ms state=IDLE anim=待机呼吸休闲 physics=None
WARNING:pet.gui_stall_sampler:GUI 冻结现场（132ms，1 个采样点，旧→新）：
WARNING:pet.gui_stall_sampler:  [t-167ms] webm_clip.py:2499:_poll <- webm_clip.py:2750:_process_frame <- window_optional_services.py:62:<lambda> <- verify_seeky_multi.py:92:observed_frame <- window.py:1917:_on_frame <- window.py:2106:_rebuild_frame
WARNING:root:GUI 卡顿 133ms state=IDLE anim=待机呼吸休闲 physics=None
WARNING:pet.gui_stall_sampler:GUI 冻结现场（133ms，1 个采样点，旧→新）：
WARNING:pet.gui_stall_sampler:  [t-168ms] webm_clip.py:2499:_poll <- webm_clip.py:2750:_process_frame <- window_optional_services.py:62:<lambda> <- verify_seeky_multi.py:92:observed_frame <- window.py:1917:_on_frame <- window.py:2106:_rebuild_frame
WARNING:root:GUI 卡顿 133ms state=IDLE anim=待机呼吸休闲 physics=None
WARNING:pet.gui_stall_sampler:GUI 冻结现场（133ms，1 个采样点，旧→新）：
WARNING:pet.gui_stall_sampler:  [t-168ms] webm_clip.py:2499:_poll <- webm_clip.py:2750:_process_frame <- window_optional_services.py:62:<lambda> <- verify_seeky_multi.py:92:observed_frame <- window.py:1917:_on_frame <- window.py:2106:_rebuild_frame
WARNING:root:GUI 卡顿 198ms state=IDLE anim=待机呼吸休闲 physics=None
WARNING:pet.gui_stall_sampler:GUI 冻结现场（198ms，3 个采样点，旧→新）：
WARNING:pet.gui_stall_sampler:  [t-216ms] verify_seeky_multi.py:308:<module> <- verify_seeky_multi.py:244:main
WARNING:pet.gui_stall_sampler:  [t-98ms] webm_clip.py:2499:_poll <- webm_clip.py:2750:_process_frame <- window_optional_services.py:62:<lambda> <- verify_seeky_multi.py:92:observed_frame <- window.py:1917:_on_frame <- window.py:2106:_rebuild_frame
WARNING:pet.gui_stall_sampler:  [t-28ms] window_optional_services.py:62:<lambda> <- verify_seeky_multi.py:92:observed_frame <- window.py:1919:_on_frame <- window.py:2126:_rebuild_frame <- window.py:2291:_sync_mask <- window_optional_services.py:44:effects_coverage
WARNING:root:GUI 卡顿 199ms state=IDLE anim=待机呼吸休闲 physics=None
WARNING:pet.gui_stall_sampler:GUI 冻结现场（199ms，3 个采样点，旧→新）：
WARNING:pet.gui_stall_sampler:  [t-217ms] verify_seeky_multi.py:308:<module> <- verify_seeky_multi.py:244:main
WARNING:pet.gui_stall_sampler:  [t-98ms] webm_clip.py:2499:_poll <- webm_clip.py:2750:_process_frame <- window_optional_services.py:62:<lambda> <- verify_seeky_multi.py:92:observed_frame <- window.py:1917:_on_frame <- window.py:2106:_rebuild_frame
WARNING:pet.gui_stall_sampler:  [t-28ms] window_optional_services.py:62:<lambda> <- verify_seeky_multi.py:92:observed_frame <- window.py:1919:_on_frame <- window.py:2126:_rebuild_frame <- window.py:2291:_sync_mask <- window_optional_services.py:44:effects_coverage
WARNING:root:GUI 卡顿 199ms state=IDLE anim=待机呼吸休闲 physics=None
WARNING:pet.gui_stall_sampler:GUI 冻结现场（199ms，3 个采样点，旧→新）：
WARNING:pet.gui_stall_sampler:  [t-217ms] verify_seeky_multi.py:308:<module> <- verify_seeky_multi.py:244:main
WARNING:pet.gui_stall_sampler:  [t-98ms] webm_clip.py:2499:_poll <- webm_clip.py:2750:_process_frame <- window_optional_services.py:62:<lambda> <- verify_seeky_multi.py:92:observed_frame <- window.py:1917:_on_frame <- window.py:2106:_rebuild_frame
WARNING:pet.gui_stall_sampler:  [t-29ms] window_optional_services.py:62:<lambda> <- verify_seeky_multi.py:92:observed_frame <- window.py:1919:_on_frame <- window.py:2126:_rebuild_frame <- window.py:2291:_sync_mask <- window_optional_services.py:44:effects_coverage
WARNING:root:GUI 卡顿 102ms state=IDLE anim=待机呼吸休闲 physics=None
WARNING:pet.gui_stall_sampler:GUI 冻结现场（102ms，2 个采样点，旧→新）：
WARNING:pet.gui_stall_sampler:  [t-63ms] webm_clip.py:2750:_process_frame <- window_optional_services.py:62:<lambda> <- verify_seeky_multi.py:92:observed_frame <- window.py:1917:_on_frame <- window.py:2068:_rebuild_frame <- window.py:1990:_frame_signature
WARNING:pet.gui_stall_sampler:  [t-1ms] window_optional_services.py:62:<lambda> <- verify_seeky_multi.py:92:observed_frame <- window.py:1917:_on_frame <- window.py:2124:_rebuild_frame <- window.py:2270:_sync_mask <- window_optional_services.py:42:effects_coverage
WARNING:root:GUI 卡顿 104ms state=IDLE anim=待机呼吸休闲 physics=None
WARNING:pet.gui_stall_sampler:GUI 冻结现场（104ms，2 个采样点，旧→新）：
WARNING:pet.gui_stall_sampler:  [t-63ms] webm_clip.py:2750:_process_frame <- window_optional_services.py:62:<lambda> <- verify_seeky_multi.py:92:observed_frame <- window.py:1917:_on_frame <- window.py:2068:_rebuild_frame <- window.py:1990:_frame_signature
WARNING:pet.gui_stall_sampler:  [t-1ms] window_optional_services.py:62:<lambda> <- verify_seeky_multi.py:92:observed_frame <- window.py:1917:_on_frame <- window.py:2124:_rebuild_frame <- window.py:2270:_sync_mask <- window_optional_services.py:42:effects_coverage
WARNING:root:GUI 卡顿 104ms state=IDLE anim=待机呼吸休闲 physics=None
WARNING:pet.gui_stall_sampler:GUI 冻结现场（104ms，2 个采样点，旧→新）：
WARNING:pet.gui_stall_sampler:  [t-63ms] webm_clip.py:2750:_process_frame <- window_optional_services.py:62:<lambda> <- verify_seeky_multi.py:92:observed_frame <- window.py:1917:_on_frame <- window.py:2068:_rebuild_frame <- window.py:1990:_frame_signature
WARNING:pet.gui_stall_sampler:  [t-1ms] window_optional_services.py:62:<lambda> <- verify_seeky_multi.py:92:observed_frame <- window.py:1917:_on_frame <- window.py:2124:_rebuild_frame <- window.py:2270:_sync_mask <- window_optional_services.py:42:effects_coverage
WARNING:root:GUI 卡顿 112ms state=IDLE anim=待机呼吸休闲 physics=None
WARNING:pet.gui_stall_sampler:GUI 冻结现场（112ms，2 个采样点，旧→新）：
WARNING:pet.gui_stall_sampler:  [t-143ms] webm_clip.py:2499:_poll <- webm_clip.py:2750:_process_frame <- window_optional_services.py:62:<lambda> <- verify_seeky_multi.py:92:observed_frame <- window.py:1919:_on_frame <- window.py:2126:_rebuild_frame
WARNING:pet.gui_stall_sampler:  [t-50ms] verify_seeky_multi.py:308:<module> <- verify_seeky_multi.py:244:main <- webm_clip.py:2499:_poll <- webm_clip.py:2750:_process_frame
WARNING:root:GUI 卡顿 113ms state=IDLE anim=待机呼吸休闲 physics=None
WARNING:pet.gui_stall_sampler:GUI 冻结现场（113ms，2 个采样点，旧→新）：
WARNING:pet.gui_stall_sampler:  [t-143ms] webm_clip.py:2499:_poll <- webm_clip.py:2750:_process_frame <- window_optional_services.py:62:<lambda> <- verify_seeky_multi.py:92:observed_frame <- window.py:1919:_on_frame <- window.py:2126:_rebuild_frame
WARNING:pet.gui_stall_sampler:  [t-51ms] verify_seeky_multi.py:308:<module> <- verify_seeky_multi.py:244:main <- webm_clip.py:2499:_poll <- webm_clip.py:2750:_process_frame
WARNING:root:GUI 卡顿 113ms state=IDLE anim=待机呼吸休闲 physics=None
WARNING:pet.gui_stall_sampler:GUI 冻结现场（113ms，2 个采样点，旧→新）：
WARNING:pet.gui_stall_sampler:  [t-143ms] webm_clip.py:2499:_poll <- webm_clip.py:2750:_process_frame <- window_optional_services.py:62:<lambda> <- verify_seeky_multi.py:92:observed_frame <- window.py:1919:_on_frame <- window.py:2126:_rebuild_frame
WARNING:pet.gui_stall_sampler:  [t-51ms] verify_seeky_multi.py:308:<module> <- verify_seeky_multi.py:244:main <- webm_clip.py:2499:_poll <- webm_clip.py:2750:_process_frame
WARNING:root:GUI 卡顿 100ms state=IDLE anim=待机呼吸休闲 physics=None
WARNING:pet.gui_stall_sampler:GUI 冻结现场（100ms，2 个采样点，旧→新）：
WARNING:pet.gui_stall_sampler:  [t-130ms] verify_seeky_multi.py:308:<module> <- verify_seeky_multi.py:244:main
WARNING:pet.gui_stall_sampler:  [t-5ms] webm_clip.py:2499:_poll <- webm_clip.py:2750:_process_frame <- window_optional_services.py:62:<lambda> <- verify_seeky_multi.py:92:observed_frame <- window.py:1917:_on_frame <- window.py:2106:_rebuild_frame
WARNING:root:GUI 卡顿 101ms state=IDLE anim=待机呼吸休闲 physics=None
WARNING:pet.gui_stall_sampler:GUI 冻结现场（101ms，2 个采样点，旧→新）：
WARNING:pet.gui_stall_sampler:  [t-130ms] verify_seeky_multi.py:308:<module> <- verify_seeky_multi.py:244:main
WARNING:pet.gui_stall_sampler:  [t-6ms] webm_clip.py:2499:_poll <- webm_clip.py:2750:_process_frame <- window_optional_services.py:62:<lambda> <- verify_seeky_multi.py:92:observed_frame <- window.py:1917:_on_frame <- window.py:2106:_rebuild_frame
WARNING:root:GUI 卡顿 101ms state=IDLE anim=待机呼吸休闲 physics=None
WARNING:pet.gui_stall_sampler:GUI 冻结现场（101ms，2 个采样点，旧→新）：
WARNING:pet.gui_stall_sampler:  [t-131ms] verify_seeky_multi.py:308:<module> <- verify_seeky_multi.py:244:main
WARNING:pet.gui_stall_sampler:  [t-6ms] webm_clip.py:2499:_poll <- webm_clip.py:2750:_process_frame <- window_optional_services.py:62:<lambda> <- verify_seeky_multi.py:92:observed_frame <- window.py:1917:_on_frame <- window.py:2106:_rebuild_frame
WARNING:root:GUI 卡顿 103ms state=IDLE anim=待机呼吸休闲 physics=None
WARNING:pet.gui_stall_sampler:GUI 冻结现场（103ms，1 个采样点，旧→新）：
WARNING:pet.gui_stall_sampler:  [t-109ms] webm_clip.py:2499:_poll <- webm_clip.py:2750:_process_frame <- window_optional_services.py:62:<lambda> <- verify_seeky_multi.py:92:observed_frame <- window.py:1917:_on_frame <- window.py:2106:_rebuild_frame
WARNING:root:GUI 卡顿 105ms state=IDLE anim=待机呼吸休闲 physics=None
WARNING:pet.gui_stall_sampler:GUI 冻结现场（105ms，1 个采样点，旧→新）：
WARNING:pet.gui_stall_sampler:  [t-112ms] webm_clip.py:2499:_poll <- webm_clip.py:2750:_process_frame <- window_optional_services.py:62:<lambda> <- verify_seeky_multi.py:92:observed_frame <- window.py:1917:_on_frame <- window.py:2106:_rebuild_frame
WARNING:root:GUI 卡顿 106ms state=IDLE anim=待机呼吸休闲 physics=None
WARNING:pet.gui_stall_sampler:GUI 冻结现场（106ms，1 个采样点，旧→新）：
WARNING:pet.gui_stall_sampler:  [t-112ms] webm_clip.py:2499:_poll <- webm_clip.py:2750:_process_frame <- window_optional_services.py:62:<lambda> <- verify_seeky_multi.py:92:observed_frame <- window.py:1917:_on_frame <- window.py:2106:_rebuild_frame
WARNING:root:GUI 卡顿 110ms state=IDLE anim=待机呼吸休闲 physics=None
WARNING:pet.gui_stall_sampler:GUI 冻结现场（110ms，2 个采样点，旧→新）：
WARNING:pet.gui_stall_sampler:  [t-113ms] verify_seeky_multi.py:308:<module> <- verify_seeky_multi.py:244:main
WARNING:pet.gui_stall_sampler:  [t-17ms] verify_seeky_multi.py:92:observed_frame <- window.py:1917:_on_frame <- window.py:2124:_rebuild_frame <- window.py:2270:_sync_mask <- window_optional_services.py:42:effects_coverage <- frame_edges.py:34:coverage_region
WARNING:root:GUI 卡顿 111ms state=IDLE anim=待机呼吸休闲 physics=None
WARNING:pet.gui_stall_sampler:GUI 冻结现场（111ms，2 个采样点，旧→新）：
WARNING:pet.gui_stall_sampler:  [t-113ms] verify_seeky_multi.py:308:<module> <- verify_seeky_multi.py:244:main
WARNING:pet.gui_stall_sampler:  [t-17ms] verify_seeky_multi.py:92:observed_frame <- window.py:1917:_on_frame <- window.py:2124:_rebuild_frame <- window.py:2270:_sync_mask <- window_optional_services.py:42:effects_coverage <- frame_edges.py:34:coverage_region
WARNING:root:GUI 卡顿 111ms state=IDLE anim=待机呼吸休闲 physics=None
WARNING:pet.gui_stall_sampler:GUI 冻结现场（111ms，2 个采样点，旧→新）：
WARNING:pet.gui_stall_sampler:  [t-114ms] verify_seeky_multi.py:308:<module> <- verify_seeky_multi.py:244:main
WARNING:pet.gui_stall_sampler:  [t-18ms] verify_seeky_multi.py:92:observed_frame <- window.py:1917:_on_frame <- window.py:2124:_rebuild_frame <- window.py:2270:_sync_mask <- window_optional_services.py:42:effects_coverage <- frame_edges.py:34:coverage_region
WARNING:root:GUI 卡顿 119ms state=IDLE anim=待机呼吸休闲 physics=None
WARNING:pet.gui_stall_sampler:GUI 冻结现场（119ms，2 个采样点，旧→新）：
WARNING:pet.gui_stall_sampler:  [t-158ms] verify_seeky_multi.py:308:<module> <- verify_seeky_multi.py:244:main
WARNING:pet.gui_stall_sampler:  [t-39ms] webm_clip.py:2499:_poll <- webm_clip.py:2750:_process_frame <- window_optional_services.py:62:<lambda> <- verify_seeky_multi.py:92:observed_frame <- window.py:1917:_on_frame <- window.py:2106:_rebuild_frame
WARNING:root:GUI 卡顿 120ms state=IDLE anim=待机呼吸休闲 physics=None
WARNING:pet.gui_stall_sampler:GUI 冻结现场（120ms，2 个采样点，旧→新）：
WARNING:pet.gui_stall_sampler:  [t-158ms] verify_seeky_multi.py:308:<module> <- verify_seeky_multi.py:244:main
WARNING:pet.gui_stall_sampler:  [t-40ms] webm_clip.py:2499:_poll <- webm_clip.py:2750:_process_frame <- window_optional_services.py:62:<lambda> <- verify_seeky_multi.py:92:observed_frame <- window.py:1917:_on_frame <- window.py:2106:_rebuild_frame
WARNING:root:GUI 卡顿 120ms state=IDLE anim=待机呼吸休闲 physics=None
WARNING:pet.gui_stall_sampler:GUI 冻结现场（120ms，2 个采样点，旧→新）：
WARNING:pet.gui_stall_sampler:  [t-158ms] verify_seeky_multi.py:308:<module> <- verify_seeky_multi.py:244:main
WARNING:pet.gui_stall_sampler:  [t-40ms] webm_clip.py:2499:_poll <- webm_clip.py:2750:_process_frame <- window_optional_services.py:62:<lambda> <- verify_seeky_multi.py:92:observed_frame <- window.py:1917:_on_frame <- window.py:2106:_rebuild_frame
WARNING:root:GUI 卡顿 134ms state=IDLE anim=待机呼吸休闲 physics=None
WARNING:pet.gui_stall_sampler:GUI 冻结现场（134ms，2 个采样点，旧→新）：
WARNING:pet.gui_stall_sampler:  [t-182ms] window_optional_services.py:62:<lambda> <- verify_seeky_multi.py:92:observed_frame <- window.py:1917:_on_frame <- window.py:2124:_rebuild_frame <- window.py:2270:_sync_mask <- window_optional_services.py:42:effects_coverage
WARNING:pet.gui_stall_sampler:  [t-16ms] verify_seeky_multi.py:308:<module> <- verify_seeky_multi.py:244:main
WARNING:root:GUI 卡顿 137ms state=IDLE anim=待机呼吸休闲 physics=None
WARNING:pet.gui_stall_sampler:GUI 冻结现场（137ms，2 个采样点，旧→新）：
WARNING:pet.gui_stall_sampler:  [t-186ms] window_optional_services.py:62:<lambda> <- verify_seeky_multi.py:92:observed_frame <- window.py:1917:_on_frame <- window.py:2124:_rebuild_frame <- window.py:2270:_sync_mask <- window_optional_services.py:42:effects_coverage
WARNING:pet.gui_stall_sampler:  [t-20ms] verify_seeky_multi.py:308:<module> <- verify_seeky_multi.py:244:main
WARNING:root:GUI 卡顿 139ms state=IDLE anim=待机呼吸休闲 physics=None
WARNING:pet.gui_stall_sampler:GUI 冻结现场（139ms，2 个采样点，旧→新）：
WARNING:pet.gui_stall_sampler:  [t-187ms] window_optional_services.py:62:<lambda> <- verify_seeky_multi.py:92:observed_frame <- window.py:1917:_on_frame <- window.py:2124:_rebuild_frame <- window.py:2270:_sync_mask <- window_optional_services.py:42:effects_coverage
WARNING:pet.gui_stall_sampler:  [t-21ms] verify_seeky_multi.py:308:<module> <- verify_seeky_multi.py:244:main
WARNING:root:GUI 卡顿 125ms state=IDLE anim=待机呼吸休闲 physics=None
WARNING:pet.gui_stall_sampler:GUI 冻结现场（125ms，2 个采样点，旧→新）：
WARNING:pet.gui_stall_sampler:  [t-157ms] verify_seeky_multi.py:308:<module> <- verify_seeky_multi.py:244:main
WARNING:pet.gui_stall_sampler:  [t-51ms] webm_clip.py:2499:_poll <- webm_clip.py:2750:_process_frame <- window_optional_services.py:62:<lambda> <- verify_seeky_multi.py:92:observed_frame <- window.py:1917:_on_frame <- window.py:2106:_rebuild_frame
WARNING:root:GUI 卡顿 126ms state=IDLE anim=待机呼吸休闲 physics=None
WARNING:pet.gui_stall_sampler:GUI 冻结现场（126ms，2 个采样点，旧→新）：
WARNING:pet.gui_stall_sampler:  [t-158ms] verify_seeky_multi.py:308:<module> <- verify_seeky_multi.py:244:main
WARNING:pet.gui_stall_sampler:  [t-52ms] webm_clip.py:2499:_poll <- webm_clip.py:2750:_process_frame <- window_optional_services.py:62:<lambda> <- verify_seeky_multi.py:92:observed_frame <- window.py:1917:_on_frame <- window.py:2106:_rebuild_frame
WARNING:root:GUI 卡顿 126ms state=IDLE anim=待机呼吸休闲 physics=None
WARNING:pet.gui_stall_sampler:GUI 冻结现场（126ms，2 个采样点，旧→新）：
WARNING:pet.gui_stall_sampler:  [t-158ms] verify_seeky_multi.py:308:<module> <- verify_seeky_multi.py:244:main
WARNING:pet.gui_stall_sampler:  [t-52ms] webm_clip.py:2499:_poll <- webm_clip.py:2750:_process_frame <- window_optional_services.py:62:<lambda> <- verify_seeky_multi.py:92:observed_frame <- window.py:1917:_on_frame <- window.py:2106:_rebuild_frame
WARNING:root:GUI 卡顿 123ms state=IDLE anim=待机呼吸休闲 physics=None
WARNING:pet.gui_stall_sampler:GUI 冻结现场（123ms，2 个采样点，旧→新）：
WARNING:pet.gui_stall_sampler:  [t-134ms] webm_clip.py:2499:_poll <- webm_clip.py:2750:_process_frame <- window_optional_services.py:62:<lambda> <- verify_seeky_multi.py:92:observed_frame <- window.py:1917:_on_frame <- window.py:2106:_rebuild_frame
WARNING:pet.gui_stall_sampler:  [t-13ms] verify_seeky_multi.py:308:<module> <- verify_seeky_multi.py:244:main <- webm_clip.py:2499:_poll <- webm_clip.py:2750:_process_frame
WARNING:root:GUI 卡顿 125ms state=IDLE anim=待机呼吸休闲 physics=None
WARNING:pet.gui_stall_sampler:GUI 冻结现场（125ms，2 个采样点，旧→新）：
WARNING:pet.gui_stall_sampler:  [t-135ms] webm_clip.py:2499:_poll <- webm_clip.py:2750:_process_frame <- window_optional_services.py:62:<lambda> <- verify_seeky_multi.py:92:observed_frame <- window.py:1917:_on_frame <- window.py:2106:_rebuild_frame
WARNING:pet.gui_stall_sampler:  [t-14ms] verify_seeky_multi.py:308:<module> <- verify_seeky_multi.py:244:main <- webm_clip.py:2499:_poll <- webm_clip.py:2750:_process_frame
WARNING:root:GUI 卡顿 126ms state=IDLE anim=待机呼吸休闲 physics=None
WARNING:pet.gui_stall_sampler:GUI 冻结现场（126ms，2 个采样点，旧→新）：
WARNING:pet.gui_stall_sampler:  [t-136ms] webm_clip.py:2499:_poll <- webm_clip.py:2750:_process_frame <- window_optional_services.py:62:<lambda> <- verify_seeky_multi.py:92:observed_frame <- window.py:1917:_on_frame <- window.py:2106:_rebuild_frame
WARNING:pet.gui_stall_sampler:  [t-15ms] verify_seeky_multi.py:308:<module> <- verify_seeky_multi.py:244:main <- webm_clip.py:2499:_poll <- webm_clip.py:2750:_process_frame
WARNING:root:GUI 卡顿 278ms state=IDLE anim=待机呼吸休闲 physics=None
WARNING:pet.gui_stall_sampler:GUI 冻结现场（278ms，3 个采样点，旧→新）：
WARNING:pet.gui_stall_sampler:  [t-282ms] verify_seeky_multi.py:308:<module> <- verify_seeky_multi.py:244:main
WARNING:pet.gui_stall_sampler:  [t-93ms] webm_clip.py:2750:_process_frame <- window_optional_services.py:62:<lambda> <- verify_seeky_multi.py:92:observed_frame <- window.py:1917:_on_frame <- window.py:2124:_rebuild_frame <- window.py:2263:_sync_mask
WARNING:pet.gui_stall_sampler:  [t-5ms] verify_seeky_multi.py:308:<module> <- verify_seeky_multi.py:244:main
WARNING:root:GUI 卡顿 280ms state=IDLE anim=待机呼吸休闲 physics=None
WARNING:pet.gui_stall_sampler:GUI 冻结现场（280ms，3 个采样点，旧→新）：
WARNING:pet.gui_stall_sampler:  [t-282ms] verify_seeky_multi.py:308:<module> <- verify_seeky_multi.py:244:main
WARNING:pet.gui_stall_sampler:  [t-93ms] webm_clip.py:2750:_process_frame <- window_optional_services.py:62:<lambda> <- verify_seeky_multi.py:92:observed_frame <- window.py:1917:_on_frame <- window.py:2124:_rebuild_frame <- window.py:2263:_sync_mask
WARNING:pet.gui_stall_sampler:  [t-6ms] verify_seeky_multi.py:308:<module> <- verify_seeky_multi.py:244:main
WARNING:root:GUI 卡顿 280ms state=IDLE anim=待机呼吸休闲 physics=None
WARNING:pet.gui_stall_sampler:GUI 冻结现场（280ms，3 个采样点，旧→新）：
WARNING:pet.gui_stall_sampler:  [t-283ms] verify_seeky_multi.py:308:<module> <- verify_seeky_multi.py:244:main
WARNING:pet.gui_stall_sampler:  [t-94ms] webm_clip.py:2750:_process_frame <- window_optional_services.py:62:<lambda> <- verify_seeky_multi.py:92:observed_frame <- window.py:1917:_on_frame <- window.py:2124:_rebuild_frame <- window.py:2263:_sync_mask
WARNING:pet.gui_stall_sampler:  [t-6ms] verify_seeky_multi.py:308:<module> <- verify_seeky_multi.py:244:main
WARNING:root:GUI 卡顿 139ms state=IDLE anim=待机呼吸休闲 physics=None
WARNING:pet.gui_stall_sampler:GUI 冻结现场（139ms，2 个采样点，旧→新）：
WARNING:pet.gui_stall_sampler:  [t-148ms] verify_seeky_multi.py:308:<module> <- verify_seeky_multi.py:244:main
WARNING:pet.gui_stall_sampler:  [t-52ms] verify_seeky_multi.py:308:<module> <- verify_seeky_multi.py:244:main <- webm_clip.py:2499:_poll <- webm_clip.py:2724:_process_frame
WARNING:root:GUI 卡顿 140ms state=IDLE anim=待机呼吸休闲 physics=None
WARNING:pet.gui_stall_sampler:GUI 冻结现场（140ms，2 个采样点，旧→新）：
WARNING:pet.gui_stall_sampler:  [t-148ms] verify_seeky_multi.py:308:<module> <- verify_seeky_multi.py:244:main
WARNING:pet.gui_stall_sampler:  [t-53ms] verify_seeky_multi.py:308:<module> <- verify_seeky_multi.py:244:main <- webm_clip.py:2499:_poll <- webm_clip.py:2724:_process_frame
WARNING:root:GUI 卡顿 140ms state=IDLE anim=待机呼吸休闲 physics=None
WARNING:pet.gui_stall_sampler:GUI 冻结现场（140ms，2 个采样点，旧→新）：
WARNING:pet.gui_stall_sampler:  [t-148ms] verify_seeky_multi.py:308:<module> <- verify_seeky_multi.py:244:main
WARNING:pet.gui_stall_sampler:  [t-53ms] verify_seeky_multi.py:308:<module> <- verify_seeky_multi.py:244:main <- webm_clip.py:2499:_poll <- webm_clip.py:2724:_process_frame
WARNING:root:GUI 卡顿 195ms state=IDLE anim=待机呼吸休闲 physics=None
WARNING:pet.gui_stall_sampler:GUI 冻结现场（195ms，3 个采样点，旧→新）：
WARNING:pet.gui_stall_sampler:  [t-232ms] verify_seeky_multi.py:308:<module> <- verify_seeky_multi.py:244:main
WARNING:pet.gui_stall_sampler:  [t-64ms] webm_clip.py:2499:_poll <- webm_clip.py:2750:_process_frame <- window_optional_services.py:62:<lambda> <- verify_seeky_multi.py:92:observed_frame <- window.py:1917:_on_frame <- window.py:2121:_rebuild_frame
WARNING:pet.gui_stall_sampler:  [t-8ms] verify_seeky_multi.py:308:<module> <- verify_seeky_multi.py:244:main
WARNING:root:GUI 卡顿 197ms state=IDLE anim=待机呼吸休闲 physics=None
WARNING:pet.gui_stall_sampler:GUI 冻结现场（197ms，3 个采样点，旧→新）：
WARNING:pet.gui_stall_sampler:  [t-233ms] verify_seeky_multi.py:308:<module> <- verify_seeky_multi.py:244:main
WARNING:pet.gui_stall_sampler:  [t-65ms] webm_clip.py:2499:_poll <- webm_clip.py:2750:_process_frame <- window_optional_services.py:62:<lambda> <- verify_seeky_multi.py:92:observed_frame <- window.py:1917:_on_frame <- window.py:2121:_rebuild_frame
WARNING:pet.gui_stall_sampler:  [t-9ms] verify_seeky_multi.py:308:<module> <- verify_seeky_multi.py:244:main
WARNING:root:GUI 卡顿 197ms state=IDLE anim=待机呼吸休闲 physics=None
WARNING:pet.gui_stall_sampler:GUI 冻结现场（197ms，3 个采样点，旧→新）：
WARNING:pet.gui_stall_sampler:  [t-234ms] verify_seeky_multi.py:308:<module> <- verify_seeky_multi.py:244:main
WARNING:pet.gui_stall_sampler:  [t-66ms] webm_clip.py:2499:_poll <- webm_clip.py:2750:_process_frame <- window_optional_services.py:62:<lambda> <- verify_seeky_multi.py:92:observed_frame <- window.py:1917:_on_frame <- window.py:2121:_rebuild_frame
WARNING:pet.gui_stall_sampler:  [t-9ms] verify_seeky_multi.py:308:<module> <- verify_seeky_multi.py:244:main
WARNING:root:GUI 卡顿 180ms state=IDLE anim=待机呼吸休闲 physics=None
WARNING:pet.gui_stall_sampler:GUI 冻结现场（180ms，3 个采样点，旧→新）：
WARNING:pet.gui_stall_sampler:  [t-228ms] verify_seeky_multi.py:308:<module> <- verify_seeky_multi.py:244:main
WARNING:pet.gui_stall_sampler:  [t-63ms] verify_seeky_multi.py:308:<module> <- verify_seeky_multi.py:244:main <- webm_clip.py:2499:_poll <- webm_clip.py:2724:_process_frame
WARNING:pet.gui_stall_sampler:  [t-5ms] verify_seeky_multi.py:308:<module> <- verify_seeky_multi.py:244:main
WARNING:root:GUI 卡顿 182ms state=IDLE anim=待机呼吸休闲 physics=None
WARNING:pet.gui_stall_sampler:GUI 冻结现场（182ms，3 个采样点，旧→新）：
WARNING:pet.gui_stall_sampler:  [t-229ms] verify_seeky_multi.py:308:<module> <- verify_seeky_multi.py:244:main
WARNING:pet.gui_stall_sampler:  [t-64ms] verify_seeky_multi.py:308:<module> <- verify_seeky_multi.py:244:main <- webm_clip.py:2499:_poll <- webm_clip.py:2724:_process_frame
WARNING:pet.gui_stall_sampler:  [t-6ms] verify_seeky_multi.py:308:<module> <- verify_seeky_multi.py:244:main
WARNING:root:GUI 卡顿 182ms state=IDLE anim=待机呼吸休闲 physics=None
WARNING:pet.gui_stall_sampler:GUI 冻结现场（182ms，3 个采样点，旧→新）：
WARNING:pet.gui_stall_sampler:  [t-229ms] verify_seeky_multi.py:308:<module> <- verify_seeky_multi.py:244:main
WARNING:pet.gui_stall_sampler:  [t-64ms] verify_seeky_multi.py:308:<module> <- verify_seeky_multi.py:244:main <- webm_clip.py:2499:_poll <- webm_clip.py:2724:_process_frame
WARNING:pet.gui_stall_sampler:  [t-6ms] verify_seeky_multi.py:308:<module> <- verify_seeky_multi.py:244:main
WARNING:root:GUI 卡顿 106ms state=IDLE anim=待机呼吸休闲 physics=None
WARNING:root:GUI 卡顿 109ms state=IDLE anim=待机呼吸休闲 physics=None
WARNING:pet.gui_stall_sampler:GUI 冻结现场（109ms，2 个采样点，旧→新）：
WARNING:pet.gui_stall_sampler:  [t-158ms] verify_seeky_multi.py:308:<module> <- verify_seeky_multi.py:244:main
WARNING:pet.gui_stall_sampler:  [t-1ms] __init__.py:1531:warning <- __init__.py:1664:_log <- __init__.py:1680:handle <- __init__.py:1736:callHandlers <- __init__.py:1026:handle <- __init__.py:1153:emit
WARNING:root:GUI 卡顿 109ms state=IDLE anim=待机呼吸休闲 physics=None
WARNING:pet.gui_stall_sampler:GUI 冻结现场（109ms，2 个采样点，旧→新）：
WARNING:pet.gui_stall_sampler:  [t-159ms] verify_seeky_multi.py:308:<module> <- verify_seeky_multi.py:244:main
WARNING:pet.gui_stall_sampler:  [t-1ms] __init__.py:1531:warning <- __init__.py:1664:_log <- __init__.py:1680:handle <- __init__.py:1736:callHandlers <- __init__.py:1026:handle <- __init__.py:1153:emit
WARNING:root:GUI 卡顿 130ms state=IDLE anim=待机呼吸休闲 physics=None
WARNING:pet.gui_stall_sampler:GUI 冻结现场（130ms，2 个采样点，旧→新）：
WARNING:pet.gui_stall_sampler:  [t-148ms] verify_seeky_multi.py:308:<module> <- verify_seeky_multi.py:244:main
WARNING:pet.gui_stall_sampler:  [t-39ms] webm_clip.py:2750:_process_frame <- window_optional_services.py:62:<lambda> <- verify_seeky_multi.py:92:observed_frame <- window.py:1917:_on_frame <- window.py:2124:_rebuild_frame <- window.py:2263:_sync_mask
WARNING:root:GUI 卡顿 133ms state=IDLE anim=待机呼吸休闲 physics=None
WARNING:pet.gui_stall_sampler:GUI 冻结现场（133ms，2 个采样点，旧→新）：
WARNING:pet.gui_stall_sampler:  [t-151ms] verify_seeky_multi.py:308:<module> <- verify_seeky_multi.py:244:main
WARNING:pet.gui_stall_sampler:  [t-41ms] webm_clip.py:2750:_process_frame <- window_optional_services.py:62:<lambda> <- verify_seeky_multi.py:92:observed_frame <- window.py:1917:_on_frame <- window.py:2124:_rebuild_frame <- window.py:2263:_sync_mask
WARNING:root:GUI 卡顿 133ms state=IDLE anim=待机呼吸休闲 physics=None
WARNING:pet.gui_stall_sampler:GUI 冻结现场（133ms，2 个采样点，旧→新）：
WARNING:pet.gui_stall_sampler:  [t-151ms] verify_seeky_multi.py:308:<module> <- verify_seeky_multi.py:244:main
WARNING:pet.gui_stall_sampler:  [t-42ms] webm_clip.py:2750:_process_frame <- window_optional_services.py:62:<lambda> <- verify_seeky_multi.py:92:observed_frame <- window.py:1917:_on_frame <- window.py:2124:_rebuild_frame <- window.py:2263:_sync_mask
WARNING:root:GUI 卡顿 131ms state=IDLE anim=待机呼吸休闲 physics=None
WARNING:pet.gui_stall_sampler:GUI 冻结现场（131ms，2 个采样点，旧→新）：
WARNING:pet.gui_stall_sampler:  [t-171ms] verify_seeky_multi.py:92:observed_frame <- window.py:1917:_on_frame <- window.py:2124:_rebuild_frame <- window.py:2270:_sync_mask <- window_optional_services.py:42:effects_coverage <- frame_edges.py:26:coverage_region
WARNING:pet.gui_stall_sampler:  [t-9ms] webm_clip.py:2499:_poll <- webm_clip.py:2750:_process_frame <- window_optional_services.py:62:<lambda> <- verify_seeky_multi.py:92:observed_frame <- window.py:1919:_on_frame <- window.py:2126:_rebuild_frame
WARNING:root:GUI 卡顿 132ms state=IDLE anim=待机呼吸休闲 physics=None
WARNING:pet.gui_stall_sampler:GUI 冻结现场（132ms，2 个采样点，旧→新）：
WARNING:pet.gui_stall_sampler:  [t-171ms] verify_seeky_multi.py:92:observed_frame <- window.py:1917:_on_frame <- window.py:2124:_rebuild_frame <- window.py:2270:_sync_mask <- window_optional_services.py:42:effects_coverage <- frame_edges.py:26:coverage_region
WARNING:pet.gui_stall_sampler:  [t-9ms] webm_clip.py:2499:_poll <- webm_clip.py:2750:_process_frame <- window_optional_services.py:62:<lambda> <- verify_seeky_multi.py:92:observed_frame <- window.py:1919:_on_frame <- window.py:2126:_rebuild_frame
WARNING:root:GUI 卡顿 132ms state=IDLE anim=待机呼吸休闲 physics=None
WARNING:pet.gui_stall_sampler:GUI 冻结现场（132ms，2 个采样点，旧→新）：
WARNING:pet.gui_stall_sampler:  [t-171ms] verify_seeky_multi.py:92:observed_frame <- window.py:1917:_on_frame <- window.py:2124:_rebuild_frame <- window.py:2270:_sync_mask <- window_optional_services.py:42:effects_coverage <- frame_edges.py:26:coverage_region
WARNING:pet.gui_stall_sampler:  [t-10ms] webm_clip.py:2499:_poll <- webm_clip.py:2750:_process_frame <- window_optional_services.py:62:<lambda> <- verify_seeky_multi.py:92:observed_frame <- window.py:1919:_on_frame <- window.py:2126:_rebuild_frame
WARNING:root:GUI 卡顿 134ms state=IDLE anim=待机呼吸休闲 physics=None
WARNING:pet.gui_stall_sampler:GUI 冻结现场（134ms，2 个采样点，旧→新）：
WARNING:pet.gui_stall_sampler:  [t-180ms] webm_clip.py:2499:_poll <- webm_clip.py:2750:_process_frame <- window_optional_services.py:62:<lambda> <- verify_seeky_multi.py:92:observed_frame <- window.py:1917:_on_frame <- window.py:2106:_rebuild_frame
WARNING:root:GUI 卡顿 137ms state=IDLE anim=待机呼吸休闲 physics=None
WARNING:pet.gui_stall_sampler:GUI 冻结现场（137ms，3 个采样点，旧→新）：
WARNING:pet.gui_stall_sampler:  [t-182ms] webm_clip.py:2499:_poll <- webm_clip.py:2750:_process_frame <- window_optional_services.py:62:<lambda> <- verify_seeky_multi.py:92:observed_frame <- window.py:1917:_on_frame <- window.py:2106:_rebuild_frame
WARNING:pet.gui_stall_sampler:  [t-0ms] webm_clip.py:2499:_poll <- webm_clip.py:2750:_process_frame <- window_optional_services.py:62:<lambda> <- verify_seeky_multi.py:92:observed_frame <- window.py:1917:_on_frame <- window.py:2114:_rebuild_frame
WARNING:root:GUI 卡顿 140ms state=IDLE anim=待机呼吸休闲 physics=None
WARNING:pet.gui_stall_sampler:GUI 冻结现场（140ms，3 个采样点，旧→新）：
WARNING:pet.gui_stall_sampler:  [t-185ms] webm_clip.py:2499:_poll <- webm_clip.py:2750:_process_frame <- window_optional_services.py:62:<lambda> <- verify_seeky_multi.py:92:observed_frame <- window.py:1917:_on_frame <- window.py:2106:_rebuild_frame
WARNING:pet.gui_stall_sampler:  [t-2ms] webm_clip.py:2499:_poll <- webm_clip.py:2750:_process_frame <- window_optional_services.py:62:<lambda> <- verify_seeky_multi.py:92:observed_frame <- window.py:1917:_on_frame <- window.py:2114:_rebuild_frame
WARNING:root:GUI 卡顿 113ms state=IDLE anim=待机呼吸休闲 physics=None
WARNING:pet.gui_stall_sampler:GUI 冻结现场（113ms，2 个采样点，旧→新）：
WARNING:pet.gui_stall_sampler:  [t-129ms] verify_seeky_multi.py:308:<module> <- verify_seeky_multi.py:244:main
WARNING:pet.gui_stall_sampler:  [t-45ms] webm_clip.py:2499:_poll <- webm_clip.py:2750:_process_frame <- window_optional_services.py:62:<lambda> <- verify_seeky_multi.py:92:observed_frame <- window.py:1917:_on_frame <- window.py:2114:_rebuild_frame
WARNING:root:GUI 卡顿 114ms state=IDLE anim=待机呼吸休闲 physics=None
WARNING:pet.gui_stall_sampler:GUI 冻结现场（114ms，2 个采样点，旧→新）：
WARNING:pet.gui_stall_sampler:  [t-130ms] verify_seeky_multi.py:308:<module> <- verify_seeky_multi.py:244:main
WARNING:pet.gui_stall_sampler:  [t-47ms] webm_clip.py:2499:_poll <- webm_clip.py:2750:_process_frame <- window_optional_services.py:62:<lambda> <- verify_seeky_multi.py:92:observed_frame <- window.py:1917:_on_frame <- window.py:2114:_rebuild_frame
WARNING:root:GUI 卡顿 114ms state=IDLE anim=待机呼吸休闲 physics=None
WARNING:pet.gui_stall_sampler:GUI 冻结现场（114ms，2 个采样点，旧→新）：
WARNING:pet.gui_stall_sampler:  [t-130ms] verify_seeky_multi.py:308:<module> <- verify_seeky_multi.py:244:main
WARNING:pet.gui_stall_sampler:  [t-47ms] webm_clip.py:2499:_poll <- webm_clip.py:2750:_process_frame <- window_optional_services.py:62:<lambda> <- verify_seeky_multi.py:92:observed_frame <- window.py:1917:_on_frame <- window.py:2114:_rebuild_frame
WARNING:root:GUI 卡顿 106ms state=IDLE anim=待机呼吸休闲 physics=None
WARNING:pet.gui_stall_sampler:GUI 冻结现场（106ms，3 个采样点，旧→新）：
WARNING:pet.gui_stall_sampler:  [t-143ms] verify_seeky_multi.py:308:<module> <- verify_seeky_multi.py:244:main
WARNING:pet.gui_stall_sampler:  [t-82ms] verify_seeky_multi.py:308:<module> <- verify_seeky_multi.py:244:main <- webm_clip.py:2499:_poll <- webm_clip.py:2724:_process_frame
WARNING:pet.gui_stall_sampler:  [t-13ms] webm_clip.py:2499:_poll <- webm_clip.py:2750:_process_frame <- window_optional_services.py:62:<lambda> <- verify_seeky_multi.py:92:observed_frame <- window.py:1917:_on_frame <- window.py:2119:_rebuild_frame
WARNING:root:GUI 卡顿 111ms state=IDLE anim=待机呼吸休闲 physics=None
WARNING:pet.gui_stall_sampler:GUI 冻结现场（111ms，3 个采样点，旧→新）：
WARNING:pet.gui_stall_sampler:  [t-144ms] verify_seeky_multi.py:308:<module> <- verify_seeky_multi.py:244:main
WARNING:pet.gui_stall_sampler:  [t-83ms] verify_seeky_multi.py:308:<module> <- verify_seeky_multi.py:244:main <- webm_clip.py:2499:_poll <- webm_clip.py:2724:_process_frame
WARNING:pet.gui_stall_sampler:  [t-14ms] webm_clip.py:2499:_poll <- webm_clip.py:2750:_process_frame <- window_optional_services.py:62:<lambda> <- verify_seeky_multi.py:92:observed_frame <- window.py:1917:_on_frame <- window.py:2119:_rebuild_frame
WARNING:root:GUI 卡顿 111ms state=IDLE anim=待机呼吸休闲 physics=None
WARNING:pet.gui_stall_sampler:GUI 冻结现场（111ms，3 个采样点，旧→新）：
WARNING:pet.gui_stall_sampler:  [t-144ms] verify_seeky_multi.py:308:<module> <- verify_seeky_multi.py:244:main
WARNING:pet.gui_stall_sampler:  [t-83ms] verify_seeky_multi.py:308:<module> <- verify_seeky_multi.py:244:main <- webm_clip.py:2499:_poll <- webm_clip.py:2724:_process_frame
WARNING:pet.gui_stall_sampler:  [t-14ms] webm_clip.py:2499:_poll <- webm_clip.py:2750:_process_frame <- window_optional_services.py:62:<lambda> <- verify_seeky_multi.py:92:observed_frame <- window.py:1917:_on_frame <- window.py:2119:_rebuild_frame
WARNING:root:GUI 卡顿 133ms state=IDLE anim=待机呼吸休闲 physics=None
WARNING:pet.gui_stall_sampler:GUI 冻结现场（133ms，1 个采样点，旧→新）：
WARNING:pet.gui_stall_sampler:  [t-54ms] webm_clip.py:2499:_poll <- webm_clip.py:2750:_process_frame <- window_optional_services.py:62:<lambda> <- verify_seeky_multi.py:92:observed_frame <- window.py:1917:_on_frame <- window.py:2106:_rebuild_frame
WARNING:root:GUI 卡顿 135ms state=IDLE anim=待机呼吸休闲 physics=None
WARNING:pet.gui_stall_sampler:GUI 冻结现场（135ms，1 个采样点，旧→新）：
WARNING:pet.gui_stall_sampler:  [t-55ms] webm_clip.py:2499:_poll <- webm_clip.py:2750:_process_frame <- window_optional_services.py:62:<lambda> <- verify_seeky_multi.py:92:observed_frame <- window.py:1917:_on_frame <- window.py:2106:_rebuild_frame
WARNING:root:GUI 卡顿 127ms state=IDLE anim=待机呼吸休闲 physics=None
WARNING:pet.gui_stall_sampler:GUI 冻结现场（127ms，2 个采样点，旧→新）：
WARNING:pet.gui_stall_sampler:  [t-57ms] webm_clip.py:2499:_poll <- webm_clip.py:2750:_process_frame <- window_optional_services.py:62:<lambda> <- verify_seeky_multi.py:92:observed_frame <- window.py:1917:_on_frame <- window.py:2106:_rebuild_frame
WARNING:pet.gui_stall_sampler:  [t-2ms] __init__.py:1531:warning <- __init__.py:1664:_log <- __init__.py:1680:handle <- __init__.py:1736:callHandlers <- __init__.py:1026:handle <- __init__.py:1153:emit
WARNING:root:GUI 卡顿 100ms state=IDLE anim=待机呼吸休闲 physics=None
WARNING:pet.gui_stall_sampler:GUI 冻结现场（100ms，2 个采样点，旧→新）：
WARNING:pet.gui_stall_sampler:  [t-108ms] verify_seeky_multi.py:308:<module> <- verify_seeky_multi.py:244:main
WARNING:pet.gui_stall_sampler:  [t-9ms] webm_clip.py:2499:_poll <- webm_clip.py:2750:_process_frame <- window_optional_services.py:62:<lambda> <- verify_seeky_multi.py:92:observed_frame <- window.py:1917:_on_frame <- window.py:2106:_rebuild_frame
WARNING:root:GUI 卡顿 101ms state=IDLE anim=待机呼吸休闲 physics=None
WARNING:pet.gui_stall_sampler:GUI 冻结现场（101ms，2 个采样点，旧→新）：
WARNING:pet.gui_stall_sampler:  [t-109ms] verify_seeky_multi.py:308:<module> <- verify_seeky_multi.py:244:main
WARNING:pet.gui_stall_sampler:  [t-9ms] webm_clip.py:2499:_poll <- webm_clip.py:2750:_process_frame <- window_optional_services.py:62:<lambda> <- verify_seeky_multi.py:92:observed_frame <- window.py:1917:_on_frame <- window.py:2106:_rebuild_frame
WARNING:root:GUI 卡顿 101ms state=IDLE anim=待机呼吸休闲 physics=None
WARNING:pet.gui_stall_sampler:GUI 冻结现场（101ms，2 个采样点，旧→新）：
WARNING:pet.gui_stall_sampler:  [t-109ms] verify_seeky_multi.py:308:<module> <- verify_seeky_multi.py:244:main
WARNING:pet.gui_stall_sampler:  [t-9ms] webm_clip.py:2499:_poll <- webm_clip.py:2750:_process_frame <- window_optional_services.py:62:<lambda> <- verify_seeky_multi.py:92:observed_frame <- window.py:1917:_on_frame <- window.py:2106:_rebuild_frame
WARNING:root:GUI 卡顿 111ms state=IDLE anim=待机呼吸休闲 physics=None
WARNING:pet.gui_stall_sampler:GUI 冻结现场（111ms，2 个采样点，旧→新）：
WARNING:pet.gui_stall_sampler:  [t-134ms] verify_seeky_multi.py:308:<module> <- verify_seeky_multi.py:244:main
WARNING:pet.gui_stall_sampler:  [t-11ms] webm_clip.py:2499:_poll <- webm_clip.py:2750:_process_frame <- window_optional_services.py:62:<lambda> <- verify_seeky_multi.py:92:observed_frame <- window.py:1917:_on_frame <- window.py:2106:_rebuild_frame
WARNING:root:GUI 卡顿 111ms state=IDLE anim=待机呼吸休闲 physics=None
WARNING:pet.gui_stall_sampler:GUI 冻结现场（111ms，2 个采样点，旧→新）：
WARNING:pet.gui_stall_sampler:  [t-135ms] verify_seeky_multi.py:308:<module> <- verify_seeky_multi.py:244:main
WARNING:pet.gui_stall_sampler:  [t-12ms] webm_clip.py:2499:_poll <- webm_clip.py:2750:_process_frame <- window_optional_services.py:62:<lambda> <- verify_seeky_multi.py:92:observed_frame <- window.py:1917:_on_frame <- window.py:2106:_rebuild_frame
WARNING:root:GUI 卡顿 112ms state=IDLE anim=待机呼吸休闲 physics=None
WARNING:pet.gui_stall_sampler:GUI 冻结现场（112ms，2 个采样点，旧→新）：
WARNING:pet.gui_stall_sampler:  [t-135ms] verify_seeky_multi.py:308:<module> <- verify_seeky_multi.py:244:main
WARNING:pet.gui_stall_sampler:  [t-12ms] webm_clip.py:2499:_poll <- webm_clip.py:2750:_process_frame <- window_optional_services.py:62:<lambda> <- verify_seeky_multi.py:92:observed_frame <- window.py:1917:_on_frame <- window.py:2106:_rebuild_frame
WARNING:root:GUI 卡顿 112ms state=IDLE anim=待机呼吸休闲 physics=None
WARNING:pet.gui_stall_sampler:GUI 冻结现场（112ms，2 个采样点，旧→新）：
WARNING:pet.gui_stall_sampler:  [t-153ms] verify_seeky_multi.py:308:<module> <- verify_seeky_multi.py:244:main
WARNING:pet.gui_stall_sampler:  [t-14ms] webm_clip.py:2499:_poll <- webm_clip.py:2750:_process_frame <- window_optional_services.py:62:<lambda> <- verify_seeky_multi.py:92:observed_frame <- window.py:1917:_on_frame <- window.py:2106:_rebuild_frame
WARNING:root:GUI 卡顿 113ms state=IDLE anim=待机呼吸休闲 physics=None
WARNING:pet.gui_stall_sampler:GUI 冻结现场（113ms，2 个采样点，旧→新）：
WARNING:pet.gui_stall_sampler:  [t-153ms] verify_seeky_multi.py:308:<module> <- verify_seeky_multi.py:244:main
WARNING:pet.gui_stall_sampler:  [t-15ms] webm_clip.py:2499:_poll <- webm_clip.py:2750:_process_frame <- window_optional_services.py:62:<lambda> <- verify_seeky_multi.py:92:observed_frame <- window.py:1917:_on_frame <- window.py:2106:_rebuild_frame
WARNING:root:GUI 卡顿 113ms state=IDLE anim=待机呼吸休闲 physics=None
WARNING:pet.gui_stall_sampler:GUI 冻结现场（113ms，2 个采样点，旧→新）：
WARNING:pet.gui_stall_sampler:  [t-154ms] verify_seeky_multi.py:308:<module> <- verify_seeky_multi.py:244:main
WARNING:pet.gui_stall_sampler:  [t-15ms] webm_clip.py:2499:_poll <- webm_clip.py:2750:_process_frame <- window_optional_services.py:62:<lambda> <- verify_seeky_multi.py:92:observed_frame <- window.py:1917:_on_frame <- window.py:2106:_rebuild_frame
WARNING:root:GUI 卡顿 122ms state=IDLE anim=待机呼吸休闲 physics=None
WARNING:pet.gui_stall_sampler:GUI 冻结现场（122ms，2 个采样点，旧→新）：
WARNING:pet.gui_stall_sampler:  [t-157ms] verify_seeky_multi.py:308:<module> <- verify_seeky_multi.py:244:main
WARNING:pet.gui_stall_sampler:  [t-86ms] webm_clip.py:2499:_poll <- webm_clip.py:2750:_process_frame <- window_optional_services.py:62:<lambda> <- verify_seeky_multi.py:92:observed_frame <- window.py:1917:_on_frame <- window.py:2106:_rebuild_frame
WARNING:root:GUI 卡顿 127ms state=IDLE anim=待机呼吸休闲 physics=None
WARNING:pet.gui_stall_sampler:GUI 冻结现场（127ms，3 个采样点，旧→新）：
WARNING:pet.gui_stall_sampler:  [t-158ms] verify_seeky_multi.py:308:<module> <- verify_seeky_multi.py:244:main
WARNING:pet.gui_stall_sampler:  [t-88ms] webm_clip.py:2499:_poll <- webm_clip.py:2750:_process_frame <- window_optional_services.py:62:<lambda> <- verify_seeky_multi.py:92:observed_frame <- window.py:1917:_on_frame <- window.py:2106:_rebuild_frame
WARNING:pet.gui_stall_sampler:  [t-1ms] webm_clip.py:2499:_poll <- webm_clip.py:2750:_process_frame <- window_optional_services.py:62:<lambda> <- verify_seeky_multi.py:92:observed_frame <- window.py:1917:_on_frame <- window.py:2124:_rebuild_frame
WARNING:root:GUI 卡顿 144ms state=IDLE anim=待机呼吸休闲 physics=None
WARNING:pet.gui_stall_sampler:GUI 冻结现场（144ms，3 个采样点，旧→新）：
WARNING:pet.gui_stall_sampler:  [t-176ms] verify_seeky_multi.py:308:<module> <- verify_seeky_multi.py:244:main
WARNING:pet.gui_stall_sampler:  [t-105ms] webm_clip.py:2499:_poll <- webm_clip.py:2750:_process_frame <- window_optional_services.py:62:<lambda> <- verify_seeky_multi.py:92:observed_frame <- window.py:1917:_on_frame <- window.py:2106:_rebuild_frame
WARNING:pet.gui_stall_sampler:  [t-18ms] webm_clip.py:2499:_poll <- webm_clip.py:2750:_process_frame <- window_optional_services.py:62:<lambda> <- verify_seeky_multi.py:92:observed_frame <- window.py:1917:_on_frame <- window.py:2124:_rebuild_frame
WARNING:root:GUI 卡顿 107ms state=IDLE anim=待机呼吸休闲 physics=None
WARNING:pet.gui_stall_sampler:GUI 冻结现场（107ms，2 个采样点，旧→新）：
WARNING:pet.gui_stall_sampler:  [t-115ms] verify_seeky_multi.py:308:<module> <- verify_seeky_multi.py:244:main
WARNING:pet.gui_stall_sampler:  [t-1ms] webm_clip.py:2499:_poll <- webm_clip.py:2750:_process_frame <- window_optional_services.py:62:<lambda> <- verify_seeky_multi.py:92:observed_frame <- window.py:1917:_on_frame <- window.py:2106:_rebuild_frame
WARNING:root:GUI 卡顿 109ms state=IDLE anim=待机呼吸休闲 physics=None
WARNING:pet.gui_stall_sampler:GUI 冻结现场（109ms，2 个采样点，旧→新）：
WARNING:pet.gui_stall_sampler:  [t-115ms] verify_seeky_multi.py:308:<module> <- verify_seeky_multi.py:244:main
WARNING:pet.gui_stall_sampler:  [t-2ms] webm_clip.py:2499:_poll <- webm_clip.py:2750:_process_frame <- window_optional_services.py:62:<lambda> <- verify_seeky_multi.py:92:observed_frame <- window.py:1917:_on_frame <- window.py:2106:_rebuild_frame
WARNING:root:GUI 卡顿 109ms state=IDLE anim=待机呼吸休闲 physics=None
WARNING:pet.gui_stall_sampler:GUI 冻结现场（109ms，2 个采样点，旧→新）：
WARNING:pet.gui_stall_sampler:  [t-116ms] verify_seeky_multi.py:308:<module> <- verify_seeky_multi.py:244:main
WARNING:pet.gui_stall_sampler:  [t-2ms] webm_clip.py:2499:_poll <- webm_clip.py:2750:_process_frame <- window_optional_services.py:62:<lambda> <- verify_seeky_multi.py:92:observed_frame <- window.py:1917:_on_frame <- window.py:2106:_rebuild_frame
WARNING:root:GUI 卡顿 112ms state=IDLE anim=待机呼吸休闲 physics=None
WARNING:pet.gui_stall_sampler:GUI 冻结现场（112ms，2 个采样点，旧→新）：
WARNING:pet.gui_stall_sampler:  [t-154ms] verify_seeky_multi.py:308:<module> <- verify_seeky_multi.py:244:main <- webm_clip.py:2499:_poll <- webm_clip.py:2724:_process_frame
WARNING:pet.gui_stall_sampler:  [t-17ms] webm_clip.py:2499:_poll <- webm_clip.py:2750:_process_frame <- window_optional_services.py:62:<lambda> <- verify_seeky_multi.py:92:observed_frame <- window.py:1917:_on_frame <- window.py:2099:_rebuild_frame
WARNING:root:GUI 卡顿 115ms state=IDLE anim=待机呼吸休闲 physics=None
WARNING:pet.gui_stall_sampler:GUI 冻结现场（115ms，2 个采样点，旧→新）：
WARNING:pet.gui_stall_sampler:  [t-155ms] verify_seeky_multi.py:308:<module> <- verify_seeky_multi.py:244:main <- webm_clip.py:2499:_poll <- webm_clip.py:2724:_process_frame
WARNING:pet.gui_stall_sampler:  [t-17ms] webm_clip.py:2499:_poll <- webm_clip.py:2750:_process_frame <- window_optional_services.py:62:<lambda> <- verify_seeky_multi.py:92:observed_frame <- window.py:1917:_on_frame <- window.py:2099:_rebuild_frame
WARNING:root:GUI 卡顿 115ms state=IDLE anim=待机呼吸休闲 physics=None
WARNING:pet.gui_stall_sampler:GUI 冻结现场（115ms，2 个采样点，旧→新）：
WARNING:pet.gui_stall_sampler:  [t-155ms] verify_seeky_multi.py:308:<module> <- verify_seeky_multi.py:244:main <- webm_clip.py:2499:_poll <- webm_clip.py:2724:_process_frame
WARNING:pet.gui_stall_sampler:  [t-18ms] webm_clip.py:2499:_poll <- webm_clip.py:2750:_process_frame <- window_optional_services.py:62:<lambda> <- verify_seeky_multi.py:92:observed_frame <- window.py:1917:_on_frame <- window.py:2099:_rebuild_frame
WARNING:root:GUI 卡顿 108ms state=IDLE anim=待机呼吸休闲 physics=None
WARNING:pet.gui_stall_sampler:GUI 冻结现场（108ms，2 个采样点，旧→新）：
WARNING:pet.gui_stall_sampler:  [t-151ms] verify_seeky_multi.py:308:<module> <- verify_seeky_multi.py:244:main <- webm_clip.py:2499:_poll <- webm_clip.py:2724:_process_frame
WARNING:pet.gui_stall_sampler:  [t-61ms] webm_clip.py:2499:_poll <- webm_clip.py:2750:_process_frame <- window_optional_services.py:62:<lambda> <- verify_seeky_multi.py:92:observed_frame <- window.py:1917:_on_frame <- window.py:2106:_rebuild_frame
WARNING:root:GUI 卡顿 111ms state=IDLE anim=待机呼吸休闲 physics=None
WARNING:pet.gui_stall_sampler:GUI 冻结现场（111ms，3 个采样点，旧→新）：
WARNING:pet.gui_stall_sampler:  [t-154ms] verify_seeky_multi.py:308:<module> <- verify_seeky_multi.py:244:main <- webm_clip.py:2499:_poll <- webm_clip.py:2724:_process_frame
WARNING:pet.gui_stall_sampler:  [t-63ms] webm_clip.py:2499:_poll <- webm_clip.py:2750:_process_frame <- window_optional_services.py:62:<lambda> <- verify_seeky_multi.py:92:observed_frame <- window.py:1917:_on_frame <- window.py:2106:_rebuild_frame
WARNING:pet.gui_stall_sampler:  [t-1ms] __init__.py:1531:warning <- __init__.py:1664:_log <- __init__.py:1680:handle <- __init__.py:1736:callHandlers <- __init__.py:1026:handle <- __init__.py:1153:emit
WARNING:root:GUI 卡顿 112ms state=IDLE anim=待机呼吸休闲 physics=None
WARNING:pet.gui_stall_sampler:GUI 冻结现场（112ms，3 个采样点，旧→新）：
WARNING:pet.gui_stall_sampler:  [t-154ms] verify_seeky_multi.py:308:<module> <- verify_seeky_multi.py:244:main <- webm_clip.py:2499:_poll <- webm_clip.py:2724:_process_frame
WARNING:pet.gui_stall_sampler:  [t-64ms] webm_clip.py:2499:_poll <- webm_clip.py:2750:_process_frame <- window_optional_services.py:62:<lambda> <- verify_seeky_multi.py:92:observed_frame <- window.py:1917:_on_frame <- window.py:2106:_rebuild_frame
WARNING:pet.gui_stall_sampler:  [t-1ms] __init__.py:1531:warning <- __init__.py:1664:_log <- __init__.py:1680:handle <- __init__.py:1736:callHandlers <- __init__.py:1026:handle <- __init__.py:1153:emit
WARNING:root:GUI 卡顿 150ms state=IDLE anim=待机呼吸休闲 physics=None
WARNING:pet.gui_stall_sampler:GUI 冻结现场（150ms，1 个采样点，旧→新）：
WARNING:pet.gui_stall_sampler:  [t-7ms] webm_clip.py:2499:_poll <- webm_clip.py:2750:_process_frame <- window_optional_services.py:62:<lambda> <- verify_seeky_multi.py:92:observed_frame <- window.py:1919:_on_frame <- window.py:2126:_rebuild_frame
WARNING:root:GUI 卡顿 152ms state=IDLE anim=待机呼吸休闲 physics=None
WARNING:pet.gui_stall_sampler:GUI 冻结现场（152ms，1 个采样点，旧→新）：
WARNING:pet.gui_stall_sampler:  [t-7ms] webm_clip.py:2499:_poll <- webm_clip.py:2750:_process_frame <- window_optional_services.py:62:<lambda> <- verify_seeky_multi.py:92:observed_frame <- window.py:1919:_on_frame <- window.py:2126:_rebuild_frame
WARNING:root:GUI 卡顿 152ms state=IDLE anim=待机呼吸休闲 physics=None
WARNING:pet.gui_stall_sampler:GUI 冻结现场（152ms，1 个采样点，旧→新）：
WARNING:pet.gui_stall_sampler:  [t-7ms] webm_clip.py:2499:_poll <- webm_clip.py:2750:_process_frame <- window_optional_services.py:62:<lambda> <- verify_seeky_multi.py:92:observed_frame <- window.py:1919:_on_frame <- window.py:2126:_rebuild_frame
WARNING:root:GUI 卡顿 230ms state=IDLE anim=待机呼吸休闲 physics=None
WARNING:pet.gui_stall_sampler:GUI 冻结现场（230ms，3 个采样点，旧→新）：
WARNING:pet.gui_stall_sampler:  [t-257ms] verify_seeky_multi.py:308:<module> <- verify_seeky_multi.py:244:main
WARNING:pet.gui_stall_sampler:  [t-81ms] webm_clip.py:2499:_poll <- webm_clip.py:2750:_process_frame <- window_optional_services.py:62:<lambda> <- verify_seeky_multi.py:92:observed_frame <- window.py:1917:_on_frame <- window.py:2121:_rebuild_frame
WARNING:pet.gui_stall_sampler:  [t-23ms] verify_seeky_multi.py:308:<module> <- verify_seeky_multi.py:244:main
WARNING:root:GUI 卡顿 231ms state=IDLE anim=待机呼吸休闲 physics=None
WARNING:pet.gui_stall_sampler:GUI 冻结现场（231ms，3 个采样点，旧→新）：
WARNING:pet.gui_stall_sampler:  [t-258ms] verify_seeky_multi.py:308:<module> <- verify_seeky_multi.py:244:main
WARNING:pet.gui_stall_sampler:  [t-82ms] webm_clip.py:2499:_poll <- webm_clip.py:2750:_process_frame <- window_optional_services.py:62:<lambda> <- verify_seeky_multi.py:92:observed_frame <- window.py:1917:_on_frame <- window.py:2121:_rebuild_frame
WARNING:pet.gui_stall_sampler:  [t-23ms] verify_seeky_multi.py:308:<module> <- verify_seeky_multi.py:244:main
WARNING:root:GUI 卡顿 232ms state=IDLE anim=待机呼吸休闲 physics=None
WARNING:pet.gui_stall_sampler:GUI 冻结现场（232ms，3 个采样点，旧→新）：
WARNING:pet.gui_stall_sampler:  [t-258ms] verify_seeky_multi.py:308:<module> <- verify_seeky_multi.py:244:main
WARNING:pet.gui_stall_sampler:  [t-82ms] webm_clip.py:2499:_poll <- webm_clip.py:2750:_process_frame <- window_optional_services.py:62:<lambda> <- verify_seeky_multi.py:92:observed_frame <- window.py:1917:_on_frame <- window.py:2121:_rebuild_frame
WARNING:pet.gui_stall_sampler:  [t-23ms] verify_seeky_multi.py:308:<module> <- verify_seeky_multi.py:244:main
WARNING:root:GUI 卡顿 145ms state=IDLE anim=待机呼吸休闲 physics=None
WARNING:pet.gui_stall_sampler:GUI 冻结现场（145ms，2 个采样点，旧→新）：
WARNING:pet.gui_stall_sampler:  [t-176ms] verify_seeky_multi.py:308:<module> <- verify_seeky_multi.py:244:main
WARNING:pet.gui_stall_sampler:  [t-35ms] verify_seeky_multi.py:308:<module> <- verify_seeky_multi.py:244:main <- webm_clip.py:2499:_poll <- webm_clip.py:2724:_process_frame
WARNING:root:GUI 卡顿 146ms state=IDLE anim=待机呼吸休闲 physics=None
WARNING:pet.gui_stall_sampler:GUI 冻结现场（146ms，2 个采样点，旧→新）：
WARNING:pet.gui_stall_sampler:  [t-177ms] verify_seeky_multi.py:308:<module> <- verify_seeky_multi.py:244:main
WARNING:pet.gui_stall_sampler:  [t-36ms] verify_seeky_multi.py:308:<module> <- verify_seeky_multi.py:244:main <- webm_clip.py:2499:_poll <- webm_clip.py:2724:_process_frame
WARNING:root:GUI 卡顿 147ms state=IDLE anim=待机呼吸休闲 physics=None
WARNING:pet.gui_stall_sampler:GUI 冻结现场（147ms，2 个采样点，旧→新）：
WARNING:pet.gui_stall_sampler:  [t-177ms] verify_seeky_multi.py:308:<module> <- verify_seeky_multi.py:244:main
WARNING:pet.gui_stall_sampler:  [t-37ms] verify_seeky_multi.py:308:<module> <- verify_seeky_multi.py:244:main <- webm_clip.py:2499:_poll <- webm_clip.py:2724:_process_frame
WARNING:root:GUI 卡顿 120ms state=IDLE anim=待机呼吸休闲 physics=None
WARNING:pet.gui_stall_sampler:GUI 冻结现场（120ms，2 个采样点，旧→新）：
WARNING:pet.gui_stall_sampler:  [t-155ms] verify_seeky_multi.py:92:observed_frame <- window.py:1917:_on_frame <- window.py:2124:_rebuild_frame <- window.py:2270:_sync_mask <- window_optional_services.py:42:effects_coverage <- frame_edges.py:27:coverage_region
WARNING:pet.gui_stall_sampler:  [t-42ms] webm_clip.py:2499:_poll <- webm_clip.py:2750:_process_frame <- window_optional_services.py:62:<lambda> <- verify_seeky_multi.py:92:observed_frame <- window.py:1919:_on_frame <- window.py:2126:_rebuild_frame
WARNING:root:GUI 卡顿 123ms state=IDLE anim=待机呼吸休闲 physics=None
WARNING:pet.gui_stall_sampler:GUI 冻结现场（123ms，2 个采样点，旧→新）：
WARNING:pet.gui_stall_sampler:  [t-157ms] verify_seeky_multi.py:92:observed_frame <- window.py:1917:_on_frame <- window.py:2124:_rebuild_frame <- window.py:2270:_sync_mask <- window_optional_services.py:42:effects_coverage <- frame_edges.py:27:coverage_region
WARNING:pet.gui_stall_sampler:  [t-44ms] webm_clip.py:2499:_poll <- webm_clip.py:2750:_process_frame <- window_optional_services.py:62:<lambda> <- verify_seeky_multi.py:92:observed_frame <- window.py:1919:_on_frame <- window.py:2126:_rebuild_frame
WARNING:root:GUI 卡顿 124ms state=IDLE anim=待机呼吸休闲 physics=None
WARNING:pet.gui_stall_sampler:GUI 冻结现场（124ms，2 个采样点，旧→新）：
WARNING:pet.gui_stall_sampler:  [t-157ms] verify_seeky_multi.py:92:observed_frame <- window.py:1917:_on_frame <- window.py:2124:_rebuild_frame <- window.py:2270:_sync_mask <- window_optional_services.py:42:effects_coverage <- frame_edges.py:27:coverage_region
WARNING:pet.gui_stall_sampler:  [t-44ms] webm_clip.py:2499:_poll <- webm_clip.py:2750:_process_frame <- window_optional_services.py:62:<lambda> <- verify_seeky_multi.py:92:observed_frame <- window.py:1919:_on_frame <- window.py:2126:_rebuild_frame
WARNING:root:GUI 卡顿 120ms state=IDLE anim=待机呼吸休闲 physics=None
WARNING:pet.gui_stall_sampler:GUI 冻结现场（120ms，3 个采样点，旧→新）：
WARNING:pet.gui_stall_sampler:  [t-158ms] verify_seeky_multi.py:308:<module> <- verify_seeky_multi.py:244:main
WARNING:pet.gui_stall_sampler:  [t-103ms] verify_seeky_multi.py:308:<module> <- verify_seeky_multi.py:244:main <- webm_clip.py:2499:_poll <- webm_clip.py:2724:_process_frame
WARNING:pet.gui_stall_sampler:  [t-17ms] webm_clip.py:2499:_poll <- webm_clip.py:2750:_process_frame <- window_optional_services.py:62:<lambda> <- verify_seeky_multi.py:92:observed_frame <- window.py:1917:_on_frame <- window.py:2106:_rebuild_frame
WARNING:root:GUI 卡顿 121ms state=IDLE anim=待机呼吸休闲 physics=None
WARNING:pet.gui_stall_sampler:GUI 冻结现场（121ms，3 个采样点，旧→新）：
WARNING:pet.gui_stall_sampler:  [t-159ms] verify_seeky_multi.py:308:<module> <- verify_seeky_multi.py:244:main
WARNING:pet.gui_stall_sampler:  [t-104ms] verify_seeky_multi.py:308:<module> <- verify_seeky_multi.py:244:main <- webm_clip.py:2499:_poll <- webm_clip.py:2724:_process_frame
WARNING:pet.gui_stall_sampler:  [t-17ms] webm_clip.py:2499:_poll <- webm_clip.py:2750:_process_frame <- window_optional_services.py:62:<lambda> <- verify_seeky_multi.py:92:observed_frame <- window.py:1917:_on_frame <- window.py:2106:_rebuild_frame
WARNING:root:GUI 卡顿 122ms state=IDLE anim=待机呼吸休闲 physics=None
WARNING:pet.gui_stall_sampler:GUI 冻结现场（122ms，3 个采样点，旧→新）：
WARNING:pet.gui_stall_sampler:  [t-160ms] verify_seeky_multi.py:308:<module> <- verify_seeky_multi.py:244:main
WARNING:pet.gui_stall_sampler:  [t-104ms] verify_seeky_multi.py:308:<module> <- verify_seeky_multi.py:244:main <- webm_clip.py:2499:_poll <- webm_clip.py:2724:_process_frame
WARNING:pet.gui_stall_sampler:  [t-18ms] webm_clip.py:2499:_poll <- webm_clip.py:2750:_process_frame <- window_optional_services.py:62:<lambda> <- verify_seeky_multi.py:92:observed_frame <- window.py:1917:_on_frame <- window.py:2106:_rebuild_frame
WARNING:root:GUI 卡顿 146ms state=IDLE anim=待机呼吸休闲 physics=None
WARNING:pet.gui_stall_sampler:GUI 冻结现场（146ms，3 个采样点，旧→新）：
WARNING:pet.gui_stall_sampler:  [t-169ms] verify_seeky_multi.py:308:<module> <- verify_seeky_multi.py:244:main
WARNING:pet.gui_stall_sampler:  [t-70ms] webm_clip.py:2499:_poll <- webm_clip.py:2750:_process_frame <- window_optional_services.py:62:<lambda> <- verify_seeky_multi.py:92:observed_frame <- window.py:1917:_on_frame <- window.py:2106:_rebuild_frame
WARNING:pet.gui_stall_sampler:  [t-8ms] verify_seeky_multi.py:308:<module> <- verify_seeky_multi.py:244:main
WARNING:root:GUI 卡顿 146ms state=IDLE anim=待机呼吸休闲 physics=None
WARNING:pet.gui_stall_sampler:GUI 冻结现场（146ms，3 个采样点，旧→新）：
WARNING:pet.gui_stall_sampler:  [t-170ms] verify_seeky_multi.py:308:<module> <- verify_seeky_multi.py:244:main
WARNING:pet.gui_stall_sampler:  [t-70ms] webm_clip.py:2499:_poll <- webm_clip.py:2750:_process_frame <- window_optional_services.py:62:<lambda> <- verify_seeky_multi.py:92:observed_frame <- window.py:1917:_on_frame <- window.py:2106:_rebuild_frame
WARNING:pet.gui_stall_sampler:  [t-8ms] verify_seeky_multi.py:308:<module> <- verify_seeky_multi.py:244:main
WARNING:root:GUI 卡顿 147ms state=IDLE anim=待机呼吸休闲 physics=None
WARNING:pet.gui_stall_sampler:GUI 冻结现场（147ms，3 个采样点，旧→新）：
WARNING:pet.gui_stall_sampler:  [t-170ms] verify_seeky_multi.py:308:<module> <- verify_seeky_multi.py:244:main
WARNING:pet.gui_stall_sampler:  [t-71ms] webm_clip.py:2499:_poll <- webm_clip.py:2750:_process_frame <- window_optional_services.py:62:<lambda> <- verify_seeky_multi.py:92:observed_frame <- window.py:1917:_on_frame <- window.py:2106:_rebuild_frame
WARNING:pet.gui_stall_sampler:  [t-9ms] verify_seeky_multi.py:308:<module> <- verify_seeky_multi.py:244:main
WARNING:root:GUI 卡顿 246ms state=IDLE anim=待机呼吸休闲 physics=None
WARNING:pet.gui_stall_sampler:GUI 冻结现场（246ms，3 个采样点，旧→新）：
WARNING:pet.gui_stall_sampler:  [t-296ms] verify_seeky_multi.py:308:<module> <- verify_seeky_multi.py:244:main
WARNING:pet.gui_stall_sampler:  [t-123ms] webm_clip.py:2499:_poll <- webm_clip.py:2750:_process_frame <- window_optional_services.py:62:<lambda> <- verify_seeky_multi.py:92:observed_frame <- window.py:1917:_on_frame <- window.py:2106:_rebuild_frame
WARNING:pet.gui_stall_sampler:  [t-45ms] webm_clip.py:2499:_poll <- webm_clip.py:2750:_process_frame <- window_optional_services.py:62:<lambda> <- verify_seeky_multi.py:92:observed_frame <- window.py:1917:_on_frame <- window.py:2124:_rebuild_frame
WARNING:root:GUI 卡顿 248ms state=IDLE anim=待机呼吸休闲 physics=None
WARNING:pet.gui_stall_sampler:GUI 冻结现场（248ms，3 个采样点，旧→新）：
WARNING:pet.gui_stall_sampler:  [t-298ms] verify_seeky_multi.py:308:<module> <- verify_seeky_multi.py:244:main
WARNING:pet.gui_stall_sampler:  [t-125ms] webm_clip.py:2499:_poll <- webm_clip.py:2750:_process_frame <- window_optional_services.py:62:<lambda> <- verify_seeky_multi.py:92:observed_frame <- window.py:1917:_on_frame <- window.py:2106:_rebuild_frame
WARNING:pet.gui_stall_sampler:  [t-48ms] webm_clip.py:2499:_poll <- webm_clip.py:2750:_process_frame <- window_optional_services.py:62:<lambda> <- verify_seeky_multi.py:92:observed_frame <- window.py:1917:_on_frame <- window.py:2124:_rebuild_frame
WARNING:root:GUI 卡顿 250ms state=IDLE anim=待机呼吸休闲 physics=None
WARNING:pet.gui_stall_sampler:GUI 冻结现场（250ms，3 个采样点，旧→新）：
WARNING:pet.gui_stall_sampler:  [t-298ms] verify_seeky_multi.py:308:<module> <- verify_seeky_multi.py:244:main
WARNING:pet.gui_stall_sampler:  [t-125ms] webm_clip.py:2499:_poll <- webm_clip.py:2750:_process_frame <- window_optional_services.py:62:<lambda> <- verify_seeky_multi.py:92:observed_frame <- window.py:1917:_on_frame <- window.py:2106:_rebuild_frame
WARNING:pet.gui_stall_sampler:  [t-48ms] webm_clip.py:2499:_poll <- webm_clip.py:2750:_process_frame <- window_optional_services.py:62:<lambda> <- verify_seeky_multi.py:92:observed_frame <- window.py:1917:_on_frame <- window.py:2124:_rebuild_frame
WARNING:root:GUI 卡顿 168ms state=IDLE anim=待机呼吸休闲 physics=None
WARNING:pet.gui_stall_sampler:GUI 冻结现场（168ms，3 个采样点，旧→新）：
WARNING:pet.gui_stall_sampler:  [t-202ms] verify_seeky_multi.py:308:<module> <- verify_seeky_multi.py:244:main
WARNING:pet.gui_stall_sampler:  [t-137ms] verify_seeky_multi.py:308:<module> <- verify_seeky_multi.py:244:main <- webm_clip.py:2499:_poll <- webm_clip.py:2724:_process_frame
WARNING:pet.gui_stall_sampler:  [t-16ms] webm_clip.py:2750:_process_frame <- window_optional_services.py:62:<lambda> <- verify_seeky_multi.py:92:observed_frame <- window.py:1917:_on_frame <- window.py:2124:_rebuild_frame <- window.py:2265:_sync_mask
WARNING:root:GUI 卡顿 169ms state=IDLE anim=待机呼吸休闲 physics=None
WARNING:pet.gui_stall_sampler:GUI 冻结现场（169ms，3 个采样点，旧→新）：
WARNING:pet.gui_stall_sampler:  [t-203ms] verify_seeky_multi.py:308:<module> <- verify_seeky_multi.py:244:main
WARNING:pet.gui_stall_sampler:  [t-138ms] verify_seeky_multi.py:308:<module> <- verify_seeky_multi.py:244:main <- webm_clip.py:2499:_poll <- webm_clip.py:2724:_process_frame
WARNING:pet.gui_stall_sampler:  [t-17ms] webm_clip.py:2750:_process_frame <- window_optional_services.py:62:<lambda> <- verify_seeky_multi.py:92:observed_frame <- window.py:1917:_on_frame <- window.py:2124:_rebuild_frame <- window.py:2265:_sync_mask
WARNING:root:GUI 卡顿 170ms state=IDLE anim=待机呼吸休闲 physics=None
WARNING:pet.gui_stall_sampler:GUI 冻结现场（170ms，3 个采样点，旧→新）：
WARNING:pet.gui_stall_sampler:  [t-203ms] verify_seeky_multi.py:308:<module> <- verify_seeky_multi.py:244:main
WARNING:pet.gui_stall_sampler:  [t-138ms] verify_seeky_multi.py:308:<module> <- verify_seeky_multi.py:244:main <- webm_clip.py:2499:_poll <- webm_clip.py:2724:_process_frame
WARNING:pet.gui_stall_sampler:  [t-18ms] webm_clip.py:2750:_process_frame <- window_optional_services.py:62:<lambda> <- verify_seeky_multi.py:92:observed_frame <- window.py:1917:_on_frame <- window.py:2124:_rebuild_frame <- window.py:2265:_sync_mask
{'max_first_frame_decoders': 2, 'steady_mib': 1576.5506286621094, 'peak_mib': 1815.3486022949219, 'growth_mib': -18.140625, 'playback': {0: {'fps': 3.4399054999545675, 'forward_gaps': 0, 'frames': 213, 'ten_second_bins': [{'start': 0, 'fps': 1.9805298679138925, 'frames': 14}, {'start': 10, 'fps': 2.6753991695560977, 'frames': 26}, {'start': 20, 'fps': 3.05573663624511, 'frames': 31}, {'start': 30, 'fps': 3.481965467095427, 'frames': 35}, {'start': 40, 'fps': 3.159125132946517, 'frames': 31}, {'start': 50, 'fps': 2.9973230804212787, 'frames': 30}, {'start': 60, 'fps': 3.182522816635356, 'frames': 32}, {'start': 70, 'fps': 3.674181729110744, 'frames': 37}, {'start': 80, 'fps': 3.6893562073418176, 'frames': 37}, {'start': 90, 'fps': 3.9009968073420853, 'frames': 39}]}, 1: {'fps': 3.6166306625407882, 'forward_gaps': 0, 'frames': 224, 'ten_second_bins': [{'start': 0, 'fps': 2.1609303787521608, 'frames': 12}, {'start': 10, 'fps': 2.7497148443865074, 'frames': 28}, {'start': 20, 'fps': 3.5175236633410085, 'frames': 34}, {'start': 30, 'fps': 3.7769361901942577, 'frames': 38}, {'start': 40, 'fps': 3.4010099969081717, 'frames': 34}, {'start': 50, 'fps': 3.292452053666968, 'frames': 33}, {'start': 60, 'fps': 3.517738714783816, 'frames': 35}, {'start': 70, 'fps': 4.055520069754944, 'frames': 41}, {'start': 80, 'fps': 3.507287938024157, 'frames': 35}, {'start': 90, 'fps': 3.880877486825441, 'frames': 39}]}, 2: {'fps': 3.6344461120350466, 'forward_gaps': 0, 'frames': 225, 'ten_second_bins': [{'start': 0, 'fps': 2.09121897153851, 'frames': 11}, {'start': 10, 'fps': 2.9455390862516966, 'frames': 29}, {'start': 20, 'fps': 3.4562460847212315, 'frames': 33}, {'start': 30, 'fps': 3.776203792533323, 'frames': 38}, {'start': 40, 'fps': 3.489294210943694, 'frames': 34}, {'start': 50, 'fps': 3.326445239655258, 'frames': 34}, {'start': 60, 'fps': 3.552806194422095, 'frames': 35}, {'start': 70, 'fps': 4.02215277992636, 'frames': 40}, {'start': 80, 'fps': 3.599156768985555, 'frames': 36}, {'start': 90, 'fps': 3.8206168747353937, 'frames': 38}]}}, 'queue_drops': 0, 'duplicate_first_images': [], 'lifecycle': {}, 'shared_process_enabled': True, 'source_widths': [2560, 2560, 2560], 'actions': {0: '待机呼吸休闲', 1: '待机呼吸休闲', 2: '待机呼吸休闲'}, 'initial_decode_routes': {0: {'idle_eligible': True, 'broker_active': True, 'feed': False, 'publish': True, 'path': '/Users/ray/Documents/New project/dsr-pet/assets/characters_hq/shenshen/videos/idle/待机呼吸休闲.webm'}, 1: {'idle_eligible': True, 'broker_active': True, 'feed': True, 'publish': False, 'path': '/Users/ray/Documents/New project/dsr-pet/assets/characters_hq/shenshen/videos/idle/待机呼吸休闲.webm'}, 2: {'idle_eligible': True, 'broker_active': True, 'feed': True, 'publish': False, 'path': '/Users/ray/Documents/New project/dsr-pet/assets/characters_hq/shenshen/videos/idle/待机呼吸休闲.webm'}}, 'live_ffmpeg_after_cleanup': []} ['Pet 0: fps=3.44, skipped source frames=0', 'Pet 1: fps=3.62, skipped source frames=0', 'Pet 2: fps=3.63, skipped source frames=0']
