QSystemTrayIcon::setVisible: No Icon set
WARNING:root:GUI 卡顿 3767ms state=IDLE anim=待机呼吸休闲 physics=None
WARNING:pet.gui_stall_sampler:GUI 冻结现场（3767ms，24 个采样点，旧→新）：
WARNING:pet.gui_stall_sampler:  [t-3466ms] app.py:572:_create_ui <- app.py:537:_build_window <- window.py:1131:showEvent <- window.py:1454:_submit_collision_state <- collision_client.py:255:_submit_collision_state <- collision_ipc.py:1261:submit_state
WARNING:pet.gui_stall_sampler:  [t-3406ms] app.py:572:_create_ui <- app.py:537:_build_window <- window.py:1132:showEvent <- window.py:1095:_schedule_macos_window_level <- window.py:1090:apply_current_native_window <- platform_mac.py:78:_mac_set_window_level
WARNING:pet.gui_stall_sampler:  [t-3231ms] verify_seeky_multi.py:57:main <- app.py:1703:start <- app.py:1812:_create_ui_with_character_fallback <- app.py:572:_create_ui <- app.py:539:_build_window <- app.py:3147:_build_tray
WARNING:pet.gui_stall_sampler:  [t-2939ms] verify_seeky_multi.py:308:<module> <- verify_seeky_multi.py:57:main <- app.py:1719:start <- app.py:1613:_install_config_watcher <- app.py:1623:_watch_config_file
WARNING:pet.gui_stall_sampler:  [t-2875ms] <frozen importlib._bootstrap>:1360:_find_and_load <- <frozen importlib._bootstrap>:1331:_find_and_load_unlocked <- <frozen importlib._bootstrap>:935:_load_unlocked <- <frozen importlib._bootstrap_external>:1022:exec_module <- <frozen importlib._bootstrap_external>:1118:get_code <- <frozen importlib._bootstrap_external>:1218:get_data
WARNING:pet.gui_stall_sampler:  [t-2638ms] app.py:504:_build_window <- app.py:411:_create_library <- library.py:785:schedule_high_priority_warm <- threading.py:979:start <- threading.py:659:wait <- threading.py:359:wait
WARNING:pet.gui_stall_sampler:  [t-2511ms] verify_seeky_multi.py:308:<module> <- verify_seeky_multi.py:113:main <- app.py:2627:spawn_pet <- app.py:2768:spawn_in_process_window <- app.py:537:_build_window <- file_eater.py:150:eventFilter
WARNING:pet.gui_stall_sampler:  [t-2244ms] window.py:1705:switch_clip <- window.py:1669:_switch <- webm_clip.py:1634:start <- threading.py:979:start <- threading.py:659:wait <- threading.py:359:wait
WARNING:pet.gui_stall_sampler:  [t-2146ms] app.py:504:_build_window <- app.py:404:_create_library <- library.py:201:__init__ <- library.py:340:_load_all <- _abc.py:450:exists <- _local.py:515:stat
WARNING:pet.gui_stall_sampler:  [t-2080ms] app.py:2768:spawn_in_process_window <- app.py:537:_build_window <- window.py:1132:showEvent <- window.py:1095:_schedule_macos_window_level <- window.py:1090:apply_current_native_window <- platform_mac.py:78:_mac_set_window_level
WARNING:pet.gui_stall_sampler:  [t-1971ms] app.py:2768:spawn_in_process_window <- app.py:537:_build_window <- window.py:4539:moveEvent <- window.py:1454:_submit_collision_state <- collision_client.py:255:_submit_collision_state <- collision_ipc.py:1261:submit_state
WARNING:pet.gui_stall_sampler:  [t-1913ms] verify_seeky_multi.py:308:<module> <- verify_seeky_multi.py:113:main <- app.py:2627:spawn_pet <- app.py:2775:spawn_in_process_window <- app.py:2987:_refresh_tray_menu <- app.py:3178:_build_tray
WARNING:pet.gui_stall_sampler:  [t-1800ms] window.py:1705:switch_clip <- window.py:1669:_switch <- webm_clip.py:1634:start <- threading.py:979:start <- threading.py:659:wait <- threading.py:359:wait
WARNING:pet.gui_stall_sampler:  [t-1727ms] verify_seeky_multi.py:308:<module> <- verify_seeky_multi.py:244:main
WARNING:root:GUI 卡顿 2640ms state=IDLE anim=东张西望 physics=None
WARNING:pet.gui_stall_sampler:GUI 冻结现场（2640ms，18 个采样点，旧→新）：
WARNING:pet.gui_stall_sampler:  [t-2649ms] app.py:504:_build_window <- app.py:411:_create_library <- library.py:785:schedule_high_priority_warm <- threading.py:979:start <- threading.py:659:wait <- threading.py:359:wait
WARNING:pet.gui_stall_sampler:  [t-2522ms] verify_seeky_multi.py:308:<module> <- verify_seeky_multi.py:113:main <- app.py:2627:spawn_pet <- app.py:2768:spawn_in_process_window <- app.py:537:_build_window <- file_eater.py:150:eventFilter
WARNING:pet.gui_stall_sampler:  [t-2255ms] window.py:1705:switch_clip <- window.py:1669:_switch <- webm_clip.py:1634:start <- threading.py:979:start <- threading.py:659:wait <- threading.py:359:wait
WARNING:pet.gui_stall_sampler:  [t-2158ms] app.py:504:_build_window <- app.py:404:_create_library <- library.py:201:__init__ <- library.py:340:_load_all <- _abc.py:450:exists <- _local.py:515:stat
WARNING:pet.gui_stall_sampler:  [t-2091ms] app.py:2768:spawn_in_process_window <- app.py:537:_build_window <- window.py:1132:showEvent <- window.py:1095:_schedule_macos_window_level <- window.py:1090:apply_current_native_window <- platform_mac.py:78:_mac_set_window_level
WARNING:pet.gui_stall_sampler:  [t-1982ms] app.py:2768:spawn_in_process_window <- app.py:537:_build_window <- window.py:4539:moveEvent <- window.py:1454:_submit_collision_state <- collision_client.py:255:_submit_collision_state <- collision_ipc.py:1261:submit_state
WARNING:pet.gui_stall_sampler:  [t-1924ms] verify_seeky_multi.py:308:<module> <- verify_seeky_multi.py:113:main <- app.py:2627:spawn_pet <- app.py:2775:spawn_in_process_window <- app.py:2987:_refresh_tray_menu <- app.py:3178:_build_tray
WARNING:pet.gui_stall_sampler:  [t-1811ms] window.py:1705:switch_clip <- window.py:1669:_switch <- webm_clip.py:1634:start <- threading.py:979:start <- threading.py:659:wait <- threading.py:359:wait
WARNING:pet.gui_stall_sampler:  [t-1738ms] verify_seeky_multi.py:308:<module> <- verify_seeky_multi.py:244:main
WARNING:root:GUI 卡顿 2185ms state=IDLE anim=余额-分文不剩 physics=None
WARNING:pet.gui_stall_sampler:GUI 冻结现场（2185ms，14 个采样点，旧→新）：
WARNING:pet.gui_stall_sampler:  [t-2203ms] app.py:504:_build_window <- app.py:404:_create_library <- library.py:201:__init__ <- library.py:340:_load_all <- _abc.py:450:exists <- _local.py:515:stat
WARNING:pet.gui_stall_sampler:  [t-2137ms] app.py:2768:spawn_in_process_window <- app.py:537:_build_window <- window.py:1132:showEvent <- window.py:1095:_schedule_macos_window_level <- window.py:1090:apply_current_native_window <- platform_mac.py:78:_mac_set_window_level
WARNING:pet.gui_stall_sampler:  [t-2028ms] app.py:2768:spawn_in_process_window <- app.py:537:_build_window <- window.py:4539:moveEvent <- window.py:1454:_submit_collision_state <- collision_client.py:255:_submit_collision_state <- collision_ipc.py:1261:submit_state
WARNING:pet.gui_stall_sampler:  [t-1970ms] verify_seeky_multi.py:308:<module> <- verify_seeky_multi.py:113:main <- app.py:2627:spawn_pet <- app.py:2775:spawn_in_process_window <- app.py:2987:_refresh_tray_menu <- app.py:3178:_build_tray
WARNING:pet.gui_stall_sampler:  [t-1857ms] window.py:1705:switch_clip <- window.py:1669:_switch <- webm_clip.py:1634:start <- threading.py:979:start <- threading.py:659:wait <- threading.py:359:wait
WARNING:pet.gui_stall_sampler:  [t-1784ms] verify_seeky_multi.py:308:<module> <- verify_seeky_multi.py:244:main
WARNING:root:GUI 卡顿 449ms state=IDLE anim=待机呼吸休闲 physics=None
WARNING:pet.gui_stall_sampler:GUI 冻结现场（449ms，5 个采样点，旧→新）：
WARNING:pet.gui_stall_sampler:  [t-366ms] verify_seeky_multi.py:308:<module> <- verify_seeky_multi.py:244:main <- library.py:746:_warm_low_priority_background <- threading.py:979:start <- threading.py:659:wait <- threading.py:359:wait
WARNING:pet.gui_stall_sampler:  [t-174ms] verify_seeky_multi.py:244:main <- app.py:327:_warm_music_player_paths <- music_players.py:151:warm_cache_async <- threading.py:979:start <- threading.py:659:wait <- threading.py:359:wait
WARNING:pet.gui_stall_sampler:  [t-113ms] verify_seeky_multi.py:308:<module> <- verify_seeky_multi.py:244:main <- library.py:746:_warm_low_priority_background <- threading.py:979:start <- threading.py:659:wait <- threading.py:359:wait
WARNING:pet.gui_stall_sampler:  [t-56ms] verify_seeky_multi.py:308:<module> <- verify_seeky_multi.py:244:main <- window.py:2460:paintEvent
WARNING:root:GUI 卡顿 439ms state=IDLE anim=东张西望 physics=None
WARNING:pet.gui_stall_sampler:GUI 冻结现场（439ms，5 个采样点，旧→新）：
WARNING:pet.gui_stall_sampler:  [t-367ms] verify_seeky_multi.py:308:<module> <- verify_seeky_multi.py:244:main <- library.py:746:_warm_low_priority_background <- threading.py:979:start <- threading.py:659:wait <- threading.py:359:wait
WARNING:pet.gui_stall_sampler:  [t-175ms] verify_seeky_multi.py:244:main <- app.py:327:_warm_music_player_paths <- music_players.py:151:warm_cache_async <- threading.py:979:start <- threading.py:659:wait <- threading.py:359:wait
WARNING:pet.gui_stall_sampler:  [t-114ms] verify_seeky_multi.py:308:<module> <- verify_seeky_multi.py:244:main <- library.py:746:_warm_low_priority_background <- threading.py:979:start <- threading.py:659:wait <- threading.py:359:wait
WARNING:pet.gui_stall_sampler:  [t-56ms] verify_seeky_multi.py:308:<module> <- verify_seeky_multi.py:244:main <- window.py:2460:paintEvent
WARNING:root:GUI 卡顿 393ms state=IDLE anim=余额-分文不剩 physics=None
WARNING:pet.gui_stall_sampler:GUI 冻结现场（393ms，5 个采样点，旧→新）：
WARNING:pet.gui_stall_sampler:  [t-368ms] verify_seeky_multi.py:308:<module> <- verify_seeky_multi.py:244:main <- library.py:746:_warm_low_priority_background <- threading.py:979:start <- threading.py:659:wait <- threading.py:359:wait
WARNING:pet.gui_stall_sampler:  [t-175ms] verify_seeky_multi.py:244:main <- app.py:327:_warm_music_player_paths <- music_players.py:151:warm_cache_async <- threading.py:979:start <- threading.py:659:wait <- threading.py:359:wait
WARNING:pet.gui_stall_sampler:  [t-114ms] verify_seeky_multi.py:308:<module> <- verify_seeky_multi.py:244:main <- library.py:746:_warm_low_priority_background <- threading.py:979:start <- threading.py:659:wait <- threading.py:359:wait
WARNING:pet.gui_stall_sampler:  [t-57ms] verify_seeky_multi.py:308:<module> <- verify_seeky_multi.py:244:main <- window.py:2460:paintEvent
WARNING:root:GUI 卡顿 140ms state=IDLE anim=待机呼吸休闲 physics=None
WARNING:pet.gui_stall_sampler:GUI 冻结现场（140ms，1 个采样点，旧→新）：
WARNING:pet.gui_stall_sampler:  [t-176ms] webm_clip.py:2750:_process_frame <- window_optional_services.py:62:<lambda> <- verify_seeky_multi.py:92:observed_frame <- window.py:1917:_on_frame <- window.py:2119:_rebuild_frame <- window.py:2005:_frame_signature
WARNING:root:GUI 卡顿 141ms state=IDLE anim=东张西望 physics=None
WARNING:pet.gui_stall_sampler:GUI 冻结现场（141ms，1 个采样点，旧→新）：
WARNING:pet.gui_stall_sampler:  [t-176ms] webm_clip.py:2750:_process_frame <- window_optional_services.py:62:<lambda> <- verify_seeky_multi.py:92:observed_frame <- window.py:1917:_on_frame <- window.py:2119:_rebuild_frame <- window.py:2005:_frame_signature
WARNING:root:GUI 卡顿 141ms state=IDLE anim=余额-分文不剩 physics=None
WARNING:pet.gui_stall_sampler:GUI 冻结现场（141ms，1 个采样点，旧→新）：
WARNING:pet.gui_stall_sampler:  [t-176ms] webm_clip.py:2750:_process_frame <- window_optional_services.py:62:<lambda> <- verify_seeky_multi.py:92:observed_frame <- window.py:1917:_on_frame <- window.py:2119:_rebuild_frame <- window.py:2005:_frame_signature
WARNING:root:GUI 卡顿 697ms state=IDLE anim=待机呼吸休闲 physics=None
WARNING:pet.gui_stall_sampler:GUI 冻结现场（697ms，2 个采样点，旧→新）：
WARNING:pet.gui_stall_sampler:  [t-417ms] verify_seeky_multi.py:308:<module> <- verify_seeky_multi.py:244:main <- webm_clip.py:2499:_poll <- webm_clip.py:2750:_process_frame
WARNING:pet.gui_stall_sampler:  [t-281ms] verify_seeky_multi.py:308:<module> <- verify_seeky_multi.py:244:main
WARNING:root:GUI 卡顿 696ms state=IDLE anim=东张西望 physics=None
WARNING:pet.gui_stall_sampler:GUI 冻结现场（696ms，2 个采样点，旧→新）：
WARNING:pet.gui_stall_sampler:  [t-418ms] verify_seeky_multi.py:308:<module> <- verify_seeky_multi.py:244:main <- webm_clip.py:2499:_poll <- webm_clip.py:2750:_process_frame
WARNING:pet.gui_stall_sampler:  [t-282ms] verify_seeky_multi.py:308:<module> <- verify_seeky_multi.py:244:main
WARNING:root:GUI 卡顿 716ms state=IDLE anim=余额-分文不剩 physics=None
WARNING:pet.gui_stall_sampler:GUI 冻结现场（716ms，3 个采样点，旧→新）：
WARNING:pet.gui_stall_sampler:  [t-438ms] verify_seeky_multi.py:308:<module> <- verify_seeky_multi.py:244:main <- webm_clip.py:2499:_poll <- webm_clip.py:2750:_process_frame
WARNING:pet.gui_stall_sampler:  [t-303ms] verify_seeky_multi.py:308:<module> <- verify_seeky_multi.py:244:main
WARNING:pet.gui_stall_sampler:  [t-20ms] __init__.py:1531:warning <- __init__.py:1664:_log <- __init__.py:1680:handle <- __init__.py:1736:callHandlers <- __init__.py:1026:handle <- __init__.py:1153:emit
WARNING:root:GUI 卡顿 189ms state=IDLE anim=待机呼吸休闲 physics=None
WARNING:pet.gui_stall_sampler:GUI 冻结现场（189ms，2 个采样点，旧→新）：
WARNING:pet.gui_stall_sampler:  [t-235ms] webm_clip.py:2750:_process_frame <- window_optional_services.py:62:<lambda> <- verify_seeky_multi.py:92:observed_frame <- window.py:1917:_on_frame <- window.py:2068:_rebuild_frame <- window.py:1990:_frame_signature
WARNING:pet.gui_stall_sampler:  [t-1ms] verify_seeky_multi.py:308:<module> <- verify_seeky_multi.py:244:main
WARNING:root:GUI 卡顿 190ms state=IDLE anim=东张西望 physics=None
WARNING:pet.gui_stall_sampler:GUI 冻结现场（190ms，2 个采样点，旧→新）：
WARNING:pet.gui_stall_sampler:  [t-235ms] webm_clip.py:2750:_process_frame <- window_optional_services.py:62:<lambda> <- verify_seeky_multi.py:92:observed_frame <- window.py:1917:_on_frame <- window.py:2068:_rebuild_frame <- window.py:1990:_frame_signature
WARNING:pet.gui_stall_sampler:  [t-1ms] verify_seeky_multi.py:308:<module> <- verify_seeky_multi.py:244:main
WARNING:root:GUI 卡顿 190ms state=IDLE anim=余额-分文不剩 physics=None
WARNING:pet.gui_stall_sampler:GUI 冻结现场（190ms，2 个采样点，旧→新）：
WARNING:pet.gui_stall_sampler:  [t-235ms] webm_clip.py:2750:_process_frame <- window_optional_services.py:62:<lambda> <- verify_seeky_multi.py:92:observed_frame <- window.py:1917:_on_frame <- window.py:2068:_rebuild_frame <- window.py:1990:_frame_signature
WARNING:pet.gui_stall_sampler:  [t-1ms] verify_seeky_multi.py:308:<module> <- verify_seeky_multi.py:244:main
WARNING:root:GUI 卡顿 160ms state=IDLE anim=待机呼吸休闲 physics=None
WARNING:pet.gui_stall_sampler:GUI 冻结现场（160ms，3 个采样点，旧→新）：
WARNING:pet.gui_stall_sampler:  [t-209ms] verify_seeky_multi.py:308:<module> <- verify_seeky_multi.py:244:main
WARNING:pet.gui_stall_sampler:  [t-137ms] verify_seeky_multi.py:308:<module> <- verify_seeky_multi.py:244:main <- webm_clip.py:2499:_poll <- webm_clip.py:2724:_process_frame
WARNING:pet.gui_stall_sampler:  [t-3ms] verify_seeky_multi.py:308:<module> <- verify_seeky_multi.py:244:main
WARNING:root:GUI 卡顿 161ms state=IDLE anim=东张西望 physics=None
WARNING:pet.gui_stall_sampler:GUI 冻结现场（161ms，3 个采样点，旧→新）：
WARNING:pet.gui_stall_sampler:  [t-209ms] verify_seeky_multi.py:308:<module> <- verify_seeky_multi.py:244:main
WARNING:pet.gui_stall_sampler:  [t-138ms] verify_seeky_multi.py:308:<module> <- verify_seeky_multi.py:244:main <- webm_clip.py:2499:_poll <- webm_clip.py:2724:_process_frame
WARNING:pet.gui_stall_sampler:  [t-4ms] verify_seeky_multi.py:308:<module> <- verify_seeky_multi.py:244:main
WARNING:root:GUI 卡顿 161ms state=IDLE anim=余额-分文不剩 physics=None
WARNING:pet.gui_stall_sampler:GUI 冻结现场（161ms，3 个采样点，旧→新）：
WARNING:pet.gui_stall_sampler:  [t-210ms] verify_seeky_multi.py:308:<module> <- verify_seeky_multi.py:244:main
WARNING:pet.gui_stall_sampler:  [t-138ms] verify_seeky_multi.py:308:<module> <- verify_seeky_multi.py:244:main <- webm_clip.py:2499:_poll <- webm_clip.py:2724:_process_frame
WARNING:pet.gui_stall_sampler:  [t-4ms] verify_seeky_multi.py:308:<module> <- verify_seeky_multi.py:244:main
WARNING:root:GUI 卡顿 133ms state=IDLE anim=待机呼吸休闲 physics=None
WARNING:pet.gui_stall_sampler:GUI 冻结现场（133ms，2 个采样点，旧→新）：
WARNING:pet.gui_stall_sampler:  [t-174ms] verify_seeky_multi.py:308:<module> <- verify_seeky_multi.py:244:main
WARNING:pet.gui_stall_sampler:  [t-0ms] webm_clip.py:2499:_poll <- webm_clip.py:2750:_process_frame <- window_optional_services.py:62:<lambda> <- verify_seeky_multi.py:92:observed_frame <- window.py:1917:_on_frame <- window.py:2106:_rebuild_frame
WARNING:root:GUI 卡顿 137ms state=IDLE anim=东张西望 physics=None
WARNING:pet.gui_stall_sampler:GUI 冻结现场（137ms，2 个采样点，旧→新）：
WARNING:pet.gui_stall_sampler:  [t-178ms] verify_seeky_multi.py:308:<module> <- verify_seeky_multi.py:244:main
WARNING:pet.gui_stall_sampler:  [t-4ms] webm_clip.py:2499:_poll <- webm_clip.py:2750:_process_frame <- window_optional_services.py:62:<lambda> <- verify_seeky_multi.py:92:observed_frame <- window.py:1917:_on_frame <- window.py:2106:_rebuild_frame
WARNING:root:GUI 卡顿 137ms state=IDLE anim=余额-分文不剩 physics=None
WARNING:pet.gui_stall_sampler:GUI 冻结现场（137ms，2 个采样点，旧→新）：
WARNING:pet.gui_stall_sampler:  [t-179ms] verify_seeky_multi.py:308:<module> <- verify_seeky_multi.py:244:main
WARNING:pet.gui_stall_sampler:  [t-5ms] webm_clip.py:2499:_poll <- webm_clip.py:2750:_process_frame <- window_optional_services.py:62:<lambda> <- verify_seeky_multi.py:92:observed_frame <- window.py:1917:_on_frame <- window.py:2106:_rebuild_frame
WARNING:root:GUI 卡顿 112ms state=IDLE anim=待机呼吸休闲 physics=None
WARNING:pet.gui_stall_sampler:GUI 冻结现场（112ms，3 个采样点，旧→新）：
WARNING:pet.gui_stall_sampler:  [t-157ms] verify_seeky_multi.py:308:<module> <- verify_seeky_multi.py:244:main
WARNING:pet.gui_stall_sampler:  [t-71ms] verify_seeky_multi.py:308:<module> <- verify_seeky_multi.py:244:main <- webm_clip.py:2499:_poll <- webm_clip.py:2724:_process_frame
WARNING:pet.gui_stall_sampler:  [t-6ms] verify_seeky_multi.py:308:<module> <- verify_seeky_multi.py:244:main
WARNING:root:GUI 卡顿 112ms state=IDLE anim=东张西望 physics=None
WARNING:pet.gui_stall_sampler:GUI 冻结现场（112ms，3 个采样点，旧→新）：
WARNING:pet.gui_stall_sampler:  [t-157ms] verify_seeky_multi.py:308:<module> <- verify_seeky_multi.py:244:main
WARNING:pet.gui_stall_sampler:  [t-71ms] verify_seeky_multi.py:308:<module> <- verify_seeky_multi.py:244:main <- webm_clip.py:2499:_poll <- webm_clip.py:2724:_process_frame
WARNING:pet.gui_stall_sampler:  [t-7ms] verify_seeky_multi.py:308:<module> <- verify_seeky_multi.py:244:main
WARNING:root:GUI 卡顿 113ms state=IDLE anim=余额-分文不剩 physics=None
WARNING:pet.gui_stall_sampler:GUI 冻结现场（113ms，3 个采样点，旧→新）：
WARNING:pet.gui_stall_sampler:  [t-157ms] verify_seeky_multi.py:308:<module> <- verify_seeky_multi.py:244:main
WARNING:pet.gui_stall_sampler:  [t-71ms] verify_seeky_multi.py:308:<module> <- verify_seeky_multi.py:244:main <- webm_clip.py:2499:_poll <- webm_clip.py:2724:_process_frame
WARNING:pet.gui_stall_sampler:  [t-7ms] verify_seeky_multi.py:308:<module> <- verify_seeky_multi.py:244:main
WARNING:root:GUI 卡顿 120ms state=IDLE anim=待机呼吸休闲 physics=None
WARNING:pet.gui_stall_sampler:GUI 冻结现场（120ms，2 个采样点，旧→新）：
WARNING:pet.gui_stall_sampler:  [t-131ms] verify_seeky_multi.py:308:<module> <- verify_seeky_multi.py:244:main
WARNING:pet.gui_stall_sampler:  [t-15ms] webm_clip.py:2499:_poll <- webm_clip.py:2750:_process_frame <- window_optional_services.py:62:<lambda> <- verify_seeky_multi.py:92:observed_frame <- window.py:1917:_on_frame <- window.py:2106:_rebuild_frame
WARNING:root:GUI 卡顿 121ms state=IDLE anim=东张西望 physics=None
WARNING:pet.gui_stall_sampler:GUI 冻结现场（121ms，2 个采样点，旧→新）：
WARNING:pet.gui_stall_sampler:  [t-131ms] verify_seeky_multi.py:308:<module> <- verify_seeky_multi.py:244:main
WARNING:pet.gui_stall_sampler:  [t-15ms] webm_clip.py:2499:_poll <- webm_clip.py:2750:_process_frame <- window_optional_services.py:62:<lambda> <- verify_seeky_multi.py:92:observed_frame <- window.py:1917:_on_frame <- window.py:2106:_rebuild_frame
WARNING:root:GUI 卡顿 121ms state=IDLE anim=余额-分文不剩 physics=None
WARNING:pet.gui_stall_sampler:GUI 冻结现场（121ms，2 个采样点，旧→新）：
WARNING:pet.gui_stall_sampler:  [t-132ms] verify_seeky_multi.py:308:<module> <- verify_seeky_multi.py:244:main
WARNING:pet.gui_stall_sampler:  [t-15ms] webm_clip.py:2499:_poll <- webm_clip.py:2750:_process_frame <- window_optional_services.py:62:<lambda> <- verify_seeky_multi.py:92:observed_frame <- window.py:1917:_on_frame <- window.py:2106:_rebuild_frame
WARNING:root:GUI 卡顿 101ms state=IDLE anim=待机呼吸休闲 physics=None
WARNING:pet.gui_stall_sampler:GUI 冻结现场（101ms，1 个采样点，旧→新）：
WARNING:pet.gui_stall_sampler:  [t-50ms] webm_clip.py:2499:_poll <- webm_clip.py:2750:_process_frame <- window_optional_services.py:62:<lambda> <- verify_seeky_multi.py:92:observed_frame <- window.py:1917:_on_frame <- window.py:2113:_rebuild_frame
WARNING:root:GUI 卡顿 102ms state=IDLE anim=东张西望 physics=None
WARNING:pet.gui_stall_sampler:GUI 冻结现场（102ms，1 个采样点，旧→新）：
WARNING:pet.gui_stall_sampler:  [t-51ms] webm_clip.py:2499:_poll <- webm_clip.py:2750:_process_frame <- window_optional_services.py:62:<lambda> <- verify_seeky_multi.py:92:observed_frame <- window.py:1917:_on_frame <- window.py:2113:_rebuild_frame
WARNING:root:GUI 卡顿 103ms state=IDLE anim=余额-分文不剩 physics=None
WARNING:pet.gui_stall_sampler:GUI 冻结现场（103ms，1 个采样点，旧→新）：
WARNING:pet.gui_stall_sampler:  [t-51ms] webm_clip.py:2499:_poll <- webm_clip.py:2750:_process_frame <- window_optional_services.py:62:<lambda> <- verify_seeky_multi.py:92:observed_frame <- window.py:1917:_on_frame <- window.py:2113:_rebuild_frame
WARNING:root:GUI 卡顿 170ms state=IDLE anim=待机呼吸休闲 physics=None
WARNING:pet.gui_stall_sampler:GUI 冻结现场（170ms，1 个采样点，旧→新）：
WARNING:pet.gui_stall_sampler:  [t-23ms] webm_clip.py:2750:_process_frame <- window_optional_services.py:62:<lambda> <- verify_seeky_multi.py:92:observed_frame <- window.py:1919:_on_frame <- window.py:2126:_rebuild_frame <- window.py:2291:_sync_mask
WARNING:root:GUI 卡顿 173ms state=IDLE anim=东张西望 physics=None
WARNING:pet.gui_stall_sampler:GUI 冻结现场（173ms，1 个采样点，旧→新）：
WARNING:pet.gui_stall_sampler:  [t-25ms] webm_clip.py:2750:_process_frame <- window_optional_services.py:62:<lambda> <- verify_seeky_multi.py:92:observed_frame <- window.py:1919:_on_frame <- window.py:2126:_rebuild_frame <- window.py:2291:_sync_mask
WARNING:root:GUI 卡顿 174ms state=IDLE anim=余额-分文不剩 physics=None
WARNING:pet.gui_stall_sampler:GUI 冻结现场（174ms，1 个采样点，旧→新）：
WARNING:pet.gui_stall_sampler:  [t-25ms] webm_clip.py:2750:_process_frame <- window_optional_services.py:62:<lambda> <- verify_seeky_multi.py:92:observed_frame <- window.py:1919:_on_frame <- window.py:2126:_rebuild_frame <- window.py:2291:_sync_mask
WARNING:root:GUI 卡顿 105ms state=IDLE anim=待机呼吸休闲 physics=None
WARNING:pet.gui_stall_sampler:GUI 冻结现场（105ms，1 个采样点，旧→新）：
WARNING:pet.gui_stall_sampler:  [t-107ms] verify_seeky_multi.py:308:<module> <- verify_seeky_multi.py:244:main
WARNING:root:GUI 卡顿 109ms state=IDLE anim=东张西望 physics=None
WARNING:pet.gui_stall_sampler:GUI 冻结现场（109ms，1 个采样点，旧→新）：
WARNING:pet.gui_stall_sampler:  [t-108ms] verify_seeky_multi.py:308:<module> <- verify_seeky_multi.py:244:main
WARNING:root:GUI 卡顿 109ms state=IDLE anim=余额-分文不剩 physics=None
WARNING:pet.gui_stall_sampler:GUI 冻结现场（109ms，1 个采样点，旧→新）：
WARNING:pet.gui_stall_sampler:  [t-108ms] verify_seeky_multi.py:308:<module> <- verify_seeky_multi.py:244:main
WARNING:root:GUI 卡顿 135ms state=IDLE anim=待机呼吸休闲 physics=None
WARNING:pet.gui_stall_sampler:GUI 冻结现场（135ms，2 个采样点，旧→新）：
WARNING:pet.gui_stall_sampler:  [t-169ms] webm_clip.py:2499:_poll <- webm_clip.py:2750:_process_frame <- window_optional_services.py:62:<lambda> <- verify_seeky_multi.py:92:observed_frame <- window.py:1917:_on_frame <- window.py:2106:_rebuild_frame
WARNING:pet.gui_stall_sampler:  [t-38ms] webm_clip.py:2499:_poll <- webm_clip.py:2750:_process_frame <- window_optional_services.py:62:<lambda> <- verify_seeky_multi.py:92:observed_frame <- window.py:1917:_on_frame <- window.py:2124:_rebuild_frame
WARNING:root:GUI 卡顿 137ms state=IDLE anim=东张西望 physics=None
WARNING:pet.gui_stall_sampler:GUI 冻结现场（137ms，2 个采样点，旧→新）：
WARNING:pet.gui_stall_sampler:  [t-170ms] webm_clip.py:2499:_poll <- webm_clip.py:2750:_process_frame <- window_optional_services.py:62:<lambda> <- verify_seeky_multi.py:92:observed_frame <- window.py:1917:_on_frame <- window.py:2106:_rebuild_frame
WARNING:pet.gui_stall_sampler:  [t-38ms] webm_clip.py:2499:_poll <- webm_clip.py:2750:_process_frame <- window_optional_services.py:62:<lambda> <- verify_seeky_multi.py:92:observed_frame <- window.py:1917:_on_frame <- window.py:2124:_rebuild_frame
WARNING:root:GUI 卡顿 137ms state=IDLE anim=余额-分文不剩 physics=None
WARNING:pet.gui_stall_sampler:GUI 冻结现场（137ms，2 个采样点，旧→新）：
WARNING:pet.gui_stall_sampler:  [t-170ms] webm_clip.py:2499:_poll <- webm_clip.py:2750:_process_frame <- window_optional_services.py:62:<lambda> <- verify_seeky_multi.py:92:observed_frame <- window.py:1917:_on_frame <- window.py:2106:_rebuild_frame
WARNING:pet.gui_stall_sampler:  [t-39ms] webm_clip.py:2499:_poll <- webm_clip.py:2750:_process_frame <- window_optional_services.py:62:<lambda> <- verify_seeky_multi.py:92:observed_frame <- window.py:1917:_on_frame <- window.py:2124:_rebuild_frame
WARNING:root:GUI 卡顿 115ms state=IDLE anim=待机呼吸休闲 physics=None
WARNING:pet.gui_stall_sampler:GUI 冻结现场（115ms，1 个采样点，旧→新）：
WARNING:pet.gui_stall_sampler:  [t-159ms] verify_seeky_multi.py:308:<module> <- verify_seeky_multi.py:244:main
WARNING:root:GUI 卡顿 117ms state=IDLE anim=东张西望 physics=None
WARNING:pet.gui_stall_sampler:GUI 冻结现场（117ms，1 个采样点，旧→新）：
WARNING:pet.gui_stall_sampler:  [t-160ms] verify_seeky_multi.py:308:<module> <- verify_seeky_multi.py:244:main
WARNING:root:GUI 卡顿 118ms state=IDLE anim=余额-分文不剩 physics=None
WARNING:pet.gui_stall_sampler:GUI 冻结现场（118ms，1 个采样点，旧→新）：
WARNING:pet.gui_stall_sampler:  [t-160ms] verify_seeky_multi.py:308:<module> <- verify_seeky_multi.py:244:main
WARNING:root:GUI 卡顿 118ms state=IDLE anim=待机呼吸休闲 physics=None
WARNING:pet.gui_stall_sampler:GUI 冻结现场（118ms，2 个采样点，旧→新）：
WARNING:pet.gui_stall_sampler:  [t-145ms] verify_seeky_multi.py:308:<module> <- verify_seeky_multi.py:244:main
WARNING:pet.gui_stall_sampler:  [t-36ms] verify_seeky_multi.py:308:<module> <- verify_seeky_multi.py:244:main <- webm_clip.py:2499:_poll <- webm_clip.py:2724:_process_frame
WARNING:root:GUI 卡顿 119ms state=IDLE anim=东张西望 physics=None
WARNING:pet.gui_stall_sampler:GUI 冻结现场（119ms，2 个采样点，旧→新）：
WARNING:pet.gui_stall_sampler:  [t-145ms] verify_seeky_multi.py:308:<module> <- verify_seeky_multi.py:244:main
WARNING:pet.gui_stall_sampler:  [t-37ms] verify_seeky_multi.py:308:<module> <- verify_seeky_multi.py:244:main <- webm_clip.py:2499:_poll <- webm_clip.py:2724:_process_frame
WARNING:root:GUI 卡顿 119ms state=IDLE anim=余额-分文不剩 physics=None
WARNING:pet.gui_stall_sampler:GUI 冻结现场（119ms，2 个采样点，旧→新）：
WARNING:pet.gui_stall_sampler:  [t-146ms] verify_seeky_multi.py:308:<module> <- verify_seeky_multi.py:244:main
WARNING:pet.gui_stall_sampler:  [t-37ms] verify_seeky_multi.py:308:<module> <- verify_seeky_multi.py:244:main <- webm_clip.py:2499:_poll <- webm_clip.py:2724:_process_frame
WARNING:root:GUI 卡顿 135ms state=IDLE anim=待机呼吸休闲 physics=None
WARNING:pet.gui_stall_sampler:GUI 冻结现场（135ms，2 个采样点，旧→新）：
WARNING:pet.gui_stall_sampler:  [t-144ms] verify_seeky_multi.py:308:<module> <- verify_seeky_multi.py:244:main
WARNING:pet.gui_stall_sampler:  [t-29ms] webm_clip.py:2499:_poll <- webm_clip.py:2750:_process_frame <- window_optional_services.py:62:<lambda> <- verify_seeky_multi.py:92:observed_frame <- window.py:1917:_on_frame <- window.py:2106:_rebuild_frame
WARNING:root:GUI 卡顿 136ms state=IDLE anim=东张西望 physics=None
WARNING:pet.gui_stall_sampler:GUI 冻结现场（136ms，2 个采样点，旧→新）：
WARNING:pet.gui_stall_sampler:  [t-144ms] verify_seeky_multi.py:308:<module> <- verify_seeky_multi.py:244:main
WARNING:pet.gui_stall_sampler:  [t-29ms] webm_clip.py:2499:_poll <- webm_clip.py:2750:_process_frame <- window_optional_services.py:62:<lambda> <- verify_seeky_multi.py:92:observed_frame <- window.py:1917:_on_frame <- window.py:2106:_rebuild_frame
WARNING:root:GUI 卡顿 137ms state=IDLE anim=余额-分文不剩 physics=None
WARNING:pet.gui_stall_sampler:GUI 冻结现场（137ms，2 个采样点，旧→新）：
WARNING:pet.gui_stall_sampler:  [t-145ms] verify_seeky_multi.py:308:<module> <- verify_seeky_multi.py:244:main
WARNING:pet.gui_stall_sampler:  [t-30ms] webm_clip.py:2499:_poll <- webm_clip.py:2750:_process_frame <- window_optional_services.py:62:<lambda> <- verify_seeky_multi.py:92:observed_frame <- window.py:1917:_on_frame <- window.py:2106:_rebuild_frame
WARNING:root:GUI 卡顿 122ms state=IDLE anim=待机呼吸休闲 physics=None
WARNING:pet.gui_stall_sampler:GUI 冻结现场（122ms，1 个采样点，旧→新）：
WARNING:pet.gui_stall_sampler:  [t-170ms] verify_seeky_multi.py:308:<module> <- verify_seeky_multi.py:244:main
WARNING:root:GUI 卡顿 123ms state=IDLE anim=东张西望 physics=None
WARNING:pet.gui_stall_sampler:GUI 冻结现场（123ms，1 个采样点，旧→新）：
WARNING:pet.gui_stall_sampler:  [t-171ms] verify_seeky_multi.py:308:<module> <- verify_seeky_multi.py:244:main
WARNING:root:GUI 卡顿 123ms state=IDLE anim=余额-分文不剩 physics=None
WARNING:pet.gui_stall_sampler:GUI 冻结现场（123ms，1 个采样点，旧→新）：
WARNING:pet.gui_stall_sampler:  [t-171ms] verify_seeky_multi.py:308:<module> <- verify_seeky_multi.py:244:main
WARNING:root:GUI 卡顿 134ms state=IDLE anim=待机呼吸休闲 physics=None
WARNING:pet.gui_stall_sampler:GUI 冻结现场（134ms，2 个采样点，旧→新）：
WARNING:pet.gui_stall_sampler:  [t-167ms] window_optional_services.py:62:<lambda> <- verify_seeky_multi.py:92:observed_frame <- window.py:1917:_on_frame <- window.py:2124:_rebuild_frame <- window.py:2270:_sync_mask <- window_optional_services.py:42:effects_coverage
WARNING:pet.gui_stall_sampler:  [t-52ms] window_optional_services.py:62:<lambda> <- verify_seeky_multi.py:92:observed_frame <- window.py:1919:_on_frame <- window.py:2126:_rebuild_frame <- window.py:2291:_sync_mask <- window_optional_services.py:44:effects_coverage
WARNING:root:GUI 卡顿 135ms state=IDLE anim=东张西望 physics=None
WARNING:pet.gui_stall_sampler:GUI 冻结现场（135ms，2 个采样点，旧→新）：
WARNING:pet.gui_stall_sampler:  [t-167ms] window_optional_services.py:62:<lambda> <- verify_seeky_multi.py:92:observed_frame <- window.py:1917:_on_frame <- window.py:2124:_rebuild_frame <- window.py:2270:_sync_mask <- window_optional_services.py:42:effects_coverage
WARNING:pet.gui_stall_sampler:  [t-52ms] window_optional_services.py:62:<lambda> <- verify_seeky_multi.py:92:observed_frame <- window.py:1919:_on_frame <- window.py:2126:_rebuild_frame <- window.py:2291:_sync_mask <- window_optional_services.py:44:effects_coverage
WARNING:root:GUI 卡顿 135ms state=IDLE anim=余额-分文不剩 physics=None
WARNING:pet.gui_stall_sampler:GUI 冻结现场（135ms，2 个采样点，旧→新）：
WARNING:pet.gui_stall_sampler:  [t-168ms] window_optional_services.py:62:<lambda> <- verify_seeky_multi.py:92:observed_frame <- window.py:1917:_on_frame <- window.py:2124:_rebuild_frame <- window.py:2270:_sync_mask <- window_optional_services.py:42:effects_coverage
WARNING:pet.gui_stall_sampler:  [t-52ms] window_optional_services.py:62:<lambda> <- verify_seeky_multi.py:92:observed_frame <- window.py:1919:_on_frame <- window.py:2126:_rebuild_frame <- window.py:2291:_sync_mask <- window_optional_services.py:44:effects_coverage
WARNING:root:GUI 卡顿 101ms state=IDLE anim=待机呼吸休闲 physics=None
WARNING:pet.gui_stall_sampler:GUI 冻结现场（101ms，2 个采样点，旧→新）：
WARNING:pet.gui_stall_sampler:  [t-146ms] verify_seeky_multi.py:308:<module> <- verify_seeky_multi.py:244:main
WARNING:pet.gui_stall_sampler:  [t-28ms] webm_clip.py:2499:_poll <- webm_clip.py:2750:_process_frame <- window_optional_services.py:62:<lambda> <- verify_seeky_multi.py:92:observed_frame <- window.py:1917:_on_frame <- window.py:2114:_rebuild_frame
WARNING:root:GUI 卡顿 102ms state=IDLE anim=东张西望 physics=None
WARNING:pet.gui_stall_sampler:GUI 冻结现场（102ms，2 个采样点，旧→新）：
WARNING:pet.gui_stall_sampler:  [t-146ms] verify_seeky_multi.py:308:<module> <- verify_seeky_multi.py:244:main
WARNING:pet.gui_stall_sampler:  [t-28ms] webm_clip.py:2499:_poll <- webm_clip.py:2750:_process_frame <- window_optional_services.py:62:<lambda> <- verify_seeky_multi.py:92:observed_frame <- window.py:1917:_on_frame <- window.py:2114:_rebuild_frame
WARNING:root:GUI 卡顿 102ms state=IDLE anim=余额-分文不剩 physics=None
WARNING:pet.gui_stall_sampler:GUI 冻结现场（102ms，2 个采样点，旧→新）：
WARNING:pet.gui_stall_sampler:  [t-146ms] verify_seeky_multi.py:308:<module> <- verify_seeky_multi.py:244:main
WARNING:pet.gui_stall_sampler:  [t-28ms] webm_clip.py:2499:_poll <- webm_clip.py:2750:_process_frame <- window_optional_services.py:62:<lambda> <- verify_seeky_multi.py:92:observed_frame <- window.py:1917:_on_frame <- window.py:2114:_rebuild_frame
WARNING:root:GUI 卡顿 117ms state=IDLE anim=待机呼吸休闲 physics=None
WARNING:pet.gui_stall_sampler:GUI 冻结现场（117ms，3 个采样点，旧→新）：
WARNING:pet.gui_stall_sampler:  [t-160ms] verify_seeky_multi.py:308:<module> <- verify_seeky_multi.py:244:main
WARNING:pet.gui_stall_sampler:  [t-74ms] verify_seeky_multi.py:308:<module> <- verify_seeky_multi.py:244:main <- webm_clip.py:2499:_poll <- webm_clip.py:2724:_process_frame
WARNING:pet.gui_stall_sampler:  [t-1ms] webm_clip.py:2499:_poll <- webm_clip.py:2750:_process_frame <- window_optional_services.py:62:<lambda> <- verify_seeky_multi.py:92:observed_frame <- window.py:1917:_on_frame <- window.py:2106:_rebuild_frame
WARNING:root:GUI 卡顿 118ms state=IDLE anim=东张西望 physics=None
WARNING:pet.gui_stall_sampler:GUI 冻结现场（118ms，3 个采样点，旧→新）：
WARNING:pet.gui_stall_sampler:  [t-161ms] verify_seeky_multi.py:308:<module> <- verify_seeky_multi.py:244:main
WARNING:pet.gui_stall_sampler:  [t-75ms] verify_seeky_multi.py:308:<module> <- verify_seeky_multi.py:244:main <- webm_clip.py:2499:_poll <- webm_clip.py:2724:_process_frame
WARNING:pet.gui_stall_sampler:  [t-2ms] webm_clip.py:2499:_poll <- webm_clip.py:2750:_process_frame <- window_optional_services.py:62:<lambda> <- verify_seeky_multi.py:92:observed_frame <- window.py:1917:_on_frame <- window.py:2106:_rebuild_frame
WARNING:root:GUI 卡顿 118ms state=IDLE anim=余额-分文不剩 physics=None
WARNING:pet.gui_stall_sampler:GUI 冻结现场（118ms，3 个采样点，旧→新）：
WARNING:pet.gui_stall_sampler:  [t-161ms] verify_seeky_multi.py:308:<module> <- verify_seeky_multi.py:244:main
WARNING:pet.gui_stall_sampler:  [t-75ms] verify_seeky_multi.py:308:<module> <- verify_seeky_multi.py:244:main <- webm_clip.py:2499:_poll <- webm_clip.py:2724:_process_frame
WARNING:pet.gui_stall_sampler:  [t-2ms] webm_clip.py:2499:_poll <- webm_clip.py:2750:_process_frame <- window_optional_services.py:62:<lambda> <- verify_seeky_multi.py:92:observed_frame <- window.py:1917:_on_frame <- window.py:2106:_rebuild_frame
WARNING:root:GUI 卡顿 140ms state=IDLE anim=待机呼吸休闲 physics=None
WARNING:pet.gui_stall_sampler:GUI 冻结现场（140ms，1 个采样点，旧→新）：
WARNING:pet.gui_stall_sampler:  [t-57ms] verify_seeky_multi.py:308:<module> <- verify_seeky_multi.py:244:main <- webm_clip.py:2499:_poll <- webm_clip.py:2750:_process_frame
WARNING:root:GUI 卡顿 156ms state=IDLE anim=东张西望 physics=None
WARNING:pet.gui_stall_sampler:GUI 冻结现场（156ms，2 个采样点，旧→新）：
WARNING:pet.gui_stall_sampler:  [t-199ms] webm_clip.py:2499:_poll <- webm_clip.py:2750:_process_frame <- window_optional_services.py:62:<lambda> <- verify_seeky_multi.py:92:observed_frame <- window.py:1917:_on_frame <- window.py:2124:_rebuild_frame
WARNING:pet.gui_stall_sampler:  [t-59ms] verify_seeky_multi.py:308:<module> <- verify_seeky_multi.py:244:main <- webm_clip.py:2499:_poll <- webm_clip.py:2750:_process_frame
WARNING:root:GUI 卡顿 156ms state=IDLE anim=余额-分文不剩 physics=None
WARNING:pet.gui_stall_sampler:GUI 冻结现场（156ms，2 个采样点，旧→新）：
WARNING:pet.gui_stall_sampler:  [t-199ms] webm_clip.py:2499:_poll <- webm_clip.py:2750:_process_frame <- window_optional_services.py:62:<lambda> <- verify_seeky_multi.py:92:observed_frame <- window.py:1917:_on_frame <- window.py:2124:_rebuild_frame
WARNING:pet.gui_stall_sampler:  [t-59ms] verify_seeky_multi.py:308:<module> <- verify_seeky_multi.py:244:main <- webm_clip.py:2499:_poll <- webm_clip.py:2750:_process_frame
WARNING:root:GUI 卡顿 141ms state=IDLE anim=待机呼吸休闲 physics=None
WARNING:pet.gui_stall_sampler:GUI 冻结现场（141ms，2 个采样点，旧→新）：
WARNING:pet.gui_stall_sampler:  [t-171ms] verify_seeky_multi.py:308:<module> <- verify_seeky_multi.py:244:main
WARNING:pet.gui_stall_sampler:  [t-15ms] webm_clip.py:2499:_poll <- webm_clip.py:2750:_process_frame <- window_optional_services.py:62:<lambda> <- verify_seeky_multi.py:92:observed_frame <- window.py:1917:_on_frame <- window.py:2106:_rebuild_frame
WARNING:root:GUI 卡顿 141ms state=IDLE anim=东张西望 physics=None
WARNING:pet.gui_stall_sampler:GUI 冻结现场（141ms，2 个采样点，旧→新）：
WARNING:pet.gui_stall_sampler:  [t-171ms] verify_seeky_multi.py:308:<module> <- verify_seeky_multi.py:244:main
WARNING:pet.gui_stall_sampler:  [t-16ms] webm_clip.py:2499:_poll <- webm_clip.py:2750:_process_frame <- window_optional_services.py:62:<lambda> <- verify_seeky_multi.py:92:observed_frame <- window.py:1917:_on_frame <- window.py:2106:_rebuild_frame
WARNING:root:GUI 卡顿 142ms state=IDLE anim=余额-分文不剩 physics=None
WARNING:pet.gui_stall_sampler:GUI 冻结现场（142ms，2 个采样点，旧→新）：
WARNING:pet.gui_stall_sampler:  [t-171ms] verify_seeky_multi.py:308:<module> <- verify_seeky_multi.py:244:main
WARNING:pet.gui_stall_sampler:  [t-16ms] webm_clip.py:2499:_poll <- webm_clip.py:2750:_process_frame <- window_optional_services.py:62:<lambda> <- verify_seeky_multi.py:92:observed_frame <- window.py:1917:_on_frame <- window.py:2106:_rebuild_frame
WARNING:root:GUI 卡顿 114ms state=IDLE anim=待机呼吸休闲 physics=None
WARNING:pet.gui_stall_sampler:GUI 冻结现场（114ms，1 个采样点，旧→新）：
WARNING:pet.gui_stall_sampler:  [t-10ms] webm_clip.py:2750:_process_frame <- window_optional_services.py:62:<lambda> <- verify_seeky_multi.py:92:observed_frame <- window.py:1917:_on_frame <- window.py:2068:_rebuild_frame <- window.py:1990:_frame_signature
WARNING:root:GUI 卡顿 116ms state=IDLE anim=东张西望 physics=None
WARNING:pet.gui_stall_sampler:GUI 冻结现场（116ms，1 个采样点，旧→新）：
WARNING:pet.gui_stall_sampler:  [t-11ms] webm_clip.py:2750:_process_frame <- window_optional_services.py:62:<lambda> <- verify_seeky_multi.py:92:observed_frame <- window.py:1917:_on_frame <- window.py:2068:_rebuild_frame <- window.py:1990:_frame_signature
WARNING:root:GUI 卡顿 117ms state=IDLE anim=余额-分文不剩 physics=None
WARNING:pet.gui_stall_sampler:GUI 冻结现场（117ms，1 个采样点，旧→新）：
WARNING:pet.gui_stall_sampler:  [t-12ms] webm_clip.py:2750:_process_frame <- window_optional_services.py:62:<lambda> <- verify_seeky_multi.py:92:observed_frame <- window.py:1917:_on_frame <- window.py:2068:_rebuild_frame <- window.py:1990:_frame_signature
WARNING:root:GUI 卡顿 132ms state=IDLE anim=待机呼吸休闲 physics=None
WARNING:pet.gui_stall_sampler:GUI 冻结现场（132ms，2 个采样点，旧→新）：
WARNING:pet.gui_stall_sampler:  [t-147ms] verify_seeky_multi.py:308:<module> <- verify_seeky_multi.py:244:main
WARNING:pet.gui_stall_sampler:  [t-28ms] webm_clip.py:2750:_process_frame <- window_optional_services.py:62:<lambda> <- verify_seeky_multi.py:92:observed_frame <- window.py:1917:_on_frame <- window.py:2124:_rebuild_frame <- window.py:2263:_sync_mask
WARNING:root:GUI 卡顿 133ms state=IDLE anim=东张西望 physics=None
WARNING:pet.gui_stall_sampler:GUI 冻结现场（133ms，2 个采样点，旧→新）：
WARNING:pet.gui_stall_sampler:  [t-148ms] verify_seeky_multi.py:308:<module> <- verify_seeky_multi.py:244:main
WARNING:pet.gui_stall_sampler:  [t-28ms] webm_clip.py:2750:_process_frame <- window_optional_services.py:62:<lambda> <- verify_seeky_multi.py:92:observed_frame <- window.py:1917:_on_frame <- window.py:2124:_rebuild_frame <- window.py:2263:_sync_mask
WARNING:root:GUI 卡顿 133ms state=IDLE anim=余额-分文不剩 physics=None
WARNING:pet.gui_stall_sampler:GUI 冻结现场（133ms，2 个采样点，旧→新）：
WARNING:pet.gui_stall_sampler:  [t-148ms] verify_seeky_multi.py:308:<module> <- verify_seeky_multi.py:244:main
WARNING:pet.gui_stall_sampler:  [t-29ms] webm_clip.py:2750:_process_frame <- window_optional_services.py:62:<lambda> <- verify_seeky_multi.py:92:observed_frame <- window.py:1917:_on_frame <- window.py:2124:_rebuild_frame <- window.py:2263:_sync_mask
WARNING:root:GUI 卡顿 116ms state=IDLE anim=待机呼吸休闲 physics=None
WARNING:pet.gui_stall_sampler:GUI 冻结现场（116ms，2 个采样点，旧→新）：
WARNING:pet.gui_stall_sampler:  [t-72ms] webm_clip.py:2499:_poll <- webm_clip.py:2750:_process_frame <- window_optional_services.py:62:<lambda> <- verify_seeky_multi.py:92:observed_frame <- window.py:1917:_on_frame <- window.py:2106:_rebuild_frame
WARNING:pet.gui_stall_sampler:  [t-1ms] webm_clip.py:2499:_poll <- webm_clip.py:2750:_process_frame <- window_optional_services.py:62:<lambda> <- verify_seeky_multi.py:92:observed_frame <- window.py:1917:_on_frame <- window.py:2119:_rebuild_frame
WARNING:root:GUI 卡顿 121ms state=IDLE anim=东张西望 physics=None
WARNING:pet.gui_stall_sampler:GUI 冻结现场（121ms，2 个采样点，旧→新）：
WARNING:pet.gui_stall_sampler:  [t-73ms] webm_clip.py:2499:_poll <- webm_clip.py:2750:_process_frame <- window_optional_services.py:62:<lambda> <- verify_seeky_multi.py:92:observed_frame <- window.py:1917:_on_frame <- window.py:2106:_rebuild_frame
WARNING:pet.gui_stall_sampler:  [t-2ms] webm_clip.py:2499:_poll <- webm_clip.py:2750:_process_frame <- window_optional_services.py:62:<lambda> <- verify_seeky_multi.py:92:observed_frame <- window.py:1917:_on_frame <- window.py:2119:_rebuild_frame
WARNING:root:GUI 卡顿 121ms state=IDLE anim=余额-分文不剩 physics=None
WARNING:pet.gui_stall_sampler:GUI 冻结现场（121ms，2 个采样点，旧→新）：
WARNING:pet.gui_stall_sampler:  [t-74ms] webm_clip.py:2499:_poll <- webm_clip.py:2750:_process_frame <- window_optional_services.py:62:<lambda> <- verify_seeky_multi.py:92:observed_frame <- window.py:1917:_on_frame <- window.py:2106:_rebuild_frame
WARNING:pet.gui_stall_sampler:  [t-3ms] webm_clip.py:2499:_poll <- webm_clip.py:2750:_process_frame <- window_optional_services.py:62:<lambda> <- verify_seeky_multi.py:92:observed_frame <- window.py:1917:_on_frame <- window.py:2119:_rebuild_frame
WARNING:root:GUI 卡顿 109ms state=IDLE anim=待机呼吸休闲 physics=None
WARNING:pet.gui_stall_sampler:GUI 冻结现场（109ms，2 个采样点，旧→新）：
WARNING:pet.gui_stall_sampler:  [t-138ms] verify_seeky_multi.py:308:<module> <- verify_seeky_multi.py:244:main
WARNING:pet.gui_stall_sampler:  [t-21ms] webm_clip.py:2499:_poll <- webm_clip.py:2750:_process_frame <- window_optional_services.py:62:<lambda> <- verify_seeky_multi.py:92:observed_frame <- window.py:1917:_on_frame <- window.py:2106:_rebuild_frame
WARNING:root:GUI 卡顿 111ms state=IDLE anim=东张西望 physics=None
WARNING:pet.gui_stall_sampler:GUI 冻结现场（111ms，2 个采样点，旧→新）：
WARNING:pet.gui_stall_sampler:  [t-139ms] verify_seeky_multi.py:308:<module> <- verify_seeky_multi.py:244:main
WARNING:pet.gui_stall_sampler:  [t-22ms] webm_clip.py:2499:_poll <- webm_clip.py:2750:_process_frame <- window_optional_services.py:62:<lambda> <- verify_seeky_multi.py:92:observed_frame <- window.py:1917:_on_frame <- window.py:2106:_rebuild_frame
WARNING:root:GUI 卡顿 111ms state=IDLE anim=余额-分文不剩 physics=None
WARNING:pet.gui_stall_sampler:GUI 冻结现场（111ms，2 个采样点，旧→新）：
WARNING:pet.gui_stall_sampler:  [t-139ms] verify_seeky_multi.py:308:<module> <- verify_seeky_multi.py:244:main
WARNING:pet.gui_stall_sampler:  [t-22ms] webm_clip.py:2499:_poll <- webm_clip.py:2750:_process_frame <- window_optional_services.py:62:<lambda> <- verify_seeky_multi.py:92:observed_frame <- window.py:1917:_on_frame <- window.py:2106:_rebuild_frame
WARNING:root:GUI 卡顿 104ms state=IDLE anim=待机呼吸休闲 physics=None
WARNING:pet.gui_stall_sampler:GUI 冻结现场（104ms，2 个采样点，旧→新）：
WARNING:pet.gui_stall_sampler:  [t-132ms] verify_seeky_multi.py:308:<module> <- verify_seeky_multi.py:244:main
WARNING:pet.gui_stall_sampler:  [t-34ms] verify_seeky_multi.py:308:<module> <- verify_seeky_multi.py:244:main <- webm_clip.py:2499:_poll <- webm_clip.py:2723:_process_frame
WARNING:root:GUI 卡顿 105ms state=IDLE anim=东张西望 physics=None
WARNING:pet.gui_stall_sampler:GUI 冻结现场（105ms，2 个采样点，旧→新）：
WARNING:pet.gui_stall_sampler:  [t-132ms] verify_seeky_multi.py:308:<module> <- verify_seeky_multi.py:244:main
WARNING:pet.gui_stall_sampler:  [t-35ms] verify_seeky_multi.py:308:<module> <- verify_seeky_multi.py:244:main <- webm_clip.py:2499:_poll <- webm_clip.py:2723:_process_frame
WARNING:root:GUI 卡顿 105ms state=IDLE anim=余额-分文不剩 physics=None
WARNING:pet.gui_stall_sampler:GUI 冻结现场（105ms，2 个采样点，旧→新）：
WARNING:pet.gui_stall_sampler:  [t-132ms] verify_seeky_multi.py:308:<module> <- verify_seeky_multi.py:244:main
WARNING:pet.gui_stall_sampler:  [t-35ms] verify_seeky_multi.py:308:<module> <- verify_seeky_multi.py:244:main <- webm_clip.py:2499:_poll <- webm_clip.py:2723:_process_frame
WARNING:root:GUI 卡顿 114ms state=IDLE anim=待机呼吸休闲 physics=None
WARNING:pet.gui_stall_sampler:GUI 冻结现场（114ms，1 个采样点，旧→新）：
WARNING:pet.gui_stall_sampler:  [t-121ms] verify_seeky_multi.py:308:<module> <- verify_seeky_multi.py:244:main
WARNING:root:GUI 卡顿 115ms state=IDLE anim=东张西望 physics=None
WARNING:pet.gui_stall_sampler:GUI 冻结现场（115ms，2 个采样点，旧→新）：
WARNING:pet.gui_stall_sampler:  [t-122ms] verify_seeky_multi.py:308:<module> <- verify_seeky_multi.py:244:main
WARNING:pet.gui_stall_sampler:  [t-0ms] webm_clip.py:2499:_poll <- webm_clip.py:2750:_process_frame <- window_optional_services.py:62:<lambda> <- verify_seeky_multi.py:92:observed_frame <- window.py:1917:_on_frame <- window.py:2106:_rebuild_frame
WARNING:root:GUI 卡顿 115ms state=IDLE anim=余额-分文不剩 physics=None
WARNING:pet.gui_stall_sampler:GUI 冻结现场（115ms，2 个采样点，旧→新）：
WARNING:pet.gui_stall_sampler:  [t-122ms] verify_seeky_multi.py:308:<module> <- verify_seeky_multi.py:244:main
WARNING:pet.gui_stall_sampler:  [t-1ms] webm_clip.py:2499:_poll <- webm_clip.py:2750:_process_frame <- window_optional_services.py:62:<lambda> <- verify_seeky_multi.py:92:observed_frame <- window.py:1917:_on_frame <- window.py:2106:_rebuild_frame
WARNING:root:GUI 卡顿 126ms state=IDLE anim=待机呼吸休闲 physics=None
WARNING:pet.gui_stall_sampler:GUI 冻结现场（126ms，1 个采样点，旧→新）：
WARNING:pet.gui_stall_sampler:  [t-74ms] webm_clip.py:2499:_poll <- webm_clip.py:2750:_process_frame <- window_optional_services.py:62:<lambda> <- verify_seeky_multi.py:92:observed_frame <- window.py:1917:_on_frame <- window.py:2124:_rebuild_frame
WARNING:root:GUI 卡顿 126ms state=IDLE anim=东张西望 physics=None
WARNING:pet.gui_stall_sampler:GUI 冻结现场（126ms，2 个采样点，旧→新）：
WARNING:pet.gui_stall_sampler:  [t-75ms] webm_clip.py:2499:_poll <- webm_clip.py:2750:_process_frame <- window_optional_services.py:62:<lambda> <- verify_seeky_multi.py:92:observed_frame <- window.py:1917:_on_frame <- window.py:2124:_rebuild_frame
WARNING:pet.gui_stall_sampler:  [t-0ms] verify_seeky_multi.py:308:<module> <- verify_seeky_multi.py:244:main
WARNING:root:GUI 卡顿 127ms state=IDLE anim=余额-分文不剩 physics=None
WARNING:pet.gui_stall_sampler:GUI 冻结现场（127ms，2 个采样点，旧→新）：
WARNING:pet.gui_stall_sampler:  [t-75ms] webm_clip.py:2499:_poll <- webm_clip.py:2750:_process_frame <- window_optional_services.py:62:<lambda> <- verify_seeky_multi.py:92:observed_frame <- window.py:1917:_on_frame <- window.py:2124:_rebuild_frame
WARNING:pet.gui_stall_sampler:  [t-1ms] verify_seeky_multi.py:308:<module> <- verify_seeky_multi.py:244:main
WARNING:root:GUI 卡顿 124ms state=IDLE anim=待机呼吸休闲 physics=None
WARNING:pet.gui_stall_sampler:GUI 冻结现场（124ms，1 个采样点，旧→新）：
WARNING:pet.gui_stall_sampler:  [t-10ms] webm_clip.py:2499:_poll <- webm_clip.py:2750:_process_frame <- window_optional_services.py:62:<lambda> <- verify_seeky_multi.py:92:observed_frame <- window.py:1917:_on_frame <- window.py:2106:_rebuild_frame
WARNING:root:GUI 卡顿 125ms state=IDLE anim=东张西望 physics=None
WARNING:pet.gui_stall_sampler:GUI 冻结现场（125ms，1 个采样点，旧→新）：
WARNING:pet.gui_stall_sampler:  [t-11ms] webm_clip.py:2499:_poll <- webm_clip.py:2750:_process_frame <- window_optional_services.py:62:<lambda> <- verify_seeky_multi.py:92:observed_frame <- window.py:1917:_on_frame <- window.py:2106:_rebuild_frame
WARNING:root:GUI 卡顿 125ms state=IDLE anim=余额-分文不剩 physics=None
WARNING:pet.gui_stall_sampler:GUI 冻结现场（125ms，1 个采样点，旧→新）：
WARNING:pet.gui_stall_sampler:  [t-11ms] webm_clip.py:2499:_poll <- webm_clip.py:2750:_process_frame <- window_optional_services.py:62:<lambda> <- verify_seeky_multi.py:92:observed_frame <- window.py:1917:_on_frame <- window.py:2106:_rebuild_frame
WARNING:root:GUI 卡顿 106ms state=IDLE anim=待机呼吸休闲 physics=None
WARNING:pet.gui_stall_sampler:GUI 冻结现场（106ms，1 个采样点，旧→新）：
WARNING:pet.gui_stall_sampler:  [t-17ms] verify_seeky_multi.py:92:observed_frame <- window.py:1917:_on_frame <- window.py:2124:_rebuild_frame <- window.py:2270:_sync_mask <- window_optional_services.py:42:effects_coverage <- frame_edges.py:27:coverage_region
WARNING:root:GUI 卡顿 111ms state=IDLE anim=东张西望 physics=None
WARNING:pet.gui_stall_sampler:GUI 冻结现场（111ms，1 个采样点，旧→新）：
WARNING:pet.gui_stall_sampler:  [t-17ms] verify_seeky_multi.py:92:observed_frame <- window.py:1917:_on_frame <- window.py:2124:_rebuild_frame <- window.py:2270:_sync_mask <- window_optional_services.py:42:effects_coverage <- frame_edges.py:27:coverage_region
WARNING:root:GUI 卡顿 111ms state=IDLE anim=余额-分文不剩 physics=None
WARNING:pet.gui_stall_sampler:GUI 冻结现场（111ms，1 个采样点，旧→新）：
WARNING:pet.gui_stall_sampler:  [t-18ms] verify_seeky_multi.py:92:observed_frame <- window.py:1917:_on_frame <- window.py:2124:_rebuild_frame <- window.py:2270:_sync_mask <- window_optional_services.py:42:effects_coverage <- frame_edges.py:27:coverage_region
WARNING:root:GUI 卡顿 125ms state=IDLE anim=待机呼吸休闲 physics=None
WARNING:pet.gui_stall_sampler:GUI 冻结现场（125ms，2 个采样点，旧→新）：
WARNING:pet.gui_stall_sampler:  [t-127ms] verify_seeky_multi.py:308:<module> <- verify_seeky_multi.py:244:main
WARNING:pet.gui_stall_sampler:  [t-61ms] webm_clip.py:2750:_process_frame <- window_optional_services.py:62:<lambda> <- verify_seeky_multi.py:92:observed_frame <- window.py:1917:_on_frame <- window.py:2124:_rebuild_frame <- window.py:2263:_sync_mask
WARNING:root:GUI 卡顿 127ms state=IDLE anim=东张西望 physics=None
WARNING:pet.gui_stall_sampler:GUI 冻结现场（127ms，2 个采样点，旧→新）：
WARNING:pet.gui_stall_sampler:  [t-127ms] verify_seeky_multi.py:308:<module> <- verify_seeky_multi.py:244:main
WARNING:pet.gui_stall_sampler:  [t-61ms] webm_clip.py:2750:_process_frame <- window_optional_services.py:62:<lambda> <- verify_seeky_multi.py:92:observed_frame <- window.py:1917:_on_frame <- window.py:2124:_rebuild_frame <- window.py:2263:_sync_mask
WARNING:root:GUI 卡顿 127ms state=IDLE anim=余额-分文不剩 physics=None
WARNING:pet.gui_stall_sampler:GUI 冻结现场（127ms，2 个采样点，旧→新）：
WARNING:pet.gui_stall_sampler:  [t-128ms] verify_seeky_multi.py:308:<module> <- verify_seeky_multi.py:244:main
WARNING:pet.gui_stall_sampler:  [t-61ms] webm_clip.py:2750:_process_frame <- window_optional_services.py:62:<lambda> <- verify_seeky_multi.py:92:observed_frame <- window.py:1917:_on_frame <- window.py:2124:_rebuild_frame <- window.py:2263:_sync_mask
WARNING:root:GUI 卡顿 118ms state=IDLE anim=待机呼吸休闲 physics=None
WARNING:pet.gui_stall_sampler:GUI 冻结现场（118ms，2 个采样点，旧→新）：
WARNING:pet.gui_stall_sampler:  [t-146ms] verify_seeky_multi.py:308:<module> <- verify_seeky_multi.py:244:main
WARNING:pet.gui_stall_sampler:  [t-42ms] verify_seeky_multi.py:308:<module> <- verify_seeky_multi.py:244:main <- webm_clip.py:2499:_poll <- webm_clip.py:2724:_process_frame
WARNING:root:GUI 卡顿 119ms state=IDLE anim=东张西望 physics=None
WARNING:pet.gui_stall_sampler:GUI 冻结现场（119ms，2 个采样点，旧→新）：
WARNING:pet.gui_stall_sampler:  [t-147ms] verify_seeky_multi.py:308:<module> <- verify_seeky_multi.py:244:main
WARNING:pet.gui_stall_sampler:  [t-43ms] verify_seeky_multi.py:308:<module> <- verify_seeky_multi.py:244:main <- webm_clip.py:2499:_poll <- webm_clip.py:2724:_process_frame
WARNING:root:GUI 卡顿 120ms state=IDLE anim=余额-分文不剩 physics=None
WARNING:pet.gui_stall_sampler:GUI 冻结现场（120ms，2 个采样点，旧→新）：
WARNING:pet.gui_stall_sampler:  [t-147ms] verify_seeky_multi.py:308:<module> <- verify_seeky_multi.py:244:main
WARNING:pet.gui_stall_sampler:  [t-43ms] verify_seeky_multi.py:308:<module> <- verify_seeky_multi.py:244:main <- webm_clip.py:2499:_poll <- webm_clip.py:2724:_process_frame
WARNING:root:GUI 卡顿 122ms state=IDLE anim=待机呼吸休闲 physics=None
WARNING:pet.gui_stall_sampler:GUI 冻结现场（122ms，1 个采样点，旧→新）：
WARNING:pet.gui_stall_sampler:  [t-11ms] webm_clip.py:2499:_poll <- webm_clip.py:2750:_process_frame <- window_optional_services.py:62:<lambda> <- verify_seeky_multi.py:92:observed_frame <- window.py:1917:_on_frame <- window.py:2124:_rebuild_frame
WARNING:root:GUI 卡顿 123ms state=IDLE anim=东张西望 physics=None
WARNING:pet.gui_stall_sampler:GUI 冻结现场（123ms，1 个采样点，旧→新）：
WARNING:pet.gui_stall_sampler:  [t-11ms] webm_clip.py:2499:_poll <- webm_clip.py:2750:_process_frame <- window_optional_services.py:62:<lambda> <- verify_seeky_multi.py:92:observed_frame <- window.py:1917:_on_frame <- window.py:2124:_rebuild_frame
WARNING:root:GUI 卡顿 124ms state=IDLE anim=余额-分文不剩 physics=None
WARNING:pet.gui_stall_sampler:GUI 冻结现场（124ms，1 个采样点，旧→新）：
WARNING:pet.gui_stall_sampler:  [t-13ms] webm_clip.py:2499:_poll <- webm_clip.py:2750:_process_frame <- window_optional_services.py:62:<lambda> <- verify_seeky_multi.py:92:observed_frame <- window.py:1917:_on_frame <- window.py:2124:_rebuild_frame
WARNING:root:GUI 卡顿 153ms state=IDLE anim=待机呼吸休闲 physics=None
WARNING:pet.gui_stall_sampler:GUI 冻结现场（153ms，2 个采样点，旧→新）：
WARNING:pet.gui_stall_sampler:  [t-180ms] verify_seeky_multi.py:308:<module> <- verify_seeky_multi.py:244:main
WARNING:pet.gui_stall_sampler:  [t-104ms] verify_seeky_multi.py:308:<module> <- verify_seeky_multi.py:244:main <- webm_clip.py:2499:_poll <- webm_clip.py:2724:_process_frame
WARNING:root:GUI 卡顿 154ms state=IDLE anim=东张西望 physics=None
WARNING:pet.gui_stall_sampler:GUI 冻结现场（154ms，2 个采样点，旧→新）：
WARNING:pet.gui_stall_sampler:  [t-180ms] verify_seeky_multi.py:308:<module> <- verify_seeky_multi.py:244:main
WARNING:pet.gui_stall_sampler:  [t-104ms] verify_seeky_multi.py:308:<module> <- verify_seeky_multi.py:244:main <- webm_clip.py:2499:_poll <- webm_clip.py:2724:_process_frame
WARNING:root:GUI 卡顿 155ms state=IDLE anim=余额-分文不剩 physics=None
WARNING:pet.gui_stall_sampler:GUI 冻结现场（155ms，2 个采样点，旧→新）：
WARNING:pet.gui_stall_sampler:  [t-180ms] verify_seeky_multi.py:308:<module> <- verify_seeky_multi.py:244:main
WARNING:pet.gui_stall_sampler:  [t-104ms] verify_seeky_multi.py:308:<module> <- verify_seeky_multi.py:244:main <- webm_clip.py:2499:_poll <- webm_clip.py:2724:_process_frame
WARNING:root:GUI 卡顿 100ms state=IDLE anim=待机呼吸休闲 physics=None
WARNING:pet.gui_stall_sampler:GUI 冻结现场（100ms，1 个采样点，旧→新）：
WARNING:pet.gui_stall_sampler:  [t-107ms] webm_clip.py:2750:_process_frame <- window_optional_services.py:62:<lambda> <- verify_seeky_multi.py:92:observed_frame <- window.py:1919:_on_frame <- window.py:2126:_rebuild_frame <- window.py:2291:_sync_mask
WARNING:root:GUI 卡顿 101ms state=IDLE anim=东张西望 physics=None
WARNING:pet.gui_stall_sampler:GUI 冻结现场（101ms，1 个采样点，旧→新）：
WARNING:pet.gui_stall_sampler:  [t-108ms] webm_clip.py:2750:_process_frame <- window_optional_services.py:62:<lambda> <- verify_seeky_multi.py:92:observed_frame <- window.py:1919:_on_frame <- window.py:2126:_rebuild_frame <- window.py:2291:_sync_mask
WARNING:root:GUI 卡顿 101ms state=IDLE anim=余额-分文不剩 physics=None
WARNING:pet.gui_stall_sampler:GUI 冻结现场（101ms，1 个采样点，旧→新）：
WARNING:pet.gui_stall_sampler:  [t-108ms] webm_clip.py:2750:_process_frame <- window_optional_services.py:62:<lambda> <- verify_seeky_multi.py:92:observed_frame <- window.py:1919:_on_frame <- window.py:2126:_rebuild_frame <- window.py:2291:_sync_mask
WARNING:root:GUI 卡顿 105ms state=IDLE anim=待机呼吸休闲 physics=None
WARNING:pet.gui_stall_sampler:GUI 冻结现场（105ms，1 个采样点，旧→新）：
WARNING:pet.gui_stall_sampler:  [t-135ms] verify_seeky_multi.py:308:<module> <- verify_seeky_multi.py:244:main
WARNING:root:GUI 卡顿 105ms state=IDLE anim=东张西望 physics=None
WARNING:pet.gui_stall_sampler:GUI 冻结现场（105ms，1 个采样点，旧→新）：
WARNING:pet.gui_stall_sampler:  [t-136ms] verify_seeky_multi.py:308:<module> <- verify_seeky_multi.py:244:main
WARNING:root:GUI 卡顿 106ms state=IDLE anim=余额-分文不剩 physics=None
WARNING:pet.gui_stall_sampler:GUI 冻结现场（106ms，1 个采样点，旧→新）：
WARNING:pet.gui_stall_sampler:  [t-136ms] verify_seeky_multi.py:308:<module> <- verify_seeky_multi.py:244:main
WARNING:root:GUI 卡顿 103ms state=IDLE anim=待机呼吸休闲 physics=None
WARNING:pet.gui_stall_sampler:GUI 冻结现场（103ms，2 个采样点，旧→新）：
WARNING:pet.gui_stall_sampler:  [t-94ms] webm_clip.py:2499:_poll <- webm_clip.py:2750:_process_frame <- window_optional_services.py:62:<lambda> <- verify_seeky_multi.py:92:observed_frame <- window.py:1917:_on_frame <- window.py:2106:_rebuild_frame
WARNING:pet.gui_stall_sampler:  [t-34ms] verify_seeky_multi.py:308:<module> <- verify_seeky_multi.py:244:main
WARNING:root:GUI 卡顿 104ms state=IDLE anim=东张西望 physics=None
WARNING:pet.gui_stall_sampler:GUI 冻结现场（104ms，2 个采样点，旧→新）：
WARNING:pet.gui_stall_sampler:  [t-95ms] webm_clip.py:2499:_poll <- webm_clip.py:2750:_process_frame <- window_optional_services.py:62:<lambda> <- verify_seeky_multi.py:92:observed_frame <- window.py:1917:_on_frame <- window.py:2106:_rebuild_frame
WARNING:pet.gui_stall_sampler:  [t-34ms] verify_seeky_multi.py:308:<module> <- verify_seeky_multi.py:244:main
WARNING:root:GUI 卡顿 104ms state=IDLE anim=余额-分文不剩 physics=None
WARNING:pet.gui_stall_sampler:GUI 冻结现场（104ms，2 个采样点，旧→新）：
WARNING:pet.gui_stall_sampler:  [t-96ms] webm_clip.py:2499:_poll <- webm_clip.py:2750:_process_frame <- window_optional_services.py:62:<lambda> <- verify_seeky_multi.py:92:observed_frame <- window.py:1917:_on_frame <- window.py:2106:_rebuild_frame
WARNING:pet.gui_stall_sampler:  [t-35ms] verify_seeky_multi.py:308:<module> <- verify_seeky_multi.py:244:main
WARNING:root:GUI 卡顿 111ms state=IDLE anim=待机呼吸休闲 physics=None
WARNING:pet.gui_stall_sampler:GUI 冻结现场（111ms，2 个采样点，旧→新）：
WARNING:pet.gui_stall_sampler:  [t-130ms] verify_seeky_multi.py:308:<module> <- verify_seeky_multi.py:244:main
WARNING:pet.gui_stall_sampler:  [t-66ms] webm_clip.py:2499:_poll <- webm_clip.py:2750:_process_frame <- window_optional_services.py:62:<lambda> <- verify_seeky_multi.py:92:observed_frame <- window.py:1917:_on_frame <- window.py:2106:_rebuild_frame
WARNING:root:GUI 卡顿 126ms state=IDLE anim=东张西望 physics=None
WARNING:pet.gui_stall_sampler:GUI 冻结现场（126ms，2 个采样点，旧→新）：
WARNING:pet.gui_stall_sampler:  [t-131ms] verify_seeky_multi.py:308:<module> <- verify_seeky_multi.py:244:main
WARNING:pet.gui_stall_sampler:  [t-67ms] webm_clip.py:2499:_poll <- webm_clip.py:2750:_process_frame <- window_optional_services.py:62:<lambda> <- verify_seeky_multi.py:92:observed_frame <- window.py:1917:_on_frame <- window.py:2106:_rebuild_frame
WARNING:root:GUI 卡顿 126ms state=IDLE anim=余额-分文不剩 physics=None
WARNING:pet.gui_stall_sampler:GUI 冻结现场（126ms，2 个采样点，旧→新）：
WARNING:pet.gui_stall_sampler:  [t-131ms] verify_seeky_multi.py:308:<module> <- verify_seeky_multi.py:244:main
WARNING:pet.gui_stall_sampler:  [t-68ms] webm_clip.py:2499:_poll <- webm_clip.py:2750:_process_frame <- window_optional_services.py:62:<lambda> <- verify_seeky_multi.py:92:observed_frame <- window.py:1917:_on_frame <- window.py:2106:_rebuild_frame
WARNING:root:GUI 卡顿 101ms state=IDLE anim=待机呼吸休闲 physics=None
WARNING:pet.gui_stall_sampler:GUI 冻结现场（101ms，2 个采样点，旧→新）：
WARNING:pet.gui_stall_sampler:  [t-131ms] verify_seeky_multi.py:308:<module> <- verify_seeky_multi.py:244:main
WARNING:pet.gui_stall_sampler:  [t-29ms] verify_seeky_multi.py:308:<module> <- verify_seeky_multi.py:244:main <- webm_clip.py:2499:_poll <- webm_clip.py:2750:_process_frame
WARNING:root:GUI 卡顿 103ms state=IDLE anim=东张西望 physics=None
WARNING:pet.gui_stall_sampler:GUI 冻结现场（103ms，2 个采样点，旧→新）：
WARNING:pet.gui_stall_sampler:  [t-131ms] verify_seeky_multi.py:308:<module> <- verify_seeky_multi.py:244:main
WARNING:pet.gui_stall_sampler:  [t-29ms] verify_seeky_multi.py:308:<module> <- verify_seeky_multi.py:244:main <- webm_clip.py:2499:_poll <- webm_clip.py:2750:_process_frame
WARNING:root:GUI 卡顿 104ms state=IDLE anim=余额-分文不剩 physics=None
WARNING:pet.gui_stall_sampler:GUI 冻结现场（104ms，2 个采样点，旧→新）：
WARNING:pet.gui_stall_sampler:  [t-132ms] verify_seeky_multi.py:308:<module> <- verify_seeky_multi.py:244:main
WARNING:pet.gui_stall_sampler:  [t-30ms] verify_seeky_multi.py:308:<module> <- verify_seeky_multi.py:244:main <- webm_clip.py:2499:_poll <- webm_clip.py:2750:_process_frame
WARNING:root:GUI 卡顿 140ms state=IDLE anim=待机呼吸休闲 physics=None
WARNING:pet.gui_stall_sampler:GUI 冻结现场（140ms，2 个采样点，旧→新）：
WARNING:pet.gui_stall_sampler:  [t-170ms] verify_seeky_multi.py:308:<module> <- verify_seeky_multi.py:244:main
WARNING:pet.gui_stall_sampler:  [t-18ms] webm_clip.py:2499:_poll <- webm_clip.py:2750:_process_frame <- window_optional_services.py:62:<lambda> <- verify_seeky_multi.py:92:observed_frame <- window.py:1917:_on_frame <- window.py:2106:_rebuild_frame
WARNING:root:GUI 卡顿 142ms state=IDLE anim=东张西望 physics=None
WARNING:pet.gui_stall_sampler:GUI 冻结现场（142ms，2 个采样点，旧→新）：
WARNING:pet.gui_stall_sampler:  [t-170ms] verify_seeky_multi.py:308:<module> <- verify_seeky_multi.py:244:main
WARNING:pet.gui_stall_sampler:  [t-18ms] webm_clip.py:2499:_poll <- webm_clip.py:2750:_process_frame <- window_optional_services.py:62:<lambda> <- verify_seeky_multi.py:92:observed_frame <- window.py:1917:_on_frame <- window.py:2106:_rebuild_frame
WARNING:root:GUI 卡顿 142ms state=IDLE anim=余额-分文不剩 physics=None
WARNING:pet.gui_stall_sampler:GUI 冻结现场（142ms，2 个采样点，旧→新）：
WARNING:pet.gui_stall_sampler:  [t-171ms] verify_seeky_multi.py:308:<module> <- verify_seeky_multi.py:244:main
WARNING:pet.gui_stall_sampler:  [t-19ms] webm_clip.py:2499:_poll <- webm_clip.py:2750:_process_frame <- window_optional_services.py:62:<lambda> <- verify_seeky_multi.py:92:observed_frame <- window.py:1917:_on_frame <- window.py:2106:_rebuild_frame
WARNING:root:GUI 卡顿 141ms state=IDLE anim=待机呼吸休闲 physics=None
WARNING:pet.gui_stall_sampler:GUI 冻结现场（141ms，1 个采样点，旧→新）：
WARNING:pet.gui_stall_sampler:  [t-132ms] verify_seeky_multi.py:308:<module> <- verify_seeky_multi.py:244:main
WARNING:root:GUI 卡顿 142ms state=IDLE anim=东张西望 physics=None
WARNING:pet.gui_stall_sampler:GUI 冻结现场（142ms，1 个采样点，旧→新）：
WARNING:pet.gui_stall_sampler:  [t-132ms] verify_seeky_multi.py:308:<module> <- verify_seeky_multi.py:244:main
WARNING:root:GUI 卡顿 142ms state=IDLE anim=余额-分文不剩 physics=None
WARNING:pet.gui_stall_sampler:GUI 冻结现场（142ms，1 个采样点，旧→新）：
WARNING:pet.gui_stall_sampler:  [t-133ms] verify_seeky_multi.py:308:<module> <- verify_seeky_multi.py:244:main
WARNING:root:GUI 卡顿 108ms state=IDLE anim=待机呼吸休闲 physics=None
WARNING:pet.gui_stall_sampler:GUI 冻结现场（108ms，1 个采样点，旧→新）：
WARNING:pet.gui_stall_sampler:  [t-16ms] webm_clip.py:2499:_poll <- webm_clip.py:2750:_process_frame <- window_optional_services.py:62:<lambda> <- verify_seeky_multi.py:92:observed_frame <- window.py:1917:_on_frame <- window.py:2106:_rebuild_frame
WARNING:root:GUI 卡顿 109ms state=IDLE anim=东张西望 physics=None
WARNING:pet.gui_stall_sampler:GUI 冻结现场（109ms，1 个采样点，旧→新）：
WARNING:pet.gui_stall_sampler:  [t-17ms] webm_clip.py:2499:_poll <- webm_clip.py:2750:_process_frame <- window_optional_services.py:62:<lambda> <- verify_seeky_multi.py:92:observed_frame <- window.py:1917:_on_frame <- window.py:2106:_rebuild_frame
WARNING:root:GUI 卡顿 110ms state=IDLE anim=余额-分文不剩 physics=None
WARNING:pet.gui_stall_sampler:GUI 冻结现场（110ms，1 个采样点，旧→新）：
WARNING:pet.gui_stall_sampler:  [t-17ms] webm_clip.py:2499:_poll <- webm_clip.py:2750:_process_frame <- window_optional_services.py:62:<lambda> <- verify_seeky_multi.py:92:observed_frame <- window.py:1917:_on_frame <- window.py:2106:_rebuild_frame
WARNING:root:GUI 卡顿 104ms state=IDLE anim=待机呼吸休闲 physics=None
WARNING:pet.gui_stall_sampler:GUI 冻结现场（104ms，2 个采样点，旧→新）：
WARNING:pet.gui_stall_sampler:  [t-148ms] verify_seeky_multi.py:308:<module> <- verify_seeky_multi.py:244:main
WARNING:pet.gui_stall_sampler:  [t-38ms] webm_clip.py:2499:_poll <- webm_clip.py:2750:_process_frame <- window_optional_services.py:62:<lambda> <- verify_seeky_multi.py:92:observed_frame <- window.py:1917:_on_frame <- window.py:2106:_rebuild_frame
WARNING:root:GUI 卡顿 105ms state=IDLE anim=东张西望 physics=None
WARNING:pet.gui_stall_sampler:GUI 冻结现场（105ms，2 个采样点，旧→新）：
WARNING:pet.gui_stall_sampler:  [t-148ms] verify_seeky_multi.py:308:<module> <- verify_seeky_multi.py:244:main
WARNING:pet.gui_stall_sampler:  [t-39ms] webm_clip.py:2499:_poll <- webm_clip.py:2750:_process_frame <- window_optional_services.py:62:<lambda> <- verify_seeky_multi.py:92:observed_frame <- window.py:1917:_on_frame <- window.py:2106:_rebuild_frame
WARNING:root:GUI 卡顿 105ms state=IDLE anim=余额-分文不剩 physics=None
WARNING:pet.gui_stall_sampler:GUI 冻结现场（105ms，2 个采样点，旧→新）：
WARNING:pet.gui_stall_sampler:  [t-149ms] verify_seeky_multi.py:308:<module> <- verify_seeky_multi.py:244:main
WARNING:pet.gui_stall_sampler:  [t-39ms] webm_clip.py:2499:_poll <- webm_clip.py:2750:_process_frame <- window_optional_services.py:62:<lambda> <- verify_seeky_multi.py:92:observed_frame <- window.py:1917:_on_frame <- window.py:2106:_rebuild_frame
WARNING:root:GUI 卡顿 190ms state=IDLE anim=待机呼吸休闲 physics=None
WARNING:pet.gui_stall_sampler:GUI 冻结现场（190ms，1 个采样点，旧→新）：
WARNING:pet.gui_stall_sampler:  [t-62ms] webm_clip.py:2499:_poll <- webm_clip.py:2750:_process_frame <- window_optional_services.py:62:<lambda> <- verify_seeky_multi.py:92:observed_frame <- window.py:1917:_on_frame <- window.py:2106:_rebuild_frame
WARNING:root:GUI 卡顿 191ms state=IDLE anim=东张西望 physics=None
WARNING:pet.gui_stall_sampler:GUI 冻结现场（191ms，1 个采样点，旧→新）：
WARNING:pet.gui_stall_sampler:  [t-63ms] webm_clip.py:2499:_poll <- webm_clip.py:2750:_process_frame <- window_optional_services.py:62:<lambda> <- verify_seeky_multi.py:92:observed_frame <- window.py:1917:_on_frame <- window.py:2106:_rebuild_frame
WARNING:root:GUI 卡顿 192ms state=IDLE anim=余额-分文不剩 physics=None
WARNING:pet.gui_stall_sampler:GUI 冻结现场（192ms，1 个采样点，旧→新）：
WARNING:pet.gui_stall_sampler:  [t-63ms] webm_clip.py:2499:_poll <- webm_clip.py:2750:_process_frame <- window_optional_services.py:62:<lambda> <- verify_seeky_multi.py:92:observed_frame <- window.py:1917:_on_frame <- window.py:2106:_rebuild_frame
WARNING:root:GUI 卡顿 133ms state=IDLE anim=待机呼吸休闲 physics=None
WARNING:pet.gui_stall_sampler:GUI 冻结现场（133ms，2 个采样点，旧→新）：
WARNING:pet.gui_stall_sampler:  [t-178ms] verify_seeky_multi.py:308:<module> <- verify_seeky_multi.py:244:main
WARNING:pet.gui_stall_sampler:  [t-25ms] verify_seeky_multi.py:308:<module> <- verify_seeky_multi.py:244:main <- webm_clip.py:2499:_poll <- webm_clip.py:2724:_process_frame
WARNING:root:GUI 卡顿 134ms state=IDLE anim=东张西望 physics=None
WARNING:pet.gui_stall_sampler:GUI 冻结现场（134ms，2 个采样点，旧→新）：
WARNING:pet.gui_stall_sampler:  [t-179ms] verify_seeky_multi.py:308:<module> <- verify_seeky_multi.py:244:main
WARNING:pet.gui_stall_sampler:  [t-25ms] verify_seeky_multi.py:308:<module> <- verify_seeky_multi.py:244:main <- webm_clip.py:2499:_poll <- webm_clip.py:2724:_process_frame
WARNING:root:GUI 卡顿 134ms state=IDLE anim=余额-分文不剩 physics=None
WARNING:pet.gui_stall_sampler:GUI 冻结现场（134ms，2 个采样点，旧→新）：
WARNING:pet.gui_stall_sampler:  [t-179ms] verify_seeky_multi.py:308:<module> <- verify_seeky_multi.py:244:main
WARNING:pet.gui_stall_sampler:  [t-25ms] verify_seeky_multi.py:308:<module> <- verify_seeky_multi.py:244:main <- webm_clip.py:2499:_poll <- webm_clip.py:2724:_process_frame
WARNING:root:GUI 卡顿 135ms state=IDLE anim=待机呼吸休闲 physics=None
WARNING:pet.gui_stall_sampler:GUI 冻结现场（135ms，2 个采样点，旧→新）：
WARNING:pet.gui_stall_sampler:  [t-147ms] verify_seeky_multi.py:308:<module> <- verify_seeky_multi.py:244:main
WARNING:pet.gui_stall_sampler:  [t-40ms] webm_clip.py:2750:_process_frame <- window_optional_services.py:62:<lambda> <- verify_seeky_multi.py:92:observed_frame <- window.py:1917:_on_frame <- window.py:2068:_rebuild_frame <- window.py:1990:_frame_signature
WARNING:root:GUI 卡顿 137ms state=IDLE anim=东张西望 physics=None
WARNING:pet.gui_stall_sampler:GUI 冻结现场（137ms，2 个采样点，旧→新）：
WARNING:pet.gui_stall_sampler:  [t-148ms] verify_seeky_multi.py:308:<module> <- verify_seeky_multi.py:244:main
WARNING:pet.gui_stall_sampler:  [t-41ms] webm_clip.py:2750:_process_frame <- window_optional_services.py:62:<lambda> <- verify_seeky_multi.py:92:observed_frame <- window.py:1917:_on_frame <- window.py:2068:_rebuild_frame <- window.py:1990:_frame_signature
WARNING:root:GUI 卡顿 137ms state=IDLE anim=余额-分文不剩 physics=None
WARNING:pet.gui_stall_sampler:GUI 冻结现场（137ms，2 个采样点，旧→新）：
WARNING:pet.gui_stall_sampler:  [t-148ms] verify_seeky_multi.py:308:<module> <- verify_seeky_multi.py:244:main
WARNING:pet.gui_stall_sampler:  [t-41ms] webm_clip.py:2750:_process_frame <- window_optional_services.py:62:<lambda> <- verify_seeky_multi.py:92:observed_frame <- window.py:1917:_on_frame <- window.py:2068:_rebuild_frame <- window.py:1990:_frame_signature
WARNING:root:GUI 卡顿 110ms state=IDLE anim=待机呼吸休闲 physics=None
WARNING:pet.gui_stall_sampler:GUI 冻结现场（110ms，1 个采样点，旧→新）：
WARNING:pet.gui_stall_sampler:  [t-138ms] verify_seeky_multi.py:308:<module> <- verify_seeky_multi.py:244:main
WARNING:root:GUI 卡顿 111ms state=IDLE anim=东张西望 physics=None
WARNING:pet.gui_stall_sampler:GUI 冻结现场（111ms，1 个采样点，旧→新）：
WARNING:pet.gui_stall_sampler:  [t-138ms] verify_seeky_multi.py:308:<module> <- verify_seeky_multi.py:244:main
WARNING:root:GUI 卡顿 112ms state=IDLE anim=余额-分文不剩 physics=None
WARNING:pet.gui_stall_sampler:GUI 冻结现场（112ms，1 个采样点，旧→新）：
WARNING:pet.gui_stall_sampler:  [t-139ms] verify_seeky_multi.py:308:<module> <- verify_seeky_multi.py:244:main
WARNING:root:GUI 卡顿 127ms state=IDLE anim=待机呼吸休闲 physics=None
WARNING:pet.gui_stall_sampler:GUI 冻结现场（127ms，2 个采样点，旧→新）：
WARNING:pet.gui_stall_sampler:  [t-83ms] verify_seeky_multi.py:308:<module> <- verify_seeky_multi.py:244:main <- webm_clip.py:2499:_poll <- webm_clip.py:2723:_process_frame
WARNING:pet.gui_stall_sampler:  [t-8ms] webm_clip.py:2499:_poll <- webm_clip.py:2750:_process_frame <- window_optional_services.py:62:<lambda> <- verify_seeky_multi.py:92:observed_frame <- window.py:1917:_on_frame <- window.py:2119:_rebuild_frame
WARNING:root:GUI 卡顿 128ms state=IDLE anim=东张西望 physics=None
WARNING:pet.gui_stall_sampler:GUI 冻结现场（128ms，2 个采样点，旧→新）：
WARNING:pet.gui_stall_sampler:  [t-84ms] verify_seeky_multi.py:308:<module> <- verify_seeky_multi.py:244:main <- webm_clip.py:2499:_poll <- webm_clip.py:2723:_process_frame
WARNING:pet.gui_stall_sampler:  [t-9ms] webm_clip.py:2499:_poll <- webm_clip.py:2750:_process_frame <- window_optional_services.py:62:<lambda> <- verify_seeky_multi.py:92:observed_frame <- window.py:1917:_on_frame <- window.py:2119:_rebuild_frame
WARNING:root:GUI 卡顿 128ms state=IDLE anim=余额-分文不剩 physics=None
WARNING:pet.gui_stall_sampler:GUI 冻结现场（128ms，2 个采样点，旧→新）：
WARNING:pet.gui_stall_sampler:  [t-84ms] verify_seeky_multi.py:308:<module> <- verify_seeky_multi.py:244:main <- webm_clip.py:2499:_poll <- webm_clip.py:2723:_process_frame
WARNING:pet.gui_stall_sampler:  [t-9ms] webm_clip.py:2499:_poll <- webm_clip.py:2750:_process_frame <- window_optional_services.py:62:<lambda> <- verify_seeky_multi.py:92:observed_frame <- window.py:1917:_on_frame <- window.py:2119:_rebuild_frame
WARNING:root:GUI 卡顿 104ms state=IDLE anim=待机呼吸休闲 physics=None
WARNING:pet.gui_stall_sampler:GUI 冻结现场（104ms，2 个采样点，旧→新）：
WARNING:pet.gui_stall_sampler:  [t-138ms] verify_seeky_multi.py:308:<module> <- verify_seeky_multi.py:244:main <- webm_clip.py:2499:_poll <- webm_clip.py:2750:_process_frame
WARNING:pet.gui_stall_sampler:  [t-12ms] webm_clip.py:2499:_poll <- webm_clip.py:2750:_process_frame <- window_optional_services.py:62:<lambda> <- verify_seeky_multi.py:92:observed_frame <- window.py:1917:_on_frame <- window.py:2106:_rebuild_frame
WARNING:root:GUI 卡顿 105ms state=IDLE anim=东张西望 physics=None
WARNING:pet.gui_stall_sampler:GUI 冻结现场（105ms，2 个采样点，旧→新）：
WARNING:pet.gui_stall_sampler:  [t-139ms] verify_seeky_multi.py:308:<module> <- verify_seeky_multi.py:244:main <- webm_clip.py:2499:_poll <- webm_clip.py:2750:_process_frame
WARNING:pet.gui_stall_sampler:  [t-13ms] webm_clip.py:2499:_poll <- webm_clip.py:2750:_process_frame <- window_optional_services.py:62:<lambda> <- verify_seeky_multi.py:92:observed_frame <- window.py:1917:_on_frame <- window.py:2106:_rebuild_frame
WARNING:root:GUI 卡顿 105ms state=IDLE anim=余额-分文不剩 physics=None
WARNING:pet.gui_stall_sampler:GUI 冻结现场（105ms，2 个采样点，旧→新）：
WARNING:pet.gui_stall_sampler:  [t-139ms] verify_seeky_multi.py:308:<module> <- verify_seeky_multi.py:244:main <- webm_clip.py:2499:_poll <- webm_clip.py:2750:_process_frame
WARNING:pet.gui_stall_sampler:  [t-13ms] webm_clip.py:2499:_poll <- webm_clip.py:2750:_process_frame <- window_optional_services.py:62:<lambda> <- verify_seeky_multi.py:92:observed_frame <- window.py:1917:_on_frame <- window.py:2106:_rebuild_frame
WARNING:root:GUI 卡顿 185ms state=IDLE anim=待机呼吸休闲 physics=None
WARNING:pet.gui_stall_sampler:GUI 冻结现场（185ms，2 个采样点，旧→新）：
WARNING:pet.gui_stall_sampler:  [t-195ms] verify_seeky_multi.py:308:<module> <- verify_seeky_multi.py:244:main
WARNING:pet.gui_stall_sampler:  [t-14ms] webm_clip.py:2499:_poll <- webm_clip.py:2750:_process_frame <- window_optional_services.py:62:<lambda> <- verify_seeky_multi.py:92:observed_frame <- window.py:1917:_on_frame <- window.py:2124:_rebuild_frame
WARNING:root:GUI 卡顿 189ms state=IDLE anim=东张西望 physics=None
WARNING:pet.gui_stall_sampler:GUI 冻结现场（189ms，2 个采样点，旧→新）：
WARNING:pet.gui_stall_sampler:  [t-199ms] verify_seeky_multi.py:308:<module> <- verify_seeky_multi.py:244:main
WARNING:pet.gui_stall_sampler:  [t-18ms] webm_clip.py:2499:_poll <- webm_clip.py:2750:_process_frame <- window_optional_services.py:62:<lambda> <- verify_seeky_multi.py:92:observed_frame <- window.py:1917:_on_frame <- window.py:2124:_rebuild_frame
WARNING:root:GUI 卡顿 190ms state=IDLE anim=余额-分文不剩 physics=None
WARNING:pet.gui_stall_sampler:GUI 冻结现场（190ms，2 个采样点，旧→新）：
WARNING:pet.gui_stall_sampler:  [t-199ms] verify_seeky_multi.py:308:<module> <- verify_seeky_multi.py:244:main
WARNING:pet.gui_stall_sampler:  [t-19ms] webm_clip.py:2499:_poll <- webm_clip.py:2750:_process_frame <- window_optional_services.py:62:<lambda> <- verify_seeky_multi.py:92:observed_frame <- window.py:1917:_on_frame <- window.py:2124:_rebuild_frame
WARNING:root:GUI 卡顿 101ms state=IDLE anim=待机呼吸休闲 physics=None
WARNING:pet.gui_stall_sampler:GUI 冻结现场（101ms，2 个采样点，旧→新）：
WARNING:pet.gui_stall_sampler:  [t-113ms] verify_seeky_multi.py:308:<module> <- verify_seeky_multi.py:244:main
WARNING:pet.gui_stall_sampler:  [t-1ms] webm_clip.py:2499:_poll <- webm_clip.py:2750:_process_frame <- window_optional_services.py:62:<lambda> <- verify_seeky_multi.py:92:observed_frame <- window.py:1917:_on_frame <- window.py:2106:_rebuild_frame
WARNING:root:GUI 卡顿 103ms state=IDLE anim=东张西望 physics=None
WARNING:pet.gui_stall_sampler:GUI 冻结现场（103ms，2 个采样点，旧→新）：
WARNING:pet.gui_stall_sampler:  [t-114ms] verify_seeky_multi.py:308:<module> <- verify_seeky_multi.py:244:main
WARNING:pet.gui_stall_sampler:  [t-3ms] webm_clip.py:2499:_poll <- webm_clip.py:2750:_process_frame <- window_optional_services.py:62:<lambda> <- verify_seeky_multi.py:92:observed_frame <- window.py:1917:_on_frame <- window.py:2106:_rebuild_frame
WARNING:root:GUI 卡顿 104ms state=IDLE anim=余额-分文不剩 physics=None
WARNING:pet.gui_stall_sampler:GUI 冻结现场（104ms，2 个采样点，旧→新）：
WARNING:pet.gui_stall_sampler:  [t-116ms] verify_seeky_multi.py:308:<module> <- verify_seeky_multi.py:244:main
WARNING:pet.gui_stall_sampler:  [t-4ms] webm_clip.py:2499:_poll <- webm_clip.py:2750:_process_frame <- window_optional_services.py:62:<lambda> <- verify_seeky_multi.py:92:observed_frame <- window.py:1917:_on_frame <- window.py:2106:_rebuild_frame
WARNING:root:GUI 卡顿 108ms state=IDLE anim=待机呼吸休闲 physics=None
WARNING:pet.gui_stall_sampler:GUI 冻结现场（108ms，2 个采样点，旧→新）：
WARNING:pet.gui_stall_sampler:  [t-132ms] verify_seeky_multi.py:308:<module> <- verify_seeky_multi.py:244:main <- webm_clip.py:2499:_poll <- webm_clip.py:2750:_process_frame
WARNING:pet.gui_stall_sampler:  [t-36ms] verify_seeky_multi.py:308:<module> <- verify_seeky_multi.py:244:main <- webm_clip.py:2499:_poll <- webm_clip.py:2724:_process_frame
WARNING:root:GUI 卡顿 109ms state=IDLE anim=东张西望 physics=None
WARNING:pet.gui_stall_sampler:GUI 冻结现场（109ms，2 个采样点，旧→新）：
WARNING:pet.gui_stall_sampler:  [t-133ms] verify_seeky_multi.py:308:<module> <- verify_seeky_multi.py:244:main <- webm_clip.py:2499:_poll <- webm_clip.py:2750:_process_frame
WARNING:pet.gui_stall_sampler:  [t-36ms] verify_seeky_multi.py:308:<module> <- verify_seeky_multi.py:244:main <- webm_clip.py:2499:_poll <- webm_clip.py:2724:_process_frame
WARNING:root:GUI 卡顿 110ms state=IDLE anim=余额-分文不剩 physics=None
WARNING:pet.gui_stall_sampler:GUI 冻结现场（110ms，2 个采样点，旧→新）：
WARNING:pet.gui_stall_sampler:  [t-133ms] verify_seeky_multi.py:308:<module> <- verify_seeky_multi.py:244:main <- webm_clip.py:2499:_poll <- webm_clip.py:2750:_process_frame
WARNING:pet.gui_stall_sampler:  [t-37ms] verify_seeky_multi.py:308:<module> <- verify_seeky_multi.py:244:main <- webm_clip.py:2499:_poll <- webm_clip.py:2724:_process_frame
WARNING:root:GUI 卡顿 146ms state=IDLE anim=待机呼吸休闲 physics=None
WARNING:pet.gui_stall_sampler:GUI 冻结现场（146ms，1 个采样点，旧→新）：
WARNING:pet.gui_stall_sampler:  [t-188ms] webm_clip.py:2499:_poll <- webm_clip.py:2750:_process_frame <- window_optional_services.py:62:<lambda> <- verify_seeky_multi.py:92:observed_frame <- window.py:1917:_on_frame <- window.py:2124:_rebuild_frame
WARNING:root:GUI 卡顿 146ms state=IDLE anim=东张西望 physics=None
WARNING:pet.gui_stall_sampler:GUI 冻结现场（146ms，1 个采样点，旧→新）：
WARNING:pet.gui_stall_sampler:  [t-189ms] webm_clip.py:2499:_poll <- webm_clip.py:2750:_process_frame <- window_optional_services.py:62:<lambda> <- verify_seeky_multi.py:92:observed_frame <- window.py:1917:_on_frame <- window.py:2124:_rebuild_frame
WARNING:root:GUI 卡顿 146ms state=IDLE anim=余额-分文不剩 physics=None
WARNING:pet.gui_stall_sampler:GUI 冻结现场（146ms，1 个采样点，旧→新）：
WARNING:pet.gui_stall_sampler:  [t-189ms] webm_clip.py:2499:_poll <- webm_clip.py:2750:_process_frame <- window_optional_services.py:62:<lambda> <- verify_seeky_multi.py:92:observed_frame <- window.py:1917:_on_frame <- window.py:2124:_rebuild_frame
WARNING:root:GUI 卡顿 107ms state=IDLE anim=待机呼吸休闲 physics=None
WARNING:pet.gui_stall_sampler:GUI 冻结现场（107ms，2 个采样点，旧→新）：
WARNING:pet.gui_stall_sampler:  [t-156ms] verify_seeky_multi.py:308:<module> <- verify_seeky_multi.py:244:main
WARNING:pet.gui_stall_sampler:  [t-23ms] window_optional_services.py:62:<lambda> <- verify_seeky_multi.py:92:observed_frame <- window.py:1917:_on_frame <- window.py:2054:_rebuild_frame <- window.py:1010:_screen_available <- window_placement.py:311:screen_available
WARNING:root:GUI 卡顿 108ms state=IDLE anim=东张西望 physics=None
WARNING:pet.gui_stall_sampler:GUI 冻结现场（108ms，2 个采样点，旧→新）：
WARNING:pet.gui_stall_sampler:  [t-157ms] verify_seeky_multi.py:308:<module> <- verify_seeky_multi.py:244:main
WARNING:pet.gui_stall_sampler:  [t-23ms] window_optional_services.py:62:<lambda> <- verify_seeky_multi.py:92:observed_frame <- window.py:1917:_on_frame <- window.py:2054:_rebuild_frame <- window.py:1010:_screen_available <- window_placement.py:311:screen_available
WARNING:root:GUI 卡顿 108ms state=IDLE anim=余额-分文不剩 physics=None
WARNING:pet.gui_stall_sampler:GUI 冻结现场（108ms，2 个采样点，旧→新）：
WARNING:pet.gui_stall_sampler:  [t-157ms] verify_seeky_multi.py:308:<module> <- verify_seeky_multi.py:244:main
WARNING:pet.gui_stall_sampler:  [t-24ms] window_optional_services.py:62:<lambda> <- verify_seeky_multi.py:92:observed_frame <- window.py:1917:_on_frame <- window.py:2054:_rebuild_frame <- window.py:1010:_screen_available <- window_placement.py:311:screen_available
WARNING:root:GUI 卡顿 101ms state=IDLE anim=待机呼吸休闲 physics=None
WARNING:pet.gui_stall_sampler:GUI 冻结现场（101ms，2 个采样点，旧→新）：
WARNING:pet.gui_stall_sampler:  [t-148ms] verify_seeky_multi.py:308:<module> <- verify_seeky_multi.py:244:main
WARNING:pet.gui_stall_sampler:  [t-36ms] webm_clip.py:2499:_poll <- webm_clip.py:2750:_process_frame <- window_optional_services.py:62:<lambda> <- verify_seeky_multi.py:92:observed_frame <- window.py:1917:_on_frame <- window.py:2119:_rebuild_frame
WARNING:root:GUI 卡顿 102ms state=IDLE anim=东张西望 physics=None
WARNING:pet.gui_stall_sampler:GUI 冻结现场（102ms，2 个采样点，旧→新）：
WARNING:pet.gui_stall_sampler:  [t-148ms] verify_seeky_multi.py:308:<module> <- verify_seeky_multi.py:244:main
WARNING:pet.gui_stall_sampler:  [t-37ms] webm_clip.py:2499:_poll <- webm_clip.py:2750:_process_frame <- window_optional_services.py:62:<lambda> <- verify_seeky_multi.py:92:observed_frame <- window.py:1917:_on_frame <- window.py:2119:_rebuild_frame
WARNING:root:GUI 卡顿 102ms state=IDLE anim=余额-分文不剩 physics=None
WARNING:pet.gui_stall_sampler:GUI 冻结现场（102ms，2 个采样点，旧→新）：
WARNING:pet.gui_stall_sampler:  [t-149ms] verify_seeky_multi.py:308:<module> <- verify_seeky_multi.py:244:main
WARNING:pet.gui_stall_sampler:  [t-37ms] webm_clip.py:2499:_poll <- webm_clip.py:2750:_process_frame <- window_optional_services.py:62:<lambda> <- verify_seeky_multi.py:92:observed_frame <- window.py:1917:_on_frame <- window.py:2119:_rebuild_frame
WARNING:root:GUI 卡顿 142ms state=IDLE anim=待机呼吸休闲 physics=None
WARNING:pet.gui_stall_sampler:GUI 冻结现场（142ms，3 个采样点，旧→新）：
WARNING:pet.gui_stall_sampler:  [t-175ms] verify_seeky_multi.py:308:<module> <- verify_seeky_multi.py:244:main
WARNING:pet.gui_stall_sampler:  [t-66ms] verify_seeky_multi.py:308:<module> <- verify_seeky_multi.py:244:main <- webm_clip.py:2499:_poll <- webm_clip.py:2724:_process_frame
WARNING:pet.gui_stall_sampler:  [t-7ms] verify_seeky_multi.py:308:<module> <- verify_seeky_multi.py:244:main
WARNING:root:GUI 卡顿 143ms state=IDLE anim=东张西望 physics=None
WARNING:pet.gui_stall_sampler:GUI 冻结现场（143ms，3 个采样点，旧→新）：
WARNING:pet.gui_stall_sampler:  [t-176ms] verify_seeky_multi.py:308:<module> <- verify_seeky_multi.py:244:main
WARNING:pet.gui_stall_sampler:  [t-67ms] verify_seeky_multi.py:308:<module> <- verify_seeky_multi.py:244:main <- webm_clip.py:2499:_poll <- webm_clip.py:2724:_process_frame
WARNING:pet.gui_stall_sampler:  [t-8ms] verify_seeky_multi.py:308:<module> <- verify_seeky_multi.py:244:main
WARNING:root:GUI 卡顿 144ms state=IDLE anim=余额-分文不剩 physics=None
WARNING:pet.gui_stall_sampler:GUI 冻结现场（144ms，3 个采样点，旧→新）：
WARNING:pet.gui_stall_sampler:  [t-176ms] verify_seeky_multi.py:308:<module> <- verify_seeky_multi.py:244:main
WARNING:pet.gui_stall_sampler:  [t-68ms] verify_seeky_multi.py:308:<module> <- verify_seeky_multi.py:244:main <- webm_clip.py:2499:_poll <- webm_clip.py:2724:_process_frame
WARNING:pet.gui_stall_sampler:  [t-8ms] verify_seeky_multi.py:308:<module> <- verify_seeky_multi.py:244:main
WARNING:root:GUI 卡顿 108ms state=IDLE anim=待机呼吸休闲 physics=None
WARNING:root:GUI 卡顿 109ms state=IDLE anim=东张西望 physics=None
WARNING:root:GUI 卡顿 109ms state=IDLE anim=余额-分文不剩 physics=None
WARNING:root:GUI 卡顿 101ms state=IDLE anim=待机呼吸休闲 physics=None
WARNING:pet.gui_stall_sampler:GUI 冻结现场（101ms，2 个采样点，旧→新）：
WARNING:pet.gui_stall_sampler:  [t-148ms] verify_seeky_multi.py:308:<module> <- verify_seeky_multi.py:244:main
WARNING:pet.gui_stall_sampler:  [t-16ms] window_optional_services.py:62:<lambda> <- verify_seeky_multi.py:92:observed_frame <- window.py:1917:_on_frame <- window.py:2124:_rebuild_frame <- window.py:2270:_sync_mask <- window_optional_services.py:42:effects_coverage
WARNING:root:GUI 卡顿 101ms state=IDLE anim=东张西望 physics=None
WARNING:pet.gui_stall_sampler:GUI 冻结现场（101ms，2 个采样点，旧→新）：
WARNING:pet.gui_stall_sampler:  [t-149ms] verify_seeky_multi.py:308:<module> <- verify_seeky_multi.py:244:main
WARNING:pet.gui_stall_sampler:  [t-17ms] window_optional_services.py:62:<lambda> <- verify_seeky_multi.py:92:observed_frame <- window.py:1917:_on_frame <- window.py:2124:_rebuild_frame <- window.py:2270:_sync_mask <- window_optional_services.py:42:effects_coverage
WARNING:root:GUI 卡顿 102ms state=IDLE anim=余额-分文不剩 physics=None
WARNING:pet.gui_stall_sampler:GUI 冻结现场（102ms，2 个采样点，旧→新）：
WARNING:pet.gui_stall_sampler:  [t-149ms] verify_seeky_multi.py:308:<module> <- verify_seeky_multi.py:244:main
WARNING:pet.gui_stall_sampler:  [t-17ms] window_optional_services.py:62:<lambda> <- verify_seeky_multi.py:92:observed_frame <- window.py:1917:_on_frame <- window.py:2124:_rebuild_frame <- window.py:2270:_sync_mask <- window_optional_services.py:42:effects_coverage
WARNING:root:GUI 卡顿 120ms state=IDLE anim=待机呼吸休闲 physics=None
WARNING:pet.gui_stall_sampler:GUI 冻结现场（120ms，3 个采样点，旧→新）：
WARNING:pet.gui_stall_sampler:  [t-120ms] verify_seeky_multi.py:308:<module> <- verify_seeky_multi.py:244:main
WARNING:pet.gui_stall_sampler:  [t-54ms] verify_seeky_multi.py:308:<module> <- verify_seeky_multi.py:244:main <- webm_clip.py:2499:_poll <- webm_clip.py:2724:_process_frame
WARNING:pet.gui_stall_sampler:  [t-1ms] verify_seeky_multi.py:308:<module> <- verify_seeky_multi.py:244:main
WARNING:root:GUI 卡顿 121ms state=IDLE anim=东张西望 physics=None
WARNING:pet.gui_stall_sampler:GUI 冻结现场（121ms，3 个采样点，旧→新）：
WARNING:pet.gui_stall_sampler:  [t-121ms] verify_seeky_multi.py:308:<module> <- verify_seeky_multi.py:244:main
WARNING:pet.gui_stall_sampler:  [t-54ms] verify_seeky_multi.py:308:<module> <- verify_seeky_multi.py:244:main <- webm_clip.py:2499:_poll <- webm_clip.py:2724:_process_frame
WARNING:pet.gui_stall_sampler:  [t-2ms] verify_seeky_multi.py:308:<module> <- verify_seeky_multi.py:244:main
WARNING:root:GUI 卡顿 121ms state=IDLE anim=余额-分文不剩 physics=None
WARNING:pet.gui_stall_sampler:GUI 冻结现场（121ms，3 个采样点，旧→新）：
WARNING:pet.gui_stall_sampler:  [t-122ms] verify_seeky_multi.py:308:<module> <- verify_seeky_multi.py:244:main
WARNING:pet.gui_stall_sampler:  [t-55ms] verify_seeky_multi.py:308:<module> <- verify_seeky_multi.py:244:main <- webm_clip.py:2499:_poll <- webm_clip.py:2724:_process_frame
WARNING:pet.gui_stall_sampler:  [t-2ms] verify_seeky_multi.py:308:<module> <- verify_seeky_multi.py:244:main
WARNING:root:GUI 卡顿 131ms state=IDLE anim=待机呼吸休闲 physics=None
WARNING:pet.gui_stall_sampler:GUI 冻结现场（131ms，2 个采样点，旧→新）：
WARNING:pet.gui_stall_sampler:  [t-164ms] window_optional_services.py:62:<lambda> <- verify_seeky_multi.py:92:observed_frame <- window.py:1917:_on_frame <- window.py:2124:_rebuild_frame <- window.py:2270:_sync_mask <- window_optional_services.py:42:effects_coverage
WARNING:pet.gui_stall_sampler:  [t-43ms] window_optional_services.py:62:<lambda> <- verify_seeky_multi.py:92:observed_frame <- window.py:1919:_on_frame <- window.py:2126:_rebuild_frame <- window.py:2291:_sync_mask <- window_optional_services.py:44:effects_coverage
WARNING:root:GUI 卡顿 133ms state=IDLE anim=东张西望 physics=None
WARNING:pet.gui_stall_sampler:GUI 冻结现场（133ms，2 个采样点，旧→新）：
WARNING:pet.gui_stall_sampler:  [t-165ms] window_optional_services.py:62:<lambda> <- verify_seeky_multi.py:92:observed_frame <- window.py:1917:_on_frame <- window.py:2124:_rebuild_frame <- window.py:2270:_sync_mask <- window_optional_services.py:42:effects_coverage
WARNING:pet.gui_stall_sampler:  [t-44ms] window_optional_services.py:62:<lambda> <- verify_seeky_multi.py:92:observed_frame <- window.py:1919:_on_frame <- window.py:2126:_rebuild_frame <- window.py:2291:_sync_mask <- window_optional_services.py:44:effects_coverage
WARNING:root:GUI 卡顿 133ms state=IDLE anim=余额-分文不剩 physics=None
WARNING:pet.gui_stall_sampler:GUI 冻结现场（133ms，2 个采样点，旧→新）：
WARNING:pet.gui_stall_sampler:  [t-165ms] window_optional_services.py:62:<lambda> <- verify_seeky_multi.py:92:observed_frame <- window.py:1917:_on_frame <- window.py:2124:_rebuild_frame <- window.py:2270:_sync_mask <- window_optional_services.py:42:effects_coverage
WARNING:pet.gui_stall_sampler:  [t-44ms] window_optional_services.py:62:<lambda> <- verify_seeky_multi.py:92:observed_frame <- window.py:1919:_on_frame <- window.py:2126:_rebuild_frame <- window.py:2291:_sync_mask <- window_optional_services.py:44:effects_coverage
WARNING:root:GUI 卡顿 117ms state=IDLE anim=待机呼吸休闲 physics=None
WARNING:pet.gui_stall_sampler:GUI 冻结现场（117ms，2 个采样点，旧→新）：
WARNING:pet.gui_stall_sampler:  [t-151ms] verify_seeky_multi.py:308:<module> <- verify_seeky_multi.py:244:main
WARNING:pet.gui_stall_sampler:  [t-45ms] webm_clip.py:2499:_poll <- webm_clip.py:2750:_process_frame <- window_optional_services.py:62:<lambda> <- verify_seeky_multi.py:92:observed_frame <- window.py:1917:_on_frame <- window.py:2119:_rebuild_frame
WARNING:root:GUI 卡顿 119ms state=IDLE anim=东张西望 physics=None
WARNING:pet.gui_stall_sampler:GUI 冻结现场（119ms，2 个采样点，旧→新）：
WARNING:pet.gui_stall_sampler:  [t-152ms] verify_seeky_multi.py:308:<module> <- verify_seeky_multi.py:244:main
WARNING:pet.gui_stall_sampler:  [t-46ms] webm_clip.py:2499:_poll <- webm_clip.py:2750:_process_frame <- window_optional_services.py:62:<lambda> <- verify_seeky_multi.py:92:observed_frame <- window.py:1917:_on_frame <- window.py:2119:_rebuild_frame
WARNING:root:GUI 卡顿 119ms state=IDLE anim=余额-分文不剩 physics=None
WARNING:pet.gui_stall_sampler:GUI 冻结现场（119ms，2 个采样点，旧→新）：
WARNING:pet.gui_stall_sampler:  [t-152ms] verify_seeky_multi.py:308:<module> <- verify_seeky_multi.py:244:main
WARNING:pet.gui_stall_sampler:  [t-46ms] webm_clip.py:2499:_poll <- webm_clip.py:2750:_process_frame <- window_optional_services.py:62:<lambda> <- verify_seeky_multi.py:92:observed_frame <- window.py:1917:_on_frame <- window.py:2119:_rebuild_frame
WARNING:root:GUI 卡顿 102ms state=IDLE anim=待机呼吸休闲 physics=None
WARNING:pet.gui_stall_sampler:GUI 冻结现场（102ms，2 个采样点，旧→新）：
WARNING:pet.gui_stall_sampler:  [t-136ms] verify_seeky_multi.py:308:<module> <- verify_seeky_multi.py:244:main
WARNING:pet.gui_stall_sampler:  [t-9ms] webm_clip.py:2499:_poll <- webm_clip.py:2750:_process_frame <- window_optional_services.py:62:<lambda> <- verify_seeky_multi.py:92:observed_frame <- window.py:1917:_on_frame <- window.py:2124:_rebuild_frame
WARNING:root:GUI 卡顿 104ms state=IDLE anim=东张西望 physics=None
WARNING:pet.gui_stall_sampler:GUI 冻结现场（104ms，2 个采样点，旧→新）：
WARNING:pet.gui_stall_sampler:  [t-137ms] verify_seeky_multi.py:308:<module> <- verify_seeky_multi.py:244:main
WARNING:pet.gui_stall_sampler:  [t-9ms] webm_clip.py:2499:_poll <- webm_clip.py:2750:_process_frame <- window_optional_services.py:62:<lambda> <- verify_seeky_multi.py:92:observed_frame <- window.py:1917:_on_frame <- window.py:2124:_rebuild_frame
WARNING:root:GUI 卡顿 105ms state=IDLE anim=余额-分文不剩 physics=None
WARNING:pet.gui_stall_sampler:GUI 冻结现场（105ms，2 个采样点，旧→新）：
WARNING:pet.gui_stall_sampler:  [t-137ms] verify_seeky_multi.py:308:<module> <- verify_seeky_multi.py:244:main
WARNING:pet.gui_stall_sampler:  [t-10ms] webm_clip.py:2499:_poll <- webm_clip.py:2750:_process_frame <- window_optional_services.py:62:<lambda> <- verify_seeky_multi.py:92:observed_frame <- window.py:1917:_on_frame <- window.py:2124:_rebuild_frame
WARNING:root:GUI 卡顿 120ms state=IDLE anim=待机呼吸休闲 physics=None
WARNING:pet.gui_stall_sampler:GUI 冻结现场（120ms，2 个采样点，旧→新）：
WARNING:pet.gui_stall_sampler:  [t-148ms] webm_clip.py:2499:_poll <- webm_clip.py:2750:_process_frame <- window_optional_services.py:62:<lambda> <- verify_seeky_multi.py:92:observed_frame <- window.py:1919:_on_frame <- window.py:2126:_rebuild_frame
WARNING:pet.gui_stall_sampler:  [t-11ms] webm_clip.py:2750:_process_frame <- window_optional_services.py:62:<lambda> <- verify_seeky_multi.py:92:observed_frame <- window.py:1919:_on_frame <- window.py:2126:_rebuild_frame <- window.py:2005:_frame_signature
WARNING:root:GUI 卡顿 121ms state=IDLE anim=东张西望 physics=None
WARNING:pet.gui_stall_sampler:GUI 冻结现场（121ms，2 个采样点，旧→新）：
WARNING:pet.gui_stall_sampler:  [t-149ms] webm_clip.py:2499:_poll <- webm_clip.py:2750:_process_frame <- window_optional_services.py:62:<lambda> <- verify_seeky_multi.py:92:observed_frame <- window.py:1919:_on_frame <- window.py:2126:_rebuild_frame
WARNING:pet.gui_stall_sampler:  [t-11ms] webm_clip.py:2750:_process_frame <- window_optional_services.py:62:<lambda> <- verify_seeky_multi.py:92:observed_frame <- window.py:1919:_on_frame <- window.py:2126:_rebuild_frame <- window.py:2005:_frame_signature
WARNING:root:GUI 卡顿 121ms state=IDLE anim=余额-分文不剩 physics=None
WARNING:pet.gui_stall_sampler:GUI 冻结现场（121ms，2 个采样点，旧→新）：
WARNING:pet.gui_stall_sampler:  [t-149ms] webm_clip.py:2499:_poll <- webm_clip.py:2750:_process_frame <- window_optional_services.py:62:<lambda> <- verify_seeky_multi.py:92:observed_frame <- window.py:1919:_on_frame <- window.py:2126:_rebuild_frame
WARNING:pet.gui_stall_sampler:  [t-12ms] webm_clip.py:2750:_process_frame <- window_optional_services.py:62:<lambda> <- verify_seeky_multi.py:92:observed_frame <- window.py:1919:_on_frame <- window.py:2126:_rebuild_frame <- window.py:2005:_frame_signature
WARNING:root:GUI 卡顿 141ms state=IDLE anim=待机呼吸休闲 physics=None
WARNING:pet.gui_stall_sampler:GUI 冻结现场（141ms，2 个采样点，旧→新）：
WARNING:pet.gui_stall_sampler:  [t-148ms] verify_seeky_multi.py:308:<module> <- verify_seeky_multi.py:244:main
WARNING:pet.gui_stall_sampler:  [t-9ms] verify_seeky_multi.py:92:observed_frame <- window.py:1917:_on_frame <- window.py:2124:_rebuild_frame <- window.py:2270:_sync_mask <- window_optional_services.py:42:effects_coverage <- frame_edges.py:27:coverage_region
WARNING:root:GUI 卡顿 161ms state=IDLE anim=东张西望 physics=None
WARNING:pet.gui_stall_sampler:GUI 冻结现场（161ms，2 个采样点，旧→新）：
WARNING:pet.gui_stall_sampler:  [t-168ms] verify_seeky_multi.py:308:<module> <- verify_seeky_multi.py:244:main
WARNING:pet.gui_stall_sampler:  [t-29ms] verify_seeky_multi.py:92:observed_frame <- window.py:1917:_on_frame <- window.py:2124:_rebuild_frame <- window.py:2270:_sync_mask <- window_optional_services.py:42:effects_coverage <- frame_edges.py:27:coverage_region
WARNING:root:GUI 卡顿 163ms state=IDLE anim=余额-分文不剩 physics=None
WARNING:pet.gui_stall_sampler:GUI 冻结现场（163ms，2 个采样点，旧→新）：
WARNING:pet.gui_stall_sampler:  [t-170ms] verify_seeky_multi.py:308:<module> <- verify_seeky_multi.py:244:main
WARNING:pet.gui_stall_sampler:  [t-31ms] verify_seeky_multi.py:92:observed_frame <- window.py:1917:_on_frame <- window.py:2124:_rebuild_frame <- window.py:2270:_sync_mask <- window_optional_services.py:42:effects_coverage <- frame_edges.py:27:coverage_region
WARNING:root:GUI 卡顿 118ms state=IDLE anim=待机呼吸休闲 physics=None
WARNING:pet.gui_stall_sampler:GUI 冻结现场（118ms，2 个采样点，旧→新）：
WARNING:pet.gui_stall_sampler:  [t-133ms] verify_seeky_multi.py:308:<module> <- verify_seeky_multi.py:244:main
WARNING:pet.gui_stall_sampler:  [t-33ms] webm_clip.py:2499:_poll <- webm_clip.py:2750:_process_frame <- window_optional_services.py:62:<lambda> <- verify_seeky_multi.py:92:observed_frame <- window.py:1917:_on_frame <- window.py:2106:_rebuild_frame
WARNING:root:GUI 卡顿 120ms state=IDLE anim=东张西望 physics=None
WARNING:pet.gui_stall_sampler:GUI 冻结现场（120ms，2 个采样点，旧→新）：
WARNING:pet.gui_stall_sampler:  [t-134ms] verify_seeky_multi.py:308:<module> <- verify_seeky_multi.py:244:main
WARNING:pet.gui_stall_sampler:  [t-34ms] webm_clip.py:2499:_poll <- webm_clip.py:2750:_process_frame <- window_optional_services.py:62:<lambda> <- verify_seeky_multi.py:92:observed_frame <- window.py:1917:_on_frame <- window.py:2106:_rebuild_frame
WARNING:root:GUI 卡顿 120ms state=IDLE anim=余额-分文不剩 physics=None
WARNING:pet.gui_stall_sampler:GUI 冻结现场（120ms，2 个采样点，旧→新）：
WARNING:pet.gui_stall_sampler:  [t-135ms] verify_seeky_multi.py:308:<module> <- verify_seeky_multi.py:244:main
WARNING:pet.gui_stall_sampler:  [t-34ms] webm_clip.py:2499:_poll <- webm_clip.py:2750:_process_frame <- window_optional_services.py:62:<lambda> <- verify_seeky_multi.py:92:observed_frame <- window.py:1917:_on_frame <- window.py:2106:_rebuild_frame
WARNING:root:GUI 卡顿 137ms state=IDLE anim=待机呼吸休闲 physics=None
WARNING:pet.gui_stall_sampler:GUI 冻结现场（137ms，2 个采样点，旧→新）：
WARNING:pet.gui_stall_sampler:  [t-170ms] verify_seeky_multi.py:308:<module> <- verify_seeky_multi.py:244:main
WARNING:pet.gui_stall_sampler:  [t-51ms] webm_clip.py:2499:_poll <- webm_clip.py:2750:_process_frame <- window_optional_services.py:62:<lambda> <- verify_seeky_multi.py:92:observed_frame <- window.py:1917:_on_frame <- window.py:2121:_rebuild_frame
WARNING:root:GUI 卡顿 140ms state=IDLE anim=东张西望 physics=None
WARNING:pet.gui_stall_sampler:GUI 冻结现场（140ms，2 个采样点，旧→新）：
WARNING:pet.gui_stall_sampler:  [t-171ms] verify_seeky_multi.py:308:<module> <- verify_seeky_multi.py:244:main
WARNING:pet.gui_stall_sampler:  [t-52ms] webm_clip.py:2499:_poll <- webm_clip.py:2750:_process_frame <- window_optional_services.py:62:<lambda> <- verify_seeky_multi.py:92:observed_frame <- window.py:1917:_on_frame <- window.py:2121:_rebuild_frame
WARNING:root:GUI 卡顿 140ms state=IDLE anim=余额-分文不剩 physics=None
WARNING:pet.gui_stall_sampler:GUI 冻结现场（140ms，2 个采样点，旧→新）：
WARNING:pet.gui_stall_sampler:  [t-172ms] verify_seeky_multi.py:308:<module> <- verify_seeky_multi.py:244:main
WARNING:pet.gui_stall_sampler:  [t-52ms] webm_clip.py:2499:_poll <- webm_clip.py:2750:_process_frame <- window_optional_services.py:62:<lambda> <- verify_seeky_multi.py:92:observed_frame <- window.py:1917:_on_frame <- window.py:2121:_rebuild_frame
WARNING:root:GUI 卡顿 135ms state=IDLE anim=待机呼吸休闲 physics=None
WARNING:pet.gui_stall_sampler:GUI 冻结现场（135ms，3 个采样点，旧→新）：
WARNING:pet.gui_stall_sampler:  [t-168ms] verify_seeky_multi.py:308:<module> <- verify_seeky_multi.py:244:main
WARNING:pet.gui_stall_sampler:  [t-81ms] webm_clip.py:2499:_poll <- webm_clip.py:2750:_process_frame <- window_optional_services.py:62:<lambda> <- verify_seeky_multi.py:92:observed_frame <- window.py:1917:_on_frame <- window.py:2106:_rebuild_frame
WARNING:pet.gui_stall_sampler:  [t-25ms] verify_seeky_multi.py:308:<module> <- verify_seeky_multi.py:244:main
WARNING:root:GUI 卡顿 137ms state=IDLE anim=东张西望 physics=None
WARNING:pet.gui_stall_sampler:GUI 冻结现场（137ms，3 个采样点，旧→新）：
WARNING:pet.gui_stall_sampler:  [t-169ms] verify_seeky_multi.py:308:<module> <- verify_seeky_multi.py:244:main
WARNING:pet.gui_stall_sampler:  [t-82ms] webm_clip.py:2499:_poll <- webm_clip.py:2750:_process_frame <- window_optional_services.py:62:<lambda> <- verify_seeky_multi.py:92:observed_frame <- window.py:1917:_on_frame <- window.py:2106:_rebuild_frame
WARNING:pet.gui_stall_sampler:  [t-27ms] verify_seeky_multi.py:308:<module> <- verify_seeky_multi.py:244:main
WARNING:root:GUI 卡顿 137ms state=IDLE anim=余额-分文不剩 physics=None
WARNING:pet.gui_stall_sampler:GUI 冻结现场（137ms，3 个采样点，旧→新）：
WARNING:pet.gui_stall_sampler:  [t-170ms] verify_seeky_multi.py:308:<module> <- verify_seeky_multi.py:244:main
WARNING:pet.gui_stall_sampler:  [t-83ms] webm_clip.py:2499:_poll <- webm_clip.py:2750:_process_frame <- window_optional_services.py:62:<lambda> <- verify_seeky_multi.py:92:observed_frame <- window.py:1917:_on_frame <- window.py:2106:_rebuild_frame
WARNING:pet.gui_stall_sampler:  [t-27ms] verify_seeky_multi.py:308:<module> <- verify_seeky_multi.py:244:main
WARNING:root:GUI 卡顿 103ms state=IDLE anim=待机呼吸休闲 physics=None
WARNING:pet.gui_stall_sampler:GUI 冻结现场（103ms，2 个采样点，旧→新）：
WARNING:pet.gui_stall_sampler:  [t-127ms] verify_seeky_multi.py:308:<module> <- verify_seeky_multi.py:244:main
WARNING:pet.gui_stall_sampler:  [t-60ms] verify_seeky_multi.py:244:main <- verify_seeky_multi.py:222:resize <- window.py:994:change_scale <- window.py:2124:_rebuild_frame <- window.py:2270:_sync_mask <- window_optional_services.py:42:effects_coverage
WARNING:root:GUI 卡顿 101ms state=IDLE anim=东张西望 physics=None
WARNING:pet.gui_stall_sampler:GUI 冻结现场（101ms，2 个采样点，旧→新）：
WARNING:pet.gui_stall_sampler:  [t-128ms] verify_seeky_multi.py:308:<module> <- verify_seeky_multi.py:244:main
WARNING:pet.gui_stall_sampler:  [t-60ms] verify_seeky_multi.py:244:main <- verify_seeky_multi.py:222:resize <- window.py:994:change_scale <- window.py:2124:_rebuild_frame <- window.py:2270:_sync_mask <- window_optional_services.py:42:effects_coverage
WARNING:root:GUI 卡顿 101ms state=IDLE anim=余额-分文不剩 physics=None
WARNING:pet.gui_stall_sampler:GUI 冻结现场（101ms，2 个采样点，旧→新）：
WARNING:pet.gui_stall_sampler:  [t-128ms] verify_seeky_multi.py:308:<module> <- verify_seeky_multi.py:244:main
WARNING:pet.gui_stall_sampler:  [t-60ms] verify_seeky_multi.py:244:main <- verify_seeky_multi.py:222:resize <- window.py:994:change_scale <- window.py:2124:_rebuild_frame <- window.py:2270:_sync_mask <- window_optional_services.py:42:effects_coverage
WARNING:root:GUI 卡顿 114ms state=IDLE anim=待机呼吸休闲 physics=None
WARNING:pet.gui_stall_sampler:GUI 冻结现场（114ms，2 个采样点，旧→新）：
WARNING:pet.gui_stall_sampler:  [t-126ms] verify_seeky_multi.py:308:<module> <- verify_seeky_multi.py:244:main
WARNING:pet.gui_stall_sampler:  [t-8ms] webm_clip.py:2499:_poll <- webm_clip.py:2750:_process_frame <- window_optional_services.py:62:<lambda> <- verify_seeky_multi.py:92:observed_frame <- window.py:1917:_on_frame <- window.py:2106:_rebuild_frame
WARNING:root:GUI 卡顿 115ms state=IDLE anim=东张西望 physics=None
WARNING:pet.gui_stall_sampler:GUI 冻结现场（115ms，2 个采样点，旧→新）：
WARNING:pet.gui_stall_sampler:  [t-126ms] verify_seeky_multi.py:308:<module> <- verify_seeky_multi.py:244:main
WARNING:pet.gui_stall_sampler:  [t-9ms] webm_clip.py:2499:_poll <- webm_clip.py:2750:_process_frame <- window_optional_services.py:62:<lambda> <- verify_seeky_multi.py:92:observed_frame <- window.py:1917:_on_frame <- window.py:2106:_rebuild_frame
WARNING:root:GUI 卡顿 116ms state=IDLE anim=余额-分文不剩 physics=None
WARNING:pet.gui_stall_sampler:GUI 冻结现场（116ms，2 个采样点，旧→新）：
WARNING:pet.gui_stall_sampler:  [t-127ms] verify_seeky_multi.py:308:<module> <- verify_seeky_multi.py:244:main
WARNING:pet.gui_stall_sampler:  [t-9ms] webm_clip.py:2499:_poll <- webm_clip.py:2750:_process_frame <- window_optional_services.py:62:<lambda> <- verify_seeky_multi.py:92:observed_frame <- window.py:1917:_on_frame <- window.py:2106:_rebuild_frame
WARNING:root:GUI 卡顿 137ms state=IDLE anim=待机呼吸休闲 physics=None
WARNING:pet.gui_stall_sampler:GUI 冻结现场（137ms，2 个采样点，旧→新）：
WARNING:pet.gui_stall_sampler:  [t-165ms] webm_clip.py:2499:_poll <- webm_clip.py:2750:_process_frame <- window_optional_services.py:62:<lambda> <- verify_seeky_multi.py:92:observed_frame <- window.py:1917:_on_frame <- window.py:2124:_rebuild_frame
WARNING:pet.gui_stall_sampler:  [t-18ms] webm_clip.py:2499:_poll <- webm_clip.py:2750:_process_frame <- window_optional_services.py:62:<lambda> <- verify_seeky_multi.py:92:observed_frame <- window.py:1917:_on_frame <- window.py:2114:_rebuild_frame
WARNING:root:GUI 卡顿 138ms state=IDLE anim=东张西望 physics=None
WARNING:pet.gui_stall_sampler:GUI 冻结现场（138ms，2 个采样点，旧→新）：
WARNING:pet.gui_stall_sampler:  [t-166ms] webm_clip.py:2499:_poll <- webm_clip.py:2750:_process_frame <- window_optional_services.py:62:<lambda> <- verify_seeky_multi.py:92:observed_frame <- window.py:1917:_on_frame <- window.py:2124:_rebuild_frame
WARNING:pet.gui_stall_sampler:  [t-18ms] webm_clip.py:2499:_poll <- webm_clip.py:2750:_process_frame <- window_optional_services.py:62:<lambda> <- verify_seeky_multi.py:92:observed_frame <- window.py:1917:_on_frame <- window.py:2114:_rebuild_frame
WARNING:root:GUI 卡顿 138ms state=IDLE anim=余额-分文不剩 physics=None
WARNING:pet.gui_stall_sampler:GUI 冻结现场（138ms，2 个采样点，旧→新）：
WARNING:pet.gui_stall_sampler:  [t-166ms] webm_clip.py:2499:_poll <- webm_clip.py:2750:_process_frame <- window_optional_services.py:62:<lambda> <- verify_seeky_multi.py:92:observed_frame <- window.py:1917:_on_frame <- window.py:2124:_rebuild_frame
WARNING:pet.gui_stall_sampler:  [t-18ms] webm_clip.py:2499:_poll <- webm_clip.py:2750:_process_frame <- window_optional_services.py:62:<lambda> <- verify_seeky_multi.py:92:observed_frame <- window.py:1917:_on_frame <- window.py:2114:_rebuild_frame
WARNING:root:GUI 卡顿 191ms state=IDLE anim=待机呼吸休闲 physics=None
WARNING:pet.gui_stall_sampler:GUI 冻结现场（191ms，1 个采样点，旧→新）：
WARNING:pet.gui_stall_sampler:  [t-34ms] webm_clip.py:2499:_poll <- webm_clip.py:2750:_process_frame <- window_optional_services.py:62:<lambda> <- verify_seeky_multi.py:92:observed_frame <- window.py:1917:_on_frame <- window.py:2106:_rebuild_frame
WARNING:root:GUI 卡顿 193ms state=IDLE anim=东张西望 physics=None
WARNING:pet.gui_stall_sampler:GUI 冻结现场（193ms，1 个采样点，旧→新）：
WARNING:pet.gui_stall_sampler:  [t-36ms] webm_clip.py:2499:_poll <- webm_clip.py:2750:_process_frame <- window_optional_services.py:62:<lambda> <- verify_seeky_multi.py:92:observed_frame <- window.py:1917:_on_frame <- window.py:2106:_rebuild_frame
WARNING:root:GUI 卡顿 193ms state=IDLE anim=余额-分文不剩 physics=None
WARNING:pet.gui_stall_sampler:GUI 冻结现场（193ms，1 个采样点，旧→新）：
WARNING:pet.gui_stall_sampler:  [t-36ms] webm_clip.py:2499:_poll <- webm_clip.py:2750:_process_frame <- window_optional_services.py:62:<lambda> <- verify_seeky_multi.py:92:observed_frame <- window.py:1917:_on_frame <- window.py:2106:_rebuild_frame
WARNING:root:GUI 卡顿 120ms state=IDLE anim=待机呼吸休闲 physics=None
WARNING:pet.gui_stall_sampler:GUI 冻结现场（120ms，2 个采样点，旧→新）：
WARNING:pet.gui_stall_sampler:  [t-142ms] verify_seeky_multi.py:308:<module> <- verify_seeky_multi.py:244:main
WARNING:pet.gui_stall_sampler:  [t-5ms] webm_clip.py:2499:_poll <- webm_clip.py:2750:_process_frame <- window_optional_services.py:62:<lambda> <- verify_seeky_multi.py:92:observed_frame <- window.py:1917:_on_frame <- window.py:2119:_rebuild_frame
WARNING:root:GUI 卡顿 122ms state=IDLE anim=东张西望 physics=None
WARNING:pet.gui_stall_sampler:GUI 冻结现场（122ms，2 个采样点，旧→新）：
WARNING:pet.gui_stall_sampler:  [t-143ms] verify_seeky_multi.py:308:<module> <- verify_seeky_multi.py:244:main
WARNING:pet.gui_stall_sampler:  [t-6ms] webm_clip.py:2499:_poll <- webm_clip.py:2750:_process_frame <- window_optional_services.py:62:<lambda> <- verify_seeky_multi.py:92:observed_frame <- window.py:1917:_on_frame <- window.py:2119:_rebuild_frame
WARNING:root:GUI 卡顿 122ms state=IDLE anim=余额-分文不剩 physics=None
WARNING:pet.gui_stall_sampler:GUI 冻结现场（122ms，2 个采样点，旧→新）：
WARNING:pet.gui_stall_sampler:  [t-143ms] verify_seeky_multi.py:308:<module> <- verify_seeky_multi.py:244:main
WARNING:pet.gui_stall_sampler:  [t-6ms] webm_clip.py:2499:_poll <- webm_clip.py:2750:_process_frame <- window_optional_services.py:62:<lambda> <- verify_seeky_multi.py:92:observed_frame <- window.py:1917:_on_frame <- window.py:2119:_rebuild_frame
WARNING:root:GUI 卡顿 144ms state=IDLE anim=待机呼吸休闲 physics=None
WARNING:pet.gui_stall_sampler:GUI 冻结现场（144ms，2 个采样点，旧→新）：
WARNING:pet.gui_stall_sampler:  [t-175ms] verify_seeky_multi.py:308:<module> <- verify_seeky_multi.py:244:main
WARNING:pet.gui_stall_sampler:  [t-1ms] webm_clip.py:2499:_poll <- webm_clip.py:2750:_process_frame <- window_optional_services.py:62:<lambda> <- verify_seeky_multi.py:92:observed_frame <- window.py:1917:_on_frame <- window.py:2106:_rebuild_frame
WARNING:root:GUI 卡顿 185ms state=IDLE anim=东张西望 physics=None
WARNING:pet.gui_stall_sampler:GUI 冻结现场（185ms，2 个采样点，旧→新）：
WARNING:pet.gui_stall_sampler:  [t-215ms] verify_seeky_multi.py:308:<module> <- verify_seeky_multi.py:244:main
WARNING:pet.gui_stall_sampler:  [t-41ms] webm_clip.py:2499:_poll <- webm_clip.py:2750:_process_frame <- window_optional_services.py:62:<lambda> <- verify_seeky_multi.py:92:observed_frame <- window.py:1917:_on_frame <- window.py:2106:_rebuild_frame
WARNING:root:GUI 卡顿 185ms state=IDLE anim=余额-分文不剩 physics=None
WARNING:pet.gui_stall_sampler:GUI 冻结现场（185ms，2 个采样点，旧→新）：
WARNING:pet.gui_stall_sampler:  [t-216ms] verify_seeky_multi.py:308:<module> <- verify_seeky_multi.py:244:main
WARNING:pet.gui_stall_sampler:  [t-42ms] webm_clip.py:2499:_poll <- webm_clip.py:2750:_process_frame <- window_optional_services.py:62:<lambda> <- verify_seeky_multi.py:92:observed_frame <- window.py:1917:_on_frame <- window.py:2106:_rebuild_frame
WARNING:root:GUI 卡顿 101ms state=IDLE anim=待机呼吸休闲 physics=None
WARNING:pet.gui_stall_sampler:GUI 冻结现场（101ms，1 个采样点，旧→新）：
WARNING:pet.gui_stall_sampler:  [t-102ms] webm_clip.py:2499:_poll <- webm_clip.py:2750:_process_frame <- window_optional_services.py:62:<lambda> <- verify_seeky_multi.py:92:observed_frame <- window.py:1917:_on_frame <- window.py:2106:_rebuild_frame
WARNING:root:GUI 卡顿 137ms state=IDLE anim=待机呼吸休闲 physics=None
WARNING:pet.gui_stall_sampler:GUI 冻结现场（137ms，2 个采样点，旧→新）：
WARNING:pet.gui_stall_sampler:  [t-181ms] webm_clip.py:2499:_poll <- webm_clip.py:2750:_process_frame <- window_optional_services.py:62:<lambda> <- verify_seeky_multi.py:92:observed_frame <- window.py:1917:_on_frame <- window.py:2106:_rebuild_frame
WARNING:pet.gui_stall_sampler:  [t-3ms] verify_seeky_multi.py:308:<module> <- verify_seeky_multi.py:244:main <- webm_clip.py:2499:_poll <- webm_clip.py:2724:_process_frame
WARNING:root:GUI 卡顿 138ms state=IDLE anim=东张西望 physics=None
WARNING:pet.gui_stall_sampler:GUI 冻结现场（138ms，2 个采样点，旧→新）：
WARNING:pet.gui_stall_sampler:  [t-182ms] webm_clip.py:2499:_poll <- webm_clip.py:2750:_process_frame <- window_optional_services.py:62:<lambda> <- verify_seeky_multi.py:92:observed_frame <- window.py:1917:_on_frame <- window.py:2106:_rebuild_frame
WARNING:pet.gui_stall_sampler:  [t-3ms] verify_seeky_multi.py:308:<module> <- verify_seeky_multi.py:244:main <- webm_clip.py:2499:_poll <- webm_clip.py:2724:_process_frame
WARNING:root:GUI 卡顿 139ms state=IDLE anim=余额-分文不剩 physics=None
WARNING:pet.gui_stall_sampler:GUI 冻结现场（139ms，2 个采样点，旧→新）：
WARNING:pet.gui_stall_sampler:  [t-182ms] webm_clip.py:2499:_poll <- webm_clip.py:2750:_process_frame <- window_optional_services.py:62:<lambda> <- verify_seeky_multi.py:92:observed_frame <- window.py:1917:_on_frame <- window.py:2106:_rebuild_frame
WARNING:pet.gui_stall_sampler:  [t-4ms] verify_seeky_multi.py:308:<module> <- verify_seeky_multi.py:244:main <- webm_clip.py:2499:_poll <- webm_clip.py:2724:_process_frame
WARNING:root:GUI 卡顿 105ms state=IDLE anim=待机呼吸休闲 physics=None
WARNING:pet.gui_stall_sampler:GUI 冻结现场（105ms，2 个采样点，旧→新）：
WARNING:pet.gui_stall_sampler:  [t-122ms] verify_seeky_multi.py:308:<module> <- verify_seeky_multi.py:244:main
WARNING:root:GUI 卡顿 105ms state=IDLE anim=东张西望 physics=None
WARNING:pet.gui_stall_sampler:GUI 冻结现场（105ms，2 个采样点，旧→新）：
WARNING:pet.gui_stall_sampler:  [t-122ms] verify_seeky_multi.py:308:<module> <- verify_seeky_multi.py:244:main
WARNING:root:GUI 卡顿 106ms state=IDLE anim=余额-分文不剩 physics=None
WARNING:pet.gui_stall_sampler:GUI 冻结现场（106ms，2 个采样点，旧→新）：
WARNING:pet.gui_stall_sampler:  [t-123ms] verify_seeky_multi.py:308:<module> <- verify_seeky_multi.py:244:main
WARNING:root:GUI 卡顿 258ms state=IDLE anim=待机呼吸休闲 physics=None
WARNING:pet.gui_stall_sampler:GUI 冻结现场（258ms，2 个采样点，旧→新）：
WARNING:pet.gui_stall_sampler:  [t-208ms] webm_clip.py:2499:_poll <- webm_clip.py:2750:_process_frame <- window_optional_services.py:62:<lambda> <- verify_seeky_multi.py:92:observed_frame <- window.py:1917:_on_frame <- window.py:2106:_rebuild_frame
WARNING:pet.gui_stall_sampler:  [t-38ms] verify_seeky_multi.py:308:<module> <- verify_seeky_multi.py:244:main
WARNING:root:GUI 卡顿 260ms state=IDLE anim=东张西望 physics=None
WARNING:pet.gui_stall_sampler:GUI 冻结现场（260ms，2 个采样点，旧→新）：
WARNING:pet.gui_stall_sampler:  [t-209ms] webm_clip.py:2499:_poll <- webm_clip.py:2750:_process_frame <- window_optional_services.py:62:<lambda> <- verify_seeky_multi.py:92:observed_frame <- window.py:1917:_on_frame <- window.py:2106:_rebuild_frame
WARNING:pet.gui_stall_sampler:  [t-39ms] verify_seeky_multi.py:308:<module> <- verify_seeky_multi.py:244:main
WARNING:root:GUI 卡顿 260ms state=IDLE anim=余额-分文不剩 physics=None
WARNING:pet.gui_stall_sampler:GUI 冻结现场（260ms，2 个采样点，旧→新）：
WARNING:pet.gui_stall_sampler:  [t-210ms] webm_clip.py:2499:_poll <- webm_clip.py:2750:_process_frame <- window_optional_services.py:62:<lambda> <- verify_seeky_multi.py:92:observed_frame <- window.py:1917:_on_frame <- window.py:2106:_rebuild_frame
WARNING:pet.gui_stall_sampler:  [t-39ms] verify_seeky_multi.py:308:<module> <- verify_seeky_multi.py:244:main
WARNING:root:GUI 卡顿 718ms state=IDLE anim=待机呼吸休闲 physics=None
WARNING:pet.gui_stall_sampler:GUI 冻结现场（718ms，11 个采样点，旧→新）：
WARNING:pet.gui_stall_sampler:  [t-726ms] webm_clip.py:2499:_poll <- webm_clip.py:2750:_process_frame <- window_optional_services.py:62:<lambda> <- verify_seeky_multi.py:92:observed_frame <- window.py:1917:_on_frame <- window.py:2119:_rebuild_frame
WARNING:pet.gui_stall_sampler:  [t-663ms] window.py:1705:switch_clip <- window.py:1687:_switch <- library.py:918:release_superseded_movies <- webm_clip.py:1140:cleanup <- webm_clip.py:1197:_reap_retired <- threading.py:1092:join
WARNING:pet.gui_stall_sampler:  [t-141ms] window.py:1705:switch_clip <- window.py:1687:_switch <- library.py:918:release_superseded_movies <- webm_clip.py:1144:cleanup <- webm_clip.py:1165:_retire_grace_wait <- threading.py:1092:join
WARNING:pet.gui_stall_sampler:  [t-32ms] window_optional_services.py:62:<lambda> <- verify_seeky_multi.py:92:observed_frame <- window.py:1917:_on_frame <- window.py:2106:_rebuild_frame <- window.py:2005:_frame_signature <- window.py:2039:_frame_content_fingerprint
WARNING:root:GUI 卡顿 719ms state=IDLE anim=东张西望 physics=None
WARNING:pet.gui_stall_sampler:GUI 冻结现场（719ms，11 个采样点，旧→新）：
WARNING:pet.gui_stall_sampler:  [t-727ms] webm_clip.py:2499:_poll <- webm_clip.py:2750:_process_frame <- window_optional_services.py:62:<lambda> <- verify_seeky_multi.py:92:observed_frame <- window.py:1917:_on_frame <- window.py:2119:_rebuild_frame
WARNING:pet.gui_stall_sampler:  [t-664ms] window.py:1705:switch_clip <- window.py:1687:_switch <- library.py:918:release_superseded_movies <- webm_clip.py:1140:cleanup <- webm_clip.py:1197:_reap_retired <- threading.py:1092:join
WARNING:pet.gui_stall_sampler:  [t-142ms] window.py:1705:switch_clip <- window.py:1687:_switch <- library.py:918:release_superseded_movies <- webm_clip.py:1144:cleanup <- webm_clip.py:1165:_retire_grace_wait <- threading.py:1092:join
WARNING:pet.gui_stall_sampler:  [t-33ms] window_optional_services.py:62:<lambda> <- verify_seeky_multi.py:92:observed_frame <- window.py:1917:_on_frame <- window.py:2106:_rebuild_frame <- window.py:2005:_frame_signature <- window.py:2039:_frame_content_fingerprint
WARNING:root:GUI 卡顿 719ms state=IDLE anim=余额-分文不剩 physics=None
WARNING:pet.gui_stall_sampler:GUI 冻结现场（719ms，11 个采样点，旧→新）：
WARNING:pet.gui_stall_sampler:  [t-727ms] webm_clip.py:2499:_poll <- webm_clip.py:2750:_process_frame <- window_optional_services.py:62:<lambda> <- verify_seeky_multi.py:92:observed_frame <- window.py:1917:_on_frame <- window.py:2119:_rebuild_frame
WARNING:pet.gui_stall_sampler:  [t-665ms] window.py:1705:switch_clip <- window.py:1687:_switch <- library.py:918:release_superseded_movies <- webm_clip.py:1140:cleanup <- webm_clip.py:1197:_reap_retired <- threading.py:1092:join
WARNING:pet.gui_stall_sampler:  [t-142ms] window.py:1705:switch_clip <- window.py:1687:_switch <- library.py:918:release_superseded_movies <- webm_clip.py:1144:cleanup <- webm_clip.py:1165:_retire_grace_wait <- threading.py:1092:join
WARNING:pet.gui_stall_sampler:  [t-33ms] window_optional_services.py:62:<lambda> <- verify_seeky_multi.py:92:observed_frame <- window.py:1917:_on_frame <- window.py:2106:_rebuild_frame <- window.py:2005:_frame_signature <- window.py:2039:_frame_content_fingerprint
WARNING:root:GUI 卡顿 154ms state=IDLE anim=待机呼吸休闲 physics=None
WARNING:pet.gui_stall_sampler:GUI 冻结现场（154ms，2 个采样点，旧→新）：
WARNING:pet.gui_stall_sampler:  [t-186ms] window_optional_services.py:62:<lambda> <- verify_seeky_multi.py:92:observed_frame <- window.py:1917:_on_frame <- window.py:2106:_rebuild_frame <- window.py:2005:_frame_signature <- window.py:2039:_frame_content_fingerprint
WARNING:pet.gui_stall_sampler:  [t-52ms] webm_clip.py:2499:_poll <- webm_clip.py:2750:_process_frame <- window_optional_services.py:62:<lambda> <- verify_seeky_multi.py:92:observed_frame <- window.py:1917:_on_frame <- window.py:2106:_rebuild_frame
WARNING:root:GUI 卡顿 153ms state=IDLE anim=东张西望 physics=None
WARNING:pet.gui_stall_sampler:GUI 冻结现场（153ms，2 个采样点，旧→新）：
WARNING:pet.gui_stall_sampler:  [t-186ms] window_optional_services.py:62:<lambda> <- verify_seeky_multi.py:92:observed_frame <- window.py:1917:_on_frame <- window.py:2106:_rebuild_frame <- window.py:2005:_frame_signature <- window.py:2039:_frame_content_fingerprint
WARNING:pet.gui_stall_sampler:  [t-53ms] webm_clip.py:2499:_poll <- webm_clip.py:2750:_process_frame <- window_optional_services.py:62:<lambda> <- verify_seeky_multi.py:92:observed_frame <- window.py:1917:_on_frame <- window.py:2106:_rebuild_frame
WARNING:root:GUI 卡顿 153ms state=IDLE anim=余额-分文不剩 physics=None
WARNING:pet.gui_stall_sampler:GUI 冻结现场（153ms，2 个采样点，旧→新）：
WARNING:pet.gui_stall_sampler:  [t-187ms] window_optional_services.py:62:<lambda> <- verify_seeky_multi.py:92:observed_frame <- window.py:1917:_on_frame <- window.py:2106:_rebuild_frame <- window.py:2005:_frame_signature <- window.py:2039:_frame_content_fingerprint
WARNING:pet.gui_stall_sampler:  [t-53ms] webm_clip.py:2499:_poll <- webm_clip.py:2750:_process_frame <- window_optional_services.py:62:<lambda> <- verify_seeky_multi.py:92:observed_frame <- window.py:1917:_on_frame <- window.py:2106:_rebuild_frame
WARNING:root:GUI 卡顿 165ms state=IDLE anim=待机呼吸休闲 physics=None
WARNING:pet.gui_stall_sampler:GUI 冻结现场（165ms，3 个采样点，旧→新）：
WARNING:pet.gui_stall_sampler:  [t-146ms] verify_seeky_multi.py:308:<module> <- verify_seeky_multi.py:244:main <- webm_clip.py:2499:_poll <- webm_clip.py:2723:_process_frame
WARNING:pet.gui_stall_sampler:  [t-81ms] webm_clip.py:2499:_poll <- webm_clip.py:2750:_process_frame <- window_optional_services.py:62:<lambda> <- verify_seeky_multi.py:92:observed_frame <- window.py:1917:_on_frame <- window.py:2106:_rebuild_frame
WARNING:pet.gui_stall_sampler:  [t-11ms] webm_clip.py:2499:_poll <- webm_clip.py:2750:_process_frame <- window_optional_services.py:62:<lambda> <- verify_seeky_multi.py:92:observed_frame <- window.py:1917:_on_frame <- window.py:2124:_rebuild_frame
WARNING:root:GUI 卡顿 165ms state=IDLE anim=东张西望 physics=None
WARNING:pet.gui_stall_sampler:GUI 冻结现场（165ms，3 个采样点，旧→新）：
WARNING:pet.gui_stall_sampler:  [t-146ms] verify_seeky_multi.py:308:<module> <- verify_seeky_multi.py:244:main <- webm_clip.py:2499:_poll <- webm_clip.py:2723:_process_frame
WARNING:pet.gui_stall_sampler:  [t-82ms] webm_clip.py:2499:_poll <- webm_clip.py:2750:_process_frame <- window_optional_services.py:62:<lambda> <- verify_seeky_multi.py:92:observed_frame <- window.py:1917:_on_frame <- window.py:2106:_rebuild_frame
WARNING:pet.gui_stall_sampler:  [t-11ms] webm_clip.py:2499:_poll <- webm_clip.py:2750:_process_frame <- window_optional_services.py:62:<lambda> <- verify_seeky_multi.py:92:observed_frame <- window.py:1917:_on_frame <- window.py:2124:_rebuild_frame
WARNING:root:GUI 卡顿 165ms state=IDLE anim=余额-分文不剩 physics=None
WARNING:pet.gui_stall_sampler:GUI 冻结现场（165ms，3 个采样点，旧→新）：
WARNING:pet.gui_stall_sampler:  [t-146ms] verify_seeky_multi.py:308:<module> <- verify_seeky_multi.py:244:main <- webm_clip.py:2499:_poll <- webm_clip.py:2723:_process_frame
WARNING:pet.gui_stall_sampler:  [t-82ms] webm_clip.py:2499:_poll <- webm_clip.py:2750:_process_frame <- window_optional_services.py:62:<lambda> <- verify_seeky_multi.py:92:observed_frame <- window.py:1917:_on_frame <- window.py:2106:_rebuild_frame
WARNING:pet.gui_stall_sampler:  [t-12ms] webm_clip.py:2499:_poll <- webm_clip.py:2750:_process_frame <- window_optional_services.py:62:<lambda> <- verify_seeky_multi.py:92:observed_frame <- window.py:1917:_on_frame <- window.py:2124:_rebuild_frame
WARNING:root:GUI 卡顿 193ms state=IDLE anim=待机呼吸休闲 physics=None
WARNING:pet.gui_stall_sampler:GUI 冻结现场（193ms，2 个采样点，旧→新）：
WARNING:pet.gui_stall_sampler:  [t-217ms] verify_seeky_multi.py:308:<module> <- verify_seeky_multi.py:244:main
WARNING:pet.gui_stall_sampler:  [t-43ms] verify_seeky_multi.py:308:<module> <- verify_seeky_multi.py:244:main <- webm_clip.py:2499:_poll <- webm_clip.py:2724:_process_frame
WARNING:root:GUI 卡顿 194ms state=IDLE anim=东张西望 physics=None
WARNING:pet.gui_stall_sampler:GUI 冻结现场（194ms，2 个采样点，旧→新）：
WARNING:pet.gui_stall_sampler:  [t-218ms] verify_seeky_multi.py:308:<module> <- verify_seeky_multi.py:244:main
WARNING:pet.gui_stall_sampler:  [t-43ms] verify_seeky_multi.py:308:<module> <- verify_seeky_multi.py:244:main <- webm_clip.py:2499:_poll <- webm_clip.py:2724:_process_frame
WARNING:root:GUI 卡顿 194ms state=IDLE anim=余额-分文不剩 physics=None
WARNING:pet.gui_stall_sampler:GUI 冻结现场（194ms，2 个采样点，旧→新）：
WARNING:pet.gui_stall_sampler:  [t-218ms] verify_seeky_multi.py:308:<module> <- verify_seeky_multi.py:244:main
WARNING:pet.gui_stall_sampler:  [t-44ms] verify_seeky_multi.py:308:<module> <- verify_seeky_multi.py:244:main <- webm_clip.py:2499:_poll <- webm_clip.py:2724:_process_frame
WARNING:root:GUI 卡顿 213ms state=IDLE anim=待机呼吸休闲 physics=None
WARNING:pet.gui_stall_sampler:GUI 冻结现场（213ms，2 个采样点，旧→新）：
WARNING:pet.gui_stall_sampler:  [t-222ms] verify_seeky_multi.py:308:<module> <- verify_seeky_multi.py:244:main
WARNING:pet.gui_stall_sampler:  [t-84ms] webm_clip.py:2499:_poll <- webm_clip.py:2750:_process_frame <- window_optional_services.py:62:<lambda> <- verify_seeky_multi.py:92:observed_frame <- window.py:1917:_on_frame <- window.py:2106:_rebuild_frame
WARNING:root:GUI 卡顿 214ms state=IDLE anim=东张西望 physics=None
WARNING:pet.gui_stall_sampler:GUI 冻结现场（214ms，2 个采样点，旧→新）：
WARNING:pet.gui_stall_sampler:  [t-222ms] verify_seeky_multi.py:308:<module> <- verify_seeky_multi.py:244:main
WARNING:pet.gui_stall_sampler:  [t-85ms] webm_clip.py:2499:_poll <- webm_clip.py:2750:_process_frame <- window_optional_services.py:62:<lambda> <- verify_seeky_multi.py:92:observed_frame <- window.py:1917:_on_frame <- window.py:2106:_rebuild_frame
WARNING:root:GUI 卡顿 215ms state=IDLE anim=余额-分文不剩 physics=None
WARNING:pet.gui_stall_sampler:GUI 冻结现场（215ms，2 个采样点，旧→新）：
WARNING:pet.gui_stall_sampler:  [t-223ms] verify_seeky_multi.py:308:<module> <- verify_seeky_multi.py:244:main
WARNING:pet.gui_stall_sampler:  [t-85ms] webm_clip.py:2499:_poll <- webm_clip.py:2750:_process_frame <- window_optional_services.py:62:<lambda> <- verify_seeky_multi.py:92:observed_frame <- window.py:1917:_on_frame <- window.py:2106:_rebuild_frame
WARNING:root:GUI 卡顿 105ms state=IDLE anim=待机呼吸休闲 physics=None
WARNING:pet.gui_stall_sampler:GUI 冻结现场（105ms，2 个采样点，旧→新）：
WARNING:pet.gui_stall_sampler:  [t-142ms] verify_seeky_multi.py:308:<module> <- verify_seeky_multi.py:244:main
WARNING:pet.gui_stall_sampler:  [t-20ms] verify_seeky_multi.py:308:<module> <- verify_seeky_multi.py:244:main <- webm_clip.py:2499:_poll <- webm_clip.py:2724:_process_frame
WARNING:root:GUI 卡顿 106ms state=IDLE anim=东张西望 physics=None
WARNING:pet.gui_stall_sampler:GUI 冻结现场（106ms，2 个采样点，旧→新）：
WARNING:pet.gui_stall_sampler:  [t-143ms] verify_seeky_multi.py:308:<module> <- verify_seeky_multi.py:244:main
WARNING:pet.gui_stall_sampler:  [t-20ms] verify_seeky_multi.py:308:<module> <- verify_seeky_multi.py:244:main <- webm_clip.py:2499:_poll <- webm_clip.py:2724:_process_frame
WARNING:root:GUI 卡顿 106ms state=IDLE anim=余额-分文不剩 physics=None
WARNING:pet.gui_stall_sampler:GUI 冻结现场（106ms，2 个采样点，旧→新）：
WARNING:pet.gui_stall_sampler:  [t-143ms] verify_seeky_multi.py:308:<module> <- verify_seeky_multi.py:244:main
WARNING:pet.gui_stall_sampler:  [t-21ms] verify_seeky_multi.py:308:<module> <- verify_seeky_multi.py:244:main <- webm_clip.py:2499:_poll <- webm_clip.py:2724:_process_frame
WARNING:root:GUI 卡顿 129ms state=IDLE anim=待机呼吸休闲 physics=None
WARNING:pet.gui_stall_sampler:GUI 冻结现场（129ms，3 个采样点，旧→新）：
WARNING:pet.gui_stall_sampler:  [t-160ms] verify_seeky_multi.py:308:<module> <- verify_seeky_multi.py:244:main
WARNING:pet.gui_stall_sampler:  [t-70ms] webm_clip.py:2499:_poll <- webm_clip.py:2750:_process_frame <- window_optional_services.py:62:<lambda> <- verify_seeky_multi.py:92:observed_frame <- window.py:1917:_on_frame <- window.py:2106:_rebuild_frame
WARNING:pet.gui_stall_sampler:  [t-8ms] verify_seeky_multi.py:308:<module> <- verify_seeky_multi.py:244:main <- window.py:2460:paintEvent
WARNING:root:GUI 卡顿 130ms state=IDLE anim=东张西望 physics=None
WARNING:pet.gui_stall_sampler:GUI 冻结现场（130ms，3 个采样点，旧→新）：
WARNING:pet.gui_stall_sampler:  [t-161ms] verify_seeky_multi.py:308:<module> <- verify_seeky_multi.py:244:main
WARNING:pet.gui_stall_sampler:  [t-71ms] webm_clip.py:2499:_poll <- webm_clip.py:2750:_process_frame <- window_optional_services.py:62:<lambda> <- verify_seeky_multi.py:92:observed_frame <- window.py:1917:_on_frame <- window.py:2106:_rebuild_frame
WARNING:pet.gui_stall_sampler:  [t-9ms] verify_seeky_multi.py:308:<module> <- verify_seeky_multi.py:244:main <- window.py:2460:paintEvent
WARNING:root:GUI 卡顿 131ms state=IDLE anim=余额-分文不剩 physics=None
WARNING:pet.gui_stall_sampler:GUI 冻结现场（131ms，3 个采样点，旧→新）：
WARNING:pet.gui_stall_sampler:  [t-161ms] verify_seeky_multi.py:308:<module> <- verify_seeky_multi.py:244:main
WARNING:pet.gui_stall_sampler:  [t-72ms] webm_clip.py:2499:_poll <- webm_clip.py:2750:_process_frame <- window_optional_services.py:62:<lambda> <- verify_seeky_multi.py:92:observed_frame <- window.py:1917:_on_frame <- window.py:2106:_rebuild_frame
WARNING:pet.gui_stall_sampler:  [t-9ms] verify_seeky_multi.py:308:<module> <- verify_seeky_multi.py:244:main <- window.py:2460:paintEvent
WARNING:root:GUI 卡顿 111ms state=IDLE anim=待机呼吸休闲 physics=None
WARNING:pet.gui_stall_sampler:GUI 冻结现场（111ms，2 个采样点，旧→新）：
WARNING:pet.gui_stall_sampler:  [t-120ms] verify_seeky_multi.py:308:<module> <- verify_seeky_multi.py:244:main
WARNING:root:GUI 卡顿 112ms state=IDLE anim=东张西望 physics=None
WARNING:pet.gui_stall_sampler:GUI 冻结现场（112ms，2 个采样点，旧→新）：
WARNING:pet.gui_stall_sampler:  [t-121ms] verify_seeky_multi.py:308:<module> <- verify_seeky_multi.py:244:main
WARNING:root:GUI 卡顿 112ms state=IDLE anim=余额-分文不剩 physics=None
WARNING:pet.gui_stall_sampler:GUI 冻结现场（112ms，2 个采样点，旧→新）：
WARNING:pet.gui_stall_sampler:  [t-121ms] verify_seeky_multi.py:308:<module> <- verify_seeky_multi.py:244:main
WARNING:root:GUI 卡顿 226ms state=IDLE anim=待机呼吸休闲 physics=None
WARNING:pet.gui_stall_sampler:GUI 冻结现场（226ms，1 个采样点，旧→新）：
WARNING:pet.gui_stall_sampler:  [t-58ms] verify_seeky_multi.py:308:<module> <- verify_seeky_multi.py:244:main <- webm_clip.py:2499:_poll <- webm_clip.py:2724:_process_frame
WARNING:root:GUI 卡顿 226ms state=IDLE anim=东张西望 physics=None
WARNING:pet.gui_stall_sampler:GUI 冻结现场（226ms，1 个采样点，旧→新）：
WARNING:pet.gui_stall_sampler:  [t-59ms] verify_seeky_multi.py:308:<module> <- verify_seeky_multi.py:244:main <- webm_clip.py:2499:_poll <- webm_clip.py:2724:_process_frame
WARNING:root:GUI 卡顿 227ms state=IDLE anim=余额-分文不剩 physics=None
WARNING:pet.gui_stall_sampler:GUI 冻结现场（227ms，1 个采样点，旧→新）：
WARNING:pet.gui_stall_sampler:  [t-59ms] verify_seeky_multi.py:308:<module> <- verify_seeky_multi.py:244:main <- webm_clip.py:2499:_poll <- webm_clip.py:2724:_process_frame
WARNING:root:GUI 卡顿 129ms state=IDLE anim=待机呼吸休闲 physics=None
WARNING:pet.gui_stall_sampler:GUI 冻结现场（129ms，3 个采样点，旧→新）：
WARNING:pet.gui_stall_sampler:  [t-134ms] verify_seeky_multi.py:308:<module> <- verify_seeky_multi.py:244:main
WARNING:pet.gui_stall_sampler:  [t-73ms] verify_seeky_multi.py:308:<module> <- verify_seeky_multi.py:244:main <- webm_clip.py:2499:_poll <- webm_clip.py:2724:_process_frame
WARNING:pet.gui_stall_sampler:  [t-5ms] verify_seeky_multi.py:308:<module> <- verify_seeky_multi.py:244:main
WARNING:root:GUI 卡顿 131ms state=IDLE anim=东张西望 physics=None
WARNING:pet.gui_stall_sampler:GUI 冻结现场（131ms，3 个采样点，旧→新）：
WARNING:pet.gui_stall_sampler:  [t-135ms] verify_seeky_multi.py:308:<module> <- verify_seeky_multi.py:244:main
WARNING:pet.gui_stall_sampler:  [t-74ms] verify_seeky_multi.py:308:<module> <- verify_seeky_multi.py:244:main <- webm_clip.py:2499:_poll <- webm_clip.py:2724:_process_frame
WARNING:pet.gui_stall_sampler:  [t-6ms] verify_seeky_multi.py:308:<module> <- verify_seeky_multi.py:244:main
WARNING:root:GUI 卡顿 131ms state=IDLE anim=余额-分文不剩 physics=None
WARNING:pet.gui_stall_sampler:GUI 冻结现场（131ms，3 个采样点，旧→新）：
WARNING:pet.gui_stall_sampler:  [t-135ms] verify_seeky_multi.py:308:<module> <- verify_seeky_multi.py:244:main
WARNING:pet.gui_stall_sampler:  [t-75ms] verify_seeky_multi.py:308:<module> <- verify_seeky_multi.py:244:main <- webm_clip.py:2499:_poll <- webm_clip.py:2724:_process_frame
WARNING:pet.gui_stall_sampler:  [t-6ms] verify_seeky_multi.py:308:<module> <- verify_seeky_multi.py:244:main
WARNING:root:GUI 卡顿 141ms state=IDLE anim=待机呼吸休闲 physics=None
WARNING:pet.gui_stall_sampler:GUI 冻结现场（141ms，2 个采样点，旧→新）：
WARNING:pet.gui_stall_sampler:  [t-189ms] verify_seeky_multi.py:308:<module> <- verify_seeky_multi.py:244:main
WARNING:pet.gui_stall_sampler:  [t-23ms] webm_clip.py:2499:_poll <- webm_clip.py:2750:_process_frame <- window_optional_services.py:62:<lambda> <- verify_seeky_multi.py:92:observed_frame <- window.py:1917:_on_frame <- window.py:2124:_rebuild_frame
WARNING:root:GUI 卡顿 142ms state=IDLE anim=东张西望 physics=None
WARNING:pet.gui_stall_sampler:GUI 冻结现场（142ms，2 个采样点，旧→新）：
WARNING:pet.gui_stall_sampler:  [t-189ms] verify_seeky_multi.py:308:<module> <- verify_seeky_multi.py:244:main
WARNING:pet.gui_stall_sampler:  [t-24ms] webm_clip.py:2499:_poll <- webm_clip.py:2750:_process_frame <- window_optional_services.py:62:<lambda> <- verify_seeky_multi.py:92:observed_frame <- window.py:1917:_on_frame <- window.py:2124:_rebuild_frame
WARNING:root:GUI 卡顿 142ms state=IDLE anim=余额-分文不剩 physics=None
WARNING:pet.gui_stall_sampler:GUI 冻结现场（142ms，2 个采样点，旧→新）：
WARNING:pet.gui_stall_sampler:  [t-190ms] verify_seeky_multi.py:308:<module> <- verify_seeky_multi.py:244:main
WARNING:pet.gui_stall_sampler:  [t-24ms] webm_clip.py:2499:_poll <- webm_clip.py:2750:_process_frame <- window_optional_services.py:62:<lambda> <- verify_seeky_multi.py:92:observed_frame <- window.py:1917:_on_frame <- window.py:2124:_rebuild_frame
WARNING:root:GUI 卡顿 101ms state=IDLE anim=待机呼吸休闲 physics=None
WARNING:pet.gui_stall_sampler:GUI 冻结现场（101ms，1 个采样点，旧→新）：
WARNING:pet.gui_stall_sampler:  [t-37ms] webm_clip.py:2499:_poll <- webm_clip.py:2750:_process_frame <- window_optional_services.py:62:<lambda> <- verify_seeky_multi.py:92:observed_frame <- window.py:1917:_on_frame <- window.py:2106:_rebuild_frame
WARNING:root:GUI 卡顿 102ms state=IDLE anim=东张西望 physics=None
WARNING:pet.gui_stall_sampler:GUI 冻结现场（102ms，1 个采样点，旧→新）：
WARNING:pet.gui_stall_sampler:  [t-37ms] webm_clip.py:2499:_poll <- webm_clip.py:2750:_process_frame <- window_optional_services.py:62:<lambda> <- verify_seeky_multi.py:92:observed_frame <- window.py:1917:_on_frame <- window.py:2106:_rebuild_frame
WARNING:root:GUI 卡顿 103ms state=IDLE anim=余额-分文不剩 physics=None
WARNING:pet.gui_stall_sampler:GUI 冻结现场（103ms，1 个采样点，旧→新）：
WARNING:pet.gui_stall_sampler:  [t-37ms] webm_clip.py:2499:_poll <- webm_clip.py:2750:_process_frame <- window_optional_services.py:62:<lambda> <- verify_seeky_multi.py:92:observed_frame <- window.py:1917:_on_frame <- window.py:2106:_rebuild_frame
WARNING:root:GUI 卡顿 103ms state=IDLE anim=待机呼吸休闲 physics=None
WARNING:pet.gui_stall_sampler:GUI 冻结现场（103ms，2 个采样点，旧→新）：
WARNING:pet.gui_stall_sampler:  [t-112ms] verify_seeky_multi.py:308:<module> <- verify_seeky_multi.py:244:main
WARNING:pet.gui_stall_sampler:  [t-44ms] verify_seeky_multi.py:308:<module> <- verify_seeky_multi.py:244:main <- webm_clip.py:2499:_poll <- webm_clip.py:2723:_process_frame
WARNING:root:GUI 卡顿 104ms state=IDLE anim=东张西望 physics=None
WARNING:pet.gui_stall_sampler:GUI 冻结现场（104ms，2 个采样点，旧→新）：
WARNING:pet.gui_stall_sampler:  [t-113ms] verify_seeky_multi.py:308:<module> <- verify_seeky_multi.py:244:main
WARNING:pet.gui_stall_sampler:  [t-45ms] verify_seeky_multi.py:308:<module> <- verify_seeky_multi.py:244:main <- webm_clip.py:2499:_poll <- webm_clip.py:2723:_process_frame
WARNING:root:GUI 卡顿 104ms state=IDLE anim=余额-分文不剩 physics=None
WARNING:pet.gui_stall_sampler:GUI 冻结现场（104ms，2 个采样点，旧→新）：
WARNING:pet.gui_stall_sampler:  [t-113ms] verify_seeky_multi.py:308:<module> <- verify_seeky_multi.py:244:main
WARNING:pet.gui_stall_sampler:  [t-45ms] verify_seeky_multi.py:308:<module> <- verify_seeky_multi.py:244:main <- webm_clip.py:2499:_poll <- webm_clip.py:2723:_process_frame
WARNING:root:GUI 卡顿 105ms state=IDLE anim=待机呼吸休闲 physics=None
WARNING:pet.gui_stall_sampler:GUI 冻结现场（105ms，1 个采样点，旧→新）：
WARNING:pet.gui_stall_sampler:  [t-142ms] verify_seeky_multi.py:92:observed_frame <- window.py:1917:_on_frame <- window.py:2124:_rebuild_frame <- window.py:2270:_sync_mask <- window_optional_services.py:42:effects_coverage <- frame_edges.py:34:coverage_region
WARNING:root:GUI 卡顿 105ms state=IDLE anim=东张西望 physics=None
WARNING:pet.gui_stall_sampler:GUI 冻结现场（105ms，1 个采样点，旧→新）：
WARNING:pet.gui_stall_sampler:  [t-143ms] verify_seeky_multi.py:92:observed_frame <- window.py:1917:_on_frame <- window.py:2124:_rebuild_frame <- window.py:2270:_sync_mask <- window_optional_services.py:42:effects_coverage <- frame_edges.py:34:coverage_region
WARNING:root:GUI 卡顿 106ms state=IDLE anim=余额-分文不剩 physics=None
WARNING:pet.gui_stall_sampler:GUI 冻结现场（106ms，1 个采样点，旧→新）：
WARNING:pet.gui_stall_sampler:  [t-143ms] verify_seeky_multi.py:92:observed_frame <- window.py:1917:_on_frame <- window.py:2124:_rebuild_frame <- window.py:2270:_sync_mask <- window_optional_services.py:42:effects_coverage <- frame_edges.py:34:coverage_region
WARNING:root:GUI 卡顿 173ms state=IDLE anim=待机呼吸休闲 physics=None
WARNING:pet.gui_stall_sampler:GUI 冻结现场（173ms，2 个采样点，旧→新）：
WARNING:pet.gui_stall_sampler:  [t-181ms] verify_seeky_multi.py:308:<module> <- verify_seeky_multi.py:244:main
WARNING:pet.gui_stall_sampler:  [t-62ms] verify_seeky_multi.py:244:main <- verify_seeky_multi.py:222:resize <- window.py:994:change_scale <- window.py:2124:_rebuild_frame <- window.py:2270:_sync_mask <- window_optional_services.py:42:effects_coverage
WARNING:root:GUI 卡顿 178ms state=IDLE anim=东张西望 physics=None
WARNING:pet.gui_stall_sampler:GUI 冻结现场（178ms，2 个采样点，旧→新）：
WARNING:pet.gui_stall_sampler:  [t-182ms] verify_seeky_multi.py:308:<module> <- verify_seeky_multi.py:244:main
WARNING:pet.gui_stall_sampler:  [t-63ms] verify_seeky_multi.py:244:main <- verify_seeky_multi.py:222:resize <- window.py:994:change_scale <- window.py:2124:_rebuild_frame <- window.py:2270:_sync_mask <- window_optional_services.py:42:effects_coverage
WARNING:root:GUI 卡顿 179ms state=IDLE anim=余额-分文不剩 physics=None
WARNING:pet.gui_stall_sampler:GUI 冻结现场（179ms，2 个采样点，旧→新）：
WARNING:pet.gui_stall_sampler:  [t-182ms] verify_seeky_multi.py:308:<module> <- verify_seeky_multi.py:244:main
WARNING:pet.gui_stall_sampler:  [t-64ms] verify_seeky_multi.py:244:main <- verify_seeky_multi.py:222:resize <- window.py:994:change_scale <- window.py:2124:_rebuild_frame <- window.py:2270:_sync_mask <- window_optional_services.py:42:effects_coverage
WARNING:root:GUI 卡顿 124ms state=IDLE anim=待机呼吸休闲 physics=None
WARNING:pet.gui_stall_sampler:GUI 冻结现场（124ms，2 个采样点，旧→新）：
WARNING:pet.gui_stall_sampler:  [t-148ms] verify_seeky_multi.py:308:<module> <- verify_seeky_multi.py:244:main
WARNING:pet.gui_stall_sampler:  [t-9ms] webm_clip.py:2499:_poll <- webm_clip.py:2750:_process_frame <- window_optional_services.py:62:<lambda> <- verify_seeky_multi.py:92:observed_frame <- window.py:1917:_on_frame <- window.py:2106:_rebuild_frame
WARNING:root:GUI 卡顿 128ms state=IDLE anim=东张西望 physics=None
WARNING:pet.gui_stall_sampler:GUI 冻结现场（128ms，2 个采样点，旧→新）：
WARNING:pet.gui_stall_sampler:  [t-148ms] verify_seeky_multi.py:308:<module> <- verify_seeky_multi.py:244:main
WARNING:pet.gui_stall_sampler:  [t-9ms] webm_clip.py:2499:_poll <- webm_clip.py:2750:_process_frame <- window_optional_services.py:62:<lambda> <- verify_seeky_multi.py:92:observed_frame <- window.py:1917:_on_frame <- window.py:2106:_rebuild_frame
WARNING:root:GUI 卡顿 129ms state=IDLE anim=余额-分文不剩 physics=None
WARNING:pet.gui_stall_sampler:GUI 冻结现场（129ms，2 个采样点，旧→新）：
WARNING:pet.gui_stall_sampler:  [t-149ms] verify_seeky_multi.py:308:<module> <- verify_seeky_multi.py:244:main
WARNING:pet.gui_stall_sampler:  [t-10ms] webm_clip.py:2499:_poll <- webm_clip.py:2750:_process_frame <- window_optional_services.py:62:<lambda> <- verify_seeky_multi.py:92:observed_frame <- window.py:1917:_on_frame <- window.py:2106:_rebuild_frame
WARNING:root:GUI 卡顿 313ms state=IDLE anim=待机呼吸休闲 physics=None
WARNING:pet.gui_stall_sampler:GUI 冻结现场（313ms，3 个采样点，旧→新）：
WARNING:pet.gui_stall_sampler:  [t-318ms] webm_clip.py:2499:_poll <- webm_clip.py:2750:_process_frame <- window_optional_services.py:62:<lambda> <- verify_seeky_multi.py:92:observed_frame <- window.py:1917:_on_frame <- window.py:2106:_rebuild_frame
WARNING:pet.gui_stall_sampler:  [t-189ms] verify_seeky_multi.py:308:<module> <- verify_seeky_multi.py:244:main <- verify_seeky_multi.py:222:resize <- window.py:994:change_scale <- window.py:2106:_rebuild_frame
WARNING:root:GUI 卡顿 310ms state=IDLE anim=东张西望 physics=None
WARNING:pet.gui_stall_sampler:GUI 冻结现场（310ms，3 个采样点，旧→新）：
WARNING:pet.gui_stall_sampler:  [t-319ms] webm_clip.py:2499:_poll <- webm_clip.py:2750:_process_frame <- window_optional_services.py:62:<lambda> <- verify_seeky_multi.py:92:observed_frame <- window.py:1917:_on_frame <- window.py:2106:_rebuild_frame
WARNING:pet.gui_stall_sampler:  [t-190ms] verify_seeky_multi.py:308:<module> <- verify_seeky_multi.py:244:main <- verify_seeky_multi.py:222:resize <- window.py:994:change_scale <- window.py:2106:_rebuild_frame
WARNING:root:GUI 卡顿 310ms state=IDLE anim=余额-分文不剩 physics=None
WARNING:pet.gui_stall_sampler:GUI 冻结现场（310ms，3 个采样点，旧→新）：
WARNING:pet.gui_stall_sampler:  [t-319ms] webm_clip.py:2499:_poll <- webm_clip.py:2750:_process_frame <- window_optional_services.py:62:<lambda> <- verify_seeky_multi.py:92:observed_frame <- window.py:1917:_on_frame <- window.py:2106:_rebuild_frame
WARNING:pet.gui_stall_sampler:  [t-190ms] verify_seeky_multi.py:308:<module> <- verify_seeky_multi.py:244:main <- verify_seeky_multi.py:222:resize <- window.py:994:change_scale <- window.py:2106:_rebuild_frame
WARNING:root:GUI 卡顿 100ms state=IDLE anim=待机呼吸休闲 physics=None
WARNING:pet.gui_stall_sampler:GUI 冻结现场（100ms，2 个采样点，旧→新）：
WARNING:pet.gui_stall_sampler:  [t-120ms] verify_seeky_multi.py:308:<module> <- verify_seeky_multi.py:244:main
WARNING:pet.gui_stall_sampler:  [t-33ms] webm_clip.py:2499:_poll <- webm_clip.py:2750:_process_frame <- window_optional_services.py:62:<lambda> <- verify_seeky_multi.py:92:observed_frame <- window.py:1917:_on_frame <- window.py:2106:_rebuild_frame
WARNING:root:GUI 卡顿 101ms state=IDLE anim=东张西望 physics=None
WARNING:pet.gui_stall_sampler:GUI 冻结现场（101ms，2 个采样点，旧→新）：
WARNING:pet.gui_stall_sampler:  [t-121ms] verify_seeky_multi.py:308:<module> <- verify_seeky_multi.py:244:main
WARNING:pet.gui_stall_sampler:  [t-34ms] webm_clip.py:2499:_poll <- webm_clip.py:2750:_process_frame <- window_optional_services.py:62:<lambda> <- verify_seeky_multi.py:92:observed_frame <- window.py:1917:_on_frame <- window.py:2106:_rebuild_frame
WARNING:root:GUI 卡顿 101ms state=IDLE anim=余额-分文不剩 physics=None
WARNING:pet.gui_stall_sampler:GUI 冻结现场（101ms，2 个采样点，旧→新）：
WARNING:pet.gui_stall_sampler:  [t-121ms] verify_seeky_multi.py:308:<module> <- verify_seeky_multi.py:244:main
WARNING:pet.gui_stall_sampler:  [t-34ms] webm_clip.py:2499:_poll <- webm_clip.py:2750:_process_frame <- window_optional_services.py:62:<lambda> <- verify_seeky_multi.py:92:observed_frame <- window.py:1917:_on_frame <- window.py:2106:_rebuild_frame
WARNING:root:GUI 卡顿 101ms state=IDLE anim=待机呼吸休闲 physics=None
WARNING:pet.gui_stall_sampler:GUI 冻结现场（101ms，2 个采样点，旧→新）：
WARNING:pet.gui_stall_sampler:  [t-105ms] verify_seeky_multi.py:308:<module> <- verify_seeky_multi.py:244:main
WARNING:root:GUI 卡顿 102ms state=IDLE anim=东张西望 physics=None
WARNING:pet.gui_stall_sampler:GUI 冻结现场（102ms，2 个采样点，旧→新）：
WARNING:pet.gui_stall_sampler:  [t-105ms] verify_seeky_multi.py:308:<module> <- verify_seeky_multi.py:244:main
WARNING:root:GUI 卡顿 102ms state=IDLE anim=余额-分文不剩 physics=None
WARNING:pet.gui_stall_sampler:GUI 冻结现场（102ms，2 个采样点，旧→新）：
WARNING:pet.gui_stall_sampler:  [t-105ms] verify_seeky_multi.py:308:<module> <- verify_seeky_multi.py:244:main
WARNING:root:GUI 卡顿 152ms state=IDLE anim=待机呼吸休闲 physics=None
WARNING:pet.gui_stall_sampler:GUI 冻结现场（152ms，1 个采样点，旧→新）：
WARNING:pet.gui_stall_sampler:  [t-82ms] webm_clip.py:2499:_poll <- webm_clip.py:2750:_process_frame <- window_optional_services.py:62:<lambda> <- verify_seeky_multi.py:92:observed_frame <- window.py:1917:_on_frame <- window.py:2106:_rebuild_frame
WARNING:root:GUI 卡顿 154ms state=IDLE anim=东张西望 physics=None
WARNING:pet.gui_stall_sampler:GUI 冻结现场（154ms，1 个采样点，旧→新）：
WARNING:pet.gui_stall_sampler:  [t-83ms] webm_clip.py:2499:_poll <- webm_clip.py:2750:_process_frame <- window_optional_services.py:62:<lambda> <- verify_seeky_multi.py:92:observed_frame <- window.py:1917:_on_frame <- window.py:2106:_rebuild_frame
WARNING:root:GUI 卡顿 154ms state=IDLE anim=余额-分文不剩 physics=None
WARNING:pet.gui_stall_sampler:GUI 冻结现场（154ms，1 个采样点，旧→新）：
WARNING:pet.gui_stall_sampler:  [t-83ms] webm_clip.py:2499:_poll <- webm_clip.py:2750:_process_frame <- window_optional_services.py:62:<lambda> <- verify_seeky_multi.py:92:observed_frame <- window.py:1917:_on_frame <- window.py:2106:_rebuild_frame
WARNING:root:GUI 卡顿 170ms state=IDLE anim=待机呼吸休闲 physics=None
WARNING:pet.gui_stall_sampler:GUI 冻结现场（170ms，2 个采样点，旧→新）：
WARNING:pet.gui_stall_sampler:  [t-211ms] verify_seeky_multi.py:308:<module> <- verify_seeky_multi.py:244:main
WARNING:pet.gui_stall_sampler:  [t-43ms] verify_seeky_multi.py:308:<module> <- verify_seeky_multi.py:244:main <- webm_clip.py:2499:_poll <- webm_clip.py:2724:_process_frame
WARNING:root:GUI 卡顿 171ms state=IDLE anim=东张西望 physics=None
WARNING:pet.gui_stall_sampler:GUI 冻结现场（171ms，2 个采样点，旧→新）：
WARNING:pet.gui_stall_sampler:  [t-212ms] verify_seeky_multi.py:308:<module> <- verify_seeky_multi.py:244:main
WARNING:pet.gui_stall_sampler:  [t-44ms] verify_seeky_multi.py:308:<module> <- verify_seeky_multi.py:244:main <- webm_clip.py:2499:_poll <- webm_clip.py:2724:_process_frame
WARNING:root:GUI 卡顿 172ms state=IDLE anim=余额-分文不剩 physics=None
WARNING:pet.gui_stall_sampler:GUI 冻结现场（172ms，2 个采样点，旧→新）：
WARNING:pet.gui_stall_sampler:  [t-213ms] verify_seeky_multi.py:308:<module> <- verify_seeky_multi.py:244:main
WARNING:pet.gui_stall_sampler:  [t-45ms] verify_seeky_multi.py:308:<module> <- verify_seeky_multi.py:244:main <- webm_clip.py:2499:_poll <- webm_clip.py:2724:_process_frame
WARNING:root:GUI 卡顿 154ms state=IDLE anim=待机呼吸休闲 physics=None
WARNING:pet.gui_stall_sampler:GUI 冻结现场（154ms，2 个采样点，旧→新）：
WARNING:pet.gui_stall_sampler:  [t-180ms] verify_seeky_multi.py:308:<module> <- verify_seeky_multi.py:244:main
WARNING:pet.gui_stall_sampler:  [t-2ms] webm_clip.py:2499:_poll <- webm_clip.py:2750:_process_frame <- window_optional_services.py:62:<lambda> <- verify_seeky_multi.py:92:observed_frame <- window.py:1917:_on_frame <- window.py:2106:_rebuild_frame
WARNING:root:GUI 卡顿 158ms state=IDLE anim=东张西望 physics=None
WARNING:pet.gui_stall_sampler:GUI 冻结现场（158ms，2 个采样点，旧→新）：
WARNING:pet.gui_stall_sampler:  [t-181ms] verify_seeky_multi.py:308:<module> <- verify_seeky_multi.py:244:main
WARNING:pet.gui_stall_sampler:  [t-3ms] webm_clip.py:2499:_poll <- webm_clip.py:2750:_process_frame <- window_optional_services.py:62:<lambda> <- verify_seeky_multi.py:92:observed_frame <- window.py:1917:_on_frame <- window.py:2106:_rebuild_frame
WARNING:root:GUI 卡顿 158ms state=IDLE anim=余额-分文不剩 physics=None
WARNING:pet.gui_stall_sampler:GUI 冻结现场（158ms，2 个采样点，旧→新）：
WARNING:pet.gui_stall_sampler:  [t-182ms] verify_seeky_multi.py:308:<module> <- verify_seeky_multi.py:244:main
WARNING:pet.gui_stall_sampler:  [t-3ms] webm_clip.py:2499:_poll <- webm_clip.py:2750:_process_frame <- window_optional_services.py:62:<lambda> <- verify_seeky_multi.py:92:observed_frame <- window.py:1917:_on_frame <- window.py:2106:_rebuild_frame
WARNING:root:GUI 卡顿 105ms state=IDLE anim=待机呼吸休闲 physics=None
WARNING:pet.gui_stall_sampler:GUI 冻结现场（105ms，2 个采样点，旧→新）：
WARNING:pet.gui_stall_sampler:  [t-109ms] verify_seeky_multi.py:308:<module> <- verify_seeky_multi.py:244:main
WARNING:root:GUI 卡顿 105ms state=IDLE anim=东张西望 physics=None
WARNING:pet.gui_stall_sampler:GUI 冻结现场（105ms，2 个采样点，旧→新）：
WARNING:pet.gui_stall_sampler:  [t-109ms] verify_seeky_multi.py:308:<module> <- verify_seeky_multi.py:244:main
WARNING:root:GUI 卡顿 105ms state=IDLE anim=余额-分文不剩 physics=None
WARNING:pet.gui_stall_sampler:GUI 冻结现场（105ms，2 个采样点，旧→新）：
WARNING:pet.gui_stall_sampler:  [t-109ms] verify_seeky_multi.py:308:<module> <- verify_seeky_multi.py:244:main
WARNING:root:GUI 卡顿 100ms state=IDLE anim=待机呼吸休闲 physics=None
WARNING:pet.gui_stall_sampler:GUI 冻结现场（100ms，2 个采样点，旧→新）：
WARNING:pet.gui_stall_sampler:  [t-148ms] verify_seeky_multi.py:308:<module> <- verify_seeky_multi.py:244:main
WARNING:pet.gui_stall_sampler:  [t-28ms] verify_seeky_multi.py:92:observed_frame <- window.py:1917:_on_frame <- window.py:2124:_rebuild_frame <- window.py:2270:_sync_mask <- window_optional_services.py:42:effects_coverage <- frame_edges.py:27:coverage_region
WARNING:root:GUI 卡顿 102ms state=IDLE anim=东张西望 physics=None
WARNING:pet.gui_stall_sampler:GUI 冻结现场（102ms，2 个采样点，旧→新）：
WARNING:pet.gui_stall_sampler:  [t-149ms] verify_seeky_multi.py:308:<module> <- verify_seeky_multi.py:244:main
WARNING:pet.gui_stall_sampler:  [t-29ms] verify_seeky_multi.py:92:observed_frame <- window.py:1917:_on_frame <- window.py:2124:_rebuild_frame <- window.py:2270:_sync_mask <- window_optional_services.py:42:effects_coverage <- frame_edges.py:27:coverage_region
WARNING:root:GUI 卡顿 102ms state=IDLE anim=余额-分文不剩 physics=None
WARNING:pet.gui_stall_sampler:GUI 冻结现场（102ms，2 个采样点，旧→新）：
WARNING:pet.gui_stall_sampler:  [t-149ms] verify_seeky_multi.py:308:<module> <- verify_seeky_multi.py:244:main
WARNING:pet.gui_stall_sampler:  [t-29ms] verify_seeky_multi.py:92:observed_frame <- window.py:1917:_on_frame <- window.py:2124:_rebuild_frame <- window.py:2270:_sync_mask <- window_optional_services.py:42:effects_coverage <- frame_edges.py:27:coverage_region
WARNING:root:GUI 卡顿 191ms state=IDLE anim=待机呼吸休闲 physics=None
WARNING:pet.gui_stall_sampler:GUI 冻结现场（191ms，1 个采样点，旧→新）：
WARNING:pet.gui_stall_sampler:  [t-15ms] verify_seeky_multi.py:308:<module> <- verify_seeky_multi.py:244:main
WARNING:root:GUI 卡顿 194ms state=IDLE anim=东张西望 physics=None
WARNING:pet.gui_stall_sampler:GUI 冻结现场（194ms，1 个采样点，旧→新）：
WARNING:pet.gui_stall_sampler:  [t-16ms] verify_seeky_multi.py:308:<module> <- verify_seeky_multi.py:244:main
WARNING:root:GUI 卡顿 194ms state=IDLE anim=余额-分文不剩 physics=None
WARNING:pet.gui_stall_sampler:GUI 冻结现场（194ms，1 个采样点，旧→新）：
WARNING:pet.gui_stall_sampler:  [t-16ms] verify_seeky_multi.py:308:<module> <- verify_seeky_multi.py:244:main
WARNING:root:GUI 卡顿 169ms state=IDLE anim=待机呼吸休闲 physics=None
WARNING:pet.gui_stall_sampler:GUI 冻结现场（169ms，3 个采样点，旧→新）：
WARNING:pet.gui_stall_sampler:  [t-169ms] verify_seeky_multi.py:308:<module> <- verify_seeky_multi.py:244:main
WARNING:pet.gui_stall_sampler:  [t-77ms] window_optional_services.py:62:<lambda> <- verify_seeky_multi.py:92:observed_frame <- window.py:1917:_on_frame <- window.py:2124:_rebuild_frame <- window.py:2270:_sync_mask <- window_optional_services.py:42:effects_coverage
WARNING:pet.gui_stall_sampler:  [t-3ms] verify_seeky_multi.py:308:<module> <- verify_seeky_multi.py:244:main
WARNING:root:GUI 卡顿 171ms state=IDLE anim=东张西望 physics=None
WARNING:pet.gui_stall_sampler:GUI 冻结现场（171ms，3 个采样点，旧→新）：
WARNING:pet.gui_stall_sampler:  [t-170ms] verify_seeky_multi.py:308:<module> <- verify_seeky_multi.py:244:main
WARNING:pet.gui_stall_sampler:  [t-78ms] window_optional_services.py:62:<lambda> <- verify_seeky_multi.py:92:observed_frame <- window.py:1917:_on_frame <- window.py:2124:_rebuild_frame <- window.py:2270:_sync_mask <- window_optional_services.py:42:effects_coverage
WARNING:pet.gui_stall_sampler:  [t-4ms] verify_seeky_multi.py:308:<module> <- verify_seeky_multi.py:244:main
WARNING:root:GUI 卡顿 172ms state=IDLE anim=余额-分文不剩 physics=None
WARNING:pet.gui_stall_sampler:GUI 冻结现场（172ms，3 个采样点，旧→新）：
WARNING:pet.gui_stall_sampler:  [t-171ms] verify_seeky_multi.py:308:<module> <- verify_seeky_multi.py:244:main
WARNING:pet.gui_stall_sampler:  [t-78ms] window_optional_services.py:62:<lambda> <- verify_seeky_multi.py:92:observed_frame <- window.py:1917:_on_frame <- window.py:2124:_rebuild_frame <- window.py:2270:_sync_mask <- window_optional_services.py:42:effects_coverage
WARNING:pet.gui_stall_sampler:  [t-4ms] verify_seeky_multi.py:308:<module> <- verify_seeky_multi.py:244:main
WARNING:root:GUI 卡顿 101ms state=IDLE anim=待机呼吸休闲 physics=None
WARNING:pet.gui_stall_sampler:GUI 冻结现场（101ms，2 个采样点，旧→新）：
WARNING:pet.gui_stall_sampler:  [t-134ms] verify_seeky_multi.py:308:<module> <- verify_seeky_multi.py:244:main
WARNING:pet.gui_stall_sampler:  [t-8ms] webm_clip.py:2750:_process_frame <- window_optional_services.py:62:<lambda> <- verify_seeky_multi.py:92:observed_frame <- window.py:1917:_on_frame <- window.py:2124:_rebuild_frame <- window.py:2263:_sync_mask
WARNING:root:GUI 卡顿 102ms state=IDLE anim=东张西望 physics=None
WARNING:pet.gui_stall_sampler:GUI 冻结现场（102ms，2 个采样点，旧→新）：
WARNING:pet.gui_stall_sampler:  [t-135ms] verify_seeky_multi.py:308:<module> <- verify_seeky_multi.py:244:main
WARNING:pet.gui_stall_sampler:  [t-9ms] webm_clip.py:2750:_process_frame <- window_optional_services.py:62:<lambda> <- verify_seeky_multi.py:92:observed_frame <- window.py:1917:_on_frame <- window.py:2124:_rebuild_frame <- window.py:2263:_sync_mask
WARNING:root:GUI 卡顿 103ms state=IDLE anim=余额-分文不剩 physics=None
WARNING:pet.gui_stall_sampler:GUI 冻结现场（103ms，2 个采样点，旧→新）：
WARNING:pet.gui_stall_sampler:  [t-135ms] verify_seeky_multi.py:308:<module> <- verify_seeky_multi.py:244:main
WARNING:pet.gui_stall_sampler:  [t-10ms] webm_clip.py:2750:_process_frame <- window_optional_services.py:62:<lambda> <- verify_seeky_multi.py:92:observed_frame <- window.py:1917:_on_frame <- window.py:2124:_rebuild_frame <- window.py:2263:_sync_mask
WARNING:root:GUI 卡顿 131ms state=IDLE anim=待机呼吸休闲 physics=None
WARNING:pet.gui_stall_sampler:GUI 冻结现场（131ms，2 个采样点，旧→新）：
WARNING:pet.gui_stall_sampler:  [t-174ms] verify_seeky_multi.py:308:<module> <- verify_seeky_multi.py:244:main
WARNING:pet.gui_stall_sampler:  [t-53ms] verify_seeky_multi.py:308:<module> <- verify_seeky_multi.py:244:main <- webm_clip.py:2499:_poll <- webm_clip.py:2724:_process_frame
WARNING:root:GUI 卡顿 132ms state=IDLE anim=东张西望 physics=None
WARNING:pet.gui_stall_sampler:GUI 冻结现场（132ms，2 个采样点，旧→新）：
WARNING:pet.gui_stall_sampler:  [t-175ms] verify_seeky_multi.py:308:<module> <- verify_seeky_multi.py:244:main
WARNING:pet.gui_stall_sampler:  [t-53ms] verify_seeky_multi.py:308:<module> <- verify_seeky_multi.py:244:main <- webm_clip.py:2499:_poll <- webm_clip.py:2724:_process_frame
WARNING:root:GUI 卡顿 132ms state=IDLE anim=余额-分文不剩 physics=None
WARNING:pet.gui_stall_sampler:GUI 冻结现场（132ms，2 个采样点，旧→新）：
WARNING:pet.gui_stall_sampler:  [t-175ms] verify_seeky_multi.py:308:<module> <- verify_seeky_multi.py:244:main
WARNING:pet.gui_stall_sampler:  [t-54ms] verify_seeky_multi.py:308:<module> <- verify_seeky_multi.py:244:main <- webm_clip.py:2499:_poll <- webm_clip.py:2724:_process_frame
WARNING:root:GUI 卡顿 151ms state=IDLE anim=待机呼吸休闲 physics=None
WARNING:pet.gui_stall_sampler:GUI 冻结现场（151ms，2 个采样点，旧→新）：
WARNING:pet.gui_stall_sampler:  [t-191ms] verify_seeky_multi.py:308:<module> <- verify_seeky_multi.py:244:main
WARNING:pet.gui_stall_sampler:  [t-5ms] webm_clip.py:2499:_poll <- webm_clip.py:2750:_process_frame <- window_optional_services.py:62:<lambda> <- verify_seeky_multi.py:92:observed_frame <- window.py:1917:_on_frame <- window.py:2106:_rebuild_frame
WARNING:root:GUI 卡顿 151ms state=IDLE anim=东张西望 physics=None
WARNING:pet.gui_stall_sampler:GUI 冻结现场（151ms，2 个采样点，旧→新）：
WARNING:pet.gui_stall_sampler:  [t-191ms] verify_seeky_multi.py:308:<module> <- verify_seeky_multi.py:244:main
WARNING:pet.gui_stall_sampler:  [t-5ms] webm_clip.py:2499:_poll <- webm_clip.py:2750:_process_frame <- window_optional_services.py:62:<lambda> <- verify_seeky_multi.py:92:observed_frame <- window.py:1917:_on_frame <- window.py:2106:_rebuild_frame
WARNING:root:GUI 卡顿 152ms state=IDLE anim=余额-分文不剩 physics=None
WARNING:pet.gui_stall_sampler:GUI 冻结现场（152ms，2 个采样点，旧→新）：
WARNING:pet.gui_stall_sampler:  [t-192ms] verify_seeky_multi.py:308:<module> <- verify_seeky_multi.py:244:main
WARNING:pet.gui_stall_sampler:  [t-6ms] webm_clip.py:2499:_poll <- webm_clip.py:2750:_process_frame <- window_optional_services.py:62:<lambda> <- verify_seeky_multi.py:92:observed_frame <- window.py:1917:_on_frame <- window.py:2106:_rebuild_frame
WARNING:root:GUI 卡顿 125ms state=IDLE anim=待机呼吸休闲 physics=None
WARNING:pet.gui_stall_sampler:GUI 冻结现场（125ms，2 个采样点，旧→新）：
WARNING:pet.gui_stall_sampler:  [t-168ms] verify_seeky_multi.py:308:<module> <- verify_seeky_multi.py:244:main
WARNING:pet.gui_stall_sampler:  [t-71ms] webm_clip.py:2499:_poll <- webm_clip.py:2750:_process_frame <- window_optional_services.py:62:<lambda> <- verify_seeky_multi.py:92:observed_frame <- window.py:1917:_on_frame <- window.py:2106:_rebuild_frame
WARNING:root:GUI 卡顿 127ms state=IDLE anim=东张西望 physics=None
WARNING:pet.gui_stall_sampler:GUI 冻结现场（127ms，2 个采样点，旧→新）：
WARNING:pet.gui_stall_sampler:  [t-168ms] verify_seeky_multi.py:308:<module> <- verify_seeky_multi.py:244:main
WARNING:pet.gui_stall_sampler:  [t-71ms] webm_clip.py:2499:_poll <- webm_clip.py:2750:_process_frame <- window_optional_services.py:62:<lambda> <- verify_seeky_multi.py:92:observed_frame <- window.py:1917:_on_frame <- window.py:2106:_rebuild_frame
WARNING:root:GUI 卡顿 127ms state=IDLE anim=余额-分文不剩 physics=None
WARNING:pet.gui_stall_sampler:GUI 冻结现场（127ms，2 个采样点，旧→新）：
WARNING:pet.gui_stall_sampler:  [t-168ms] verify_seeky_multi.py:308:<module> <- verify_seeky_multi.py:244:main
WARNING:pet.gui_stall_sampler:  [t-71ms] webm_clip.py:2499:_poll <- webm_clip.py:2750:_process_frame <- window_optional_services.py:62:<lambda> <- verify_seeky_multi.py:92:observed_frame <- window.py:1917:_on_frame <- window.py:2106:_rebuild_frame
WARNING:root:GUI 卡顿 102ms state=IDLE anim=待机呼吸休闲 physics=None
WARNING:pet.gui_stall_sampler:GUI 冻结现场（102ms，2 个采样点，旧→新）：
WARNING:pet.gui_stall_sampler:  [t-146ms] webm_clip.py:2499:_poll <- webm_clip.py:2750:_process_frame <- window_optional_services.py:62:<lambda> <- verify_seeky_multi.py:92:observed_frame <- window.py:1917:_on_frame <- window.py:2119:_rebuild_frame
WARNING:pet.gui_stall_sampler:  [t-19ms] webm_clip.py:2499:_poll <- webm_clip.py:2750:_process_frame <- window_optional_services.py:62:<lambda> <- verify_seeky_multi.py:92:observed_frame <- window.py:1919:_on_frame <- window.py:2126:_rebuild_frame
WARNING:root:GUI 卡顿 104ms state=IDLE anim=东张西望 physics=None
WARNING:pet.gui_stall_sampler:GUI 冻结现场（104ms，2 个采样点，旧→新）：
WARNING:pet.gui_stall_sampler:  [t-148ms] webm_clip.py:2499:_poll <- webm_clip.py:2750:_process_frame <- window_optional_services.py:62:<lambda> <- verify_seeky_multi.py:92:observed_frame <- window.py:1917:_on_frame <- window.py:2119:_rebuild_frame
WARNING:pet.gui_stall_sampler:  [t-21ms] webm_clip.py:2499:_poll <- webm_clip.py:2750:_process_frame <- window_optional_services.py:62:<lambda> <- verify_seeky_multi.py:92:observed_frame <- window.py:1919:_on_frame <- window.py:2126:_rebuild_frame
WARNING:root:GUI 卡顿 106ms state=IDLE anim=余额-分文不剩 physics=None
WARNING:pet.gui_stall_sampler:GUI 冻结现场（106ms，2 个采样点，旧→新）：
WARNING:pet.gui_stall_sampler:  [t-148ms] webm_clip.py:2499:_poll <- webm_clip.py:2750:_process_frame <- window_optional_services.py:62:<lambda> <- verify_seeky_multi.py:92:observed_frame <- window.py:1917:_on_frame <- window.py:2119:_rebuild_frame
WARNING:pet.gui_stall_sampler:  [t-21ms] webm_clip.py:2499:_poll <- webm_clip.py:2750:_process_frame <- window_optional_services.py:62:<lambda> <- verify_seeky_multi.py:92:observed_frame <- window.py:1919:_on_frame <- window.py:2126:_rebuild_frame
WARNING:root:GUI 卡顿 280ms state=IDLE anim=待机呼吸休闲 physics=None
WARNING:pet.gui_stall_sampler:GUI 冻结现场（280ms，1 个采样点，旧→新）：
WARNING:pet.gui_stall_sampler:  [t-13ms] verify_seeky_multi.py:308:<module> <- verify_seeky_multi.py:244:main <- webm_clip.py:2499:_poll <- webm_clip.py:2724:_process_frame
WARNING:root:GUI 卡顿 281ms state=IDLE anim=东张西望 physics=None
WARNING:pet.gui_stall_sampler:GUI 冻结现场（281ms，1 个采样点，旧→新）：
WARNING:pet.gui_stall_sampler:  [t-13ms] verify_seeky_multi.py:308:<module> <- verify_seeky_multi.py:244:main <- webm_clip.py:2499:_poll <- webm_clip.py:2724:_process_frame
WARNING:root:GUI 卡顿 281ms state=IDLE anim=余额-分文不剩 physics=None
WARNING:pet.gui_stall_sampler:GUI 冻结现场（281ms，1 个采样点，旧→新）：
WARNING:pet.gui_stall_sampler:  [t-14ms] verify_seeky_multi.py:308:<module> <- verify_seeky_multi.py:244:main <- webm_clip.py:2499:_poll <- webm_clip.py:2724:_process_frame
WARNING:root:GUI 卡顿 169ms state=IDLE anim=待机呼吸休闲 physics=None
WARNING:pet.gui_stall_sampler:GUI 冻结现场（169ms，3 个采样点，旧→新）：
WARNING:pet.gui_stall_sampler:  [t-190ms] verify_seeky_multi.py:308:<module> <- verify_seeky_multi.py:244:main
WARNING:pet.gui_stall_sampler:  [t-132ms] webm_clip.py:2499:_poll <- webm_clip.py:2750:_process_frame <- window_optional_services.py:62:<lambda> <- verify_seeky_multi.py:92:observed_frame <- window.py:1917:_on_frame <- window.py:2114:_rebuild_frame
WARNING:pet.gui_stall_sampler:  [t-31ms] verify_seeky_multi.py:308:<module> <- verify_seeky_multi.py:244:main
WARNING:root:GUI 卡顿 171ms state=IDLE anim=东张西望 physics=None
WARNING:pet.gui_stall_sampler:GUI 冻结现场（171ms，3 个采样点，旧→新）：
WARNING:pet.gui_stall_sampler:  [t-191ms] verify_seeky_multi.py:308:<module> <- verify_seeky_multi.py:244:main
WARNING:pet.gui_stall_sampler:  [t-133ms] webm_clip.py:2499:_poll <- webm_clip.py:2750:_process_frame <- window_optional_services.py:62:<lambda> <- verify_seeky_multi.py:92:observed_frame <- window.py:1917:_on_frame <- window.py:2114:_rebuild_frame
WARNING:pet.gui_stall_sampler:  [t-32ms] verify_seeky_multi.py:308:<module> <- verify_seeky_multi.py:244:main
WARNING:root:GUI 卡顿 171ms state=IDLE anim=余额-分文不剩 physics=None
WARNING:pet.gui_stall_sampler:GUI 冻结现场（171ms，3 个采样点，旧→新）：
WARNING:pet.gui_stall_sampler:  [t-192ms] verify_seeky_multi.py:308:<module> <- verify_seeky_multi.py:244:main
WARNING:pet.gui_stall_sampler:  [t-133ms] webm_clip.py:2499:_poll <- webm_clip.py:2750:_process_frame <- window_optional_services.py:62:<lambda> <- verify_seeky_multi.py:92:observed_frame <- window.py:1917:_on_frame <- window.py:2114:_rebuild_frame
WARNING:pet.gui_stall_sampler:  [t-33ms] verify_seeky_multi.py:308:<module> <- verify_seeky_multi.py:244:main
WARNING:root:GUI 卡顿 116ms state=IDLE anim=待机呼吸休闲 physics=None
WARNING:pet.gui_stall_sampler:GUI 冻结现场（116ms，2 个采样点，旧→新）：
WARNING:pet.gui_stall_sampler:  [t-163ms] webm_clip.py:2499:_poll <- webm_clip.py:2750:_process_frame <- window_optional_services.py:62:<lambda> <- verify_seeky_multi.py:92:observed_frame <- window.py:1917:_on_frame <- window.py:2106:_rebuild_frame
WARNING:root:GUI 卡顿 117ms state=IDLE anim=东张西望 physics=None
WARNING:pet.gui_stall_sampler:GUI 冻结现场（117ms，2 个采样点，旧→新）：
WARNING:pet.gui_stall_sampler:  [t-164ms] webm_clip.py:2499:_poll <- webm_clip.py:2750:_process_frame <- window_optional_services.py:62:<lambda> <- verify_seeky_multi.py:92:observed_frame <- window.py:1917:_on_frame <- window.py:2106:_rebuild_frame
WARNING:root:GUI 卡顿 118ms state=IDLE anim=余额-分文不剩 physics=None
WARNING:pet.gui_stall_sampler:GUI 冻结现场（118ms，2 个采样点，旧→新）：
WARNING:pet.gui_stall_sampler:  [t-164ms] webm_clip.py:2499:_poll <- webm_clip.py:2750:_process_frame <- window_optional_services.py:62:<lambda> <- verify_seeky_multi.py:92:observed_frame <- window.py:1917:_on_frame <- window.py:2106:_rebuild_frame
WARNING:root:GUI 卡顿 161ms state=IDLE anim=待机呼吸休闲 physics=None
WARNING:pet.gui_stall_sampler:GUI 冻结现场（161ms，1 个采样点，旧→新）：
WARNING:pet.gui_stall_sampler:  [t-186ms] verify_seeky_multi.py:308:<module> <- verify_seeky_multi.py:244:main
WARNING:root:GUI 卡顿 162ms state=IDLE anim=东张西望 physics=None
WARNING:pet.gui_stall_sampler:GUI 冻结现场（162ms，1 个采样点，旧→新）：
WARNING:pet.gui_stall_sampler:  [t-187ms] verify_seeky_multi.py:308:<module> <- verify_seeky_multi.py:244:main
WARNING:root:GUI 卡顿 162ms state=IDLE anim=余额-分文不剩 physics=None
WARNING:pet.gui_stall_sampler:GUI 冻结现场（162ms，1 个采样点，旧→新）：
WARNING:pet.gui_stall_sampler:  [t-187ms] verify_seeky_multi.py:308:<module> <- verify_seeky_multi.py:244:main
WARNING:root:GUI 卡顿 189ms state=IDLE anim=待机呼吸休闲 physics=None
WARNING:pet.gui_stall_sampler:GUI 冻结现场（189ms，1 个采样点，旧→新）：
WARNING:pet.gui_stall_sampler:  [t-54ms] webm_clip.py:2750:_process_frame <- window_optional_services.py:62:<lambda> <- verify_seeky_multi.py:92:observed_frame <- window.py:1917:_on_frame <- window.py:2124:_rebuild_frame <- window.py:2265:_sync_mask
WARNING:root:GUI 卡顿 190ms state=IDLE anim=东张西望 physics=None
WARNING:pet.gui_stall_sampler:GUI 冻结现场（190ms，1 个采样点，旧→新）：
WARNING:pet.gui_stall_sampler:  [t-55ms] webm_clip.py:2750:_process_frame <- window_optional_services.py:62:<lambda> <- verify_seeky_multi.py:92:observed_frame <- window.py:1917:_on_frame <- window.py:2124:_rebuild_frame <- window.py:2265:_sync_mask
WARNING:root:GUI 卡顿 191ms state=IDLE anim=余额-分文不剩 physics=None
WARNING:pet.gui_stall_sampler:GUI 冻结现场（191ms，1 个采样点，旧→新）：
WARNING:pet.gui_stall_sampler:  [t-55ms] webm_clip.py:2750:_process_frame <- window_optional_services.py:62:<lambda> <- verify_seeky_multi.py:92:observed_frame <- window.py:1917:_on_frame <- window.py:2124:_rebuild_frame <- window.py:2265:_sync_mask
WARNING:root:GUI 卡顿 158ms state=IDLE anim=待机呼吸休闲 physics=None
WARNING:pet.gui_stall_sampler:GUI 冻结现场（158ms，2 个采样点，旧→新）：
WARNING:pet.gui_stall_sampler:  [t-179ms] verify_seeky_multi.py:308:<module> <- verify_seeky_multi.py:244:main
WARNING:pet.gui_stall_sampler:  [t-57ms] verify_seeky_multi.py:308:<module> <- verify_seeky_multi.py:244:main <- webm_clip.py:2499:_poll <- webm_clip.py:2724:_process_frame
WARNING:root:GUI 卡顿 159ms state=IDLE anim=东张西望 physics=None
WARNING:pet.gui_stall_sampler:GUI 冻结现场（159ms，2 个采样点，旧→新）：
WARNING:pet.gui_stall_sampler:  [t-180ms] verify_seeky_multi.py:308:<module> <- verify_seeky_multi.py:244:main
WARNING:pet.gui_stall_sampler:  [t-58ms] verify_seeky_multi.py:308:<module> <- verify_seeky_multi.py:244:main <- webm_clip.py:2499:_poll <- webm_clip.py:2724:_process_frame
WARNING:root:GUI 卡顿 160ms state=IDLE anim=余额-分文不剩 physics=None
WARNING:pet.gui_stall_sampler:GUI 冻结现场（160ms，2 个采样点，旧→新）：
WARNING:pet.gui_stall_sampler:  [t-180ms] verify_seeky_multi.py:308:<module> <- verify_seeky_multi.py:244:main
WARNING:pet.gui_stall_sampler:  [t-58ms] verify_seeky_multi.py:308:<module> <- verify_seeky_multi.py:244:main <- webm_clip.py:2499:_poll <- webm_clip.py:2724:_process_frame
WARNING:root:GUI 卡顿 169ms state=IDLE anim=待机呼吸休闲 physics=None
WARNING:pet.gui_stall_sampler:GUI 冻结现场（169ms，2 个采样点，旧→新）：
WARNING:pet.gui_stall_sampler:  [t-198ms] verify_seeky_multi.py:308:<module> <- verify_seeky_multi.py:244:main
WARNING:pet.gui_stall_sampler:  [t-55ms] webm_clip.py:2750:_process_frame <- window_optional_services.py:62:<lambda> <- verify_seeky_multi.py:92:observed_frame <- window.py:1917:_on_frame <- window.py:2068:_rebuild_frame <- window.py:1990:_frame_signature
WARNING:root:GUI 卡顿 170ms state=IDLE anim=东张西望 physics=None
WARNING:pet.gui_stall_sampler:GUI 冻结现场（170ms，2 个采样点，旧→新）：
WARNING:pet.gui_stall_sampler:  [t-199ms] verify_seeky_multi.py:308:<module> <- verify_seeky_multi.py:244:main
WARNING:pet.gui_stall_sampler:  [t-56ms] webm_clip.py:2750:_process_frame <- window_optional_services.py:62:<lambda> <- verify_seeky_multi.py:92:observed_frame <- window.py:1917:_on_frame <- window.py:2068:_rebuild_frame <- window.py:1990:_frame_signature
WARNING:root:GUI 卡顿 170ms state=IDLE anim=余额-分文不剩 physics=None
WARNING:pet.gui_stall_sampler:GUI 冻结现场（170ms，2 个采样点，旧→新）：
WARNING:pet.gui_stall_sampler:  [t-199ms] verify_seeky_multi.py:308:<module> <- verify_seeky_multi.py:244:main
WARNING:pet.gui_stall_sampler:  [t-56ms] webm_clip.py:2750:_process_frame <- window_optional_services.py:62:<lambda> <- verify_seeky_multi.py:92:observed_frame <- window.py:1917:_on_frame <- window.py:2068:_rebuild_frame <- window.py:1990:_frame_signature
WARNING:root:GUI 卡顿 129ms state=IDLE anim=待机呼吸休闲 physics=None
WARNING:pet.gui_stall_sampler:GUI 冻结现场（129ms，2 个采样点，旧→新）：
WARNING:pet.gui_stall_sampler:  [t-134ms] webm_clip.py:2499:_poll <- webm_clip.py:2750:_process_frame <- window_optional_services.py:62:<lambda> <- verify_seeky_multi.py:92:observed_frame <- window.py:1917:_on_frame <- window.py:2106:_rebuild_frame
WARNING:root:GUI 卡顿 129ms state=IDLE anim=东张西望 physics=None
WARNING:pet.gui_stall_sampler:GUI 冻结现场（129ms，2 个采样点，旧→新）：
WARNING:pet.gui_stall_sampler:  [t-135ms] webm_clip.py:2499:_poll <- webm_clip.py:2750:_process_frame <- window_optional_services.py:62:<lambda> <- verify_seeky_multi.py:92:observed_frame <- window.py:1917:_on_frame <- window.py:2106:_rebuild_frame
WARNING:root:GUI 卡顿 130ms state=IDLE anim=余额-分文不剩 physics=None
WARNING:pet.gui_stall_sampler:GUI 冻结现场（130ms，2 个采样点，旧→新）：
WARNING:pet.gui_stall_sampler:  [t-135ms] webm_clip.py:2499:_poll <- webm_clip.py:2750:_process_frame <- window_optional_services.py:62:<lambda> <- verify_seeky_multi.py:92:observed_frame <- window.py:1917:_on_frame <- window.py:2106:_rebuild_frame
WARNING:root:GUI 卡顿 228ms state=IDLE anim=待机呼吸休闲 physics=None
WARNING:pet.gui_stall_sampler:GUI 冻结现场（228ms，2 个采样点，旧→新）：
WARNING:pet.gui_stall_sampler:  [t-251ms] verify_seeky_multi.py:308:<module> <- verify_seeky_multi.py:244:main
WARNING:pet.gui_stall_sampler:  [t-15ms] window_optional_services.py:62:<lambda> <- verify_seeky_multi.py:92:observed_frame <- window.py:1917:_on_frame <- window.py:2124:_rebuild_frame <- window.py:2270:_sync_mask <- window_optional_services.py:42:effects_coverage
WARNING:root:GUI 卡顿 229ms state=IDLE anim=东张西望 physics=None
WARNING:pet.gui_stall_sampler:GUI 冻结现场（229ms，2 个采样点，旧→新）：
WARNING:pet.gui_stall_sampler:  [t-251ms] verify_seeky_multi.py:308:<module> <- verify_seeky_multi.py:244:main
WARNING:pet.gui_stall_sampler:  [t-15ms] window_optional_services.py:62:<lambda> <- verify_seeky_multi.py:92:observed_frame <- window.py:1917:_on_frame <- window.py:2124:_rebuild_frame <- window.py:2270:_sync_mask <- window_optional_services.py:42:effects_coverage
WARNING:root:GUI 卡顿 229ms state=IDLE anim=余额-分文不剩 physics=None
WARNING:pet.gui_stall_sampler:GUI 冻结现场（229ms，2 个采样点，旧→新）：
WARNING:pet.gui_stall_sampler:  [t-252ms] verify_seeky_multi.py:308:<module> <- verify_seeky_multi.py:244:main
WARNING:pet.gui_stall_sampler:  [t-16ms] window_optional_services.py:62:<lambda> <- verify_seeky_multi.py:92:observed_frame <- window.py:1917:_on_frame <- window.py:2124:_rebuild_frame <- window.py:2270:_sync_mask <- window_optional_services.py:42:effects_coverage
WARNING:root:GUI 卡顿 203ms state=IDLE anim=待机呼吸休闲 physics=None
WARNING:pet.gui_stall_sampler:GUI 冻结现场（203ms，2 个采样点，旧→新）：
WARNING:pet.gui_stall_sampler:  [t-202ms] verify_seeky_multi.py:308:<module> <- verify_seeky_multi.py:244:main
WARNING:pet.gui_stall_sampler:  [t-48ms] verify_seeky_multi.py:308:<module> <- verify_seeky_multi.py:244:main <- webm_clip.py:2499:_poll <- webm_clip.py:2724:_process_frame
WARNING:root:GUI 卡顿 204ms state=IDLE anim=东张西望 physics=None
WARNING:pet.gui_stall_sampler:GUI 冻结现场（204ms，2 个采样点，旧→新）：
WARNING:pet.gui_stall_sampler:  [t-203ms] verify_seeky_multi.py:308:<module> <- verify_seeky_multi.py:244:main
WARNING:pet.gui_stall_sampler:  [t-49ms] verify_seeky_multi.py:308:<module> <- verify_seeky_multi.py:244:main <- webm_clip.py:2499:_poll <- webm_clip.py:2724:_process_frame
WARNING:root:GUI 卡顿 204ms state=IDLE anim=余额-分文不剩 physics=None
WARNING:pet.gui_stall_sampler:GUI 冻结现场（204ms，2 个采样点，旧→新）：
WARNING:pet.gui_stall_sampler:  [t-203ms] verify_seeky_multi.py:308:<module> <- verify_seeky_multi.py:244:main
WARNING:pet.gui_stall_sampler:  [t-49ms] verify_seeky_multi.py:308:<module> <- verify_seeky_multi.py:244:main <- webm_clip.py:2499:_poll <- webm_clip.py:2724:_process_frame
WARNING:root:GUI 卡顿 130ms state=IDLE anim=待机呼吸休闲 physics=None
WARNING:pet.gui_stall_sampler:GUI 冻结现场（130ms，2 个采样点，旧→新）：
WARNING:pet.gui_stall_sampler:  [t-131ms] verify_seeky_multi.py:308:<module> <- verify_seeky_multi.py:244:main
WARNING:pet.gui_stall_sampler:  [t-11ms] webm_clip.py:2499:_poll <- webm_clip.py:2750:_process_frame <- window_optional_services.py:62:<lambda> <- verify_seeky_multi.py:92:observed_frame <- window.py:1917:_on_frame <- window.py:2106:_rebuild_frame
WARNING:root:GUI 卡顿 131ms state=IDLE anim=东张西望 physics=None
WARNING:pet.gui_stall_sampler:GUI 冻结现场（131ms，2 个采样点，旧→新）：
WARNING:pet.gui_stall_sampler:  [t-132ms] verify_seeky_multi.py:308:<module> <- verify_seeky_multi.py:244:main
WARNING:pet.gui_stall_sampler:  [t-12ms] webm_clip.py:2499:_poll <- webm_clip.py:2750:_process_frame <- window_optional_services.py:62:<lambda> <- verify_seeky_multi.py:92:observed_frame <- window.py:1917:_on_frame <- window.py:2106:_rebuild_frame
WARNING:root:GUI 卡顿 132ms state=IDLE anim=余额-分文不剩 physics=None
WARNING:pet.gui_stall_sampler:GUI 冻结现场（132ms，2 个采样点，旧→新）：
WARNING:pet.gui_stall_sampler:  [t-132ms] verify_seeky_multi.py:308:<module> <- verify_seeky_multi.py:244:main
WARNING:pet.gui_stall_sampler:  [t-12ms] webm_clip.py:2499:_poll <- webm_clip.py:2750:_process_frame <- window_optional_services.py:62:<lambda> <- verify_seeky_multi.py:92:observed_frame <- window.py:1917:_on_frame <- window.py:2106:_rebuild_frame
WARNING:root:GUI 卡顿 213ms state=IDLE anim=待机呼吸休闲 physics=None
WARNING:pet.gui_stall_sampler:GUI 冻结现场（213ms，1 个采样点，旧→新）：
WARNING:pet.gui_stall_sampler:  [t-23ms] verify_seeky_multi.py:308:<module> <- verify_seeky_multi.py:244:main <- webm_clip.py:2499:_poll <- webm_clip.py:2750:_process_frame
WARNING:root:GUI 卡顿 221ms state=IDLE anim=东张西望 physics=None
WARNING:pet.gui_stall_sampler:GUI 冻结现场（221ms，1 个采样点，旧→新）：
WARNING:pet.gui_stall_sampler:  [t-48ms] verify_seeky_multi.py:308:<module> <- verify_seeky_multi.py:244:main <- webm_clip.py:2499:_poll <- webm_clip.py:2750:_process_frame
WARNING:root:GUI 卡顿 241ms state=IDLE anim=余额-分文不剩 physics=None
WARNING:pet.gui_stall_sampler:GUI 冻结现场（241ms，1 个采样点，旧→新）：
WARNING:pet.gui_stall_sampler:  [t-51ms] verify_seeky_multi.py:308:<module> <- verify_seeky_multi.py:244:main <- webm_clip.py:2499:_poll <- webm_clip.py:2750:_process_frame
WARNING:root:GUI 卡顿 133ms state=IDLE anim=待机呼吸休闲 physics=None
WARNING:pet.gui_stall_sampler:GUI 冻结现场（133ms，1 个采样点，旧→新）：
WARNING:pet.gui_stall_sampler:  [t-26ms] webm_clip.py:2750:_process_frame <- window_optional_services.py:62:<lambda> <- verify_seeky_multi.py:92:observed_frame <- window.py:1917:_on_frame <- window.py:2124:_rebuild_frame <- window.py:2265:_sync_mask
WARNING:root:GUI 卡顿 134ms state=IDLE anim=东张西望 physics=None
WARNING:pet.gui_stall_sampler:GUI 冻结现场（134ms，1 个采样点，旧→新）：
WARNING:pet.gui_stall_sampler:  [t-26ms] webm_clip.py:2750:_process_frame <- window_optional_services.py:62:<lambda> <- verify_seeky_multi.py:92:observed_frame <- window.py:1917:_on_frame <- window.py:2124:_rebuild_frame <- window.py:2265:_sync_mask
WARNING:root:GUI 卡顿 134ms state=IDLE anim=余额-分文不剩 physics=None
WARNING:pet.gui_stall_sampler:GUI 冻结现场（134ms，1 个采样点，旧→新）：
WARNING:pet.gui_stall_sampler:  [t-27ms] webm_clip.py:2750:_process_frame <- window_optional_services.py:62:<lambda> <- verify_seeky_multi.py:92:observed_frame <- window.py:1917:_on_frame <- window.py:2124:_rebuild_frame <- window.py:2265:_sync_mask
WARNING:root:GUI 卡顿 125ms state=IDLE anim=待机呼吸休闲 physics=None
WARNING:pet.gui_stall_sampler:GUI 冻结现场（125ms，2 个采样点，旧→新）：
WARNING:pet.gui_stall_sampler:  [t-126ms] verify_seeky_multi.py:308:<module> <- verify_seeky_multi.py:244:main
WARNING:pet.gui_stall_sampler:  [t-0ms] webm_clip.py:2499:_poll <- webm_clip.py:2750:_process_frame <- window_optional_services.py:62:<lambda> <- verify_seeky_multi.py:92:observed_frame <- window.py:1917:_on_frame <- window.py:2106:_rebuild_frame
WARNING:root:GUI 卡顿 127ms state=IDLE anim=东张西望 physics=None
WARNING:pet.gui_stall_sampler:GUI 冻结现场（127ms，2 个采样点，旧→新）：
WARNING:pet.gui_stall_sampler:  [t-127ms] verify_seeky_multi.py:308:<module> <- verify_seeky_multi.py:244:main
WARNING:pet.gui_stall_sampler:  [t-1ms] webm_clip.py:2499:_poll <- webm_clip.py:2750:_process_frame <- window_optional_services.py:62:<lambda> <- verify_seeky_multi.py:92:observed_frame <- window.py:1917:_on_frame <- window.py:2106:_rebuild_frame
WARNING:root:GUI 卡顿 128ms state=IDLE anim=余额-分文不剩 physics=None
WARNING:pet.gui_stall_sampler:GUI 冻结现场（128ms，2 个采样点，旧→新）：
WARNING:pet.gui_stall_sampler:  [t-127ms] verify_seeky_multi.py:308:<module> <- verify_seeky_multi.py:244:main
WARNING:pet.gui_stall_sampler:  [t-2ms] webm_clip.py:2499:_poll <- webm_clip.py:2750:_process_frame <- window_optional_services.py:62:<lambda> <- verify_seeky_multi.py:92:observed_frame <- window.py:1917:_on_frame <- window.py:2106:_rebuild_frame
WARNING:root:GUI 卡顿 112ms state=IDLE anim=待机呼吸休闲 physics=None
WARNING:pet.gui_stall_sampler:GUI 冻结现场（112ms，1 个采样点，旧→新）：
WARNING:pet.gui_stall_sampler:  [t-53ms] webm_clip.py:2499:_poll <- webm_clip.py:2750:_process_frame <- window_optional_services.py:62:<lambda> <- verify_seeky_multi.py:92:observed_frame <- window.py:1917:_on_frame <- window.py:2106:_rebuild_frame
WARNING:root:GUI 卡顿 113ms state=IDLE anim=东张西望 physics=None
WARNING:pet.gui_stall_sampler:GUI 冻结现场（113ms，2 个采样点，旧→新）：
WARNING:pet.gui_stall_sampler:  [t-162ms] webm_clip.py:2499:_poll <- webm_clip.py:2750:_process_frame <- window_optional_services.py:62:<lambda> <- verify_seeky_multi.py:92:observed_frame <- window.py:1917:_on_frame <- window.py:2106:_rebuild_frame
WARNING:root:GUI 卡顿 113ms state=IDLE anim=余额-分文不剩 physics=None
WARNING:pet.gui_stall_sampler:GUI 冻结现场（113ms，2 个采样点，旧→新）：
WARNING:pet.gui_stall_sampler:  [t-163ms] webm_clip.py:2499:_poll <- webm_clip.py:2750:_process_frame <- window_optional_services.py:62:<lambda> <- verify_seeky_multi.py:92:observed_frame <- window.py:1917:_on_frame <- window.py:2106:_rebuild_frame
WARNING:root:GUI 卡顿 108ms state=IDLE anim=待机呼吸休闲 physics=None
WARNING:pet.gui_stall_sampler:GUI 冻结现场（108ms，1 个采样点，旧→新）：
WARNING:pet.gui_stall_sampler:  [t-48ms] verify_seeky_multi.py:308:<module> <- verify_seeky_multi.py:244:main <- webm_clip.py:2499:_poll <- webm_clip.py:2750:_process_frame
WARNING:root:GUI 卡顿 109ms state=IDLE anim=东张西望 physics=None
WARNING:pet.gui_stall_sampler:GUI 冻结现场（109ms，1 个采样点，旧→新）：
WARNING:pet.gui_stall_sampler:  [t-48ms] verify_seeky_multi.py:308:<module> <- verify_seeky_multi.py:244:main <- webm_clip.py:2499:_poll <- webm_clip.py:2750:_process_frame
WARNING:root:GUI 卡顿 109ms state=IDLE anim=余额-分文不剩 physics=None
WARNING:pet.gui_stall_sampler:GUI 冻结现场（109ms，1 个采样点，旧→新）：
WARNING:pet.gui_stall_sampler:  [t-48ms] verify_seeky_multi.py:308:<module> <- verify_seeky_multi.py:244:main <- webm_clip.py:2499:_poll <- webm_clip.py:2750:_process_frame
WARNING:root:GUI 卡顿 141ms state=IDLE anim=待机呼吸休闲 physics=None
WARNING:pet.gui_stall_sampler:GUI 冻结现场（141ms，3 个采样点，旧→新）：
WARNING:pet.gui_stall_sampler:  [t-187ms] verify_seeky_multi.py:308:<module> <- verify_seeky_multi.py:244:main
WARNING:pet.gui_stall_sampler:  [t-104ms] verify_seeky_multi.py:308:<module> <- verify_seeky_multi.py:244:main <- webm_clip.py:2499:_poll <- webm_clip.py:2724:_process_frame
WARNING:pet.gui_stall_sampler:  [t-27ms] webm_clip.py:2499:_poll <- webm_clip.py:2750:_process_frame <- window_optional_services.py:62:<lambda> <- verify_seeky_multi.py:92:observed_frame <- window.py:1917:_on_frame <- window.py:2106:_rebuild_frame
WARNING:root:GUI 卡顿 142ms state=IDLE anim=东张西望 physics=None
WARNING:pet.gui_stall_sampler:GUI 冻结现场（142ms，3 个采样点，旧→新）：
WARNING:pet.gui_stall_sampler:  [t-188ms] verify_seeky_multi.py:308:<module> <- verify_seeky_multi.py:244:main
WARNING:pet.gui_stall_sampler:  [t-105ms] verify_seeky_multi.py:308:<module> <- verify_seeky_multi.py:244:main <- webm_clip.py:2499:_poll <- webm_clip.py:2724:_process_frame
WARNING:pet.gui_stall_sampler:  [t-28ms] webm_clip.py:2499:_poll <- webm_clip.py:2750:_process_frame <- window_optional_services.py:62:<lambda> <- verify_seeky_multi.py:92:observed_frame <- window.py:1917:_on_frame <- window.py:2106:_rebuild_frame
WARNING:root:GUI 卡顿 143ms state=IDLE anim=余额-分文不剩 physics=None
WARNING:pet.gui_stall_sampler:GUI 冻结现场（143ms，3 个采样点，旧→新）：
WARNING:pet.gui_stall_sampler:  [t-188ms] verify_seeky_multi.py:308:<module> <- verify_seeky_multi.py:244:main
WARNING:pet.gui_stall_sampler:  [t-105ms] verify_seeky_multi.py:308:<module> <- verify_seeky_multi.py:244:main <- webm_clip.py:2499:_poll <- webm_clip.py:2724:_process_frame
WARNING:pet.gui_stall_sampler:  [t-28ms] webm_clip.py:2499:_poll <- webm_clip.py:2750:_process_frame <- window_optional_services.py:62:<lambda> <- verify_seeky_multi.py:92:observed_frame <- window.py:1917:_on_frame <- window.py:2106:_rebuild_frame
WARNING:root:GUI 卡顿 108ms state=IDLE anim=待机呼吸休闲 physics=None
WARNING:pet.gui_stall_sampler:GUI 冻结现场（108ms，2 个采样点，旧→新）：
WARNING:pet.gui_stall_sampler:  [t-64ms] verify_seeky_multi.py:308:<module> <- verify_seeky_multi.py:244:main
WARNING:pet.gui_stall_sampler:  [t-3ms] verify_seeky_multi.py:308:<module> <- verify_seeky_multi.py:244:main <- window.py:2460:paintEvent
WARNING:root:GUI 卡顿 110ms state=IDLE anim=东张西望 physics=None
WARNING:pet.gui_stall_sampler:GUI 冻结现场（110ms，2 个采样点，旧→新）：
WARNING:pet.gui_stall_sampler:  [t-65ms] verify_seeky_multi.py:308:<module> <- verify_seeky_multi.py:244:main
WARNING:pet.gui_stall_sampler:  [t-4ms] verify_seeky_multi.py:308:<module> <- verify_seeky_multi.py:244:main <- window.py:2460:paintEvent
WARNING:root:GUI 卡顿 110ms state=IDLE anim=余额-分文不剩 physics=None
WARNING:pet.gui_stall_sampler:GUI 冻结现场（110ms，2 个采样点，旧→新）：
WARNING:pet.gui_stall_sampler:  [t-65ms] verify_seeky_multi.py:308:<module> <- verify_seeky_multi.py:244:main
WARNING:pet.gui_stall_sampler:  [t-4ms] verify_seeky_multi.py:308:<module> <- verify_seeky_multi.py:244:main <- window.py:2460:paintEvent
WARNING:root:GUI 卡顿 155ms state=IDLE anim=待机呼吸休闲 physics=None
WARNING:pet.gui_stall_sampler:GUI 冻结现场（155ms，2 个采样点，旧→新）：
WARNING:pet.gui_stall_sampler:  [t-157ms] verify_seeky_multi.py:308:<module> <- verify_seeky_multi.py:244:main
WARNING:pet.gui_stall_sampler:  [t-34ms] webm_clip.py:2499:_poll <- webm_clip.py:2750:_process_frame <- window_optional_services.py:62:<lambda> <- verify_seeky_multi.py:92:observed_frame <- window.py:1917:_on_frame <- window.py:2106:_rebuild_frame
WARNING:root:GUI 卡顿 157ms state=IDLE anim=东张西望 physics=None
WARNING:pet.gui_stall_sampler:GUI 冻结现场（157ms，2 个采样点，旧→新）：
WARNING:pet.gui_stall_sampler:  [t-158ms] verify_seeky_multi.py:308:<module> <- verify_seeky_multi.py:244:main
WARNING:pet.gui_stall_sampler:  [t-35ms] webm_clip.py:2499:_poll <- webm_clip.py:2750:_process_frame <- window_optional_services.py:62:<lambda> <- verify_seeky_multi.py:92:observed_frame <- window.py:1917:_on_frame <- window.py:2106:_rebuild_frame
WARNING:root:GUI 卡顿 157ms state=IDLE anim=余额-分文不剩 physics=None
WARNING:pet.gui_stall_sampler:GUI 冻结现场（157ms，2 个采样点，旧→新）：
WARNING:pet.gui_stall_sampler:  [t-158ms] verify_seeky_multi.py:308:<module> <- verify_seeky_multi.py:244:main
WARNING:pet.gui_stall_sampler:  [t-35ms] webm_clip.py:2499:_poll <- webm_clip.py:2750:_process_frame <- window_optional_services.py:62:<lambda> <- verify_seeky_multi.py:92:observed_frame <- window.py:1917:_on_frame <- window.py:2106:_rebuild_frame
WARNING:root:GUI 卡顿 110ms state=IDLE anim=待机呼吸休闲 physics=None
WARNING:pet.gui_stall_sampler:GUI 冻结现场（110ms，1 个采样点，旧→新）：
WARNING:pet.gui_stall_sampler:  [t-149ms] verify_seeky_multi.py:308:<module> <- verify_seeky_multi.py:244:main
WARNING:root:GUI 卡顿 111ms state=IDLE anim=东张西望 physics=None
WARNING:pet.gui_stall_sampler:GUI 冻结现场（111ms，1 个采样点，旧→新）：
WARNING:pet.gui_stall_sampler:  [t-149ms] verify_seeky_multi.py:308:<module> <- verify_seeky_multi.py:244:main
WARNING:root:GUI 卡顿 111ms state=IDLE anim=余额-分文不剩 physics=None
WARNING:pet.gui_stall_sampler:GUI 冻结现场（111ms，1 个采样点，旧→新）：
WARNING:pet.gui_stall_sampler:  [t-149ms] verify_seeky_multi.py:308:<module> <- verify_seeky_multi.py:244:main
WARNING:root:GUI 卡顿 134ms state=IDLE anim=待机呼吸休闲 physics=None
WARNING:pet.gui_stall_sampler:GUI 冻结现场（134ms，2 个采样点，旧→新）：
WARNING:pet.gui_stall_sampler:  [t-137ms] verify_seeky_multi.py:308:<module> <- verify_seeky_multi.py:244:main
WARNING:pet.gui_stall_sampler:  [t-36ms] webm_clip.py:2499:_poll <- webm_clip.py:2750:_process_frame <- window_optional_services.py:62:<lambda> <- verify_seeky_multi.py:92:observed_frame <- window.py:1917:_on_frame <- window.py:2106:_rebuild_frame
WARNING:root:GUI 卡顿 137ms state=IDLE anim=东张西望 physics=None
WARNING:pet.gui_stall_sampler:GUI 冻结现场（137ms，2 个采样点，旧→新）：
WARNING:pet.gui_stall_sampler:  [t-141ms] verify_seeky_multi.py:308:<module> <- verify_seeky_multi.py:244:main
WARNING:pet.gui_stall_sampler:  [t-40ms] webm_clip.py:2499:_poll <- webm_clip.py:2750:_process_frame <- window_optional_services.py:62:<lambda> <- verify_seeky_multi.py:92:observed_frame <- window.py:1917:_on_frame <- window.py:2106:_rebuild_frame
WARNING:root:GUI 卡顿 139ms state=IDLE anim=余额-分文不剩 physics=None
WARNING:pet.gui_stall_sampler:GUI 冻结现场（139ms，2 个采样点，旧→新）：
WARNING:pet.gui_stall_sampler:  [t-141ms] verify_seeky_multi.py:308:<module> <- verify_seeky_multi.py:244:main
WARNING:pet.gui_stall_sampler:  [t-41ms] webm_clip.py:2499:_poll <- webm_clip.py:2750:_process_frame <- window_optional_services.py:62:<lambda> <- verify_seeky_multi.py:92:observed_frame <- window.py:1917:_on_frame <- window.py:2106:_rebuild_frame
WARNING:root:GUI 卡顿 136ms state=IDLE anim=待机呼吸休闲 physics=None
WARNING:pet.gui_stall_sampler:GUI 冻结现场（136ms，3 个采样点，旧→新）：
WARNING:pet.gui_stall_sampler:  [t-175ms] verify_seeky_multi.py:308:<module> <- verify_seeky_multi.py:244:main
WARNING:pet.gui_stall_sampler:  [t-88ms] webm_clip.py:2499:_poll <- webm_clip.py:2750:_process_frame <- window_optional_services.py:62:<lambda> <- verify_seeky_multi.py:92:observed_frame <- window.py:1917:_on_frame <- window.py:2106:_rebuild_frame
WARNING:pet.gui_stall_sampler:  [t-1ms] webm_clip.py:2499:_poll <- webm_clip.py:2750:_process_frame <- window_optional_services.py:62:<lambda> <- verify_seeky_multi.py:92:observed_frame <- window.py:1917:_on_frame <- window.py:2119:_rebuild_frame
WARNING:root:GUI 卡顿 139ms state=IDLE anim=东张西望 physics=None
WARNING:pet.gui_stall_sampler:GUI 冻结现场（139ms，3 个采样点，旧→新）：
WARNING:pet.gui_stall_sampler:  [t-177ms] verify_seeky_multi.py:308:<module> <- verify_seeky_multi.py:244:main
WARNING:pet.gui_stall_sampler:  [t-89ms] webm_clip.py:2499:_poll <- webm_clip.py:2750:_process_frame <- window_optional_services.py:62:<lambda> <- verify_seeky_multi.py:92:observed_frame <- window.py:1917:_on_frame <- window.py:2106:_rebuild_frame
WARNING:pet.gui_stall_sampler:  [t-2ms] webm_clip.py:2499:_poll <- webm_clip.py:2750:_process_frame <- window_optional_services.py:62:<lambda> <- verify_seeky_multi.py:92:observed_frame <- window.py:1917:_on_frame <- window.py:2119:_rebuild_frame
WARNING:root:GUI 卡顿 140ms state=IDLE anim=余额-分文不剩 physics=None
WARNING:pet.gui_stall_sampler:GUI 冻结现场（140ms，3 个采样点，旧→新）：
WARNING:pet.gui_stall_sampler:  [t-177ms] verify_seeky_multi.py:308:<module> <- verify_seeky_multi.py:244:main
WARNING:pet.gui_stall_sampler:  [t-90ms] webm_clip.py:2499:_poll <- webm_clip.py:2750:_process_frame <- window_optional_services.py:62:<lambda> <- verify_seeky_multi.py:92:observed_frame <- window.py:1917:_on_frame <- window.py:2106:_rebuild_frame
WARNING:pet.gui_stall_sampler:  [t-3ms] webm_clip.py:2499:_poll <- webm_clip.py:2750:_process_frame <- window_optional_services.py:62:<lambda> <- verify_seeky_multi.py:92:observed_frame <- window.py:1917:_on_frame <- window.py:2119:_rebuild_frame
WARNING:root:GUI 卡顿 165ms state=IDLE anim=待机呼吸休闲 physics=None
WARNING:pet.gui_stall_sampler:GUI 冻结现场（165ms，3 个采样点，旧→新）：
WARNING:pet.gui_stall_sampler:  [t-171ms] verify_seeky_multi.py:308:<module> <- verify_seeky_multi.py:244:main
WARNING:pet.gui_stall_sampler:  [t-68ms] webm_clip.py:2499:_poll <- webm_clip.py:2750:_process_frame <- window_optional_services.py:62:<lambda> <- verify_seeky_multi.py:92:observed_frame <- window.py:1917:_on_frame <- window.py:2106:_rebuild_frame
WARNING:pet.gui_stall_sampler:  [t-12ms] verify_seeky_multi.py:308:<module> <- verify_seeky_multi.py:244:main
WARNING:root:GUI 卡顿 167ms state=IDLE anim=东张西望 physics=None
WARNING:pet.gui_stall_sampler:GUI 冻结现场（167ms，3 个采样点，旧→新）：
WARNING:pet.gui_stall_sampler:  [t-172ms] verify_seeky_multi.py:308:<module> <- verify_seeky_multi.py:244:main
WARNING:pet.gui_stall_sampler:  [t-69ms] webm_clip.py:2499:_poll <- webm_clip.py:2750:_process_frame <- window_optional_services.py:62:<lambda> <- verify_seeky_multi.py:92:observed_frame <- window.py:1917:_on_frame <- window.py:2106:_rebuild_frame
WARNING:pet.gui_stall_sampler:  [t-13ms] verify_seeky_multi.py:308:<module> <- verify_seeky_multi.py:244:main
WARNING:root:GUI 卡顿 174ms state=IDLE anim=余额-分文不剩 physics=None
WARNING:pet.gui_stall_sampler:GUI 冻结现场（174ms，3 个采样点，旧→新）：
WARNING:pet.gui_stall_sampler:  [t-180ms] verify_seeky_multi.py:308:<module> <- verify_seeky_multi.py:244:main
WARNING:pet.gui_stall_sampler:  [t-76ms] webm_clip.py:2499:_poll <- webm_clip.py:2750:_process_frame <- window_optional_services.py:62:<lambda> <- verify_seeky_multi.py:92:observed_frame <- window.py:1917:_on_frame <- window.py:2106:_rebuild_frame
WARNING:pet.gui_stall_sampler:  [t-20ms] verify_seeky_multi.py:308:<module> <- verify_seeky_multi.py:244:main
WARNING:root:GUI 卡顿 118ms state=IDLE anim=待机呼吸休闲 physics=None
WARNING:pet.gui_stall_sampler:GUI 冻结现场（118ms，1 个采样点，旧→新）：
WARNING:pet.gui_stall_sampler:  [t-14ms] verify_seeky_multi.py:308:<module> <- verify_seeky_multi.py:244:main <- webm_clip.py:2499:_poll <- webm_clip.py:2724:_process_frame
WARNING:root:GUI 卡顿 119ms state=IDLE anim=东张西望 physics=None
WARNING:pet.gui_stall_sampler:GUI 冻结现场（119ms，1 个采样点，旧→新）：
WARNING:pet.gui_stall_sampler:  [t-14ms] verify_seeky_multi.py:308:<module> <- verify_seeky_multi.py:244:main <- webm_clip.py:2499:_poll <- webm_clip.py:2724:_process_frame
WARNING:root:GUI 卡顿 120ms state=IDLE anim=余额-分文不剩 physics=None
WARNING:pet.gui_stall_sampler:GUI 冻结现场（120ms，1 个采样点，旧→新）：
WARNING:pet.gui_stall_sampler:  [t-14ms] verify_seeky_multi.py:308:<module> <- verify_seeky_multi.py:244:main <- webm_clip.py:2499:_poll <- webm_clip.py:2724:_process_frame
WARNING:root:GUI 卡顿 118ms state=IDLE anim=待机呼吸休闲 physics=None
WARNING:pet.gui_stall_sampler:GUI 冻结现场（118ms，2 个采样点，旧→新）：
WARNING:pet.gui_stall_sampler:  [t-147ms] verify_seeky_multi.py:308:<module> <- verify_seeky_multi.py:244:main
WARNING:pet.gui_stall_sampler:  [t-10ms] webm_clip.py:2499:_poll <- webm_clip.py:2750:_process_frame <- window_optional_services.py:62:<lambda> <- verify_seeky_multi.py:92:observed_frame <- window.py:1917:_on_frame <- window.py:2106:_rebuild_frame
WARNING:root:GUI 卡顿 119ms state=IDLE anim=东张西望 physics=None
WARNING:pet.gui_stall_sampler:GUI 冻结现场（119ms，2 个采样点，旧→新）：
WARNING:pet.gui_stall_sampler:  [t-147ms] verify_seeky_multi.py:308:<module> <- verify_seeky_multi.py:244:main
WARNING:pet.gui_stall_sampler:  [t-11ms] webm_clip.py:2499:_poll <- webm_clip.py:2750:_process_frame <- window_optional_services.py:62:<lambda> <- verify_seeky_multi.py:92:observed_frame <- window.py:1917:_on_frame <- window.py:2106:_rebuild_frame
WARNING:root:GUI 卡顿 119ms state=IDLE anim=余额-分文不剩 physics=None
WARNING:pet.gui_stall_sampler:GUI 冻结现场（119ms，2 个采样点，旧→新）：
WARNING:pet.gui_stall_sampler:  [t-147ms] verify_seeky_multi.py:308:<module> <- verify_seeky_multi.py:244:main
WARNING:pet.gui_stall_sampler:  [t-11ms] webm_clip.py:2499:_poll <- webm_clip.py:2750:_process_frame <- window_optional_services.py:62:<lambda> <- verify_seeky_multi.py:92:observed_frame <- window.py:1917:_on_frame <- window.py:2106:_rebuild_frame
WARNING:root:GUI 卡顿 153ms state=IDLE anim=待机呼吸休闲 physics=None
WARNING:pet.gui_stall_sampler:GUI 冻结现场（153ms，2 个采样点，旧→新）：
WARNING:pet.gui_stall_sampler:  [t-195ms] verify_seeky_multi.py:308:<module> <- verify_seeky_multi.py:244:main
WARNING:root:GUI 卡顿 154ms state=IDLE anim=东张西望 physics=None
WARNING:pet.gui_stall_sampler:GUI 冻结现场（154ms，2 个采样点，旧→新）：
WARNING:pet.gui_stall_sampler:  [t-196ms] verify_seeky_multi.py:308:<module> <- verify_seeky_multi.py:244:main
WARNING:root:GUI 卡顿 154ms state=IDLE anim=余额-分文不剩 physics=None
WARNING:pet.gui_stall_sampler:GUI 冻结现场（154ms，2 个采样点，旧→新）：
WARNING:pet.gui_stall_sampler:  [t-197ms] verify_seeky_multi.py:308:<module> <- verify_seeky_multi.py:244:main
WARNING:root:GUI 卡顿 138ms state=IDLE anim=待机呼吸休闲 physics=None
WARNING:pet.gui_stall_sampler:GUI 冻结现场（138ms，2 个采样点，旧→新）：
WARNING:pet.gui_stall_sampler:  [t-175ms] window_optional_services.py:62:<lambda> <- verify_seeky_multi.py:92:observed_frame <- window.py:1919:_on_frame <- window.py:2126:_rebuild_frame <- window.py:2291:_sync_mask <- window_optional_services.py:44:effects_coverage
WARNING:pet.gui_stall_sampler:  [t-34ms] webm_clip.py:2499:_poll <- webm_clip.py:2750:_process_frame <- window_optional_services.py:62:<lambda> <- verify_seeky_multi.py:92:observed_frame <- window.py:1917:_on_frame <- window.py:2106:_rebuild_frame
WARNING:root:GUI 卡顿 148ms state=IDLE anim=东张西望 physics=None
WARNING:pet.gui_stall_sampler:GUI 冻结现场（148ms，2 个采样点，旧→新）：
WARNING:pet.gui_stall_sampler:  [t-185ms] window_optional_services.py:62:<lambda> <- verify_seeky_multi.py:92:observed_frame <- window.py:1919:_on_frame <- window.py:2126:_rebuild_frame <- window.py:2291:_sync_mask <- window_optional_services.py:44:effects_coverage
WARNING:pet.gui_stall_sampler:  [t-43ms] webm_clip.py:2499:_poll <- webm_clip.py:2750:_process_frame <- window_optional_services.py:62:<lambda> <- verify_seeky_multi.py:92:observed_frame <- window.py:1917:_on_frame <- window.py:2106:_rebuild_frame
WARNING:root:GUI 卡顿 149ms state=IDLE anim=余额-分文不剩 physics=None
WARNING:pet.gui_stall_sampler:GUI 冻结现场（149ms，2 个采样点，旧→新）：
WARNING:pet.gui_stall_sampler:  [t-185ms] window_optional_services.py:62:<lambda> <- verify_seeky_multi.py:92:observed_frame <- window.py:1919:_on_frame <- window.py:2126:_rebuild_frame <- window.py:2291:_sync_mask <- window_optional_services.py:44:effects_coverage
WARNING:pet.gui_stall_sampler:  [t-44ms] webm_clip.py:2499:_poll <- webm_clip.py:2750:_process_frame <- window_optional_services.py:62:<lambda> <- verify_seeky_multi.py:92:observed_frame <- window.py:1917:_on_frame <- window.py:2106:_rebuild_frame
WARNING:root:GUI 卡顿 1021ms state=IDLE anim=待机呼吸休闲 physics=None
WARNING:pet.gui_stall_sampler:GUI 冻结现场（1021ms，15 个采样点，旧→新）：
WARNING:pet.gui_stall_sampler:  [t-1022ms] webm_clip.py:2499:_poll <- webm_clip.py:2750:_process_frame <- window_optional_services.py:62:<lambda> <- verify_seeky_multi.py:92:observed_frame <- window.py:1917:_on_frame <- window.py:2106:_rebuild_frame
WARNING:pet.gui_stall_sampler:  [t-917ms] verify_seeky_multi.py:244:main <- verify_seeky_multi.py:208:close_child <- app.py:437:wrapper <- app.py:1051:_request_exit_window <- app.py:2877:_on_window_exit_requested <- collision_ipc.py:1284:stop
WARNING:pet.gui_stall_sampler:  [t-861ms] app.py:2886:_on_window_exit_requested <- window.py:4637:closeEvent <- library.py:563:shutdown <- webm_clip.py:1140:cleanup <- webm_clip.py:1197:_reap_retired <- threading.py:1092:join
WARNING:pet.gui_stall_sampler:  [t-370ms] app.py:2886:_on_window_exit_requested <- window.py:4637:closeEvent <- library.py:563:shutdown <- webm_clip.py:1144:cleanup <- webm_clip.py:1165:_retire_grace_wait <- threading.py:1092:join
WARNING:pet.gui_stall_sampler:  [t-172ms] verify_seeky_multi.py:244:main <- verify_seeky_multi.py:208:close_child <- app.py:437:wrapper <- app.py:1051:_request_exit_window <- app.py:2896:_on_window_exit_requested <- file_eater.py:166:eventFilter
WARNING:pet.gui_stall_sampler:  [t-57ms] webm_clip.py:2499:_poll <- webm_clip.py:2750:_process_frame <- window_optional_services.py:62:<lambda> <- verify_seeky_multi.py:92:observed_frame <- window.py:1917:_on_frame <- window.py:2106:_rebuild_frame
WARNING:root:GUI 卡顿 1022ms state=IDLE anim=东张西望 physics=None
WARNING:pet.gui_stall_sampler:GUI 冻结现场（1022ms，15 个采样点，旧→新）：
WARNING:pet.gui_stall_sampler:  [t-1023ms] webm_clip.py:2499:_poll <- webm_clip.py:2750:_process_frame <- window_optional_services.py:62:<lambda> <- verify_seeky_multi.py:92:observed_frame <- window.py:1917:_on_frame <- window.py:2106:_rebuild_frame
WARNING:pet.gui_stall_sampler:  [t-918ms] verify_seeky_multi.py:244:main <- verify_seeky_multi.py:208:close_child <- app.py:437:wrapper <- app.py:1051:_request_exit_window <- app.py:2877:_on_window_exit_requested <- collision_ipc.py:1284:stop
WARNING:pet.gui_stall_sampler:  [t-863ms] app.py:2886:_on_window_exit_requested <- window.py:4637:closeEvent <- library.py:563:shutdown <- webm_clip.py:1140:cleanup <- webm_clip.py:1197:_reap_retired <- threading.py:1092:join
WARNING:pet.gui_stall_sampler:  [t-371ms] app.py:2886:_on_window_exit_requested <- window.py:4637:closeEvent <- library.py:563:shutdown <- webm_clip.py:1144:cleanup <- webm_clip.py:1165:_retire_grace_wait <- threading.py:1092:join
WARNING:pet.gui_stall_sampler:  [t-173ms] verify_seeky_multi.py:244:main <- verify_seeky_multi.py:208:close_child <- app.py:437:wrapper <- app.py:1051:_request_exit_window <- app.py:2896:_on_window_exit_requested <- file_eater.py:166:eventFilter
WARNING:pet.gui_stall_sampler:  [t-58ms] webm_clip.py:2499:_poll <- webm_clip.py:2750:_process_frame <- window_optional_services.py:62:<lambda> <- verify_seeky_multi.py:92:observed_frame <- window.py:1917:_on_frame <- window.py:2106:_rebuild_frame
WARNING:root:GUI 卡顿 109ms state=IDLE anim=待机呼吸休闲 physics=None
WARNING:pet.gui_stall_sampler:GUI 冻结现场（109ms，1 个采样点，旧→新）：
WARNING:pet.gui_stall_sampler:  [t-134ms] verify_seeky_multi.py:92:observed_frame <- window.py:1917:_on_frame <- window.py:2124:_rebuild_frame <- window.py:2270:_sync_mask <- window_optional_services.py:42:effects_coverage <- frame_edges.py:38:coverage_region
WARNING:root:GUI 卡顿 109ms state=IDLE anim=东张西望 physics=None
WARNING:pet.gui_stall_sampler:GUI 冻结现场（109ms，1 个采样点，旧→新）：
WARNING:pet.gui_stall_sampler:  [t-135ms] verify_seeky_multi.py:92:observed_frame <- window.py:1917:_on_frame <- window.py:2124:_rebuild_frame <- window.py:2270:_sync_mask <- window_optional_services.py:42:effects_coverage <- frame_edges.py:38:coverage_region
WARNING:root:GUI 卡顿 147ms state=IDLE anim=待机呼吸休闲 physics=None
WARNING:pet.gui_stall_sampler:GUI 冻结现场（147ms，1 个采样点，旧→新）：
WARNING:pet.gui_stall_sampler:  [t-194ms] verify_seeky_multi.py:308:<module> <- verify_seeky_multi.py:244:main
WARNING:root:GUI 卡顿 165ms state=IDLE anim=东张西望 physics=None
WARNING:pet.gui_stall_sampler:GUI 冻结现场（165ms，1 个采样点，旧→新）：
WARNING:pet.gui_stall_sampler:  [t-195ms] verify_seeky_multi.py:308:<module> <- verify_seeky_multi.py:244:main
WARNING:root:GUI 卡顿 101ms state=IDLE anim=待机呼吸休闲 physics=None
WARNING:pet.gui_stall_sampler:GUI 冻结现场（101ms，2 个采样点，旧→新）：
WARNING:pet.gui_stall_sampler:  [t-139ms] verify_seeky_multi.py:308:<module> <- verify_seeky_multi.py:244:main
WARNING:pet.gui_stall_sampler:  [t-21ms] webm_clip.py:2499:_poll <- webm_clip.py:2750:_process_frame <- window_optional_services.py:62:<lambda> <- verify_seeky_multi.py:92:observed_frame <- window.py:1917:_on_frame <- window.py:2106:_rebuild_frame
WARNING:root:GUI 卡顿 102ms state=IDLE anim=东张西望 physics=None
WARNING:pet.gui_stall_sampler:GUI 冻结现场（102ms，2 个采样点，旧→新）：
WARNING:pet.gui_stall_sampler:  [t-139ms] verify_seeky_multi.py:308:<module> <- verify_seeky_multi.py:244:main
WARNING:pet.gui_stall_sampler:  [t-22ms] webm_clip.py:2499:_poll <- webm_clip.py:2750:_process_frame <- window_optional_services.py:62:<lambda> <- verify_seeky_multi.py:92:observed_frame <- window.py:1917:_on_frame <- window.py:2106:_rebuild_frame
WARNING:root:GUI 卡顿 143ms state=IDLE anim=待机呼吸休闲 physics=None
WARNING:pet.gui_stall_sampler:GUI 冻结现场（143ms，2 个采样点，旧→新）：
WARNING:pet.gui_stall_sampler:  [t-164ms] verify_seeky_multi.py:308:<module> <- verify_seeky_multi.py:244:main
WARNING:pet.gui_stall_sampler:  [t-55ms] webm_clip.py:2499:_poll <- webm_clip.py:2750:_process_frame <- window_optional_services.py:62:<lambda> <- verify_seeky_multi.py:92:observed_frame <- window.py:1917:_on_frame <- window.py:2106:_rebuild_frame
WARNING:root:GUI 卡顿 144ms state=IDLE anim=东张西望 physics=None
WARNING:pet.gui_stall_sampler:GUI 冻结现场（144ms，2 个采样点，旧→新）：
WARNING:pet.gui_stall_sampler:  [t-165ms] verify_seeky_multi.py:308:<module> <- verify_seeky_multi.py:244:main
WARNING:pet.gui_stall_sampler:  [t-56ms] webm_clip.py:2499:_poll <- webm_clip.py:2750:_process_frame <- window_optional_services.py:62:<lambda> <- verify_seeky_multi.py:92:observed_frame <- window.py:1917:_on_frame <- window.py:2106:_rebuild_frame
WARNING:root:GUI 卡顿 123ms state=IDLE anim=待机呼吸休闲 physics=None
WARNING:pet.gui_stall_sampler:GUI 冻结现场（123ms，3 个采样点，旧→新）：
WARNING:pet.gui_stall_sampler:  [t-172ms] verify_seeky_multi.py:308:<module> <- verify_seeky_multi.py:244:main
WARNING:pet.gui_stall_sampler:  [t-96ms] verify_seeky_multi.py:308:<module> <- verify_seeky_multi.py:244:main <- webm_clip.py:2499:_poll <- webm_clip.py:2724:_process_frame
WARNING:pet.gui_stall_sampler:  [t-10ms] verify_seeky_multi.py:308:<module> <- verify_seeky_multi.py:244:main <- webm_clip.py:2499:_poll <- webm_clip.py:2750:_process_frame
WARNING:root:GUI 卡顿 124ms state=IDLE anim=东张西望 physics=None
WARNING:pet.gui_stall_sampler:GUI 冻结现场（124ms，3 个采样点，旧→新）：
WARNING:pet.gui_stall_sampler:  [t-172ms] verify_seeky_multi.py:308:<module> <- verify_seeky_multi.py:244:main
WARNING:pet.gui_stall_sampler:  [t-97ms] verify_seeky_multi.py:308:<module> <- verify_seeky_multi.py:244:main <- webm_clip.py:2499:_poll <- webm_clip.py:2724:_process_frame
WARNING:pet.gui_stall_sampler:  [t-11ms] verify_seeky_multi.py:308:<module> <- verify_seeky_multi.py:244:main <- webm_clip.py:2499:_poll <- webm_clip.py:2750:_process_frame
WARNING:root:GUI 卡顿 102ms state=IDLE anim=待机呼吸休闲 physics=None
WARNING:pet.gui_stall_sampler:GUI 冻结现场（102ms，1 个采样点，旧→新）：
WARNING:pet.gui_stall_sampler:  [t-41ms] webm_clip.py:2499:_poll <- webm_clip.py:2750:_process_frame <- window_optional_services.py:62:<lambda> <- verify_seeky_multi.py:92:observed_frame <- window.py:1917:_on_frame <- window.py:2106:_rebuild_frame
WARNING:root:GUI 卡顿 103ms state=IDLE anim=东张西望 physics=None
WARNING:pet.gui_stall_sampler:GUI 冻结现场（103ms，2 个采样点，旧→新）：
WARNING:pet.gui_stall_sampler:  [t-152ms] verify_seeky_multi.py:308:<module> <- verify_seeky_multi.py:244:main <- webm_clip.py:2499:_poll <- webm_clip.py:2750:_process_frame
WARNING:pet.gui_stall_sampler:  [t-42ms] webm_clip.py:2499:_poll <- webm_clip.py:2750:_process_frame <- window_optional_services.py:62:<lambda> <- verify_seeky_multi.py:92:observed_frame <- window.py:1917:_on_frame <- window.py:2106:_rebuild_frame
WARNING:root:GUI 卡顿 110ms state=IDLE anim=待机呼吸休闲 physics=None
WARNING:pet.gui_stall_sampler:GUI 冻结现场（110ms，2 个采样点，旧→新）：
WARNING:pet.gui_stall_sampler:  [t-135ms] verify_seeky_multi.py:308:<module> <- verify_seeky_multi.py:244:main
WARNING:pet.gui_stall_sampler:  [t-8ms] webm_clip.py:2499:_poll <- webm_clip.py:2750:_process_frame <- window_optional_services.py:62:<lambda> <- verify_seeky_multi.py:92:observed_frame <- window.py:1917:_on_frame <- window.py:2106:_rebuild_frame
WARNING:root:GUI 卡顿 111ms state=IDLE anim=东张西望 physics=None
WARNING:pet.gui_stall_sampler:GUI 冻结现场（111ms，2 个采样点，旧→新）：
WARNING:pet.gui_stall_sampler:  [t-136ms] verify_seeky_multi.py:308:<module> <- verify_seeky_multi.py:244:main
WARNING:pet.gui_stall_sampler:  [t-8ms] webm_clip.py:2499:_poll <- webm_clip.py:2750:_process_frame <- window_optional_services.py:62:<lambda> <- verify_seeky_multi.py:92:observed_frame <- window.py:1917:_on_frame <- window.py:2106:_rebuild_frame
WARNING:root:GUI 卡顿 182ms state=IDLE anim=待机呼吸休闲 physics=None
WARNING:pet.gui_stall_sampler:GUI 冻结现场（182ms，1 个采样点，旧→新）：
WARNING:pet.gui_stall_sampler:  [t-231ms] webm_clip.py:2499:_poll <- webm_clip.py:2750:_process_frame <- window_optional_services.py:62:<lambda> <- verify_seeky_multi.py:92:observed_frame <- window.py:1917:_on_frame <- window.py:2106:_rebuild_frame
WARNING:root:GUI 卡顿 183ms state=IDLE anim=东张西望 physics=None
WARNING:pet.gui_stall_sampler:GUI 冻结现场（183ms，1 个采样点，旧→新）：
WARNING:pet.gui_stall_sampler:  [t-232ms] webm_clip.py:2499:_poll <- webm_clip.py:2750:_process_frame <- window_optional_services.py:62:<lambda> <- verify_seeky_multi.py:92:observed_frame <- window.py:1917:_on_frame <- window.py:2106:_rebuild_frame
WARNING:root:GUI 卡顿 265ms state=IDLE anim=待机呼吸休闲 physics=None
WARNING:pet.gui_stall_sampler:GUI 冻结现场（265ms，3 个采样点，旧→新）：
WARNING:pet.gui_stall_sampler:  [t-252ms] webm_clip.py:2499:_poll <- webm_clip.py:2750:_process_frame <- window_optional_services.py:62:<lambda> <- verify_seeky_multi.py:92:observed_frame <- window.py:1917:_on_frame <- window.py:2119:_rebuild_frame
WARNING:pet.gui_stall_sampler:  [t-139ms] window.py:1050:_write_runtime_marker <- window_placement.py:211:write_runtime_marker <- slot_manager.py:596:write_runtime_marker <- _local.py:555:write_text <- _abc.py:651:write_text <- _local.py:537:open
WARNING:pet.gui_stall_sampler:  [t-71ms] app.py:2775:spawn_in_process_window <- app.py:2987:_refresh_tray_menu <- app.py:3174:_build_tray <- catalog.py:230:list_available_characters <- _abc.py:465:is_dir <- _local.py:515:stat
WARNING:root:GUI 卡顿 267ms state=IDLE anim=东张西望 physics=None
WARNING:pet.gui_stall_sampler:GUI 冻结现场（267ms，3 个采样点，旧→新）：
WARNING:pet.gui_stall_sampler:  [t-253ms] webm_clip.py:2499:_poll <- webm_clip.py:2750:_process_frame <- window_optional_services.py:62:<lambda> <- verify_seeky_multi.py:92:observed_frame <- window.py:1917:_on_frame <- window.py:2119:_rebuild_frame
WARNING:pet.gui_stall_sampler:  [t-140ms] window.py:1050:_write_runtime_marker <- window_placement.py:211:write_runtime_marker <- slot_manager.py:596:write_runtime_marker <- _local.py:555:write_text <- _abc.py:651:write_text <- _local.py:537:open
WARNING:pet.gui_stall_sampler:  [t-72ms] app.py:2775:spawn_in_process_window <- app.py:2987:_refresh_tray_menu <- app.py:3174:_build_tray <- catalog.py:230:list_available_characters <- _abc.py:465:is_dir <- _local.py:515:stat
WARNING:root:GUI 卡顿 204ms state=IDLE anim=余额-分文不剩 physics=None
WARNING:pet.gui_stall_sampler:GUI 冻结现场（204ms，3 个采样点，旧→新）：
WARNING:pet.gui_stall_sampler:  [t-254ms] webm_clip.py:2499:_poll <- webm_clip.py:2750:_process_frame <- window_optional_services.py:62:<lambda> <- verify_seeky_multi.py:92:observed_frame <- window.py:1917:_on_frame <- window.py:2119:_rebuild_frame
WARNING:pet.gui_stall_sampler:  [t-141ms] window.py:1050:_write_runtime_marker <- window_placement.py:211:write_runtime_marker <- slot_manager.py:596:write_runtime_marker <- _local.py:555:write_text <- _abc.py:651:write_text <- _local.py:537:open
WARNING:pet.gui_stall_sampler:  [t-73ms] app.py:2775:spawn_in_process_window <- app.py:2987:_refresh_tray_menu <- app.py:3174:_build_tray <- catalog.py:230:list_available_characters <- _abc.py:465:is_dir <- _local.py:515:stat
WARNING:root:GUI 卡顿 131ms state=IDLE anim=待机呼吸休闲 physics=None
WARNING:root:GUI 卡顿 132ms state=IDLE anim=东张西望 physics=None
WARNING:root:GUI 卡顿 132ms state=IDLE anim=余额-分文不剩 physics=None
WARNING:root:GUI 卡顿 146ms state=IDLE anim=待机呼吸休闲 physics=None
WARNING:pet.gui_stall_sampler:GUI 冻结现场（146ms，2 个采样点，旧→新）：
WARNING:pet.gui_stall_sampler:  [t-155ms] verify_seeky_multi.py:308:<module> <- verify_seeky_multi.py:244:main
WARNING:pet.gui_stall_sampler:  [t-26ms] webm_clip.py:2499:_poll <- webm_clip.py:2750:_process_frame <- window_optional_services.py:62:<lambda> <- verify_seeky_multi.py:92:observed_frame <- window.py:1917:_on_frame <- window.py:2106:_rebuild_frame
WARNING:root:GUI 卡顿 147ms state=IDLE anim=东张西望 physics=None
WARNING:pet.gui_stall_sampler:GUI 冻结现场（147ms，2 个采样点，旧→新）：
WARNING:pet.gui_stall_sampler:  [t-156ms] verify_seeky_multi.py:308:<module> <- verify_seeky_multi.py:244:main
WARNING:pet.gui_stall_sampler:  [t-27ms] webm_clip.py:2499:_poll <- webm_clip.py:2750:_process_frame <- window_optional_services.py:62:<lambda> <- verify_seeky_multi.py:92:observed_frame <- window.py:1917:_on_frame <- window.py:2106:_rebuild_frame
WARNING:root:GUI 卡顿 148ms state=IDLE anim=余额-分文不剩 physics=None
WARNING:pet.gui_stall_sampler:GUI 冻结现场（148ms，2 个采样点，旧→新）：
WARNING:pet.gui_stall_sampler:  [t-157ms] verify_seeky_multi.py:308:<module> <- verify_seeky_multi.py:244:main
WARNING:pet.gui_stall_sampler:  [t-28ms] webm_clip.py:2499:_poll <- webm_clip.py:2750:_process_frame <- window_optional_services.py:62:<lambda> <- verify_seeky_multi.py:92:observed_frame <- window.py:1917:_on_frame <- window.py:2106:_rebuild_frame
WARNING:root:GUI 卡顿 120ms state=IDLE anim=待机呼吸休闲 physics=None
WARNING:pet.gui_stall_sampler:GUI 冻结现场（120ms，2 个采样点，旧→新）：
WARNING:pet.gui_stall_sampler:  [t-165ms] verify_seeky_multi.py:308:<module> <- verify_seeky_multi.py:244:main
WARNING:pet.gui_stall_sampler:  [t-70ms] webm_clip.py:2499:_poll <- webm_clip.py:2750:_process_frame <- window_optional_services.py:62:<lambda> <- verify_seeky_multi.py:92:observed_frame <- window.py:1917:_on_frame <- window.py:2106:_rebuild_frame
WARNING:root:GUI 卡顿 122ms state=IDLE anim=东张西望 physics=None
WARNING:pet.gui_stall_sampler:GUI 冻结现场（122ms，2 个采样点，旧→新）：
WARNING:pet.gui_stall_sampler:  [t-166ms] verify_seeky_multi.py:308:<module> <- verify_seeky_multi.py:244:main
WARNING:pet.gui_stall_sampler:  [t-71ms] webm_clip.py:2499:_poll <- webm_clip.py:2750:_process_frame <- window_optional_services.py:62:<lambda> <- verify_seeky_multi.py:92:observed_frame <- window.py:1917:_on_frame <- window.py:2106:_rebuild_frame
WARNING:root:GUI 卡顿 122ms state=IDLE anim=余额-分文不剩 physics=None
WARNING:pet.gui_stall_sampler:GUI 冻结现场（122ms，2 个采样点，旧→新）：
WARNING:pet.gui_stall_sampler:  [t-166ms] verify_seeky_multi.py:308:<module> <- verify_seeky_multi.py:244:main
WARNING:pet.gui_stall_sampler:  [t-71ms] webm_clip.py:2499:_poll <- webm_clip.py:2750:_process_frame <- window_optional_services.py:62:<lambda> <- verify_seeky_multi.py:92:observed_frame <- window.py:1917:_on_frame <- window.py:2106:_rebuild_frame
WARNING:root:GUI 卡顿 113ms state=IDLE anim=待机呼吸休闲 physics=None
WARNING:pet.gui_stall_sampler:GUI 冻结现场（113ms，1 个采样点，旧→新）：
WARNING:pet.gui_stall_sampler:  [t-11ms] verify_seeky_multi.py:308:<module> <- verify_seeky_multi.py:244:main
WARNING:root:GUI 卡顿 113ms state=IDLE anim=东张西望 physics=None
WARNING:pet.gui_stall_sampler:GUI 冻结现场（113ms，1 个采样点，旧→新）：
WARNING:pet.gui_stall_sampler:  [t-11ms] verify_seeky_multi.py:308:<module> <- verify_seeky_multi.py:244:main
WARNING:root:GUI 卡顿 114ms state=IDLE anim=余额-分文不剩 physics=None
WARNING:pet.gui_stall_sampler:GUI 冻结现场（114ms，1 个采样点，旧→新）：
WARNING:pet.gui_stall_sampler:  [t-12ms] verify_seeky_multi.py:308:<module> <- verify_seeky_multi.py:244:main
WARNING:root:GUI 卡顿 167ms state=IDLE anim=待机呼吸休闲 physics=None
WARNING:pet.gui_stall_sampler:GUI 冻结现场（167ms，3 个采样点，旧→新）：
WARNING:pet.gui_stall_sampler:  [t-200ms] webm_clip.py:2499:_poll <- webm_clip.py:2750:_process_frame <- window_optional_services.py:62:<lambda> <- verify_seeky_multi.py:92:observed_frame <- window.py:1917:_on_frame <- window.py:2106:_rebuild_frame
WARNING:pet.gui_stall_sampler:  [t-112ms] verify_seeky_multi.py:308:<module> <- verify_seeky_multi.py:244:main <- webm_clip.py:2499:_poll <- webm_clip.py:2750:_process_frame
WARNING:pet.gui_stall_sampler:  [t-38ms] verify_seeky_multi.py:308:<module> <- verify_seeky_multi.py:244:main
WARNING:root:GUI 卡顿 169ms state=IDLE anim=东张西望 physics=None
WARNING:pet.gui_stall_sampler:GUI 冻结现场（169ms，3 个采样点，旧→新）：
WARNING:pet.gui_stall_sampler:  [t-201ms] webm_clip.py:2499:_poll <- webm_clip.py:2750:_process_frame <- window_optional_services.py:62:<lambda> <- verify_seeky_multi.py:92:observed_frame <- window.py:1917:_on_frame <- window.py:2106:_rebuild_frame
WARNING:pet.gui_stall_sampler:  [t-114ms] verify_seeky_multi.py:308:<module> <- verify_seeky_multi.py:244:main <- webm_clip.py:2499:_poll <- webm_clip.py:2750:_process_frame
WARNING:pet.gui_stall_sampler:  [t-39ms] verify_seeky_multi.py:308:<module> <- verify_seeky_multi.py:244:main
WARNING:root:GUI 卡顿 170ms state=IDLE anim=余额-分文不剩 physics=None
WARNING:pet.gui_stall_sampler:GUI 冻结现场（170ms，3 个采样点，旧→新）：
WARNING:pet.gui_stall_sampler:  [t-202ms] webm_clip.py:2499:_poll <- webm_clip.py:2750:_process_frame <- window_optional_services.py:62:<lambda> <- verify_seeky_multi.py:92:observed_frame <- window.py:1917:_on_frame <- window.py:2106:_rebuild_frame
WARNING:pet.gui_stall_sampler:  [t-114ms] verify_seeky_multi.py:308:<module> <- verify_seeky_multi.py:244:main <- webm_clip.py:2499:_poll <- webm_clip.py:2750:_process_frame
WARNING:pet.gui_stall_sampler:  [t-40ms] verify_seeky_multi.py:308:<module> <- verify_seeky_multi.py:244:main
WARNING:root:GUI 卡顿 182ms state=IDLE anim=待机呼吸休闲 physics=None
WARNING:pet.gui_stall_sampler:GUI 冻结现场（182ms，1 个采样点，旧→新）：
WARNING:pet.gui_stall_sampler:  [t-79ms] verify_seeky_multi.py:308:<module> <- verify_seeky_multi.py:244:main <- webm_clip.py:2499:_poll <- webm_clip.py:2724:_process_frame
WARNING:root:GUI 卡顿 183ms state=IDLE anim=东张西望 physics=None
WARNING:pet.gui_stall_sampler:GUI 冻结现场（183ms，1 个采样点，旧→新）：
WARNING:pet.gui_stall_sampler:  [t-79ms] verify_seeky_multi.py:308:<module> <- verify_seeky_multi.py:244:main <- webm_clip.py:2499:_poll <- webm_clip.py:2724:_process_frame
WARNING:root:GUI 卡顿 183ms state=IDLE anim=余额-分文不剩 physics=None
WARNING:pet.gui_stall_sampler:GUI 冻结现场（183ms，1 个采样点，旧→新）：
WARNING:pet.gui_stall_sampler:  [t-80ms] verify_seeky_multi.py:308:<module> <- verify_seeky_multi.py:244:main <- webm_clip.py:2499:_poll <- webm_clip.py:2724:_process_frame
WARNING:root:GUI 卡顿 101ms state=IDLE anim=待机呼吸休闲 physics=None
WARNING:pet.gui_stall_sampler:GUI 冻结现场（101ms，2 个采样点，旧→新）：
WARNING:pet.gui_stall_sampler:  [t-106ms] verify_seeky_multi.py:308:<module> <- verify_seeky_multi.py:244:main <- webm_clip.py:2499:_poll <- webm_clip.py:2723:_process_frame
WARNING:pet.gui_stall_sampler:  [t-8ms] verify_seeky_multi.py:92:observed_frame <- window.py:1919:_on_frame <- window.py:2126:_rebuild_frame <- window.py:2291:_sync_mask <- window_optional_services.py:44:effects_coverage <- frame_edges.py:39:coverage_region
WARNING:root:GUI 卡顿 102ms state=IDLE anim=东张西望 physics=None
WARNING:pet.gui_stall_sampler:GUI 冻结现场（102ms，2 个采样点，旧→新）：
WARNING:pet.gui_stall_sampler:  [t-106ms] verify_seeky_multi.py:308:<module> <- verify_seeky_multi.py:244:main <- webm_clip.py:2499:_poll <- webm_clip.py:2723:_process_frame
WARNING:pet.gui_stall_sampler:  [t-9ms] verify_seeky_multi.py:92:observed_frame <- window.py:1919:_on_frame <- window.py:2126:_rebuild_frame <- window.py:2291:_sync_mask <- window_optional_services.py:44:effects_coverage <- frame_edges.py:39:coverage_region
WARNING:root:GUI 卡顿 103ms state=IDLE anim=余额-分文不剩 physics=None
WARNING:pet.gui_stall_sampler:GUI 冻结现场（103ms，2 个采样点，旧→新）：
WARNING:pet.gui_stall_sampler:  [t-107ms] verify_seeky_multi.py:308:<module> <- verify_seeky_multi.py:244:main <- webm_clip.py:2499:_poll <- webm_clip.py:2723:_process_frame
WARNING:pet.gui_stall_sampler:  [t-9ms] verify_seeky_multi.py:92:observed_frame <- window.py:1919:_on_frame <- window.py:2126:_rebuild_frame <- window.py:2291:_sync_mask <- window_optional_services.py:44:effects_coverage <- frame_edges.py:39:coverage_region
WARNING:root:GUI 卡顿 217ms state=IDLE anim=待机呼吸休闲 physics=None
WARNING:pet.gui_stall_sampler:GUI 冻结现场（217ms，2 个采样点，旧→新）：
WARNING:pet.gui_stall_sampler:  [t-264ms] verify_seeky_multi.py:308:<module> <- verify_seeky_multi.py:244:main <- collision_client.py:426:_on_collision_impulse <- window.py:2912:_collision_clamp_pos <- window.py:942:_throw_bounds
WARNING:pet.gui_stall_sampler:  [t-12ms] webm_clip.py:2499:_poll <- webm_clip.py:2750:_process_frame <- window_optional_services.py:62:<lambda> <- verify_seeky_multi.py:92:observed_frame <- window.py:1917:_on_frame <- window.py:2106:_rebuild_frame
WARNING:root:GUI 卡顿 218ms state=IDLE anim=东张西望 physics=None
WARNING:pet.gui_stall_sampler:GUI 冻结现场（218ms，2 个采样点，旧→新）：
WARNING:pet.gui_stall_sampler:  [t-265ms] verify_seeky_multi.py:308:<module> <- verify_seeky_multi.py:244:main <- collision_client.py:426:_on_collision_impulse <- window.py:2912:_collision_clamp_pos <- window.py:942:_throw_bounds
WARNING:pet.gui_stall_sampler:  [t-13ms] webm_clip.py:2499:_poll <- webm_clip.py:2750:_process_frame <- window_optional_services.py:62:<lambda> <- verify_seeky_multi.py:92:observed_frame <- window.py:1917:_on_frame <- window.py:2106:_rebuild_frame
WARNING:root:GUI 卡顿 218ms state=IDLE anim=余额-分文不剩 physics=None
WARNING:pet.gui_stall_sampler:GUI 冻结现场（218ms，2 个采样点，旧→新）：
WARNING:pet.gui_stall_sampler:  [t-265ms] verify_seeky_multi.py:308:<module> <- verify_seeky_multi.py:244:main <- collision_client.py:426:_on_collision_impulse <- window.py:2912:_collision_clamp_pos <- window.py:942:_throw_bounds
WARNING:pet.gui_stall_sampler:  [t-13ms] webm_clip.py:2499:_poll <- webm_clip.py:2750:_process_frame <- window_optional_services.py:62:<lambda> <- verify_seeky_multi.py:92:observed_frame <- window.py:1917:_on_frame <- window.py:2106:_rebuild_frame
WARNING:root:GUI 卡顿 181ms state=IDLE anim=待机呼吸休闲 physics=None
WARNING:pet.gui_stall_sampler:GUI 冻结现场（181ms，1 个采样点，旧→新）：
WARNING:pet.gui_stall_sampler:  [t-189ms] verify_seeky_multi.py:92:observed_frame <- window.py:1917:_on_frame <- window.py:2124:_rebuild_frame <- window.py:2270:_sync_mask <- window_optional_services.py:42:effects_coverage <- frame_edges.py:38:coverage_region
WARNING:root:GUI 卡顿 182ms state=IDLE anim=东张西望 physics=None
WARNING:pet.gui_stall_sampler:GUI 冻结现场（182ms，1 个采样点，旧→新）：
WARNING:pet.gui_stall_sampler:  [t-189ms] verify_seeky_multi.py:92:observed_frame <- window.py:1917:_on_frame <- window.py:2124:_rebuild_frame <- window.py:2270:_sync_mask <- window_optional_services.py:42:effects_coverage <- frame_edges.py:38:coverage_region
WARNING:root:GUI 卡顿 183ms state=IDLE anim=余额-分文不剩 physics=None
WARNING:pet.gui_stall_sampler:GUI 冻结现场（183ms，1 个采样点，旧→新）：
WARNING:pet.gui_stall_sampler:  [t-189ms] verify_seeky_multi.py:92:observed_frame <- window.py:1917:_on_frame <- window.py:2124:_rebuild_frame <- window.py:2270:_sync_mask <- window_optional_services.py:42:effects_coverage <- frame_edges.py:38:coverage_region
WARNING:root:GUI 卡顿 215ms state=IDLE anim=待机呼吸休闲 physics=None
WARNING:pet.gui_stall_sampler:GUI 冻结现场（215ms，2 个采样点，旧→新）：
WARNING:pet.gui_stall_sampler:  [t-225ms] verify_seeky_multi.py:308:<module> <- verify_seeky_multi.py:244:main
WARNING:pet.gui_stall_sampler:  [t-65ms] verify_seeky_multi.py:92:observed_frame <- window.py:1917:_on_frame <- window.py:2124:_rebuild_frame <- window.py:2270:_sync_mask <- window_optional_services.py:42:effects_coverage <- frame_edges.py:27:coverage_region
WARNING:root:GUI 卡顿 216ms state=IDLE anim=东张西望 physics=None
WARNING:pet.gui_stall_sampler:GUI 冻结现场（216ms，2 个采样点，旧→新）：
WARNING:pet.gui_stall_sampler:  [t-225ms] verify_seeky_multi.py:308:<module> <- verify_seeky_multi.py:244:main
WARNING:pet.gui_stall_sampler:  [t-65ms] verify_seeky_multi.py:92:observed_frame <- window.py:1917:_on_frame <- window.py:2124:_rebuild_frame <- window.py:2270:_sync_mask <- window_optional_services.py:42:effects_coverage <- frame_edges.py:27:coverage_region
WARNING:root:GUI 卡顿 217ms state=IDLE anim=余额-分文不剩 physics=None
WARNING:pet.gui_stall_sampler:GUI 冻结现场（217ms，2 个采样点，旧→新）：
WARNING:pet.gui_stall_sampler:  [t-226ms] verify_seeky_multi.py:308:<module> <- verify_seeky_multi.py:244:main
WARNING:pet.gui_stall_sampler:  [t-66ms] verify_seeky_multi.py:92:observed_frame <- window.py:1917:_on_frame <- window.py:2124:_rebuild_frame <- window.py:2270:_sync_mask <- window_optional_services.py:42:effects_coverage <- frame_edges.py:27:coverage_region
WARNING:root:GUI 卡顿 186ms state=IDLE anim=待机呼吸休闲 physics=None
WARNING:pet.gui_stall_sampler:GUI 冻结现场（186ms，2 个采样点，旧→新）：
WARNING:pet.gui_stall_sampler:  [t-142ms] verify_seeky_multi.py:308:<module> <- verify_seeky_multi.py:244:main
WARNING:pet.gui_stall_sampler:  [t-1ms] webm_clip.py:2499:_poll <- webm_clip.py:2750:_process_frame <- window_optional_services.py:62:<lambda> <- verify_seeky_multi.py:92:observed_frame <- window.py:1917:_on_frame <- window.py:2106:_rebuild_frame
WARNING:root:GUI 卡顿 186ms state=IDLE anim=东张西望 physics=None
WARNING:pet.gui_stall_sampler:GUI 冻结现场（186ms，2 个采样点，旧→新）：
WARNING:pet.gui_stall_sampler:  [t-143ms] verify_seeky_multi.py:308:<module> <- verify_seeky_multi.py:244:main
WARNING:pet.gui_stall_sampler:  [t-1ms] webm_clip.py:2499:_poll <- webm_clip.py:2750:_process_frame <- window_optional_services.py:62:<lambda> <- verify_seeky_multi.py:92:observed_frame <- window.py:1917:_on_frame <- window.py:2106:_rebuild_frame
WARNING:root:GUI 卡顿 186ms state=IDLE anim=余额-分文不剩 physics=None
WARNING:pet.gui_stall_sampler:GUI 冻结现场（186ms，2 个采样点，旧→新）：
WARNING:pet.gui_stall_sampler:  [t-143ms] verify_seeky_multi.py:308:<module> <- verify_seeky_multi.py:244:main
WARNING:pet.gui_stall_sampler:  [t-2ms] webm_clip.py:2499:_poll <- webm_clip.py:2750:_process_frame <- window_optional_services.py:62:<lambda> <- verify_seeky_multi.py:92:observed_frame <- window.py:1917:_on_frame <- window.py:2106:_rebuild_frame
WARNING:root:GUI 卡顿 166ms state=IDLE anim=待机呼吸休闲 physics=None
WARNING:pet.gui_stall_sampler:GUI 冻结现场（166ms，3 个采样点，旧→新）：
WARNING:pet.gui_stall_sampler:  [t-177ms] verify_seeky_multi.py:308:<module> <- verify_seeky_multi.py:244:main
WARNING:pet.gui_stall_sampler:  [t-78ms] verify_seeky_multi.py:308:<module> <- verify_seeky_multi.py:244:main <- webm_clip.py:2499:_poll <- webm_clip.py:2724:_process_frame
WARNING:pet.gui_stall_sampler:  [t-14ms] verify_seeky_multi.py:308:<module> <- verify_seeky_multi.py:244:main
WARNING:root:GUI 卡顿 167ms state=IDLE anim=东张西望 physics=None
WARNING:pet.gui_stall_sampler:GUI 冻结现场（167ms，3 个采样点，旧→新）：
WARNING:pet.gui_stall_sampler:  [t-177ms] verify_seeky_multi.py:308:<module> <- verify_seeky_multi.py:244:main
WARNING:pet.gui_stall_sampler:  [t-79ms] verify_seeky_multi.py:308:<module> <- verify_seeky_multi.py:244:main <- webm_clip.py:2499:_poll <- webm_clip.py:2724:_process_frame
WARNING:pet.gui_stall_sampler:  [t-15ms] verify_seeky_multi.py:308:<module> <- verify_seeky_multi.py:244:main
WARNING:root:GUI 卡顿 167ms state=IDLE anim=余额-分文不剩 physics=None
WARNING:pet.gui_stall_sampler:GUI 冻结现场（167ms，3 个采样点，旧→新）：
WARNING:pet.gui_stall_sampler:  [t-177ms] verify_seeky_multi.py:308:<module> <- verify_seeky_multi.py:244:main
WARNING:pet.gui_stall_sampler:  [t-79ms] verify_seeky_multi.py:308:<module> <- verify_seeky_multi.py:244:main <- webm_clip.py:2499:_poll <- webm_clip.py:2724:_process_frame
WARNING:pet.gui_stall_sampler:  [t-15ms] verify_seeky_multi.py:308:<module> <- verify_seeky_multi.py:244:main
WARNING:root:GUI 卡顿 135ms state=IDLE anim=待机呼吸休闲 physics=None
WARNING:pet.gui_stall_sampler:GUI 冻结现场（135ms，2 个采样点，旧→新）：
WARNING:pet.gui_stall_sampler:  [t-171ms] verify_seeky_multi.py:308:<module> <- verify_seeky_multi.py:244:main
WARNING:pet.gui_stall_sampler:  [t-36ms] webm_clip.py:2499:_poll <- webm_clip.py:2750:_process_frame <- window_optional_services.py:62:<lambda> <- verify_seeky_multi.py:92:observed_frame <- window.py:1917:_on_frame <- window.py:2106:_rebuild_frame
WARNING:root:GUI 卡顿 136ms state=IDLE anim=东张西望 physics=None
WARNING:pet.gui_stall_sampler:GUI 冻结现场（136ms，2 个采样点，旧→新）：
WARNING:pet.gui_stall_sampler:  [t-171ms] verify_seeky_multi.py:308:<module> <- verify_seeky_multi.py:244:main
WARNING:pet.gui_stall_sampler:  [t-37ms] webm_clip.py:2499:_poll <- webm_clip.py:2750:_process_frame <- window_optional_services.py:62:<lambda> <- verify_seeky_multi.py:92:observed_frame <- window.py:1917:_on_frame <- window.py:2106:_rebuild_frame
WARNING:root:GUI 卡顿 136ms state=IDLE anim=余额-分文不剩 physics=None
WARNING:pet.gui_stall_sampler:GUI 冻结现场（136ms，2 个采样点，旧→新）：
WARNING:pet.gui_stall_sampler:  [t-172ms] verify_seeky_multi.py:308:<module> <- verify_seeky_multi.py:244:main
WARNING:pet.gui_stall_sampler:  [t-37ms] webm_clip.py:2499:_poll <- webm_clip.py:2750:_process_frame <- window_optional_services.py:62:<lambda> <- verify_seeky_multi.py:92:observed_frame <- window.py:1917:_on_frame <- window.py:2106:_rebuild_frame
WARNING:root:GUI 卡顿 162ms state=IDLE anim=待机呼吸休闲 physics=None
WARNING:pet.gui_stall_sampler:GUI 冻结现场（162ms，3 个采样点，旧→新）：
WARNING:pet.gui_stall_sampler:  [t-194ms] verify_seeky_multi.py:308:<module> <- verify_seeky_multi.py:244:main
WARNING:pet.gui_stall_sampler:  [t-75ms] verify_seeky_multi.py:308:<module> <- verify_seeky_multi.py:244:main <- webm_clip.py:2499:_poll <- webm_clip.py:2724:_process_frame
WARNING:pet.gui_stall_sampler:  [t-11ms] verify_seeky_multi.py:308:<module> <- verify_seeky_multi.py:244:main
WARNING:root:GUI 卡顿 163ms state=IDLE anim=东张西望 physics=None
WARNING:pet.gui_stall_sampler:GUI 冻结现场（163ms，3 个采样点，旧→新）：
WARNING:pet.gui_stall_sampler:  [t-195ms] verify_seeky_multi.py:308:<module> <- verify_seeky_multi.py:244:main
WARNING:pet.gui_stall_sampler:  [t-75ms] verify_seeky_multi.py:308:<module> <- verify_seeky_multi.py:244:main <- webm_clip.py:2499:_poll <- webm_clip.py:2724:_process_frame
WARNING:pet.gui_stall_sampler:  [t-11ms] verify_seeky_multi.py:308:<module> <- verify_seeky_multi.py:244:main
WARNING:root:GUI 卡顿 164ms state=IDLE anim=余额-分文不剩 physics=None
WARNING:pet.gui_stall_sampler:GUI 冻结现场（164ms，3 个采样点，旧→新）：
WARNING:pet.gui_stall_sampler:  [t-195ms] verify_seeky_multi.py:308:<module> <- verify_seeky_multi.py:244:main
WARNING:pet.gui_stall_sampler:  [t-76ms] verify_seeky_multi.py:308:<module> <- verify_seeky_multi.py:244:main <- webm_clip.py:2499:_poll <- webm_clip.py:2724:_process_frame
WARNING:pet.gui_stall_sampler:  [t-12ms] verify_seeky_multi.py:308:<module> <- verify_seeky_multi.py:244:main
WARNING:root:GUI 卡顿 134ms state=IDLE anim=待机呼吸休闲 physics=None
WARNING:pet.gui_stall_sampler:GUI 冻结现场（134ms，2 个采样点，旧→新）：
WARNING:pet.gui_stall_sampler:  [t-167ms] verify_seeky_multi.py:308:<module> <- verify_seeky_multi.py:244:main
WARNING:root:GUI 卡顿 135ms state=IDLE anim=东张西望 physics=None
WARNING:pet.gui_stall_sampler:GUI 冻结现场（135ms，2 个采样点，旧→新）：
WARNING:pet.gui_stall_sampler:  [t-168ms] verify_seeky_multi.py:308:<module> <- verify_seeky_multi.py:244:main
WARNING:root:GUI 卡顿 136ms state=IDLE anim=余额-分文不剩 physics=None
WARNING:pet.gui_stall_sampler:GUI 冻结现场（136ms，2 个采样点，旧→新）：
WARNING:pet.gui_stall_sampler:  [t-168ms] verify_seeky_multi.py:308:<module> <- verify_seeky_multi.py:244:main
WARNING:root:GUI 卡顿 335ms state=IDLE anim=待机呼吸休闲 physics=None
WARNING:pet.gui_stall_sampler:GUI 冻结现场（335ms，3 个采样点，旧→新）：
WARNING:pet.gui_stall_sampler:  [t-349ms] verify_seeky_multi.py:308:<module> <- verify_seeky_multi.py:244:main
WARNING:pet.gui_stall_sampler:  [t-66ms] webm_clip.py:2499:_poll <- webm_clip.py:2750:_process_frame <- window_optional_services.py:62:<lambda> <- verify_seeky_multi.py:92:observed_frame <- window.py:1917:_on_frame <- window.py:2106:_rebuild_frame
WARNING:pet.gui_stall_sampler:  [t-7ms] verify_seeky_multi.py:308:<module> <- verify_seeky_multi.py:244:main
WARNING:root:GUI 卡顿 337ms state=IDLE anim=东张西望 physics=None
WARNING:pet.gui_stall_sampler:GUI 冻结现场（337ms，3 个采样点，旧→新）：
WARNING:pet.gui_stall_sampler:  [t-350ms] verify_seeky_multi.py:308:<module> <- verify_seeky_multi.py:244:main
WARNING:pet.gui_stall_sampler:  [t-67ms] webm_clip.py:2499:_poll <- webm_clip.py:2750:_process_frame <- window_optional_services.py:62:<lambda> <- verify_seeky_multi.py:92:observed_frame <- window.py:1917:_on_frame <- window.py:2106:_rebuild_frame
WARNING:pet.gui_stall_sampler:  [t-9ms] verify_seeky_multi.py:308:<module> <- verify_seeky_multi.py:244:main
WARNING:root:GUI 卡顿 337ms state=IDLE anim=余额-分文不剩 physics=None
WARNING:pet.gui_stall_sampler:GUI 冻结现场（337ms，3 个采样点，旧→新）：
WARNING:pet.gui_stall_sampler:  [t-350ms] verify_seeky_multi.py:308:<module> <- verify_seeky_multi.py:244:main
WARNING:pet.gui_stall_sampler:  [t-68ms] webm_clip.py:2499:_poll <- webm_clip.py:2750:_process_frame <- window_optional_services.py:62:<lambda> <- verify_seeky_multi.py:92:observed_frame <- window.py:1917:_on_frame <- window.py:2106:_rebuild_frame
WARNING:pet.gui_stall_sampler:  [t-9ms] verify_seeky_multi.py:308:<module> <- verify_seeky_multi.py:244:main
WARNING:root:GUI 卡顿 101ms state=IDLE anim=待机呼吸休闲 physics=None
WARNING:pet.gui_stall_sampler:GUI 冻结现场（101ms，2 个采样点，旧→新）：
WARNING:pet.gui_stall_sampler:  [t-139ms] webm_clip.py:2499:_poll <- webm_clip.py:2750:_process_frame <- window_optional_services.py:62:<lambda> <- verify_seeky_multi.py:92:observed_frame <- window.py:1917:_on_frame <- window.py:2114:_rebuild_frame
WARNING:pet.gui_stall_sampler:  [t-11ms] webm_clip.py:2499:_poll <- webm_clip.py:2750:_process_frame <- window_optional_services.py:62:<lambda> <- verify_seeky_multi.py:92:observed_frame <- window.py:1917:_on_frame <- window.py:2099:_rebuild_frame
WARNING:root:GUI 卡顿 102ms state=IDLE anim=东张西望 physics=None
WARNING:pet.gui_stall_sampler:GUI 冻结现场（102ms，2 个采样点，旧→新）：
WARNING:pet.gui_stall_sampler:  [t-140ms] webm_clip.py:2499:_poll <- webm_clip.py:2750:_process_frame <- window_optional_services.py:62:<lambda> <- verify_seeky_multi.py:92:observed_frame <- window.py:1917:_on_frame <- window.py:2114:_rebuild_frame
WARNING:pet.gui_stall_sampler:  [t-12ms] webm_clip.py:2499:_poll <- webm_clip.py:2750:_process_frame <- window_optional_services.py:62:<lambda> <- verify_seeky_multi.py:92:observed_frame <- window.py:1917:_on_frame <- window.py:2099:_rebuild_frame
WARNING:root:GUI 卡顿 103ms state=IDLE anim=余额-分文不剩 physics=None
WARNING:pet.gui_stall_sampler:GUI 冻结现场（103ms，2 个采样点，旧→新）：
WARNING:pet.gui_stall_sampler:  [t-140ms] webm_clip.py:2499:_poll <- webm_clip.py:2750:_process_frame <- window_optional_services.py:62:<lambda> <- verify_seeky_multi.py:92:observed_frame <- window.py:1917:_on_frame <- window.py:2114:_rebuild_frame
WARNING:pet.gui_stall_sampler:  [t-12ms] webm_clip.py:2499:_poll <- webm_clip.py:2750:_process_frame <- window_optional_services.py:62:<lambda> <- verify_seeky_multi.py:92:observed_frame <- window.py:1917:_on_frame <- window.py:2099:_rebuild_frame
WARNING:root:GUI 卡顿 109ms state=IDLE anim=待机呼吸休闲 physics=None
WARNING:pet.gui_stall_sampler:GUI 冻结现场（109ms，2 个采样点，旧→新）：
WARNING:pet.gui_stall_sampler:  [t-152ms] verify_seeky_multi.py:308:<module> <- verify_seeky_multi.py:244:main
WARNING:pet.gui_stall_sampler:  [t-46ms] webm_clip.py:2499:_poll <- webm_clip.py:2750:_process_frame <- window_optional_services.py:62:<lambda> <- verify_seeky_multi.py:92:observed_frame <- window.py:1917:_on_frame <- window.py:2106:_rebuild_frame
WARNING:root:GUI 卡顿 111ms state=IDLE anim=东张西望 physics=None
WARNING:pet.gui_stall_sampler:GUI 冻结现场（111ms，2 个采样点，旧→新）：
WARNING:pet.gui_stall_sampler:  [t-153ms] verify_seeky_multi.py:308:<module> <- verify_seeky_multi.py:244:main
WARNING:pet.gui_stall_sampler:  [t-46ms] webm_clip.py:2499:_poll <- webm_clip.py:2750:_process_frame <- window_optional_services.py:62:<lambda> <- verify_seeky_multi.py:92:observed_frame <- window.py:1917:_on_frame <- window.py:2106:_rebuild_frame
WARNING:root:GUI 卡顿 111ms state=IDLE anim=余额-分文不剩 physics=None
WARNING:pet.gui_stall_sampler:GUI 冻结现场（111ms，2 个采样点，旧→新）：
WARNING:pet.gui_stall_sampler:  [t-153ms] verify_seeky_multi.py:308:<module> <- verify_seeky_multi.py:244:main
WARNING:pet.gui_stall_sampler:  [t-47ms] webm_clip.py:2499:_poll <- webm_clip.py:2750:_process_frame <- window_optional_services.py:62:<lambda> <- verify_seeky_multi.py:92:observed_frame <- window.py:1917:_on_frame <- window.py:2106:_rebuild_frame
WARNING:root:GUI 卡顿 120ms state=IDLE anim=待机呼吸休闲 physics=None
WARNING:pet.gui_stall_sampler:GUI 冻结现场（120ms，1 个采样点，旧→新）：
WARNING:pet.gui_stall_sampler:  [t-19ms] webm_clip.py:2499:_poll <- webm_clip.py:2750:_process_frame <- window_optional_services.py:62:<lambda> <- verify_seeky_multi.py:92:observed_frame <- window.py:1917:_on_frame <- window.py:2106:_rebuild_frame
WARNING:root:GUI 卡顿 121ms state=IDLE anim=东张西望 physics=None
WARNING:pet.gui_stall_sampler:GUI 冻结现场（121ms，1 个采样点，旧→新）：
WARNING:pet.gui_stall_sampler:  [t-19ms] webm_clip.py:2499:_poll <- webm_clip.py:2750:_process_frame <- window_optional_services.py:62:<lambda> <- verify_seeky_multi.py:92:observed_frame <- window.py:1917:_on_frame <- window.py:2106:_rebuild_frame
WARNING:root:GUI 卡顿 121ms state=IDLE anim=余额-分文不剩 physics=None
WARNING:pet.gui_stall_sampler:GUI 冻结现场（121ms，1 个采样点，旧→新）：
WARNING:pet.gui_stall_sampler:  [t-20ms] webm_clip.py:2499:_poll <- webm_clip.py:2750:_process_frame <- window_optional_services.py:62:<lambda> <- verify_seeky_multi.py:92:observed_frame <- window.py:1917:_on_frame <- window.py:2106:_rebuild_frame
WARNING:root:GUI 卡顿 169ms state=IDLE anim=待机呼吸休闲 physics=None
WARNING:pet.gui_stall_sampler:GUI 冻结现场（169ms，2 个采样点，旧→新）：
WARNING:pet.gui_stall_sampler:  [t-179ms] verify_seeky_multi.py:308:<module> <- verify_seeky_multi.py:244:main
WARNING:pet.gui_stall_sampler:  [t-47ms] verify_seeky_multi.py:308:<module> <- verify_seeky_multi.py:244:main <- webm_clip.py:2499:_poll <- webm_clip.py:2724:_process_frame
WARNING:root:GUI 卡顿 171ms state=IDLE anim=东张西望 physics=None
WARNING:pet.gui_stall_sampler:GUI 冻结现场（171ms，2 个采样点，旧→新）：
WARNING:pet.gui_stall_sampler:  [t-180ms] verify_seeky_multi.py:308:<module> <- verify_seeky_multi.py:244:main
WARNING:pet.gui_stall_sampler:  [t-48ms] verify_seeky_multi.py:308:<module> <- verify_seeky_multi.py:244:main <- webm_clip.py:2499:_poll <- webm_clip.py:2724:_process_frame
WARNING:root:GUI 卡顿 171ms state=IDLE anim=余额-分文不剩 physics=None
WARNING:pet.gui_stall_sampler:GUI 冻结现场（171ms，2 个采样点，旧→新）：
WARNING:pet.gui_stall_sampler:  [t-180ms] verify_seeky_multi.py:308:<module> <- verify_seeky_multi.py:244:main
WARNING:pet.gui_stall_sampler:  [t-48ms] verify_seeky_multi.py:308:<module> <- verify_seeky_multi.py:244:main <- webm_clip.py:2499:_poll <- webm_clip.py:2724:_process_frame
WARNING:root:GUI 卡顿 133ms state=IDLE anim=待机呼吸休闲 physics=None
WARNING:pet.gui_stall_sampler:GUI 冻结现场（133ms，1 个采样点，旧→新）：
WARNING:pet.gui_stall_sampler:  [t-18ms] verify_seeky_multi.py:308:<module> <- verify_seeky_multi.py:244:main <- webm_clip.py:2499:_poll <- webm_clip.py:2723:_process_frame
WARNING:root:GUI 卡顿 136ms state=IDLE anim=东张西望 physics=None
WARNING:pet.gui_stall_sampler:GUI 冻结现场（136ms，1 个采样点，旧→新）：
WARNING:pet.gui_stall_sampler:  [t-20ms] verify_seeky_multi.py:308:<module> <- verify_seeky_multi.py:244:main <- webm_clip.py:2499:_poll <- webm_clip.py:2723:_process_frame
WARNING:root:GUI 卡顿 137ms state=IDLE anim=余额-分文不剩 physics=None
WARNING:pet.gui_stall_sampler:GUI 冻结现场（137ms，1 个采样点，旧→新）：
WARNING:pet.gui_stall_sampler:  [t-21ms] verify_seeky_multi.py:308:<module> <- verify_seeky_multi.py:244:main <- webm_clip.py:2499:_poll <- webm_clip.py:2723:_process_frame
WARNING:root:GUI 卡顿 111ms state=IDLE anim=待机呼吸休闲 physics=None
WARNING:pet.gui_stall_sampler:GUI 冻结现场（111ms，2 个采样点，旧→新）：
WARNING:pet.gui_stall_sampler:  [t-122ms] verify_seeky_multi.py:308:<module> <- verify_seeky_multi.py:244:main
WARNING:pet.gui_stall_sampler:  [t-40ms] verify_seeky_multi.py:308:<module> <- verify_seeky_multi.py:244:main <- webm_clip.py:2499:_poll <- webm_clip.py:2723:_process_frame
WARNING:root:GUI 卡顿 112ms state=IDLE anim=东张西望 physics=None
WARNING:pet.gui_stall_sampler:GUI 冻结现场（112ms，2 个采样点，旧→新）：
WARNING:pet.gui_stall_sampler:  [t-122ms] verify_seeky_multi.py:308:<module> <- verify_seeky_multi.py:244:main
WARNING:pet.gui_stall_sampler:  [t-40ms] verify_seeky_multi.py:308:<module> <- verify_seeky_multi.py:244:main <- webm_clip.py:2499:_poll <- webm_clip.py:2723:_process_frame
WARNING:root:GUI 卡顿 112ms state=IDLE anim=余额-分文不剩 physics=None
WARNING:pet.gui_stall_sampler:GUI 冻结现场（112ms，2 个采样点，旧→新）：
WARNING:pet.gui_stall_sampler:  [t-122ms] verify_seeky_multi.py:308:<module> <- verify_seeky_multi.py:244:main
WARNING:pet.gui_stall_sampler:  [t-40ms] verify_seeky_multi.py:308:<module> <- verify_seeky_multi.py:244:main <- webm_clip.py:2499:_poll <- webm_clip.py:2723:_process_frame
WARNING:root:GUI 卡顿 106ms state=IDLE anim=待机呼吸休闲 physics=None
WARNING:pet.gui_stall_sampler:GUI 冻结现场（106ms，2 个采样点，旧→新）：
WARNING:pet.gui_stall_sampler:  [t-154ms] webm_clip.py:2499:_poll <- webm_clip.py:2750:_process_frame <- window_optional_services.py:62:<lambda> <- verify_seeky_multi.py:92:observed_frame <- window.py:1917:_on_frame <- window.py:2106:_rebuild_frame
WARNING:root:GUI 卡顿 107ms state=IDLE anim=东张西望 physics=None
WARNING:pet.gui_stall_sampler:GUI 冻结现场（107ms，2 个采样点，旧→新）：
WARNING:pet.gui_stall_sampler:  [t-155ms] webm_clip.py:2499:_poll <- webm_clip.py:2750:_process_frame <- window_optional_services.py:62:<lambda> <- verify_seeky_multi.py:92:observed_frame <- window.py:1917:_on_frame <- window.py:2106:_rebuild_frame
WARNING:root:GUI 卡顿 107ms state=IDLE anim=余额-分文不剩 physics=None
WARNING:pet.gui_stall_sampler:GUI 冻结现场（107ms，2 个采样点，旧→新）：
WARNING:pet.gui_stall_sampler:  [t-155ms] webm_clip.py:2499:_poll <- webm_clip.py:2750:_process_frame <- window_optional_services.py:62:<lambda> <- verify_seeky_multi.py:92:observed_frame <- window.py:1917:_on_frame <- window.py:2106:_rebuild_frame
{'max_first_frame_decoders': 2, 'steady_mib': 1523.8787307739258, 'peak_mib': 1685.9418487548828, 'growth_mib': 416.7658996582031, 'playback': {0: {'fps': 3.3521616424387677, 'forward_gaps': 0, 'frames': 168, 'ten_second_bins': [{'start': 0, 'fps': 2.469989626043571, 'frames': 16}, {'start': 10, 'fps': 3.5292219578106727, 'frames': 36}, {'start': 20, 'fps': 3.734246149058659, 'frames': 37}, {'start': 30, 'fps': 3.9629313498353858, 'frames': 40}, {'start': 40, 'fps': 3.8181724369227594, 'frames': 38}, {'start': 50, 'fps': 2.941052896937103, 'frames': 29}, {'start': 60, 'fps': 3.0804932896587838, 'frames': 31}, {'start': 70, 'fps': 2.9900914555558984, 'frames': 30}, {'start': 80, 'fps': 3.8089355569281453, 'frames': 38}, {'start': 90, 'fps': 3.6847218035038356, 'frames': 34}]}, 1: {'fps': 7.020409476949321, 'forward_gaps': 0, 'frames': 350, 'ten_second_bins': [{'start': 0, 'fps': 10.373292424574476, 'frames': 72}, {'start': 10, 'fps': 14.58180391999115, 'frames': 146}, {'start': 20, 'fps': 15.570811805506406, 'frames': 155}, {'start': 30, 'fps': 15.30129457005376, 'frames': 153}, {'start': 40, 'fps': 15.828649856239801, 'frames': 159}, {'start': 50, 'fps': 5.671460401053274, 'frames': 57}, {'start': 60, 'fps': 3.0629165302436583, 'frames': 30}, {'start': 70, 'fps': 3.088103595581955, 'frames': 31}, {'start': 80, 'fps': 3.8500759609581463, 'frames': 38}, {'start': 90, 'fps': 3.605454068700289, 'frames': 34}]}, 2: {'fps': 3.341653917384653, 'forward_gaps': 0, 'frames': 167, 'ten_second_bins': [{'start': 0, 'fps': 2.6530476885322014, 'frames': 17}, {'start': 10, 'fps': 3.53448723946151, 'frames': 35}, {'start': 20, 'fps': 3.745507921243104, 'frames': 38}, {'start': 30, 'fps': 4.027303049391257, 'frames': 40}, {'start': 40, 'fps': 3.8842697572856313, 'frames': 38}, {'start': 50, 'fps': 2.822850451656073, 'frames': 28}, {'start': 60, 'fps': 3.0382080858241385, 'frames': 30}, {'start': 70, 'fps': 3.032661767233103, 'frames': 31}, {'start': 80, 'fps': 3.812509266515579, 'frames': 37}, {'start': 90, 'fps': 3.153945752133059, 'frames': 20}]}}, 'queue_drops': 0, 'duplicate_first_images': [], 'lifecycle': {'windows_after_close': 2, 'windows_after_respawn': 3}, 'shared_process_enabled': True, 'source_widths': [2560, 2560, 2560], 'actions': {0: '待机呼吸休闲', 1: '东张西望', 2: '余额-分文不剩'}, 'initial_decode_routes': {0: {'idle_eligible': True, 'broker_active': True, 'feed': False, 'publish': True, 'path': '/Users/ray/Documents/New project/dsr-pet/assets/characters_hq/shenshen/videos/idle/待机呼吸休闲.webm'}, 1: {'idle_eligible': False, 'broker_active': True, 'feed': False, 'publish': False, 'path': '/Users/ray/Documents/New project/dsr-pet/assets/characters/shenshen/videos/turn/东张西望.webm'}, 2: {'idle_eligible': False, 'broker_active': True, 'feed': False, 'publish': False, 'path': '/Users/ray/Documents/New project/dsr-pet/assets/characters_hq/shenshen/videos/events/balance/余额-分文不剩.webm'}}, 'live_ffmpeg_after_cleanup': []} ['Pet 0: fps=3.35, skipped source frames=0', 'Pet 1: fps=7.02, skipped source frames=0', 'Pet 2: fps=3.34, skipped source frames=0']
