QSystemTrayIcon::setVisible: No Icon set
WARNING:root:GUI 卡顿 2674ms state=IDLE anim=待机呼吸休闲 physics=None
WARNING:pet.gui_stall_sampler:GUI 冻结现场（2674ms，15 个采样点，旧→新）：
WARNING:pet.gui_stall_sampler:  [t-2383ms] <frozen importlib._bootstrap>:1360:_find_and_load <- <frozen importlib._bootstrap>:1331:_find_and_load_unlocked <- <frozen importlib._bootstrap>:935:_load_unlocked <- <frozen importlib._bootstrap_external>:1022:exec_module <- <frozen importlib._bootstrap_external>:1118:get_code <- <frozen importlib._bootstrap_external>:1217:get_data
WARNING:pet.gui_stall_sampler:  [t-1900ms] verify_seeky_multi.py:57:main <- app.py:1703:start <- app.py:1812:_create_ui_with_character_fallback <- app.py:572:_create_ui <- app.py:537:_build_window <- file_eater.py:150:eventFilter
WARNING:pet.gui_stall_sampler:  [t-1795ms] feature.py:159:_mod_uses_pyside <- inspect.py:1256:getsource <- inspect.py:1238:getsourcelines <- inspect.py:1074:findsource <- linecache.py:41:getlines <- linecache.py:149:updatecache
WARNING:pet.gui_stall_sampler:  [t-1736ms] <frozen importlib._bootstrap>:1360:_find_and_load <- <frozen importlib._bootstrap>:1331:_find_and_load_unlocked <- <frozen importlib._bootstrap>:935:_load_unlocked <- <frozen importlib._bootstrap_external>:1022:exec_module <- <frozen importlib._bootstrap_external>:1118:get_code <- <frozen importlib._bootstrap_external>:1218:get_data
WARNING:pet.gui_stall_sampler:  [t-1601ms] app.py:404:_create_library <- library.py:201:__init__ <- library.py:312:_load_all <- glob.py:478:select_recursive <- glob.py:502:select_recursive_step <- glob.py:428:select_wildcard
WARNING:pet.gui_stall_sampler:  [t-1484ms] window.py:746:__init__ <- window.py:1669:_switch <- webm_clip.py:1634:start <- threading.py:979:start <- threading.py:659:wait <- threading.py:359:wait
WARNING:pet.gui_stall_sampler:  [t-1419ms] app.py:2768:spawn_in_process_window <- app.py:537:_build_window <- window.py:1132:showEvent <- window.py:1095:_schedule_macos_window_level <- window.py:1090:apply_current_native_window <- platform_mac.py:78:_mac_set_window_level
WARNING:pet.gui_stall_sampler:  [t-1204ms] verify_seeky_multi.py:308:<module> <- verify_seeky_multi.py:113:main <- app.py:2627:spawn_pet <- app.py:2768:spawn_in_process_window <- app.py:537:_build_window <- file_eater.py:150:eventFilter
WARNING:pet.gui_stall_sampler:  [t-1084ms] app.py:504:_build_window <- app.py:404:_create_library <- library.py:145:__init__ <- catalog.py:266:load_character_manifest <- _abc.py:482:is_file <- _local.py:515:stat
WARNING:pet.gui_stall_sampler:  [t-1020ms] app.py:2768:spawn_in_process_window <- app.py:537:_build_window <- window.py:1131:showEvent <- window.py:1454:_submit_collision_state <- collision_client.py:255:_submit_collision_state <- collision_ipc.py:1261:submit_state
WARNING:pet.gui_stall_sampler:  [t-898ms] verify_seeky_multi.py:308:<module> <- verify_seeky_multi.py:244:main
WARNING:root:GUI 卡顿 1587ms state=IDLE anim=待机呼吸休闲 physics=None
WARNING:pet.gui_stall_sampler:GUI 冻结现场（1587ms，12 个采样点，旧→新）：
WARNING:pet.gui_stall_sampler:  [t-1614ms] app.py:404:_create_library <- library.py:201:__init__ <- library.py:312:_load_all <- glob.py:478:select_recursive <- glob.py:502:select_recursive_step <- glob.py:428:select_wildcard
WARNING:pet.gui_stall_sampler:  [t-1497ms] window.py:746:__init__ <- window.py:1669:_switch <- webm_clip.py:1634:start <- threading.py:979:start <- threading.py:659:wait <- threading.py:359:wait
WARNING:pet.gui_stall_sampler:  [t-1432ms] app.py:2768:spawn_in_process_window <- app.py:537:_build_window <- window.py:1132:showEvent <- window.py:1095:_schedule_macos_window_level <- window.py:1090:apply_current_native_window <- platform_mac.py:78:_mac_set_window_level
WARNING:pet.gui_stall_sampler:  [t-1217ms] verify_seeky_multi.py:308:<module> <- verify_seeky_multi.py:113:main <- app.py:2627:spawn_pet <- app.py:2768:spawn_in_process_window <- app.py:537:_build_window <- file_eater.py:150:eventFilter
WARNING:pet.gui_stall_sampler:  [t-1097ms] app.py:504:_build_window <- app.py:404:_create_library <- library.py:145:__init__ <- catalog.py:266:load_character_manifest <- _abc.py:482:is_file <- _local.py:515:stat
WARNING:pet.gui_stall_sampler:  [t-1033ms] app.py:2768:spawn_in_process_window <- app.py:537:_build_window <- window.py:1131:showEvent <- window.py:1454:_submit_collision_state <- collision_client.py:255:_submit_collision_state <- collision_ipc.py:1261:submit_state
WARNING:pet.gui_stall_sampler:  [t-912ms] verify_seeky_multi.py:308:<module> <- verify_seeky_multi.py:244:main
WARNING:root:GUI 卡顿 1091ms state=IDLE anim=待机呼吸休闲 physics=None
WARNING:pet.gui_stall_sampler:GUI 冻结现场（1091ms，8 个采样点，旧→新）：
WARNING:pet.gui_stall_sampler:  [t-1100ms] app.py:504:_build_window <- app.py:404:_create_library <- library.py:145:__init__ <- catalog.py:266:load_character_manifest <- _abc.py:482:is_file <- _local.py:515:stat
WARNING:pet.gui_stall_sampler:  [t-1036ms] app.py:2768:spawn_in_process_window <- app.py:537:_build_window <- window.py:1131:showEvent <- window.py:1454:_submit_collision_state <- collision_client.py:255:_submit_collision_state <- collision_ipc.py:1261:submit_state
WARNING:pet.gui_stall_sampler:  [t-915ms] verify_seeky_multi.py:308:<module> <- verify_seeky_multi.py:244:main
WARNING:root:GUI 卡顿 170ms state=IDLE anim=待机呼吸休闲 physics=None
WARNING:pet.gui_stall_sampler:GUI 冻结现场（170ms，1 个采样点，旧→新）：
WARNING:pet.gui_stall_sampler:  [t-181ms] verify_seeky_multi.py:308:<module> <- verify_seeky_multi.py:244:main
WARNING:root:GUI 卡顿 170ms state=IDLE anim=待机呼吸休闲 physics=None
WARNING:pet.gui_stall_sampler:GUI 冻结现场（170ms，1 个采样点，旧→新）：
WARNING:pet.gui_stall_sampler:  [t-182ms] verify_seeky_multi.py:308:<module> <- verify_seeky_multi.py:244:main
WARNING:root:GUI 卡顿 171ms state=IDLE anim=待机呼吸休闲 physics=None
WARNING:pet.gui_stall_sampler:GUI 冻结现场（171ms，1 个采样点，旧→新）：
WARNING:pet.gui_stall_sampler:  [t-182ms] verify_seeky_multi.py:308:<module> <- verify_seeky_multi.py:244:main
WARNING:pet.decode_fanout:fanout feed 看门狗超时（1900ms 无帧无 end），回退本地解码
WARNING:pet.webm_clip:fan-out feed 断流/中止，回退本地解码: /Users/ray/Documents/New project/dsr-pet/assets/characters_hq/shenshen/videos/idle/待机呼吸休闲.webm
WARNING:root:GUI 卡顿 113ms state=IDLE anim=待机呼吸休闲 physics=None
WARNING:pet.gui_stall_sampler:GUI 冻结现场（113ms，1 个采样点，旧→新）：
WARNING:pet.gui_stall_sampler:  [t-40ms] verify_seeky_multi.py:308:<module> <- verify_seeky_multi.py:244:main <- library.py:746:_warm_low_priority_background <- threading.py:979:start <- threading.py:659:wait <- threading.py:359:wait
WARNING:root:GUI 卡顿 114ms state=IDLE anim=待机呼吸休闲 physics=None
WARNING:pet.gui_stall_sampler:GUI 冻结现场（114ms，1 个采样点，旧→新）：
WARNING:pet.gui_stall_sampler:  [t-40ms] verify_seeky_multi.py:308:<module> <- verify_seeky_multi.py:244:main <- library.py:746:_warm_low_priority_background <- threading.py:979:start <- threading.py:659:wait <- threading.py:359:wait
WARNING:root:GUI 卡顿 114ms state=IDLE anim=待机呼吸休闲 physics=None
WARNING:pet.gui_stall_sampler:GUI 冻结现场（114ms，1 个采样点，旧→新）：
WARNING:pet.gui_stall_sampler:  [t-41ms] verify_seeky_multi.py:308:<module> <- verify_seeky_multi.py:244:main <- library.py:746:_warm_low_priority_background <- threading.py:979:start <- threading.py:659:wait <- threading.py:359:wait
WARNING:root:GUI 卡顿 245ms state=IDLE anim=待机呼吸休闲 physics=None
WARNING:pet.gui_stall_sampler:GUI 冻结现场（245ms，2 个采样点，旧→新）：
WARNING:pet.gui_stall_sampler:  [t-267ms] verify_seeky_multi.py:308:<module> <- verify_seeky_multi.py:244:main
WARNING:pet.gui_stall_sampler:  [t-23ms] webm_clip.py:2750:_process_frame <- window_optional_services.py:62:<lambda> <- verify_seeky_multi.py:92:observed_frame <- window.py:1917:_on_frame <- window.py:2124:_rebuild_frame <- window.py:2265:_sync_mask
WARNING:root:GUI 卡顿 248ms state=IDLE anim=待机呼吸休闲 physics=None
WARNING:pet.gui_stall_sampler:GUI 冻结现场（248ms，2 个采样点，旧→新）：
WARNING:pet.gui_stall_sampler:  [t-269ms] verify_seeky_multi.py:308:<module> <- verify_seeky_multi.py:244:main
WARNING:pet.gui_stall_sampler:  [t-25ms] webm_clip.py:2750:_process_frame <- window_optional_services.py:62:<lambda> <- verify_seeky_multi.py:92:observed_frame <- window.py:1917:_on_frame <- window.py:2124:_rebuild_frame <- window.py:2265:_sync_mask
WARNING:root:GUI 卡顿 249ms state=IDLE anim=待机呼吸休闲 physics=None
WARNING:pet.gui_stall_sampler:GUI 冻结现场（249ms，2 个采样点，旧→新）：
WARNING:pet.gui_stall_sampler:  [t-270ms] verify_seeky_multi.py:308:<module> <- verify_seeky_multi.py:244:main
WARNING:pet.gui_stall_sampler:  [t-26ms] webm_clip.py:2750:_process_frame <- window_optional_services.py:62:<lambda> <- verify_seeky_multi.py:92:observed_frame <- window.py:1917:_on_frame <- window.py:2124:_rebuild_frame <- window.py:2265:_sync_mask
WARNING:root:GUI 卡顿 178ms state=IDLE anim=待机呼吸休闲 physics=None
WARNING:pet.gui_stall_sampler:GUI 冻结现场（178ms，2 个采样点，旧→新）：
WARNING:pet.gui_stall_sampler:  [t-211ms] verify_seeky_multi.py:308:<module> <- verify_seeky_multi.py:244:main
WARNING:pet.gui_stall_sampler:  [t-109ms] webm_clip.py:2499:_poll <- webm_clip.py:2750:_process_frame <- window_optional_services.py:62:<lambda> <- verify_seeky_multi.py:92:observed_frame <- window.py:1917:_on_frame <- window.py:2106:_rebuild_frame
WARNING:root:GUI 卡顿 179ms state=IDLE anim=待机呼吸休闲 physics=None
WARNING:pet.gui_stall_sampler:GUI 冻结现场（179ms，2 个采样点，旧→新）：
WARNING:pet.gui_stall_sampler:  [t-212ms] verify_seeky_multi.py:308:<module> <- verify_seeky_multi.py:244:main
WARNING:pet.gui_stall_sampler:  [t-109ms] webm_clip.py:2499:_poll <- webm_clip.py:2750:_process_frame <- window_optional_services.py:62:<lambda> <- verify_seeky_multi.py:92:observed_frame <- window.py:1917:_on_frame <- window.py:2106:_rebuild_frame
WARNING:root:GUI 卡顿 179ms state=IDLE anim=待机呼吸休闲 physics=None
WARNING:pet.gui_stall_sampler:GUI 冻结现场（179ms，2 个采样点，旧→新）：
WARNING:pet.gui_stall_sampler:  [t-212ms] verify_seeky_multi.py:308:<module> <- verify_seeky_multi.py:244:main
WARNING:pet.gui_stall_sampler:  [t-110ms] webm_clip.py:2499:_poll <- webm_clip.py:2750:_process_frame <- window_optional_services.py:62:<lambda> <- verify_seeky_multi.py:92:observed_frame <- window.py:1917:_on_frame <- window.py:2106:_rebuild_frame
WARNING:root:GUI 卡顿 104ms state=IDLE anim=待机呼吸休闲 physics=None
WARNING:pet.gui_stall_sampler:GUI 冻结现场（104ms，2 个采样点，旧→新）：
WARNING:pet.gui_stall_sampler:  [t-134ms] verify_seeky_multi.py:308:<module> <- verify_seeky_multi.py:244:main
WARNING:pet.gui_stall_sampler:  [t-50ms] webm_clip.py:2499:_poll <- webm_clip.py:2750:_process_frame <- window_optional_services.py:62:<lambda> <- verify_seeky_multi.py:92:observed_frame <- window.py:1917:_on_frame <- window.py:2119:_rebuild_frame
WARNING:root:GUI 卡顿 105ms state=IDLE anim=待机呼吸休闲 physics=None
WARNING:pet.gui_stall_sampler:GUI 冻结现场（105ms，2 个采样点，旧→新）：
WARNING:pet.gui_stall_sampler:  [t-135ms] verify_seeky_multi.py:308:<module> <- verify_seeky_multi.py:244:main
WARNING:pet.gui_stall_sampler:  [t-50ms] webm_clip.py:2499:_poll <- webm_clip.py:2750:_process_frame <- window_optional_services.py:62:<lambda> <- verify_seeky_multi.py:92:observed_frame <- window.py:1917:_on_frame <- window.py:2119:_rebuild_frame
WARNING:root:GUI 卡顿 106ms state=IDLE anim=待机呼吸休闲 physics=None
WARNING:pet.gui_stall_sampler:GUI 冻结现场（106ms，2 个采样点，旧→新）：
WARNING:pet.gui_stall_sampler:  [t-135ms] verify_seeky_multi.py:308:<module> <- verify_seeky_multi.py:244:main
WARNING:pet.gui_stall_sampler:  [t-51ms] webm_clip.py:2499:_poll <- webm_clip.py:2750:_process_frame <- window_optional_services.py:62:<lambda> <- verify_seeky_multi.py:92:observed_frame <- window.py:1917:_on_frame <- window.py:2119:_rebuild_frame
WARNING:root:GUI 卡顿 197ms state=IDLE anim=待机呼吸休闲 physics=None
WARNING:pet.gui_stall_sampler:GUI 冻结现场（197ms，3 个采样点，旧→新）：
WARNING:pet.gui_stall_sampler:  [t-228ms] verify_seeky_multi.py:308:<module> <- verify_seeky_multi.py:244:main
WARNING:pet.gui_stall_sampler:  [t-121ms] webm_clip.py:2499:_poll <- webm_clip.py:2750:_process_frame <- window_optional_services.py:62:<lambda> <- verify_seeky_multi.py:92:observed_frame <- window.py:1917:_on_frame <- window.py:2106:_rebuild_frame
WARNING:root:GUI 卡顿 199ms state=IDLE anim=待机呼吸休闲 physics=None
WARNING:pet.gui_stall_sampler:GUI 冻结现场（199ms，3 个采样点，旧→新）：
WARNING:pet.gui_stall_sampler:  [t-229ms] verify_seeky_multi.py:308:<module> <- verify_seeky_multi.py:244:main
WARNING:pet.gui_stall_sampler:  [t-122ms] webm_clip.py:2499:_poll <- webm_clip.py:2750:_process_frame <- window_optional_services.py:62:<lambda> <- verify_seeky_multi.py:92:observed_frame <- window.py:1917:_on_frame <- window.py:2106:_rebuild_frame
WARNING:root:GUI 卡顿 200ms state=IDLE anim=待机呼吸休闲 physics=None
WARNING:pet.gui_stall_sampler:GUI 冻结现场（200ms，3 个采样点，旧→新）：
WARNING:pet.gui_stall_sampler:  [t-231ms] verify_seeky_multi.py:308:<module> <- verify_seeky_multi.py:244:main
WARNING:pet.gui_stall_sampler:  [t-124ms] webm_clip.py:2499:_poll <- webm_clip.py:2750:_process_frame <- window_optional_services.py:62:<lambda> <- verify_seeky_multi.py:92:observed_frame <- window.py:1917:_on_frame <- window.py:2106:_rebuild_frame
WARNING:root:GUI 卡顿 154ms state=IDLE anim=待机呼吸休闲 physics=None
WARNING:pet.gui_stall_sampler:GUI 冻结现场（154ms，1 个采样点，旧→新）：
WARNING:pet.gui_stall_sampler:  [t-176ms] verify_seeky_multi.py:308:<module> <- verify_seeky_multi.py:244:main <- window.py:4557:_sync_position_debounced <- window.py:4566:_position_sync_now <- window_placement.py:350:bubble_anchor_rect
WARNING:root:GUI 卡顿 155ms state=IDLE anim=待机呼吸休闲 physics=None
WARNING:pet.gui_stall_sampler:GUI 冻结现场（155ms，1 个采样点，旧→新）：
WARNING:pet.gui_stall_sampler:  [t-176ms] verify_seeky_multi.py:308:<module> <- verify_seeky_multi.py:244:main <- window.py:4557:_sync_position_debounced <- window.py:4566:_position_sync_now <- window_placement.py:350:bubble_anchor_rect
WARNING:root:GUI 卡顿 155ms state=IDLE anim=待机呼吸休闲 physics=None
WARNING:pet.gui_stall_sampler:GUI 冻结现场（155ms，1 个采样点，旧→新）：
WARNING:pet.gui_stall_sampler:  [t-177ms] verify_seeky_multi.py:308:<module> <- verify_seeky_multi.py:244:main <- window.py:4557:_sync_position_debounced <- window.py:4566:_position_sync_now <- window_placement.py:350:bubble_anchor_rect
WARNING:root:GUI 卡顿 231ms state=IDLE anim=待机呼吸休闲 physics=None
WARNING:pet.gui_stall_sampler:GUI 冻结现场（231ms，2 个采样点，旧→新）：
WARNING:pet.gui_stall_sampler:  [t-238ms] verify_seeky_multi.py:308:<module> <- verify_seeky_multi.py:244:main
WARNING:pet.gui_stall_sampler:  [t-54ms] webm_clip.py:2499:_poll <- webm_clip.py:2750:_process_frame <- window_optional_services.py:62:<lambda> <- verify_seeky_multi.py:92:observed_frame <- window.py:1917:_on_frame <- window.py:2106:_rebuild_frame
WARNING:root:GUI 卡顿 232ms state=IDLE anim=待机呼吸休闲 physics=None
WARNING:pet.gui_stall_sampler:GUI 冻结现场（232ms，2 个采样点，旧→新）：
WARNING:pet.gui_stall_sampler:  [t-239ms] verify_seeky_multi.py:308:<module> <- verify_seeky_multi.py:244:main
WARNING:pet.gui_stall_sampler:  [t-55ms] webm_clip.py:2499:_poll <- webm_clip.py:2750:_process_frame <- window_optional_services.py:62:<lambda> <- verify_seeky_multi.py:92:observed_frame <- window.py:1917:_on_frame <- window.py:2106:_rebuild_frame
WARNING:root:GUI 卡顿 232ms state=IDLE anim=待机呼吸休闲 physics=None
WARNING:pet.gui_stall_sampler:GUI 冻结现场（232ms，2 个采样点，旧→新）：
WARNING:pet.gui_stall_sampler:  [t-239ms] verify_seeky_multi.py:308:<module> <- verify_seeky_multi.py:244:main
WARNING:pet.gui_stall_sampler:  [t-55ms] webm_clip.py:2499:_poll <- webm_clip.py:2750:_process_frame <- window_optional_services.py:62:<lambda> <- verify_seeky_multi.py:92:observed_frame <- window.py:1917:_on_frame <- window.py:2106:_rebuild_frame
WARNING:root:GUI 卡顿 197ms state=IDLE anim=待机呼吸休闲 physics=None
WARNING:pet.gui_stall_sampler:GUI 冻结现场（197ms，3 个采样点，旧→新）：
WARNING:pet.gui_stall_sampler:  [t-234ms] verify_seeky_multi.py:308:<module> <- verify_seeky_multi.py:244:main
WARNING:pet.gui_stall_sampler:  [t-146ms] webm_clip.py:2499:_poll <- webm_clip.py:2750:_process_frame <- window_optional_services.py:62:<lambda> <- verify_seeky_multi.py:92:observed_frame <- window.py:1917:_on_frame <- window.py:2106:_rebuild_frame
WARNING:pet.gui_stall_sampler:  [t-69ms] webm_clip.py:2499:_poll <- webm_clip.py:2750:_process_frame <- window_optional_services.py:62:<lambda> <- verify_seeky_multi.py:92:observed_frame <- window.py:1917:_on_frame <- window.py:2124:_rebuild_frame
WARNING:root:GUI 卡顿 198ms state=IDLE anim=待机呼吸休闲 physics=None
WARNING:pet.gui_stall_sampler:GUI 冻结现场（198ms，3 个采样点，旧→新）：
WARNING:pet.gui_stall_sampler:  [t-235ms] verify_seeky_multi.py:308:<module> <- verify_seeky_multi.py:244:main
WARNING:pet.gui_stall_sampler:  [t-146ms] webm_clip.py:2499:_poll <- webm_clip.py:2750:_process_frame <- window_optional_services.py:62:<lambda> <- verify_seeky_multi.py:92:observed_frame <- window.py:1917:_on_frame <- window.py:2106:_rebuild_frame
WARNING:pet.gui_stall_sampler:  [t-70ms] webm_clip.py:2499:_poll <- webm_clip.py:2750:_process_frame <- window_optional_services.py:62:<lambda> <- verify_seeky_multi.py:92:observed_frame <- window.py:1917:_on_frame <- window.py:2124:_rebuild_frame
WARNING:root:GUI 卡顿 199ms state=IDLE anim=待机呼吸休闲 physics=None
WARNING:pet.gui_stall_sampler:GUI 冻结现场（199ms，3 个采样点，旧→新）：
WARNING:pet.gui_stall_sampler:  [t-235ms] verify_seeky_multi.py:308:<module> <- verify_seeky_multi.py:244:main
WARNING:pet.gui_stall_sampler:  [t-147ms] webm_clip.py:2499:_poll <- webm_clip.py:2750:_process_frame <- window_optional_services.py:62:<lambda> <- verify_seeky_multi.py:92:observed_frame <- window.py:1917:_on_frame <- window.py:2106:_rebuild_frame
WARNING:pet.gui_stall_sampler:  [t-70ms] webm_clip.py:2499:_poll <- webm_clip.py:2750:_process_frame <- window_optional_services.py:62:<lambda> <- verify_seeky_multi.py:92:observed_frame <- window.py:1917:_on_frame <- window.py:2124:_rebuild_frame
WARNING:root:GUI 卡顿 378ms state=IDLE anim=待机呼吸休闲 physics=None
WARNING:pet.gui_stall_sampler:GUI 冻结现场（378ms，3 个采样点，旧→新）：
WARNING:pet.gui_stall_sampler:  [t-428ms] verify_seeky_multi.py:308:<module> <- verify_seeky_multi.py:244:main
WARNING:pet.gui_stall_sampler:  [t-340ms] webm_clip.py:2750:_process_frame <- window_optional_services.py:62:<lambda> <- verify_seeky_multi.py:92:observed_frame <- window.py:1917:_on_frame <- window.py:2068:_rebuild_frame <- window.py:1990:_frame_signature
WARNING:pet.gui_stall_sampler:  [t-210ms] verify_seeky_multi.py:308:<module> <- verify_seeky_multi.py:244:main <- webm_clip.py:2499:_poll <- webm_clip.py:2724:_process_frame
WARNING:root:GUI 卡顿 380ms state=IDLE anim=待机呼吸休闲 physics=None
WARNING:pet.gui_stall_sampler:GUI 冻结现场（380ms，3 个采样点，旧→新）：
WARNING:pet.gui_stall_sampler:  [t-429ms] verify_seeky_multi.py:308:<module> <- verify_seeky_multi.py:244:main
WARNING:pet.gui_stall_sampler:  [t-341ms] webm_clip.py:2750:_process_frame <- window_optional_services.py:62:<lambda> <- verify_seeky_multi.py:92:observed_frame <- window.py:1917:_on_frame <- window.py:2068:_rebuild_frame <- window.py:1990:_frame_signature
WARNING:pet.gui_stall_sampler:  [t-211ms] verify_seeky_multi.py:308:<module> <- verify_seeky_multi.py:244:main <- webm_clip.py:2499:_poll <- webm_clip.py:2724:_process_frame
WARNING:root:GUI 卡顿 381ms state=IDLE anim=待机呼吸休闲 physics=None
WARNING:pet.gui_stall_sampler:GUI 冻结现场（381ms，3 个采样点，旧→新）：
WARNING:pet.gui_stall_sampler:  [t-429ms] verify_seeky_multi.py:308:<module> <- verify_seeky_multi.py:244:main
WARNING:pet.gui_stall_sampler:  [t-341ms] webm_clip.py:2750:_process_frame <- window_optional_services.py:62:<lambda> <- verify_seeky_multi.py:92:observed_frame <- window.py:1917:_on_frame <- window.py:2068:_rebuild_frame <- window.py:1990:_frame_signature
WARNING:pet.gui_stall_sampler:  [t-211ms] verify_seeky_multi.py:308:<module> <- verify_seeky_multi.py:244:main <- webm_clip.py:2499:_poll <- webm_clip.py:2724:_process_frame
WARNING:root:GUI 卡顿 134ms state=IDLE anim=待机呼吸休闲 physics=None
WARNING:pet.gui_stall_sampler:GUI 冻结现场（134ms，2 个采样点，旧→新）：
WARNING:pet.gui_stall_sampler:  [t-164ms] verify_seeky_multi.py:308:<module> <- verify_seeky_multi.py:244:main
WARNING:root:GUI 卡顿 135ms state=IDLE anim=待机呼吸休闲 physics=None
WARNING:pet.gui_stall_sampler:GUI 冻结现场（135ms，2 个采样点，旧→新）：
WARNING:pet.gui_stall_sampler:  [t-164ms] verify_seeky_multi.py:308:<module> <- verify_seeky_multi.py:244:main
WARNING:root:GUI 卡顿 135ms state=IDLE anim=待机呼吸休闲 physics=None
WARNING:pet.gui_stall_sampler:GUI 冻结现场（135ms，2 个采样点，旧→新）：
WARNING:pet.gui_stall_sampler:  [t-164ms] verify_seeky_multi.py:308:<module> <- verify_seeky_multi.py:244:main
WARNING:root:GUI 卡顿 155ms state=IDLE anim=待机呼吸休闲 physics=None
WARNING:pet.gui_stall_sampler:GUI 冻结现场（155ms，2 个采样点，旧→新）：
WARNING:pet.gui_stall_sampler:  [t-193ms] verify_seeky_multi.py:308:<module> <- verify_seeky_multi.py:244:main
WARNING:pet.gui_stall_sampler:  [t-47ms] webm_clip.py:2499:_poll <- webm_clip.py:2750:_process_frame <- window_optional_services.py:62:<lambda> <- verify_seeky_multi.py:92:observed_frame <- window.py:1917:_on_frame <- window.py:2106:_rebuild_frame
WARNING:root:GUI 卡顿 156ms state=IDLE anim=待机呼吸休闲 physics=None
WARNING:pet.gui_stall_sampler:GUI 冻结现场（156ms，2 个采样点，旧→新）：
WARNING:pet.gui_stall_sampler:  [t-194ms] verify_seeky_multi.py:308:<module> <- verify_seeky_multi.py:244:main
WARNING:pet.gui_stall_sampler:  [t-47ms] webm_clip.py:2499:_poll <- webm_clip.py:2750:_process_frame <- window_optional_services.py:62:<lambda> <- verify_seeky_multi.py:92:observed_frame <- window.py:1917:_on_frame <- window.py:2106:_rebuild_frame
WARNING:root:GUI 卡顿 156ms state=IDLE anim=待机呼吸休闲 physics=None
WARNING:pet.gui_stall_sampler:GUI 冻结现场（156ms，2 个采样点，旧→新）：
WARNING:pet.gui_stall_sampler:  [t-194ms] verify_seeky_multi.py:308:<module> <- verify_seeky_multi.py:244:main
WARNING:pet.gui_stall_sampler:  [t-47ms] webm_clip.py:2499:_poll <- webm_clip.py:2750:_process_frame <- window_optional_services.py:62:<lambda> <- verify_seeky_multi.py:92:observed_frame <- window.py:1917:_on_frame <- window.py:2106:_rebuild_frame
WARNING:root:GUI 卡顿 106ms state=IDLE anim=待机呼吸休闲 physics=None
WARNING:pet.gui_stall_sampler:GUI 冻结现场（106ms，2 个采样点，旧→新）：
WARNING:pet.gui_stall_sampler:  [t-117ms] verify_seeky_multi.py:308:<module> <- verify_seeky_multi.py:244:main
WARNING:pet.gui_stall_sampler:  [t-45ms] verify_seeky_multi.py:308:<module> <- verify_seeky_multi.py:244:main <- webm_clip.py:2499:_poll <- webm_clip.py:2750:_process_frame
WARNING:root:GUI 卡顿 107ms state=IDLE anim=待机呼吸休闲 physics=None
WARNING:pet.gui_stall_sampler:GUI 冻结现场（107ms，2 个采样点，旧→新）：
WARNING:pet.gui_stall_sampler:  [t-117ms] verify_seeky_multi.py:308:<module> <- verify_seeky_multi.py:244:main
WARNING:pet.gui_stall_sampler:  [t-45ms] verify_seeky_multi.py:308:<module> <- verify_seeky_multi.py:244:main <- webm_clip.py:2499:_poll <- webm_clip.py:2750:_process_frame
WARNING:root:GUI 卡顿 107ms state=IDLE anim=待机呼吸休闲 physics=None
WARNING:pet.gui_stall_sampler:GUI 冻结现场（107ms，2 个采样点，旧→新）：
WARNING:pet.gui_stall_sampler:  [t-118ms] verify_seeky_multi.py:308:<module> <- verify_seeky_multi.py:244:main
WARNING:pet.gui_stall_sampler:  [t-46ms] verify_seeky_multi.py:308:<module> <- verify_seeky_multi.py:244:main <- webm_clip.py:2499:_poll <- webm_clip.py:2750:_process_frame
WARNING:root:GUI 卡顿 150ms state=IDLE anim=待机呼吸休闲 physics=None
WARNING:pet.gui_stall_sampler:GUI 冻结现场（150ms，1 个采样点，旧→新）：
WARNING:pet.gui_stall_sampler:  [t-23ms] webm_clip.py:2499:_poll <- webm_clip.py:2750:_process_frame <- window_optional_services.py:62:<lambda> <- verify_seeky_multi.py:92:observed_frame <- window.py:1917:_on_frame <- window.py:2106:_rebuild_frame
WARNING:root:GUI 卡顿 151ms state=IDLE anim=待机呼吸休闲 physics=None
WARNING:pet.gui_stall_sampler:GUI 冻结现场（151ms，1 个采样点，旧→新）：
WARNING:pet.gui_stall_sampler:  [t-23ms] webm_clip.py:2499:_poll <- webm_clip.py:2750:_process_frame <- window_optional_services.py:62:<lambda> <- verify_seeky_multi.py:92:observed_frame <- window.py:1917:_on_frame <- window.py:2106:_rebuild_frame
WARNING:root:GUI 卡顿 151ms state=IDLE anim=待机呼吸休闲 physics=None
WARNING:pet.gui_stall_sampler:GUI 冻结现场（151ms，1 个采样点，旧→新）：
WARNING:pet.gui_stall_sampler:  [t-24ms] webm_clip.py:2499:_poll <- webm_clip.py:2750:_process_frame <- window_optional_services.py:62:<lambda> <- verify_seeky_multi.py:92:observed_frame <- window.py:1917:_on_frame <- window.py:2106:_rebuild_frame
WARNING:root:GUI 卡顿 150ms state=IDLE anim=待机呼吸休闲 physics=None
WARNING:pet.gui_stall_sampler:GUI 冻结现场（150ms，1 个采样点，旧→新）：
WARNING:pet.gui_stall_sampler:  [t-155ms] verify_seeky_multi.py:308:<module> <- verify_seeky_multi.py:244:main
WARNING:root:GUI 卡顿 152ms state=IDLE anim=待机呼吸休闲 physics=None
WARNING:pet.gui_stall_sampler:GUI 冻结现场（152ms，1 个采样点，旧→新）：
WARNING:pet.gui_stall_sampler:  [t-156ms] verify_seeky_multi.py:308:<module> <- verify_seeky_multi.py:244:main
WARNING:root:GUI 卡顿 153ms state=IDLE anim=待机呼吸休闲 physics=None
WARNING:pet.gui_stall_sampler:GUI 冻结现场（153ms，1 个采样点，旧→新）：
WARNING:pet.gui_stall_sampler:  [t-156ms] verify_seeky_multi.py:308:<module> <- verify_seeky_multi.py:244:main
WARNING:root:GUI 卡顿 156ms state=IDLE anim=待机呼吸休闲 physics=None
WARNING:pet.gui_stall_sampler:GUI 冻结现场（156ms，1 个采样点，旧→新）：
WARNING:pet.gui_stall_sampler:  [t-187ms] verify_seeky_multi.py:308:<module> <- verify_seeky_multi.py:244:main <- window.py:2460:paintEvent
WARNING:root:GUI 卡顿 157ms state=IDLE anim=待机呼吸休闲 physics=None
WARNING:pet.gui_stall_sampler:GUI 冻结现场（157ms，1 个采样点，旧→新）：
WARNING:pet.gui_stall_sampler:  [t-188ms] verify_seeky_multi.py:308:<module> <- verify_seeky_multi.py:244:main <- window.py:2460:paintEvent
WARNING:root:GUI 卡顿 158ms state=IDLE anim=待机呼吸休闲 physics=None
WARNING:pet.gui_stall_sampler:GUI 冻结现场（158ms，1 个采样点，旧→新）：
WARNING:pet.gui_stall_sampler:  [t-188ms] verify_seeky_multi.py:308:<module> <- verify_seeky_multi.py:244:main <- window.py:2460:paintEvent
WARNING:root:GUI 卡顿 107ms state=IDLE anim=待机呼吸休闲 physics=None
WARNING:pet.gui_stall_sampler:GUI 冻结现场（107ms，2 个采样点，旧→新）：
WARNING:pet.gui_stall_sampler:  [t-146ms] verify_seeky_multi.py:308:<module> <- verify_seeky_multi.py:244:main
WARNING:pet.gui_stall_sampler:  [t-63ms] webm_clip.py:2499:_poll <- webm_clip.py:2750:_process_frame <- window_optional_services.py:62:<lambda> <- verify_seeky_multi.py:92:observed_frame <- window.py:1917:_on_frame <- window.py:2106:_rebuild_frame
WARNING:root:GUI 卡顿 108ms state=IDLE anim=待机呼吸休闲 physics=None
WARNING:pet.gui_stall_sampler:GUI 冻结现场（108ms，2 个采样点，旧→新）：
WARNING:pet.gui_stall_sampler:  [t-147ms] verify_seeky_multi.py:308:<module> <- verify_seeky_multi.py:244:main
WARNING:pet.gui_stall_sampler:  [t-63ms] webm_clip.py:2499:_poll <- webm_clip.py:2750:_process_frame <- window_optional_services.py:62:<lambda> <- verify_seeky_multi.py:92:observed_frame <- window.py:1917:_on_frame <- window.py:2106:_rebuild_frame
WARNING:root:GUI 卡顿 109ms state=IDLE anim=待机呼吸休闲 physics=None
WARNING:pet.gui_stall_sampler:GUI 冻结现场（109ms，2 个采样点，旧→新）：
WARNING:pet.gui_stall_sampler:  [t-147ms] verify_seeky_multi.py:308:<module> <- verify_seeky_multi.py:244:main
WARNING:pet.gui_stall_sampler:  [t-64ms] webm_clip.py:2499:_poll <- webm_clip.py:2750:_process_frame <- window_optional_services.py:62:<lambda> <- verify_seeky_multi.py:92:observed_frame <- window.py:1917:_on_frame <- window.py:2106:_rebuild_frame
WARNING:root:GUI 卡顿 157ms state=IDLE anim=待机呼吸休闲 physics=None
WARNING:pet.gui_stall_sampler:GUI 冻结现场（157ms，3 个采样点，旧→新）：
WARNING:pet.gui_stall_sampler:  [t-196ms] webm_clip.py:2499:_poll <- webm_clip.py:2750:_process_frame <- window_optional_services.py:62:<lambda> <- verify_seeky_multi.py:92:observed_frame <- window.py:1917:_on_frame <- window.py:2106:_rebuild_frame
WARNING:root:GUI 卡顿 158ms state=IDLE anim=待机呼吸休闲 physics=None
WARNING:pet.gui_stall_sampler:GUI 冻结现场（158ms，3 个采样点，旧→新）：
WARNING:pet.gui_stall_sampler:  [t-196ms] webm_clip.py:2499:_poll <- webm_clip.py:2750:_process_frame <- window_optional_services.py:62:<lambda> <- verify_seeky_multi.py:92:observed_frame <- window.py:1917:_on_frame <- window.py:2106:_rebuild_frame
WARNING:root:GUI 卡顿 158ms state=IDLE anim=待机呼吸休闲 physics=None
WARNING:pet.gui_stall_sampler:GUI 冻结现场（158ms，3 个采样点，旧→新）：
WARNING:pet.gui_stall_sampler:  [t-197ms] webm_clip.py:2499:_poll <- webm_clip.py:2750:_process_frame <- window_optional_services.py:62:<lambda> <- verify_seeky_multi.py:92:observed_frame <- window.py:1917:_on_frame <- window.py:2106:_rebuild_frame
WARNING:root:GUI 卡顿 147ms state=IDLE anim=待机呼吸休闲 physics=None
WARNING:pet.gui_stall_sampler:GUI 冻结现场（147ms，2 个采样点，旧→新）：
WARNING:pet.gui_stall_sampler:  [t-105ms] verify_seeky_multi.py:308:<module> <- verify_seeky_multi.py:244:main
WARNING:pet.gui_stall_sampler:  [t-40ms] verify_seeky_multi.py:308:<module> <- verify_seeky_multi.py:244:main <- webm_clip.py:2499:_poll <- webm_clip.py:2724:_process_frame
WARNING:root:GUI 卡顿 149ms state=IDLE anim=待机呼吸休闲 physics=None
WARNING:pet.gui_stall_sampler:GUI 冻结现场（149ms，2 个采样点，旧→新）：
WARNING:pet.gui_stall_sampler:  [t-106ms] verify_seeky_multi.py:308:<module> <- verify_seeky_multi.py:244:main
WARNING:pet.gui_stall_sampler:  [t-42ms] verify_seeky_multi.py:308:<module> <- verify_seeky_multi.py:244:main <- webm_clip.py:2499:_poll <- webm_clip.py:2724:_process_frame
WARNING:root:GUI 卡顿 150ms state=IDLE anim=待机呼吸休闲 physics=None
WARNING:pet.gui_stall_sampler:GUI 冻结现场（150ms，2 个采样点，旧→新）：
WARNING:pet.gui_stall_sampler:  [t-107ms] verify_seeky_multi.py:308:<module> <- verify_seeky_multi.py:244:main
WARNING:pet.gui_stall_sampler:  [t-42ms] verify_seeky_multi.py:308:<module> <- verify_seeky_multi.py:244:main <- webm_clip.py:2499:_poll <- webm_clip.py:2724:_process_frame
WARNING:root:GUI 卡顿 102ms state=IDLE anim=待机呼吸休闲 physics=None
WARNING:pet.gui_stall_sampler:GUI 冻结现场（102ms，2 个采样点，旧→新）：
WARNING:pet.gui_stall_sampler:  [t-108ms] verify_seeky_multi.py:308:<module> <- verify_seeky_multi.py:244:main
WARNING:pet.gui_stall_sampler:  [t-23ms] webm_clip.py:2499:_poll <- webm_clip.py:2750:_process_frame <- window_optional_services.py:62:<lambda> <- verify_seeky_multi.py:92:observed_frame <- window.py:1917:_on_frame <- window.py:2106:_rebuild_frame
WARNING:root:GUI 卡顿 102ms state=IDLE anim=待机呼吸休闲 physics=None
WARNING:pet.gui_stall_sampler:GUI 冻结现场（102ms，2 个采样点，旧→新）：
WARNING:pet.gui_stall_sampler:  [t-109ms] verify_seeky_multi.py:308:<module> <- verify_seeky_multi.py:244:main
WARNING:pet.gui_stall_sampler:  [t-23ms] webm_clip.py:2499:_poll <- webm_clip.py:2750:_process_frame <- window_optional_services.py:62:<lambda> <- verify_seeky_multi.py:92:observed_frame <- window.py:1917:_on_frame <- window.py:2106:_rebuild_frame
WARNING:root:GUI 卡顿 103ms state=IDLE anim=待机呼吸休闲 physics=None
WARNING:pet.gui_stall_sampler:GUI 冻结现场（103ms，2 个采样点，旧→新）：
WARNING:pet.gui_stall_sampler:  [t-109ms] verify_seeky_multi.py:308:<module> <- verify_seeky_multi.py:244:main
WARNING:pet.gui_stall_sampler:  [t-23ms] webm_clip.py:2499:_poll <- webm_clip.py:2750:_process_frame <- window_optional_services.py:62:<lambda> <- verify_seeky_multi.py:92:observed_frame <- window.py:1917:_on_frame <- window.py:2106:_rebuild_frame
WARNING:root:GUI 卡顿 133ms state=IDLE anim=待机呼吸休闲 physics=None
WARNING:pet.gui_stall_sampler:GUI 冻结现场（133ms，2 个采样点，旧→新）：
WARNING:pet.gui_stall_sampler:  [t-173ms] verify_seeky_multi.py:308:<module> <- verify_seeky_multi.py:244:main
WARNING:pet.gui_stall_sampler:  [t-9ms] webm_clip.py:2499:_poll <- webm_clip.py:2750:_process_frame <- window_optional_services.py:62:<lambda> <- verify_seeky_multi.py:92:observed_frame <- window.py:1917:_on_frame <- window.py:2106:_rebuild_frame
WARNING:root:GUI 卡顿 134ms state=IDLE anim=待机呼吸休闲 physics=None
WARNING:pet.gui_stall_sampler:GUI 冻结现场（134ms，2 个采样点，旧→新）：
WARNING:pet.gui_stall_sampler:  [t-174ms] verify_seeky_multi.py:308:<module> <- verify_seeky_multi.py:244:main
WARNING:pet.gui_stall_sampler:  [t-10ms] webm_clip.py:2499:_poll <- webm_clip.py:2750:_process_frame <- window_optional_services.py:62:<lambda> <- verify_seeky_multi.py:92:observed_frame <- window.py:1917:_on_frame <- window.py:2106:_rebuild_frame
WARNING:root:GUI 卡顿 135ms state=IDLE anim=待机呼吸休闲 physics=None
WARNING:pet.gui_stall_sampler:GUI 冻结现场（135ms，2 个采样点，旧→新）：
WARNING:pet.gui_stall_sampler:  [t-175ms] verify_seeky_multi.py:308:<module> <- verify_seeky_multi.py:244:main
WARNING:pet.gui_stall_sampler:  [t-10ms] webm_clip.py:2499:_poll <- webm_clip.py:2750:_process_frame <- window_optional_services.py:62:<lambda> <- verify_seeky_multi.py:92:observed_frame <- window.py:1917:_on_frame <- window.py:2106:_rebuild_frame
WARNING:root:GUI 卡顿 115ms state=IDLE anim=待机呼吸休闲 physics=None
WARNING:pet.gui_stall_sampler:GUI 冻结现场（115ms，2 个采样点，旧→新）：
WARNING:pet.gui_stall_sampler:  [t-142ms] verify_seeky_multi.py:308:<module> <- verify_seeky_multi.py:244:main
WARNING:pet.gui_stall_sampler:  [t-20ms] verify_seeky_multi.py:92:observed_frame <- window.py:1917:_on_frame <- window.py:2124:_rebuild_frame <- window.py:2270:_sync_mask <- window_optional_services.py:42:effects_coverage <- frame_edges.py:34:coverage_region
WARNING:root:GUI 卡顿 117ms state=IDLE anim=待机呼吸休闲 physics=None
WARNING:pet.gui_stall_sampler:GUI 冻结现场（117ms，2 个采样点，旧→新）：
WARNING:pet.gui_stall_sampler:  [t-142ms] verify_seeky_multi.py:308:<module> <- verify_seeky_multi.py:244:main
WARNING:pet.gui_stall_sampler:  [t-20ms] verify_seeky_multi.py:92:observed_frame <- window.py:1917:_on_frame <- window.py:2124:_rebuild_frame <- window.py:2270:_sync_mask <- window_optional_services.py:42:effects_coverage <- frame_edges.py:34:coverage_region
WARNING:root:GUI 卡顿 117ms state=IDLE anim=待机呼吸休闲 physics=None
WARNING:pet.gui_stall_sampler:GUI 冻结现场（117ms，2 个采样点，旧→新）：
WARNING:pet.gui_stall_sampler:  [t-142ms] verify_seeky_multi.py:308:<module> <- verify_seeky_multi.py:244:main
WARNING:pet.gui_stall_sampler:  [t-21ms] verify_seeky_multi.py:92:observed_frame <- window.py:1917:_on_frame <- window.py:2124:_rebuild_frame <- window.py:2270:_sync_mask <- window_optional_services.py:42:effects_coverage <- frame_edges.py:34:coverage_region
WARNING:root:GUI 卡顿 129ms state=IDLE anim=待机呼吸休闲 physics=None
WARNING:pet.gui_stall_sampler:GUI 冻结现场（129ms，2 个采样点，旧→新）：
WARNING:pet.gui_stall_sampler:  [t-103ms] verify_seeky_multi.py:308:<module> <- verify_seeky_multi.py:244:main
WARNING:pet.gui_stall_sampler:  [t-29ms] webm_clip.py:2499:_poll <- webm_clip.py:2750:_process_frame <- window_optional_services.py:62:<lambda> <- verify_seeky_multi.py:92:observed_frame <- window.py:1917:_on_frame <- window.py:2106:_rebuild_frame
WARNING:root:GUI 卡顿 133ms state=IDLE anim=待机呼吸休闲 physics=None
WARNING:pet.gui_stall_sampler:GUI 冻结现场（133ms，2 个采样点，旧→新）：
WARNING:pet.gui_stall_sampler:  [t-104ms] verify_seeky_multi.py:308:<module> <- verify_seeky_multi.py:244:main
WARNING:pet.gui_stall_sampler:  [t-30ms] webm_clip.py:2499:_poll <- webm_clip.py:2750:_process_frame <- window_optional_services.py:62:<lambda> <- verify_seeky_multi.py:92:observed_frame <- window.py:1917:_on_frame <- window.py:2106:_rebuild_frame
WARNING:root:GUI 卡顿 133ms state=IDLE anim=待机呼吸休闲 physics=None
WARNING:pet.gui_stall_sampler:GUI 冻结现场（133ms，2 个采样点，旧→新）：
WARNING:pet.gui_stall_sampler:  [t-104ms] verify_seeky_multi.py:308:<module> <- verify_seeky_multi.py:244:main
WARNING:pet.gui_stall_sampler:  [t-30ms] webm_clip.py:2499:_poll <- webm_clip.py:2750:_process_frame <- window_optional_services.py:62:<lambda> <- verify_seeky_multi.py:92:observed_frame <- window.py:1917:_on_frame <- window.py:2106:_rebuild_frame
WARNING:root:GUI 卡顿 110ms state=IDLE anim=待机呼吸休闲 physics=None
WARNING:pet.gui_stall_sampler:GUI 冻结现场（110ms，2 个采样点，旧→新）：
WARNING:pet.gui_stall_sampler:  [t-156ms] verify_seeky_multi.py:308:<module> <- verify_seeky_multi.py:244:main
WARNING:pet.gui_stall_sampler:  [t-22ms] webm_clip.py:2750:_process_frame <- window_optional_services.py:62:<lambda> <- verify_seeky_multi.py:92:observed_frame <- window.py:1917:_on_frame <- window.py:2068:_rebuild_frame <- window.py:1990:_frame_signature
WARNING:root:GUI 卡顿 111ms state=IDLE anim=待机呼吸休闲 physics=None
WARNING:pet.gui_stall_sampler:GUI 冻结现场（111ms，2 个采样点，旧→新）：
WARNING:pet.gui_stall_sampler:  [t-156ms] verify_seeky_multi.py:308:<module> <- verify_seeky_multi.py:244:main
WARNING:pet.gui_stall_sampler:  [t-23ms] webm_clip.py:2750:_process_frame <- window_optional_services.py:62:<lambda> <- verify_seeky_multi.py:92:observed_frame <- window.py:1917:_on_frame <- window.py:2068:_rebuild_frame <- window.py:1990:_frame_signature
WARNING:root:GUI 卡顿 112ms state=IDLE anim=待机呼吸休闲 physics=None
WARNING:pet.gui_stall_sampler:GUI 冻结现场（112ms，2 个采样点，旧→新）：
WARNING:pet.gui_stall_sampler:  [t-157ms] verify_seeky_multi.py:308:<module> <- verify_seeky_multi.py:244:main
WARNING:pet.gui_stall_sampler:  [t-23ms] webm_clip.py:2750:_process_frame <- window_optional_services.py:62:<lambda> <- verify_seeky_multi.py:92:observed_frame <- window.py:1917:_on_frame <- window.py:2068:_rebuild_frame <- window.py:1990:_frame_signature
WARNING:root:GUI 卡顿 125ms state=IDLE anim=待机呼吸休闲 physics=None
WARNING:pet.gui_stall_sampler:GUI 冻结现场（125ms，2 个采样点，旧→新）：
WARNING:pet.gui_stall_sampler:  [t-158ms] verify_seeky_multi.py:308:<module> <- verify_seeky_multi.py:244:main
WARNING:pet.gui_stall_sampler:  [t-10ms] webm_clip.py:2499:_poll <- webm_clip.py:2750:_process_frame <- window_optional_services.py:62:<lambda> <- verify_seeky_multi.py:92:observed_frame <- window.py:1917:_on_frame <- window.py:2106:_rebuild_frame
WARNING:root:GUI 卡顿 126ms state=IDLE anim=待机呼吸休闲 physics=None
WARNING:pet.gui_stall_sampler:GUI 冻结现场（126ms，2 个采样点，旧→新）：
WARNING:pet.gui_stall_sampler:  [t-158ms] verify_seeky_multi.py:308:<module> <- verify_seeky_multi.py:244:main
WARNING:pet.gui_stall_sampler:  [t-11ms] webm_clip.py:2499:_poll <- webm_clip.py:2750:_process_frame <- window_optional_services.py:62:<lambda> <- verify_seeky_multi.py:92:observed_frame <- window.py:1917:_on_frame <- window.py:2106:_rebuild_frame
WARNING:root:GUI 卡顿 127ms state=IDLE anim=待机呼吸休闲 physics=None
WARNING:pet.gui_stall_sampler:GUI 冻结现场（127ms，2 个采样点，旧→新）：
WARNING:pet.gui_stall_sampler:  [t-158ms] verify_seeky_multi.py:308:<module> <- verify_seeky_multi.py:244:main
WARNING:pet.gui_stall_sampler:  [t-11ms] webm_clip.py:2499:_poll <- webm_clip.py:2750:_process_frame <- window_optional_services.py:62:<lambda> <- verify_seeky_multi.py:92:observed_frame <- window.py:1917:_on_frame <- window.py:2106:_rebuild_frame
WARNING:root:GUI 卡顿 124ms state=IDLE anim=待机呼吸休闲 physics=None
WARNING:pet.gui_stall_sampler:GUI 冻结现场（124ms，2 个采样点，旧→新）：
WARNING:pet.gui_stall_sampler:  [t-158ms] verify_seeky_multi.py:308:<module> <- verify_seeky_multi.py:244:main
WARNING:pet.gui_stall_sampler:  [t-51ms] webm_clip.py:2499:_poll <- webm_clip.py:2750:_process_frame <- window_optional_services.py:62:<lambda> <- verify_seeky_multi.py:92:observed_frame <- window.py:1917:_on_frame <- window.py:2106:_rebuild_frame
WARNING:root:GUI 卡顿 125ms state=IDLE anim=待机呼吸休闲 physics=None
WARNING:pet.gui_stall_sampler:GUI 冻结现场（125ms，2 个采样点，旧→新）：
WARNING:pet.gui_stall_sampler:  [t-159ms] verify_seeky_multi.py:308:<module> <- verify_seeky_multi.py:244:main
WARNING:pet.gui_stall_sampler:  [t-52ms] webm_clip.py:2499:_poll <- webm_clip.py:2750:_process_frame <- window_optional_services.py:62:<lambda> <- verify_seeky_multi.py:92:observed_frame <- window.py:1917:_on_frame <- window.py:2106:_rebuild_frame
WARNING:root:GUI 卡顿 125ms state=IDLE anim=待机呼吸休闲 physics=None
WARNING:pet.gui_stall_sampler:GUI 冻结现场（125ms，2 个采样点，旧→新）：
WARNING:pet.gui_stall_sampler:  [t-159ms] verify_seeky_multi.py:308:<module> <- verify_seeky_multi.py:244:main
WARNING:pet.gui_stall_sampler:  [t-52ms] webm_clip.py:2499:_poll <- webm_clip.py:2750:_process_frame <- window_optional_services.py:62:<lambda> <- verify_seeky_multi.py:92:observed_frame <- window.py:1917:_on_frame <- window.py:2106:_rebuild_frame
WARNING:root:GUI 卡顿 135ms state=IDLE anim=待机呼吸休闲 physics=None
WARNING:pet.gui_stall_sampler:GUI 冻结现场（135ms，2 个采样点，旧→新）：
WARNING:pet.gui_stall_sampler:  [t-138ms] verify_seeky_multi.py:308:<module> <- verify_seeky_multi.py:244:main
WARNING:pet.gui_stall_sampler:  [t-11ms] webm_clip.py:2499:_poll <- webm_clip.py:2750:_process_frame <- window_optional_services.py:62:<lambda> <- verify_seeky_multi.py:92:observed_frame <- window.py:1917:_on_frame <- window.py:2121:_rebuild_frame
WARNING:root:GUI 卡顿 136ms state=IDLE anim=待机呼吸休闲 physics=None
WARNING:pet.gui_stall_sampler:GUI 冻结现场（136ms，2 个采样点，旧→新）：
WARNING:pet.gui_stall_sampler:  [t-138ms] verify_seeky_multi.py:308:<module> <- verify_seeky_multi.py:244:main
WARNING:pet.gui_stall_sampler:  [t-12ms] webm_clip.py:2499:_poll <- webm_clip.py:2750:_process_frame <- window_optional_services.py:62:<lambda> <- verify_seeky_multi.py:92:observed_frame <- window.py:1917:_on_frame <- window.py:2121:_rebuild_frame
WARNING:root:GUI 卡顿 136ms state=IDLE anim=待机呼吸休闲 physics=None
WARNING:pet.gui_stall_sampler:GUI 冻结现场（136ms，2 个采样点，旧→新）：
WARNING:pet.gui_stall_sampler:  [t-139ms] verify_seeky_multi.py:308:<module> <- verify_seeky_multi.py:244:main
WARNING:pet.gui_stall_sampler:  [t-12ms] webm_clip.py:2499:_poll <- webm_clip.py:2750:_process_frame <- window_optional_services.py:62:<lambda> <- verify_seeky_multi.py:92:observed_frame <- window.py:1917:_on_frame <- window.py:2121:_rebuild_frame
WARNING:root:GUI 卡顿 123ms state=IDLE anim=待机呼吸休闲 physics=None
WARNING:pet.gui_stall_sampler:GUI 冻结现场（123ms，1 个采样点，旧→新）：
WARNING:pet.gui_stall_sampler:  [t-38ms] verify_seeky_multi.py:308:<module> <- verify_seeky_multi.py:244:main <- webm_clip.py:2499:_poll <- webm_clip.py:2724:_process_frame
WARNING:root:GUI 卡顿 124ms state=IDLE anim=待机呼吸休闲 physics=None
WARNING:pet.gui_stall_sampler:GUI 冻结现场（124ms，1 个采样点，旧→新）：
WARNING:pet.gui_stall_sampler:  [t-39ms] verify_seeky_multi.py:308:<module> <- verify_seeky_multi.py:244:main <- webm_clip.py:2499:_poll <- webm_clip.py:2724:_process_frame
WARNING:root:GUI 卡顿 124ms state=IDLE anim=待机呼吸休闲 physics=None
WARNING:pet.gui_stall_sampler:GUI 冻结现场（124ms，1 个采样点，旧→新）：
WARNING:pet.gui_stall_sampler:  [t-39ms] verify_seeky_multi.py:308:<module> <- verify_seeky_multi.py:244:main <- webm_clip.py:2499:_poll <- webm_clip.py:2724:_process_frame
WARNING:root:GUI 卡顿 120ms state=IDLE anim=待机呼吸休闲 physics=None
WARNING:pet.gui_stall_sampler:GUI 冻结现场（120ms，2 个采样点，旧→新）：
WARNING:pet.gui_stall_sampler:  [t-136ms] verify_seeky_multi.py:308:<module> <- verify_seeky_multi.py:244:main
WARNING:pet.gui_stall_sampler:  [t-34ms] webm_clip.py:2499:_poll <- webm_clip.py:2750:_process_frame <- window_optional_services.py:62:<lambda> <- verify_seeky_multi.py:92:observed_frame <- window.py:1917:_on_frame <- window.py:2106:_rebuild_frame
WARNING:root:GUI 卡顿 122ms state=IDLE anim=待机呼吸休闲 physics=None
WARNING:pet.gui_stall_sampler:GUI 冻结现场（122ms，2 个采样点，旧→新）：
WARNING:pet.gui_stall_sampler:  [t-137ms] verify_seeky_multi.py:308:<module> <- verify_seeky_multi.py:244:main
WARNING:pet.gui_stall_sampler:  [t-34ms] webm_clip.py:2499:_poll <- webm_clip.py:2750:_process_frame <- window_optional_services.py:62:<lambda> <- verify_seeky_multi.py:92:observed_frame <- window.py:1917:_on_frame <- window.py:2106:_rebuild_frame
WARNING:root:GUI 卡顿 122ms state=IDLE anim=待机呼吸休闲 physics=None
WARNING:pet.gui_stall_sampler:GUI 冻结现场（122ms，2 个采样点，旧→新）：
WARNING:pet.gui_stall_sampler:  [t-137ms] verify_seeky_multi.py:308:<module> <- verify_seeky_multi.py:244:main
WARNING:pet.gui_stall_sampler:  [t-35ms] webm_clip.py:2499:_poll <- webm_clip.py:2750:_process_frame <- window_optional_services.py:62:<lambda> <- verify_seeky_multi.py:92:observed_frame <- window.py:1917:_on_frame <- window.py:2106:_rebuild_frame
WARNING:root:GUI 卡顿 126ms state=IDLE anim=待机呼吸休闲 physics=None
WARNING:pet.gui_stall_sampler:GUI 冻结现场（126ms，3 个采样点，旧→新）：
WARNING:pet.gui_stall_sampler:  [t-143ms] verify_seeky_multi.py:308:<module> <- verify_seeky_multi.py:244:main
WARNING:pet.gui_stall_sampler:  [t-59ms] webm_clip.py:2499:_poll <- webm_clip.py:2750:_process_frame <- window_optional_services.py:62:<lambda> <- verify_seeky_multi.py:92:observed_frame <- window.py:1917:_on_frame <- window.py:2106:_rebuild_frame
WARNING:pet.gui_stall_sampler:  [t-1ms] verify_seeky_multi.py:308:<module> <- verify_seeky_multi.py:244:main
WARNING:root:GUI 卡顿 127ms state=IDLE anim=待机呼吸休闲 physics=None
WARNING:pet.gui_stall_sampler:GUI 冻结现场（127ms，3 个采样点，旧→新）：
WARNING:pet.gui_stall_sampler:  [t-143ms] verify_seeky_multi.py:308:<module> <- verify_seeky_multi.py:244:main
WARNING:pet.gui_stall_sampler:  [t-59ms] webm_clip.py:2499:_poll <- webm_clip.py:2750:_process_frame <- window_optional_services.py:62:<lambda> <- verify_seeky_multi.py:92:observed_frame <- window.py:1917:_on_frame <- window.py:2106:_rebuild_frame
WARNING:pet.gui_stall_sampler:  [t-2ms] verify_seeky_multi.py:308:<module> <- verify_seeky_multi.py:244:main
WARNING:root:GUI 卡顿 127ms state=IDLE anim=待机呼吸休闲 physics=None
WARNING:pet.gui_stall_sampler:GUI 冻结现场（127ms，3 个采样点，旧→新）：
WARNING:pet.gui_stall_sampler:  [t-144ms] verify_seeky_multi.py:308:<module> <- verify_seeky_multi.py:244:main
WARNING:pet.gui_stall_sampler:  [t-59ms] webm_clip.py:2499:_poll <- webm_clip.py:2750:_process_frame <- window_optional_services.py:62:<lambda> <- verify_seeky_multi.py:92:observed_frame <- window.py:1917:_on_frame <- window.py:2106:_rebuild_frame
WARNING:pet.gui_stall_sampler:  [t-2ms] verify_seeky_multi.py:308:<module> <- verify_seeky_multi.py:244:main
WARNING:root:GUI 卡顿 106ms state=IDLE anim=待机呼吸休闲 physics=None
WARNING:pet.gui_stall_sampler:GUI 冻结现场（106ms，2 个采样点，旧→新）：
WARNING:pet.gui_stall_sampler:  [t-149ms] verify_seeky_multi.py:308:<module> <- verify_seeky_multi.py:244:main
WARNING:pet.gui_stall_sampler:  [t-14ms] webm_clip.py:2750:_process_frame <- window_optional_services.py:62:<lambda> <- verify_seeky_multi.py:92:observed_frame <- window.py:1917:_on_frame <- window.py:2068:_rebuild_frame <- window.py:1990:_frame_signature
WARNING:root:GUI 卡顿 107ms state=IDLE anim=待机呼吸休闲 physics=None
WARNING:pet.gui_stall_sampler:GUI 冻结现场（107ms，2 个采样点，旧→新）：
WARNING:pet.gui_stall_sampler:  [t-149ms] verify_seeky_multi.py:308:<module> <- verify_seeky_multi.py:244:main
WARNING:pet.gui_stall_sampler:  [t-14ms] webm_clip.py:2750:_process_frame <- window_optional_services.py:62:<lambda> <- verify_seeky_multi.py:92:observed_frame <- window.py:1917:_on_frame <- window.py:2068:_rebuild_frame <- window.py:1990:_frame_signature
WARNING:root:GUI 卡顿 107ms state=IDLE anim=待机呼吸休闲 physics=None
WARNING:pet.gui_stall_sampler:GUI 冻结现场（107ms，2 个采样点，旧→新）：
WARNING:pet.gui_stall_sampler:  [t-149ms] verify_seeky_multi.py:308:<module> <- verify_seeky_multi.py:244:main
WARNING:pet.gui_stall_sampler:  [t-14ms] webm_clip.py:2750:_process_frame <- window_optional_services.py:62:<lambda> <- verify_seeky_multi.py:92:observed_frame <- window.py:1917:_on_frame <- window.py:2068:_rebuild_frame <- window.py:1990:_frame_signature
WARNING:root:GUI 卡顿 115ms state=IDLE anim=待机呼吸休闲 physics=None
WARNING:pet.gui_stall_sampler:GUI 冻结现场（115ms，2 个采样点，旧→新）：
WARNING:pet.gui_stall_sampler:  [t-152ms] verify_seeky_multi.py:308:<module> <- verify_seeky_multi.py:244:main
WARNING:pet.gui_stall_sampler:  [t-88ms] verify_seeky_multi.py:308:<module> <- verify_seeky_multi.py:244:main <- webm_clip.py:2499:_poll <- webm_clip.py:2724:_process_frame
WARNING:root:GUI 卡顿 116ms state=IDLE anim=待机呼吸休闲 physics=None
WARNING:pet.gui_stall_sampler:GUI 冻结现场（116ms，2 个采样点，旧→新）：
WARNING:pet.gui_stall_sampler:  [t-152ms] verify_seeky_multi.py:308:<module> <- verify_seeky_multi.py:244:main
WARNING:pet.gui_stall_sampler:  [t-89ms] verify_seeky_multi.py:308:<module> <- verify_seeky_multi.py:244:main <- webm_clip.py:2499:_poll <- webm_clip.py:2724:_process_frame
WARNING:root:GUI 卡顿 117ms state=IDLE anim=待机呼吸休闲 physics=None
WARNING:pet.gui_stall_sampler:GUI 冻结现场（117ms，2 个采样点，旧→新）：
WARNING:pet.gui_stall_sampler:  [t-153ms] verify_seeky_multi.py:308:<module> <- verify_seeky_multi.py:244:main
WARNING:pet.gui_stall_sampler:  [t-89ms] verify_seeky_multi.py:308:<module> <- verify_seeky_multi.py:244:main <- webm_clip.py:2499:_poll <- webm_clip.py:2724:_process_frame
WARNING:root:GUI 卡顿 217ms state=IDLE anim=待机呼吸休闲 physics=None
WARNING:pet.gui_stall_sampler:GUI 冻结现场（217ms，1 个采样点，旧→新）：
WARNING:pet.gui_stall_sampler:  [t-16ms] webm_clip.py:2499:_poll <- webm_clip.py:2750:_process_frame <- window_optional_services.py:62:<lambda> <- verify_seeky_multi.py:92:observed_frame <- window.py:1917:_on_frame <- window.py:2106:_rebuild_frame
WARNING:root:GUI 卡顿 217ms state=IDLE anim=待机呼吸休闲 physics=None
WARNING:pet.gui_stall_sampler:GUI 冻结现场（217ms，1 个采样点，旧→新）：
WARNING:pet.gui_stall_sampler:  [t-16ms] webm_clip.py:2499:_poll <- webm_clip.py:2750:_process_frame <- window_optional_services.py:62:<lambda> <- verify_seeky_multi.py:92:observed_frame <- window.py:1917:_on_frame <- window.py:2106:_rebuild_frame
WARNING:root:GUI 卡顿 218ms state=IDLE anim=待机呼吸休闲 physics=None
WARNING:pet.gui_stall_sampler:GUI 冻结现场（218ms，1 个采样点，旧→新）：
WARNING:pet.gui_stall_sampler:  [t-20ms] webm_clip.py:2499:_poll <- webm_clip.py:2750:_process_frame <- window_optional_services.py:62:<lambda> <- verify_seeky_multi.py:92:observed_frame <- window.py:1917:_on_frame <- window.py:2106:_rebuild_frame
WARNING:root:GUI 卡顿 140ms state=IDLE anim=待机呼吸休闲 physics=None
WARNING:pet.gui_stall_sampler:GUI 冻结现场（140ms，2 个采样点，旧→新）：
WARNING:pet.gui_stall_sampler:  [t-164ms] verify_seeky_multi.py:308:<module> <- verify_seeky_multi.py:244:main
WARNING:pet.gui_stall_sampler:  [t-99ms] verify_seeky_multi.py:308:<module> <- verify_seeky_multi.py:244:main <- webm_clip.py:2499:_poll <- webm_clip.py:2724:_process_frame
WARNING:root:GUI 卡顿 141ms state=IDLE anim=待机呼吸休闲 physics=None
WARNING:pet.gui_stall_sampler:GUI 冻结现场（141ms，2 个采样点，旧→新）：
WARNING:pet.gui_stall_sampler:  [t-164ms] verify_seeky_multi.py:308:<module> <- verify_seeky_multi.py:244:main
WARNING:pet.gui_stall_sampler:  [t-100ms] verify_seeky_multi.py:308:<module> <- verify_seeky_multi.py:244:main <- webm_clip.py:2499:_poll <- webm_clip.py:2724:_process_frame
WARNING:root:GUI 卡顿 141ms state=IDLE anim=待机呼吸休闲 physics=None
WARNING:pet.gui_stall_sampler:GUI 冻结现场（141ms，2 个采样点，旧→新）：
WARNING:pet.gui_stall_sampler:  [t-164ms] verify_seeky_multi.py:308:<module> <- verify_seeky_multi.py:244:main
WARNING:pet.gui_stall_sampler:  [t-100ms] verify_seeky_multi.py:308:<module> <- verify_seeky_multi.py:244:main <- webm_clip.py:2499:_poll <- webm_clip.py:2724:_process_frame
WARNING:root:GUI 卡顿 151ms state=IDLE anim=待机呼吸休闲 physics=None
WARNING:pet.gui_stall_sampler:GUI 冻结现场（151ms，3 个采样点，旧→新）：
WARNING:pet.gui_stall_sampler:  [t-189ms] verify_seeky_multi.py:308:<module> <- verify_seeky_multi.py:244:main
WARNING:pet.gui_stall_sampler:  [t-93ms] verify_seeky_multi.py:308:<module> <- verify_seeky_multi.py:244:main <- webm_clip.py:2499:_poll <- webm_clip.py:2724:_process_frame
WARNING:pet.gui_stall_sampler:  [t-18ms] webm_clip.py:2499:_poll <- webm_clip.py:2750:_process_frame <- window_optional_services.py:62:<lambda> <- verify_seeky_multi.py:92:observed_frame <- window.py:1917:_on_frame <- window.py:2119:_rebuild_frame
WARNING:root:GUI 卡顿 152ms state=IDLE anim=待机呼吸休闲 physics=None
WARNING:pet.gui_stall_sampler:GUI 冻结现场（152ms，3 个采样点，旧→新）：
WARNING:pet.gui_stall_sampler:  [t-189ms] verify_seeky_multi.py:308:<module> <- verify_seeky_multi.py:244:main
WARNING:pet.gui_stall_sampler:  [t-94ms] verify_seeky_multi.py:308:<module> <- verify_seeky_multi.py:244:main <- webm_clip.py:2499:_poll <- webm_clip.py:2724:_process_frame
WARNING:pet.gui_stall_sampler:  [t-19ms] webm_clip.py:2499:_poll <- webm_clip.py:2750:_process_frame <- window_optional_services.py:62:<lambda> <- verify_seeky_multi.py:92:observed_frame <- window.py:1917:_on_frame <- window.py:2119:_rebuild_frame
WARNING:root:GUI 卡顿 152ms state=IDLE anim=待机呼吸休闲 physics=None
WARNING:pet.gui_stall_sampler:GUI 冻结现场（152ms，3 个采样点，旧→新）：
WARNING:pet.gui_stall_sampler:  [t-190ms] verify_seeky_multi.py:308:<module> <- verify_seeky_multi.py:244:main
WARNING:pet.gui_stall_sampler:  [t-94ms] verify_seeky_multi.py:308:<module> <- verify_seeky_multi.py:244:main <- webm_clip.py:2499:_poll <- webm_clip.py:2724:_process_frame
WARNING:pet.gui_stall_sampler:  [t-19ms] webm_clip.py:2499:_poll <- webm_clip.py:2750:_process_frame <- window_optional_services.py:62:<lambda> <- verify_seeky_multi.py:92:observed_frame <- window.py:1917:_on_frame <- window.py:2119:_rebuild_frame
WARNING:root:GUI 卡顿 116ms state=IDLE anim=待机呼吸休闲 physics=None
WARNING:pet.gui_stall_sampler:GUI 冻结现场（116ms，1 个采样点，旧→新）：
WARNING:pet.gui_stall_sampler:  [t-26ms] webm_clip.py:2499:_poll <- webm_clip.py:2750:_process_frame <- window_optional_services.py:62:<lambda> <- verify_seeky_multi.py:92:observed_frame <- window.py:1917:_on_frame <- window.py:2106:_rebuild_frame
WARNING:root:GUI 卡顿 116ms state=IDLE anim=待机呼吸休闲 physics=None
WARNING:pet.gui_stall_sampler:GUI 冻结现场（116ms，1 个采样点，旧→新）：
WARNING:pet.gui_stall_sampler:  [t-27ms] webm_clip.py:2499:_poll <- webm_clip.py:2750:_process_frame <- window_optional_services.py:62:<lambda> <- verify_seeky_multi.py:92:observed_frame <- window.py:1917:_on_frame <- window.py:2106:_rebuild_frame
WARNING:root:GUI 卡顿 116ms state=IDLE anim=待机呼吸休闲 physics=None
WARNING:pet.gui_stall_sampler:GUI 冻结现场（116ms，1 个采样点，旧→新）：
WARNING:pet.gui_stall_sampler:  [t-27ms] webm_clip.py:2499:_poll <- webm_clip.py:2750:_process_frame <- window_optional_services.py:62:<lambda> <- verify_seeky_multi.py:92:observed_frame <- window.py:1917:_on_frame <- window.py:2106:_rebuild_frame
WARNING:root:GUI 卡顿 492ms state=IDLE anim=待机呼吸休闲 physics=None
WARNING:pet.gui_stall_sampler:GUI 冻结现场（492ms，1 个采样点，旧→新）：
WARNING:pet.gui_stall_sampler:  [t-495ms] verify_seeky_multi.py:308:<module> <- verify_seeky_multi.py:244:main
WARNING:root:GUI 卡顿 493ms state=IDLE anim=待机呼吸休闲 physics=None
WARNING:pet.gui_stall_sampler:GUI 冻结现场（493ms，1 个采样点，旧→新）：
WARNING:pet.gui_stall_sampler:  [t-495ms] verify_seeky_multi.py:308:<module> <- verify_seeky_multi.py:244:main
WARNING:root:GUI 卡顿 494ms state=IDLE anim=待机呼吸休闲 physics=None
WARNING:pet.gui_stall_sampler:GUI 冻结现场（494ms，1 个采样点，旧→新）：
WARNING:pet.gui_stall_sampler:  [t-496ms] verify_seeky_multi.py:308:<module> <- verify_seeky_multi.py:244:main
WARNING:root:GUI 卡顿 122ms state=IDLE anim=待机呼吸休闲 physics=None
WARNING:pet.gui_stall_sampler:GUI 冻结现场（122ms，2 个采样点，旧→新）：
WARNING:pet.gui_stall_sampler:  [t-157ms] webm_clip.py:2499:_poll <- webm_clip.py:2750:_process_frame <- window_optional_services.py:62:<lambda> <- verify_seeky_multi.py:92:observed_frame <- window.py:1917:_on_frame <- window.py:2106:_rebuild_frame
WARNING:pet.gui_stall_sampler:  [t-37ms] verify_seeky_multi.py:308:<module> <- verify_seeky_multi.py:244:main <- webm_clip.py:2499:_poll <- webm_clip.py:2750:_process_frame
WARNING:root:GUI 卡顿 122ms state=IDLE anim=待机呼吸休闲 physics=None
WARNING:pet.gui_stall_sampler:GUI 冻结现场（122ms，2 个采样点，旧→新）：
WARNING:pet.gui_stall_sampler:  [t-158ms] webm_clip.py:2499:_poll <- webm_clip.py:2750:_process_frame <- window_optional_services.py:62:<lambda> <- verify_seeky_multi.py:92:observed_frame <- window.py:1917:_on_frame <- window.py:2106:_rebuild_frame
WARNING:pet.gui_stall_sampler:  [t-38ms] verify_seeky_multi.py:308:<module> <- verify_seeky_multi.py:244:main <- webm_clip.py:2499:_poll <- webm_clip.py:2750:_process_frame
WARNING:root:GUI 卡顿 123ms state=IDLE anim=待机呼吸休闲 physics=None
WARNING:pet.gui_stall_sampler:GUI 冻结现场（123ms，2 个采样点，旧→新）：
WARNING:pet.gui_stall_sampler:  [t-158ms] webm_clip.py:2499:_poll <- webm_clip.py:2750:_process_frame <- window_optional_services.py:62:<lambda> <- verify_seeky_multi.py:92:observed_frame <- window.py:1917:_on_frame <- window.py:2106:_rebuild_frame
WARNING:pet.gui_stall_sampler:  [t-38ms] verify_seeky_multi.py:308:<module> <- verify_seeky_multi.py:244:main <- webm_clip.py:2499:_poll <- webm_clip.py:2750:_process_frame
WARNING:root:GUI 卡顿 118ms state=IDLE anim=待机呼吸休闲 physics=None
WARNING:pet.gui_stall_sampler:GUI 冻结现场（118ms，2 个采样点，旧→新）：
WARNING:pet.gui_stall_sampler:  [t-135ms] verify_seeky_multi.py:308:<module> <- verify_seeky_multi.py:244:main
WARNING:pet.gui_stall_sampler:  [t-37ms] webm_clip.py:2499:_poll <- webm_clip.py:2750:_process_frame <- window_optional_services.py:62:<lambda> <- verify_seeky_multi.py:92:observed_frame <- window.py:1903:_on_frame <- window.py:886:_sync_movie_throttle
WARNING:root:GUI 卡顿 119ms state=IDLE anim=待机呼吸休闲 physics=None
WARNING:pet.gui_stall_sampler:GUI 冻结现场（119ms，2 个采样点，旧→新）：
WARNING:pet.gui_stall_sampler:  [t-136ms] verify_seeky_multi.py:308:<module> <- verify_seeky_multi.py:244:main
WARNING:pet.gui_stall_sampler:  [t-38ms] webm_clip.py:2499:_poll <- webm_clip.py:2750:_process_frame <- window_optional_services.py:62:<lambda> <- verify_seeky_multi.py:92:observed_frame <- window.py:1903:_on_frame <- window.py:886:_sync_movie_throttle
WARNING:root:GUI 卡顿 119ms state=IDLE anim=待机呼吸休闲 physics=None
WARNING:pet.gui_stall_sampler:GUI 冻结现场（119ms，2 个采样点，旧→新）：
WARNING:pet.gui_stall_sampler:  [t-136ms] verify_seeky_multi.py:308:<module> <- verify_seeky_multi.py:244:main
WARNING:pet.gui_stall_sampler:  [t-38ms] webm_clip.py:2499:_poll <- webm_clip.py:2750:_process_frame <- window_optional_services.py:62:<lambda> <- verify_seeky_multi.py:92:observed_frame <- window.py:1903:_on_frame <- window.py:886:_sync_movie_throttle
WARNING:root:GUI 卡顿 118ms state=IDLE anim=待机呼吸休闲 physics=None
WARNING:pet.gui_stall_sampler:GUI 冻结现场（118ms，2 个采样点，旧→新）：
WARNING:pet.gui_stall_sampler:  [t-151ms] verify_seeky_multi.py:308:<module> <- verify_seeky_multi.py:244:main
WARNING:pet.gui_stall_sampler:  [t-59ms] webm_clip.py:2499:_poll <- webm_clip.py:2750:_process_frame <- window_optional_services.py:62:<lambda> <- verify_seeky_multi.py:92:observed_frame <- window.py:1917:_on_frame <- window.py:2106:_rebuild_frame
WARNING:root:GUI 卡顿 119ms state=IDLE anim=待机呼吸休闲 physics=None
WARNING:pet.gui_stall_sampler:GUI 冻结现场（119ms，2 个采样点，旧→新）：
WARNING:pet.gui_stall_sampler:  [t-152ms] verify_seeky_multi.py:308:<module> <- verify_seeky_multi.py:244:main
WARNING:pet.gui_stall_sampler:  [t-60ms] webm_clip.py:2499:_poll <- webm_clip.py:2750:_process_frame <- window_optional_services.py:62:<lambda> <- verify_seeky_multi.py:92:observed_frame <- window.py:1917:_on_frame <- window.py:2106:_rebuild_frame
WARNING:root:GUI 卡顿 119ms state=IDLE anim=待机呼吸休闲 physics=None
WARNING:pet.gui_stall_sampler:GUI 冻结现场（119ms，2 个采样点，旧→新）：
WARNING:pet.gui_stall_sampler:  [t-152ms] verify_seeky_multi.py:308:<module> <- verify_seeky_multi.py:244:main
WARNING:pet.gui_stall_sampler:  [t-60ms] webm_clip.py:2499:_poll <- webm_clip.py:2750:_process_frame <- window_optional_services.py:62:<lambda> <- verify_seeky_multi.py:92:observed_frame <- window.py:1917:_on_frame <- window.py:2106:_rebuild_frame
WARNING:root:GUI 卡顿 105ms state=IDLE anim=待机呼吸休闲 physics=None
WARNING:pet.gui_stall_sampler:GUI 冻结现场（105ms，2 个采样点，旧→新）：
WARNING:pet.gui_stall_sampler:  [t-121ms] verify_seeky_multi.py:308:<module> <- verify_seeky_multi.py:244:main
WARNING:pet.gui_stall_sampler:  [t-11ms] webm_clip.py:2499:_poll <- webm_clip.py:2750:_process_frame <- window_optional_services.py:62:<lambda> <- verify_seeky_multi.py:92:observed_frame <- window.py:1917:_on_frame <- window.py:2106:_rebuild_frame
WARNING:root:GUI 卡顿 105ms state=IDLE anim=待机呼吸休闲 physics=None
WARNING:pet.gui_stall_sampler:GUI 冻结现场（105ms，2 个采样点，旧→新）：
WARNING:pet.gui_stall_sampler:  [t-122ms] verify_seeky_multi.py:308:<module> <- verify_seeky_multi.py:244:main
WARNING:pet.gui_stall_sampler:  [t-12ms] webm_clip.py:2499:_poll <- webm_clip.py:2750:_process_frame <- window_optional_services.py:62:<lambda> <- verify_seeky_multi.py:92:observed_frame <- window.py:1917:_on_frame <- window.py:2106:_rebuild_frame
WARNING:root:GUI 卡顿 106ms state=IDLE anim=待机呼吸休闲 physics=None
WARNING:pet.gui_stall_sampler:GUI 冻结现场（106ms，2 个采样点，旧→新）：
WARNING:pet.gui_stall_sampler:  [t-122ms] verify_seeky_multi.py:308:<module> <- verify_seeky_multi.py:244:main
WARNING:pet.gui_stall_sampler:  [t-12ms] webm_clip.py:2499:_poll <- webm_clip.py:2750:_process_frame <- window_optional_services.py:62:<lambda> <- verify_seeky_multi.py:92:observed_frame <- window.py:1917:_on_frame <- window.py:2106:_rebuild_frame
WARNING:root:GUI 卡顿 184ms state=IDLE anim=待机呼吸休闲 physics=None
WARNING:pet.gui_stall_sampler:GUI 冻结现场（184ms，3 个采样点，旧→新）：
WARNING:pet.gui_stall_sampler:  [t-197ms] verify_seeky_multi.py:308:<module> <- verify_seeky_multi.py:244:main
WARNING:pet.gui_stall_sampler:  [t-100ms] webm_clip.py:2499:_poll <- webm_clip.py:2750:_process_frame <- window_optional_services.py:62:<lambda> <- verify_seeky_multi.py:92:observed_frame <- window.py:1917:_on_frame <- window.py:2106:_rebuild_frame
WARNING:pet.gui_stall_sampler:  [t-40ms] verify_seeky_multi.py:308:<module> <- verify_seeky_multi.py:244:main
WARNING:root:GUI 卡顿 187ms state=IDLE anim=待机呼吸休闲 physics=None
WARNING:pet.gui_stall_sampler:GUI 冻结现场（187ms，3 个采样点，旧→新）：
WARNING:pet.gui_stall_sampler:  [t-198ms] verify_seeky_multi.py:308:<module> <- verify_seeky_multi.py:244:main
WARNING:pet.gui_stall_sampler:  [t-101ms] webm_clip.py:2499:_poll <- webm_clip.py:2750:_process_frame <- window_optional_services.py:62:<lambda> <- verify_seeky_multi.py:92:observed_frame <- window.py:1917:_on_frame <- window.py:2106:_rebuild_frame
WARNING:pet.gui_stall_sampler:  [t-42ms] verify_seeky_multi.py:308:<module> <- verify_seeky_multi.py:244:main
WARNING:root:GUI 卡顿 195ms state=IDLE anim=待机呼吸休闲 physics=None
WARNING:pet.gui_stall_sampler:GUI 冻结现场（195ms，3 个采样点，旧→新）：
WARNING:pet.gui_stall_sampler:  [t-207ms] verify_seeky_multi.py:308:<module> <- verify_seeky_multi.py:244:main
WARNING:pet.gui_stall_sampler:  [t-110ms] webm_clip.py:2499:_poll <- webm_clip.py:2750:_process_frame <- window_optional_services.py:62:<lambda> <- verify_seeky_multi.py:92:observed_frame <- window.py:1917:_on_frame <- window.py:2106:_rebuild_frame
WARNING:pet.gui_stall_sampler:  [t-50ms] verify_seeky_multi.py:308:<module> <- verify_seeky_multi.py:244:main
WARNING:root:GUI 卡顿 141ms state=IDLE anim=待机呼吸休闲 physics=None
WARNING:pet.gui_stall_sampler:GUI 冻结现场（141ms，2 个采样点，旧→新）：
WARNING:pet.gui_stall_sampler:  [t-167ms] verify_seeky_multi.py:308:<module> <- verify_seeky_multi.py:244:main
WARNING:pet.gui_stall_sampler:  [t-25ms] verify_seeky_multi.py:308:<module> <- verify_seeky_multi.py:244:main <- webm_clip.py:2499:_poll <- webm_clip.py:2749:_process_frame <- perfstats.py:118:time
WARNING:root:GUI 卡顿 168ms state=IDLE anim=待机呼吸休闲 physics=None
WARNING:pet.gui_stall_sampler:GUI 冻结现场（168ms，2 个采样点，旧→新）：
WARNING:pet.gui_stall_sampler:  [t-196ms] verify_seeky_multi.py:308:<module> <- verify_seeky_multi.py:244:main
WARNING:pet.gui_stall_sampler:  [t-53ms] verify_seeky_multi.py:308:<module> <- verify_seeky_multi.py:244:main <- webm_clip.py:2499:_poll <- webm_clip.py:2749:_process_frame <- perfstats.py:118:time
WARNING:root:GUI 卡顿 170ms state=IDLE anim=待机呼吸休闲 physics=None
WARNING:pet.gui_stall_sampler:GUI 冻结现场（170ms，2 个采样点，旧→新）：
WARNING:pet.gui_stall_sampler:  [t-196ms] verify_seeky_multi.py:308:<module> <- verify_seeky_multi.py:244:main
WARNING:pet.gui_stall_sampler:  [t-54ms] verify_seeky_multi.py:308:<module> <- verify_seeky_multi.py:244:main <- webm_clip.py:2499:_poll <- webm_clip.py:2749:_process_frame <- perfstats.py:118:time
WARNING:root:GUI 卡顿 100ms state=IDLE anim=待机呼吸休闲 physics=None
WARNING:pet.gui_stall_sampler:GUI 冻结现场（100ms，2 个采样点，旧→新）：
WARNING:pet.gui_stall_sampler:  [t-127ms] verify_seeky_multi.py:308:<module> <- verify_seeky_multi.py:244:main <- webm_clip.py:2499:_poll <- webm_clip.py:2724:_process_frame
WARNING:pet.gui_stall_sampler:  [t-42ms] webm_clip.py:2499:_poll <- webm_clip.py:2750:_process_frame <- window_optional_services.py:62:<lambda> <- verify_seeky_multi.py:92:observed_frame <- window.py:1917:_on_frame <- window.py:2124:_rebuild_frame
WARNING:root:GUI 卡顿 101ms state=IDLE anim=待机呼吸休闲 physics=None
WARNING:pet.gui_stall_sampler:GUI 冻结现场（101ms，2 个采样点，旧→新）：
WARNING:pet.gui_stall_sampler:  [t-128ms] verify_seeky_multi.py:308:<module> <- verify_seeky_multi.py:244:main <- webm_clip.py:2499:_poll <- webm_clip.py:2724:_process_frame
WARNING:pet.gui_stall_sampler:  [t-42ms] webm_clip.py:2499:_poll <- webm_clip.py:2750:_process_frame <- window_optional_services.py:62:<lambda> <- verify_seeky_multi.py:92:observed_frame <- window.py:1917:_on_frame <- window.py:2124:_rebuild_frame
WARNING:root:GUI 卡顿 101ms state=IDLE anim=待机呼吸休闲 physics=None
WARNING:pet.gui_stall_sampler:GUI 冻结现场（101ms，2 个采样点，旧→新）：
WARNING:pet.gui_stall_sampler:  [t-128ms] verify_seeky_multi.py:308:<module> <- verify_seeky_multi.py:244:main <- webm_clip.py:2499:_poll <- webm_clip.py:2724:_process_frame
WARNING:pet.gui_stall_sampler:  [t-42ms] webm_clip.py:2499:_poll <- webm_clip.py:2750:_process_frame <- window_optional_services.py:62:<lambda> <- verify_seeky_multi.py:92:observed_frame <- window.py:1917:_on_frame <- window.py:2124:_rebuild_frame
WARNING:root:GUI 卡顿 113ms state=IDLE anim=待机呼吸休闲 physics=None
WARNING:pet.gui_stall_sampler:GUI 冻结现场（113ms，1 个采样点，旧→新）：
WARNING:pet.gui_stall_sampler:  [t-56ms] verify_seeky_multi.py:308:<module> <- verify_seeky_multi.py:244:main <- webm_clip.py:2499:_poll <- webm_clip.py:2750:_process_frame
WARNING:root:GUI 卡顿 114ms state=IDLE anim=待机呼吸休闲 physics=None
WARNING:pet.gui_stall_sampler:GUI 冻结现场（114ms，1 个采样点，旧→新）：
WARNING:pet.gui_stall_sampler:  [t-57ms] verify_seeky_multi.py:308:<module> <- verify_seeky_multi.py:244:main <- webm_clip.py:2499:_poll <- webm_clip.py:2750:_process_frame
WARNING:root:GUI 卡顿 114ms state=IDLE anim=待机呼吸休闲 physics=None
WARNING:pet.gui_stall_sampler:GUI 冻结现场（114ms，1 个采样点，旧→新）：
WARNING:pet.gui_stall_sampler:  [t-57ms] verify_seeky_multi.py:308:<module> <- verify_seeky_multi.py:244:main <- webm_clip.py:2499:_poll <- webm_clip.py:2750:_process_frame
WARNING:root:GUI 卡顿 123ms state=IDLE anim=待机呼吸休闲 physics=None
WARNING:pet.gui_stall_sampler:GUI 冻结现场（123ms，2 个采样点，旧→新）：
WARNING:pet.gui_stall_sampler:  [t-71ms] verify_seeky_multi.py:92:observed_frame <- window.py:1917:_on_frame <- window.py:2124:_rebuild_frame <- window.py:2270:_sync_mask <- window_optional_services.py:42:effects_coverage <- frame_edges.py:27:coverage_region
WARNING:pet.gui_stall_sampler:  [t-11ms] verify_seeky_multi.py:308:<module> <- verify_seeky_multi.py:244:main
WARNING:root:GUI 卡顿 126ms state=IDLE anim=待机呼吸休闲 physics=None
WARNING:pet.gui_stall_sampler:GUI 冻结现场（126ms，2 个采样点，旧→新）：
WARNING:pet.gui_stall_sampler:  [t-73ms] verify_seeky_multi.py:92:observed_frame <- window.py:1917:_on_frame <- window.py:2124:_rebuild_frame <- window.py:2270:_sync_mask <- window_optional_services.py:42:effects_coverage <- frame_edges.py:27:coverage_region
WARNING:pet.gui_stall_sampler:  [t-13ms] verify_seeky_multi.py:308:<module> <- verify_seeky_multi.py:244:main
WARNING:root:GUI 卡顿 126ms state=IDLE anim=待机呼吸休闲 physics=None
WARNING:pet.gui_stall_sampler:GUI 冻结现场（126ms，2 个采样点，旧→新）：
WARNING:pet.gui_stall_sampler:  [t-73ms] verify_seeky_multi.py:92:observed_frame <- window.py:1917:_on_frame <- window.py:2124:_rebuild_frame <- window.py:2270:_sync_mask <- window_optional_services.py:42:effects_coverage <- frame_edges.py:27:coverage_region
WARNING:pet.gui_stall_sampler:  [t-13ms] verify_seeky_multi.py:308:<module> <- verify_seeky_multi.py:244:main
WARNING:root:GUI 卡顿 181ms state=IDLE anim=待机呼吸休闲 physics=None
WARNING:pet.gui_stall_sampler:GUI 冻结现场（181ms，2 个采样点，旧→新）：
WARNING:pet.gui_stall_sampler:  [t-182ms] verify_seeky_multi.py:308:<module> <- verify_seeky_multi.py:244:main
WARNING:pet.gui_stall_sampler:  [t-34ms] webm_clip.py:2499:_poll <- webm_clip.py:2750:_process_frame <- window_optional_services.py:62:<lambda> <- verify_seeky_multi.py:92:observed_frame <- window.py:1917:_on_frame <- window.py:2106:_rebuild_frame
WARNING:root:GUI 卡顿 181ms state=IDLE anim=待机呼吸休闲 physics=None
WARNING:pet.gui_stall_sampler:GUI 冻结现场（181ms，2 个采样点，旧→新）：
WARNING:pet.gui_stall_sampler:  [t-182ms] verify_seeky_multi.py:308:<module> <- verify_seeky_multi.py:244:main
WARNING:pet.gui_stall_sampler:  [t-34ms] webm_clip.py:2499:_poll <- webm_clip.py:2750:_process_frame <- window_optional_services.py:62:<lambda> <- verify_seeky_multi.py:92:observed_frame <- window.py:1917:_on_frame <- window.py:2106:_rebuild_frame
WARNING:root:GUI 卡顿 182ms state=IDLE anim=待机呼吸休闲 physics=None
WARNING:pet.gui_stall_sampler:GUI 冻结现场（182ms，2 个采样点，旧→新）：
WARNING:pet.gui_stall_sampler:  [t-183ms] verify_seeky_multi.py:308:<module> <- verify_seeky_multi.py:244:main
WARNING:pet.gui_stall_sampler:  [t-35ms] webm_clip.py:2499:_poll <- webm_clip.py:2750:_process_frame <- window_optional_services.py:62:<lambda> <- verify_seeky_multi.py:92:observed_frame <- window.py:1917:_on_frame <- window.py:2106:_rebuild_frame
WARNING:root:GUI 卡顿 113ms state=IDLE anim=待机呼吸休闲 physics=None
WARNING:pet.gui_stall_sampler:GUI 冻结现场（113ms，2 个采样点，旧→新）：
WARNING:pet.gui_stall_sampler:  [t-155ms] verify_seeky_multi.py:308:<module> <- verify_seeky_multi.py:244:main <- webm_clip.py:2499:_poll
WARNING:pet.gui_stall_sampler:  [t-4ms] webm_clip.py:2499:_poll <- webm_clip.py:2750:_process_frame <- window_optional_services.py:62:<lambda> <- verify_seeky_multi.py:92:observed_frame <- window.py:1917:_on_frame <- window.py:2106:_rebuild_frame
WARNING:root:GUI 卡顿 114ms state=IDLE anim=待机呼吸休闲 physics=None
WARNING:pet.gui_stall_sampler:GUI 冻结现场（114ms，2 个采样点，旧→新）：
WARNING:pet.gui_stall_sampler:  [t-156ms] verify_seeky_multi.py:308:<module> <- verify_seeky_multi.py:244:main <- webm_clip.py:2499:_poll
WARNING:pet.gui_stall_sampler:  [t-4ms] webm_clip.py:2499:_poll <- webm_clip.py:2750:_process_frame <- window_optional_services.py:62:<lambda> <- verify_seeky_multi.py:92:observed_frame <- window.py:1917:_on_frame <- window.py:2106:_rebuild_frame
WARNING:root:GUI 卡顿 114ms state=IDLE anim=待机呼吸休闲 physics=None
WARNING:pet.gui_stall_sampler:GUI 冻结现场（114ms，2 个采样点，旧→新）：
WARNING:pet.gui_stall_sampler:  [t-156ms] verify_seeky_multi.py:308:<module> <- verify_seeky_multi.py:244:main <- webm_clip.py:2499:_poll
WARNING:pet.gui_stall_sampler:  [t-5ms] webm_clip.py:2499:_poll <- webm_clip.py:2750:_process_frame <- window_optional_services.py:62:<lambda> <- verify_seeky_multi.py:92:observed_frame <- window.py:1917:_on_frame <- window.py:2106:_rebuild_frame
WARNING:root:GUI 卡顿 149ms state=IDLE anim=待机呼吸休闲 physics=None
WARNING:pet.gui_stall_sampler:GUI 冻结现场（149ms，3 个采样点，旧→新）：
WARNING:pet.gui_stall_sampler:  [t-162ms] verify_seeky_multi.py:308:<module> <- verify_seeky_multi.py:244:main <- dsh_state.py:374:_schedule_online_probe <- threading.py:979:start <- threading.py:659:wait <- threading.py:359:wait
WARNING:pet.gui_stall_sampler:  [t-58ms] webm_clip.py:2499:_poll <- webm_clip.py:2750:_process_frame <- window_optional_services.py:62:<lambda> <- verify_seeky_multi.py:92:observed_frame <- window.py:1917:_on_frame <- window.py:2106:_rebuild_frame
WARNING:pet.gui_stall_sampler:  [t-3ms] verify_seeky_multi.py:308:<module> <- verify_seeky_multi.py:244:main
WARNING:root:GUI 卡顿 150ms state=IDLE anim=待机呼吸休闲 physics=None
WARNING:pet.gui_stall_sampler:GUI 冻结现场（150ms，3 个采样点，旧→新）：
WARNING:pet.gui_stall_sampler:  [t-163ms] verify_seeky_multi.py:308:<module> <- verify_seeky_multi.py:244:main <- dsh_state.py:374:_schedule_online_probe <- threading.py:979:start <- threading.py:659:wait <- threading.py:359:wait
WARNING:pet.gui_stall_sampler:  [t-59ms] webm_clip.py:2499:_poll <- webm_clip.py:2750:_process_frame <- window_optional_services.py:62:<lambda> <- verify_seeky_multi.py:92:observed_frame <- window.py:1917:_on_frame <- window.py:2106:_rebuild_frame
WARNING:pet.gui_stall_sampler:  [t-4ms] verify_seeky_multi.py:308:<module> <- verify_seeky_multi.py:244:main
WARNING:root:GUI 卡顿 150ms state=IDLE anim=待机呼吸休闲 physics=None
WARNING:pet.gui_stall_sampler:GUI 冻结现场（150ms，3 个采样点，旧→新）：
WARNING:pet.gui_stall_sampler:  [t-163ms] verify_seeky_multi.py:308:<module> <- verify_seeky_multi.py:244:main <- dsh_state.py:374:_schedule_online_probe <- threading.py:979:start <- threading.py:659:wait <- threading.py:359:wait
WARNING:pet.gui_stall_sampler:  [t-60ms] webm_clip.py:2499:_poll <- webm_clip.py:2750:_process_frame <- window_optional_services.py:62:<lambda> <- verify_seeky_multi.py:92:observed_frame <- window.py:1917:_on_frame <- window.py:2106:_rebuild_frame
WARNING:pet.gui_stall_sampler:  [t-4ms] verify_seeky_multi.py:308:<module> <- verify_seeky_multi.py:244:main
WARNING:root:GUI 卡顿 125ms state=IDLE anim=待机呼吸休闲 physics=None
WARNING:pet.gui_stall_sampler:GUI 冻结现场（125ms，1 个采样点，旧→新）：
WARNING:pet.gui_stall_sampler:  [t-41ms] webm_clip.py:2499:_poll <- webm_clip.py:2750:_process_frame <- window_optional_services.py:62:<lambda> <- verify_seeky_multi.py:92:observed_frame <- window.py:1917:_on_frame <- window.py:2106:_rebuild_frame
WARNING:root:GUI 卡顿 149ms state=IDLE anim=待机呼吸休闲 physics=None
WARNING:pet.gui_stall_sampler:GUI 冻结现场（149ms，2 个采样点，旧→新）：
WARNING:pet.gui_stall_sampler:  [t-184ms] webm_clip.py:2499:_poll <- webm_clip.py:2750:_process_frame <- window_optional_services.py:62:<lambda> <- verify_seeky_multi.py:92:observed_frame <- window.py:1917:_on_frame <- window.py:2124:_rebuild_frame
WARNING:pet.gui_stall_sampler:  [t-49ms] webm_clip.py:2499:_poll <- webm_clip.py:2750:_process_frame <- window_optional_services.py:62:<lambda> <- verify_seeky_multi.py:92:observed_frame <- window.py:1917:_on_frame <- window.py:2106:_rebuild_frame
WARNING:root:GUI 卡顿 150ms state=IDLE anim=待机呼吸休闲 physics=None
WARNING:pet.gui_stall_sampler:GUI 冻结现场（150ms，2 个采样点，旧→新）：
WARNING:pet.gui_stall_sampler:  [t-185ms] webm_clip.py:2499:_poll <- webm_clip.py:2750:_process_frame <- window_optional_services.py:62:<lambda> <- verify_seeky_multi.py:92:observed_frame <- window.py:1917:_on_frame <- window.py:2124:_rebuild_frame
WARNING:pet.gui_stall_sampler:  [t-49ms] webm_clip.py:2499:_poll <- webm_clip.py:2750:_process_frame <- window_optional_services.py:62:<lambda> <- verify_seeky_multi.py:92:observed_frame <- window.py:1917:_on_frame <- window.py:2106:_rebuild_frame
WARNING:root:GUI 卡顿 167ms state=IDLE anim=待机呼吸休闲 physics=None
WARNING:pet.gui_stall_sampler:GUI 冻结现场（167ms，1 个采样点，旧→新）：
WARNING:pet.gui_stall_sampler:  [t-57ms] webm_clip.py:2499:_poll <- webm_clip.py:2750:_process_frame <- window_optional_services.py:62:<lambda> <- verify_seeky_multi.py:92:observed_frame <- window.py:1917:_on_frame <- window.py:2106:_rebuild_frame
WARNING:root:GUI 卡顿 171ms state=IDLE anim=待机呼吸休闲 physics=None
WARNING:pet.gui_stall_sampler:GUI 冻结现场（171ms，2 个采样点，旧→新）：
WARNING:pet.gui_stall_sampler:  [t-220ms] verify_seeky_multi.py:308:<module> <- verify_seeky_multi.py:244:main
WARNING:pet.gui_stall_sampler:  [t-58ms] webm_clip.py:2499:_poll <- webm_clip.py:2750:_process_frame <- window_optional_services.py:62:<lambda> <- verify_seeky_multi.py:92:observed_frame <- window.py:1917:_on_frame <- window.py:2106:_rebuild_frame
WARNING:root:GUI 卡顿 172ms state=IDLE anim=待机呼吸休闲 physics=None
WARNING:pet.gui_stall_sampler:GUI 冻结现场（172ms，2 个采样点，旧→新）：
WARNING:pet.gui_stall_sampler:  [t-221ms] verify_seeky_multi.py:308:<module> <- verify_seeky_multi.py:244:main
WARNING:pet.gui_stall_sampler:  [t-58ms] webm_clip.py:2499:_poll <- webm_clip.py:2750:_process_frame <- window_optional_services.py:62:<lambda> <- verify_seeky_multi.py:92:observed_frame <- window.py:1917:_on_frame <- window.py:2106:_rebuild_frame
WARNING:root:GUI 卡顿 171ms state=IDLE anim=待机呼吸休闲 physics=None
WARNING:pet.gui_stall_sampler:GUI 冻结现场（171ms，4 个采样点，旧→新）：
WARNING:pet.gui_stall_sampler:  [t-202ms] verify_seeky_multi.py:308:<module> <- verify_seeky_multi.py:244:main
WARNING:pet.gui_stall_sampler:  [t-146ms] window_optional_services.py:62:<lambda> <- verify_seeky_multi.py:92:observed_frame <- window.py:1917:_on_frame <- window.py:2068:_rebuild_frame <- window.py:1993:_frame_signature <- window.py:2030:_frame_content_fingerprint
WARNING:pet.gui_stall_sampler:  [t-62ms] webm_clip.py:2499:_poll <- webm_clip.py:2750:_process_frame <- window_optional_services.py:62:<lambda> <- verify_seeky_multi.py:92:observed_frame <- window.py:1917:_on_frame <- window.py:2106:_rebuild_frame
WARNING:pet.gui_stall_sampler:  [t-2ms] verify_seeky_multi.py:308:<module> <- verify_seeky_multi.py:244:main
WARNING:root:GUI 卡顿 172ms state=IDLE anim=待机呼吸休闲 physics=None
WARNING:pet.gui_stall_sampler:GUI 冻结现场（172ms，4 个采样点，旧→新）：
WARNING:pet.gui_stall_sampler:  [t-203ms] verify_seeky_multi.py:308:<module> <- verify_seeky_multi.py:244:main
WARNING:pet.gui_stall_sampler:  [t-147ms] window_optional_services.py:62:<lambda> <- verify_seeky_multi.py:92:observed_frame <- window.py:1917:_on_frame <- window.py:2068:_rebuild_frame <- window.py:1993:_frame_signature <- window.py:2030:_frame_content_fingerprint
WARNING:pet.gui_stall_sampler:  [t-62ms] webm_clip.py:2499:_poll <- webm_clip.py:2750:_process_frame <- window_optional_services.py:62:<lambda> <- verify_seeky_multi.py:92:observed_frame <- window.py:1917:_on_frame <- window.py:2106:_rebuild_frame
WARNING:pet.gui_stall_sampler:  [t-3ms] verify_seeky_multi.py:308:<module> <- verify_seeky_multi.py:244:main
WARNING:root:GUI 卡顿 172ms state=IDLE anim=待机呼吸休闲 physics=None
WARNING:pet.gui_stall_sampler:GUI 冻结现场（172ms，4 个采样点，旧→新）：
WARNING:pet.gui_stall_sampler:  [t-203ms] verify_seeky_multi.py:308:<module> <- verify_seeky_multi.py:244:main
WARNING:pet.gui_stall_sampler:  [t-147ms] window_optional_services.py:62:<lambda> <- verify_seeky_multi.py:92:observed_frame <- window.py:1917:_on_frame <- window.py:2068:_rebuild_frame <- window.py:1993:_frame_signature <- window.py:2030:_frame_content_fingerprint
WARNING:pet.gui_stall_sampler:  [t-62ms] webm_clip.py:2499:_poll <- webm_clip.py:2750:_process_frame <- window_optional_services.py:62:<lambda> <- verify_seeky_multi.py:92:observed_frame <- window.py:1917:_on_frame <- window.py:2106:_rebuild_frame
WARNING:pet.gui_stall_sampler:  [t-3ms] verify_seeky_multi.py:308:<module> <- verify_seeky_multi.py:244:main
WARNING:root:GUI 卡顿 284ms state=IDLE anim=待机呼吸休闲 physics=None
WARNING:pet.gui_stall_sampler:GUI 冻结现场（284ms，3 个采样点，旧→新）：
WARNING:pet.gui_stall_sampler:  [t-330ms] verify_seeky_multi.py:308:<module> <- verify_seeky_multi.py:244:main
WARNING:pet.gui_stall_sampler:  [t-154ms] webm_clip.py:2750:_process_frame <- window_optional_services.py:62:<lambda> <- verify_seeky_multi.py:92:observed_frame <- window.py:1917:_on_frame <- window.py:2124:_rebuild_frame <- window.py:2265:_sync_mask
WARNING:pet.gui_stall_sampler:  [t-47ms] verify_seeky_multi.py:308:<module> <- verify_seeky_multi.py:244:main
WARNING:root:GUI 卡顿 286ms state=IDLE anim=待机呼吸休闲 physics=None
WARNING:pet.gui_stall_sampler:GUI 冻结现场（286ms，3 个采样点，旧→新）：
WARNING:pet.gui_stall_sampler:  [t-331ms] verify_seeky_multi.py:308:<module> <- verify_seeky_multi.py:244:main
WARNING:pet.gui_stall_sampler:  [t-155ms] webm_clip.py:2750:_process_frame <- window_optional_services.py:62:<lambda> <- verify_seeky_multi.py:92:observed_frame <- window.py:1917:_on_frame <- window.py:2124:_rebuild_frame <- window.py:2265:_sync_mask
WARNING:pet.gui_stall_sampler:  [t-48ms] verify_seeky_multi.py:308:<module> <- verify_seeky_multi.py:244:main
WARNING:root:GUI 卡顿 287ms state=IDLE anim=待机呼吸休闲 physics=None
WARNING:pet.gui_stall_sampler:GUI 冻结现场（287ms，3 个采样点，旧→新）：
WARNING:pet.gui_stall_sampler:  [t-332ms] verify_seeky_multi.py:308:<module> <- verify_seeky_multi.py:244:main
WARNING:pet.gui_stall_sampler:  [t-156ms] webm_clip.py:2750:_process_frame <- window_optional_services.py:62:<lambda> <- verify_seeky_multi.py:92:observed_frame <- window.py:1917:_on_frame <- window.py:2124:_rebuild_frame <- window.py:2265:_sync_mask
WARNING:pet.gui_stall_sampler:  [t-49ms] verify_seeky_multi.py:308:<module> <- verify_seeky_multi.py:244:main
WARNING:root:GUI 卡顿 150ms state=IDLE anim=待机呼吸休闲 physics=None
WARNING:pet.gui_stall_sampler:GUI 冻结现场（150ms，2 个采样点，旧→新）：
WARNING:pet.gui_stall_sampler:  [t-181ms] verify_seeky_multi.py:308:<module> <- verify_seeky_multi.py:244:main
WARNING:pet.gui_stall_sampler:  [t-25ms] webm_clip.py:2499:_poll <- webm_clip.py:2750:_process_frame <- window_optional_services.py:62:<lambda> <- verify_seeky_multi.py:92:observed_frame <- window.py:1917:_on_frame <- window.py:2106:_rebuild_frame
WARNING:root:GUI 卡顿 151ms state=IDLE anim=待机呼吸休闲 physics=None
WARNING:pet.gui_stall_sampler:GUI 冻结现场（151ms，2 个采样点，旧→新）：
WARNING:pet.gui_stall_sampler:  [t-181ms] verify_seeky_multi.py:308:<module> <- verify_seeky_multi.py:244:main
WARNING:pet.gui_stall_sampler:  [t-26ms] webm_clip.py:2499:_poll <- webm_clip.py:2750:_process_frame <- window_optional_services.py:62:<lambda> <- verify_seeky_multi.py:92:observed_frame <- window.py:1917:_on_frame <- window.py:2106:_rebuild_frame
WARNING:root:GUI 卡顿 151ms state=IDLE anim=待机呼吸休闲 physics=None
WARNING:pet.gui_stall_sampler:GUI 冻结现场（151ms，2 个采样点，旧→新）：
WARNING:pet.gui_stall_sampler:  [t-182ms] verify_seeky_multi.py:308:<module> <- verify_seeky_multi.py:244:main
WARNING:pet.gui_stall_sampler:  [t-26ms] webm_clip.py:2499:_poll <- webm_clip.py:2750:_process_frame <- window_optional_services.py:62:<lambda> <- verify_seeky_multi.py:92:observed_frame <- window.py:1917:_on_frame <- window.py:2106:_rebuild_frame
WARNING:root:GUI 卡顿 135ms state=IDLE anim=待机呼吸休闲 physics=None
WARNING:pet.gui_stall_sampler:GUI 冻结现场（135ms，1 个采样点，旧→新）：
WARNING:pet.gui_stall_sampler:  [t-59ms] webm_clip.py:2750:_process_frame <- window_optional_services.py:62:<lambda> <- verify_seeky_multi.py:92:observed_frame <- window.py:1917:_on_frame <- window.py:2068:_rebuild_frame <- window.py:1990:_frame_signature
WARNING:root:GUI 卡顿 135ms state=IDLE anim=待机呼吸休闲 physics=None
WARNING:pet.gui_stall_sampler:GUI 冻结现场（135ms，1 个采样点，旧→新）：
WARNING:pet.gui_stall_sampler:  [t-59ms] webm_clip.py:2750:_process_frame <- window_optional_services.py:62:<lambda> <- verify_seeky_multi.py:92:observed_frame <- window.py:1917:_on_frame <- window.py:2068:_rebuild_frame <- window.py:1990:_frame_signature
WARNING:root:GUI 卡顿 136ms state=IDLE anim=待机呼吸休闲 physics=None
WARNING:pet.gui_stall_sampler:GUI 冻结现场（136ms，1 个采样点，旧→新）：
WARNING:pet.gui_stall_sampler:  [t-60ms] webm_clip.py:2750:_process_frame <- window_optional_services.py:62:<lambda> <- verify_seeky_multi.py:92:observed_frame <- window.py:1917:_on_frame <- window.py:2068:_rebuild_frame <- window.py:1990:_frame_signature
WARNING:root:GUI 卡顿 176ms state=IDLE anim=待机呼吸休闲 physics=None
WARNING:pet.gui_stall_sampler:GUI 冻结现场（176ms，3 个采样点，旧→新）：
WARNING:pet.gui_stall_sampler:  [t-212ms] verify_seeky_multi.py:308:<module> <- verify_seeky_multi.py:244:main
WARNING:pet.gui_stall_sampler:  [t-113ms] webm_clip.py:2499:_poll <- webm_clip.py:2750:_process_frame <- window_optional_services.py:62:<lambda> <- verify_seeky_multi.py:92:observed_frame <- window.py:1917:_on_frame <- window.py:2106:_rebuild_frame
WARNING:pet.gui_stall_sampler:  [t-9ms] webm_clip.py:2499:_poll <- webm_clip.py:2750:_process_frame <- window_optional_services.py:62:<lambda> <- verify_seeky_multi.py:92:observed_frame <- window.py:1917:_on_frame <- window.py:2124:_rebuild_frame
WARNING:root:GUI 卡顿 177ms state=IDLE anim=待机呼吸休闲 physics=None
WARNING:pet.gui_stall_sampler:GUI 冻结现场（177ms，3 个采样点，旧→新）：
WARNING:pet.gui_stall_sampler:  [t-213ms] verify_seeky_multi.py:308:<module> <- verify_seeky_multi.py:244:main
WARNING:pet.gui_stall_sampler:  [t-114ms] webm_clip.py:2499:_poll <- webm_clip.py:2750:_process_frame <- window_optional_services.py:62:<lambda> <- verify_seeky_multi.py:92:observed_frame <- window.py:1917:_on_frame <- window.py:2106:_rebuild_frame
WARNING:pet.gui_stall_sampler:  [t-10ms] webm_clip.py:2499:_poll <- webm_clip.py:2750:_process_frame <- window_optional_services.py:62:<lambda> <- verify_seeky_multi.py:92:observed_frame <- window.py:1917:_on_frame <- window.py:2124:_rebuild_frame
WARNING:root:GUI 卡顿 178ms state=IDLE anim=待机呼吸休闲 physics=None
WARNING:pet.gui_stall_sampler:GUI 冻结现场（178ms，3 个采样点，旧→新）：
WARNING:pet.gui_stall_sampler:  [t-213ms] verify_seeky_multi.py:308:<module> <- verify_seeky_multi.py:244:main
WARNING:pet.gui_stall_sampler:  [t-115ms] webm_clip.py:2499:_poll <- webm_clip.py:2750:_process_frame <- window_optional_services.py:62:<lambda> <- verify_seeky_multi.py:92:observed_frame <- window.py:1917:_on_frame <- window.py:2106:_rebuild_frame
WARNING:pet.gui_stall_sampler:  [t-10ms] webm_clip.py:2499:_poll <- webm_clip.py:2750:_process_frame <- window_optional_services.py:62:<lambda> <- verify_seeky_multi.py:92:observed_frame <- window.py:1917:_on_frame <- window.py:2124:_rebuild_frame
WARNING:root:GUI 卡顿 111ms state=IDLE anim=待机呼吸休闲 physics=None
WARNING:pet.gui_stall_sampler:GUI 冻结现场（111ms，2 个采样点，旧→新）：
WARNING:pet.gui_stall_sampler:  [t-67ms] verify_seeky_multi.py:308:<module> <- verify_seeky_multi.py:244:main
WARNING:root:GUI 卡顿 112ms state=IDLE anim=待机呼吸休闲 physics=None
WARNING:pet.gui_stall_sampler:GUI 冻结现场（112ms，2 个采样点，旧→新）：
WARNING:pet.gui_stall_sampler:  [t-68ms] verify_seeky_multi.py:308:<module> <- verify_seeky_multi.py:244:main
WARNING:root:GUI 卡顿 112ms state=IDLE anim=待机呼吸休闲 physics=None
WARNING:pet.gui_stall_sampler:GUI 冻结现场（112ms，2 个采样点，旧→新）：
WARNING:pet.gui_stall_sampler:  [t-68ms] verify_seeky_multi.py:308:<module> <- verify_seeky_multi.py:244:main
WARNING:root:GUI 卡顿 106ms state=IDLE anim=待机呼吸休闲 physics=None
WARNING:pet.gui_stall_sampler:GUI 冻结现场（106ms，1 个采样点，旧→新）：
WARNING:pet.gui_stall_sampler:  [t-66ms] verify_seeky_multi.py:308:<module> <- verify_seeky_multi.py:244:main
WARNING:root:GUI 卡顿 107ms state=IDLE anim=待机呼吸休闲 physics=None
WARNING:pet.gui_stall_sampler:GUI 冻结现场（107ms，1 个采样点，旧→新）：
WARNING:pet.gui_stall_sampler:  [t-67ms] verify_seeky_multi.py:308:<module> <- verify_seeky_multi.py:244:main
WARNING:root:GUI 卡顿 107ms state=IDLE anim=待机呼吸休闲 physics=None
WARNING:pet.gui_stall_sampler:GUI 冻结现场（107ms，1 个采样点，旧→新）：
WARNING:pet.gui_stall_sampler:  [t-67ms] verify_seeky_multi.py:308:<module> <- verify_seeky_multi.py:244:main
WARNING:root:GUI 卡顿 228ms state=IDLE anim=待机呼吸休闲 physics=None
WARNING:pet.gui_stall_sampler:GUI 冻结现场（228ms，1 个采样点，旧→新）：
WARNING:pet.gui_stall_sampler:  [t-19ms] webm_clip.py:2750:_process_frame <- window_optional_services.py:62:<lambda> <- verify_seeky_multi.py:92:observed_frame <- window.py:1917:_on_frame <- window.py:2124:_rebuild_frame <- window.py:2265:_sync_mask
WARNING:root:GUI 卡顿 229ms state=IDLE anim=待机呼吸休闲 physics=None
WARNING:pet.gui_stall_sampler:GUI 冻结现场（229ms，1 个采样点，旧→新）：
WARNING:pet.gui_stall_sampler:  [t-20ms] webm_clip.py:2750:_process_frame <- window_optional_services.py:62:<lambda> <- verify_seeky_multi.py:92:observed_frame <- window.py:1917:_on_frame <- window.py:2124:_rebuild_frame <- window.py:2265:_sync_mask
WARNING:root:GUI 卡顿 229ms state=IDLE anim=待机呼吸休闲 physics=None
WARNING:pet.gui_stall_sampler:GUI 冻结现场（229ms，1 个采样点，旧→新）：
WARNING:pet.gui_stall_sampler:  [t-20ms] webm_clip.py:2750:_process_frame <- window_optional_services.py:62:<lambda> <- verify_seeky_multi.py:92:observed_frame <- window.py:1917:_on_frame <- window.py:2124:_rebuild_frame <- window.py:2265:_sync_mask
WARNING:root:GUI 卡顿 101ms state=IDLE anim=待机呼吸休闲 physics=None
WARNING:pet.gui_stall_sampler:GUI 冻结现场（101ms，2 个采样点，旧→新）：
WARNING:pet.gui_stall_sampler:  [t-78ms] verify_seeky_multi.py:308:<module> <- verify_seeky_multi.py:244:main
WARNING:pet.gui_stall_sampler:  [t-11ms] window_optional_services.py:62:<lambda> <- verify_seeky_multi.py:92:observed_frame <- window.py:1917:_on_frame <- window.py:2124:_rebuild_frame <- window.py:2270:_sync_mask <- window_optional_services.py:42:effects_coverage
WARNING:root:GUI 卡顿 102ms state=IDLE anim=待机呼吸休闲 physics=None
WARNING:pet.gui_stall_sampler:GUI 冻结现场（102ms，2 个采样点，旧→新）：
WARNING:pet.gui_stall_sampler:  [t-78ms] verify_seeky_multi.py:308:<module> <- verify_seeky_multi.py:244:main
WARNING:pet.gui_stall_sampler:  [t-12ms] window_optional_services.py:62:<lambda> <- verify_seeky_multi.py:92:observed_frame <- window.py:1917:_on_frame <- window.py:2124:_rebuild_frame <- window.py:2270:_sync_mask <- window_optional_services.py:42:effects_coverage
WARNING:root:GUI 卡顿 102ms state=IDLE anim=待机呼吸休闲 physics=None
WARNING:pet.gui_stall_sampler:GUI 冻结现场（102ms，2 个采样点，旧→新）：
WARNING:pet.gui_stall_sampler:  [t-79ms] verify_seeky_multi.py:308:<module> <- verify_seeky_multi.py:244:main
WARNING:pet.gui_stall_sampler:  [t-12ms] window_optional_services.py:62:<lambda> <- verify_seeky_multi.py:92:observed_frame <- window.py:1917:_on_frame <- window.py:2124:_rebuild_frame <- window.py:2270:_sync_mask <- window_optional_services.py:42:effects_coverage
WARNING:root:GUI 卡顿 147ms state=IDLE anim=待机呼吸休闲 physics=None
WARNING:pet.gui_stall_sampler:GUI 冻结现场（147ms，2 个采样点，旧→新）：
WARNING:pet.gui_stall_sampler:  [t-154ms] verify_seeky_multi.py:308:<module> <- verify_seeky_multi.py:244:main
WARNING:pet.gui_stall_sampler:  [t-90ms] window_optional_services.py:62:<lambda> <- verify_seeky_multi.py:92:observed_frame <- window.py:1917:_on_frame <- window.py:2124:_rebuild_frame <- window.py:2270:_sync_mask <- window_optional_services.py:42:effects_coverage
WARNING:root:GUI 卡顿 147ms state=IDLE anim=待机呼吸休闲 physics=None
WARNING:pet.gui_stall_sampler:GUI 冻结现场（147ms，2 个采样点，旧→新）：
WARNING:pet.gui_stall_sampler:  [t-155ms] verify_seeky_multi.py:308:<module> <- verify_seeky_multi.py:244:main
WARNING:pet.gui_stall_sampler:  [t-91ms] window_optional_services.py:62:<lambda> <- verify_seeky_multi.py:92:observed_frame <- window.py:1917:_on_frame <- window.py:2124:_rebuild_frame <- window.py:2270:_sync_mask <- window_optional_services.py:42:effects_coverage
WARNING:root:GUI 卡顿 148ms state=IDLE anim=待机呼吸休闲 physics=None
WARNING:pet.gui_stall_sampler:GUI 冻结现场（148ms，2 个采样点，旧→新）：
WARNING:pet.gui_stall_sampler:  [t-155ms] verify_seeky_multi.py:308:<module> <- verify_seeky_multi.py:244:main
WARNING:pet.gui_stall_sampler:  [t-91ms] window_optional_services.py:62:<lambda> <- verify_seeky_multi.py:92:observed_frame <- window.py:1917:_on_frame <- window.py:2124:_rebuild_frame <- window.py:2270:_sync_mask <- window_optional_services.py:42:effects_coverage
WARNING:root:GUI 卡顿 152ms state=IDLE anim=待机呼吸休闲 physics=None
WARNING:pet.gui_stall_sampler:GUI 冻结现场（152ms，3 个采样点，旧→新）：
WARNING:pet.gui_stall_sampler:  [t-170ms] verify_seeky_multi.py:308:<module> <- verify_seeky_multi.py:244:main
WARNING:pet.gui_stall_sampler:  [t-82ms] verify_seeky_multi.py:92:observed_frame <- window.py:1917:_on_frame <- window.py:2124:_rebuild_frame <- window.py:2270:_sync_mask <- window_optional_services.py:42:effects_coverage <- frame_edges.py:27:coverage_region
WARNING:pet.gui_stall_sampler:  [t-25ms] verify_seeky_multi.py:308:<module> <- verify_seeky_multi.py:244:main
WARNING:root:GUI 卡顿 153ms state=IDLE anim=待机呼吸休闲 physics=None
WARNING:pet.gui_stall_sampler:GUI 冻结现场（153ms，3 个采样点，旧→新）：
WARNING:pet.gui_stall_sampler:  [t-171ms] verify_seeky_multi.py:308:<module> <- verify_seeky_multi.py:244:main
WARNING:pet.gui_stall_sampler:  [t-83ms] verify_seeky_multi.py:92:observed_frame <- window.py:1917:_on_frame <- window.py:2124:_rebuild_frame <- window.py:2270:_sync_mask <- window_optional_services.py:42:effects_coverage <- frame_edges.py:27:coverage_region
WARNING:pet.gui_stall_sampler:  [t-26ms] verify_seeky_multi.py:308:<module> <- verify_seeky_multi.py:244:main
WARNING:root:GUI 卡顿 154ms state=IDLE anim=待机呼吸休闲 physics=None
WARNING:pet.gui_stall_sampler:GUI 冻结现场（154ms，3 个采样点，旧→新）：
WARNING:pet.gui_stall_sampler:  [t-172ms] verify_seeky_multi.py:308:<module> <- verify_seeky_multi.py:244:main
WARNING:pet.gui_stall_sampler:  [t-83ms] verify_seeky_multi.py:92:observed_frame <- window.py:1917:_on_frame <- window.py:2124:_rebuild_frame <- window.py:2270:_sync_mask <- window_optional_services.py:42:effects_coverage <- frame_edges.py:27:coverage_region
WARNING:pet.gui_stall_sampler:  [t-26ms] verify_seeky_multi.py:308:<module> <- verify_seeky_multi.py:244:main
WARNING:root:GUI 卡顿 139ms state=IDLE anim=待机呼吸休闲 physics=None
WARNING:pet.gui_stall_sampler:GUI 冻结现场（139ms，3 个采样点，旧→新）：
WARNING:pet.gui_stall_sampler:  [t-182ms] verify_seeky_multi.py:308:<module> <- verify_seeky_multi.py:244:main
WARNING:pet.gui_stall_sampler:  [t-126ms] webm_clip.py:2750:_process_frame <- window_optional_services.py:62:<lambda> <- verify_seeky_multi.py:92:observed_frame <- window.py:1917:_on_frame <- window.py:2068:_rebuild_frame <- window.py:1990:_frame_signature
WARNING:pet.gui_stall_sampler:  [t-31ms] verify_seeky_multi.py:308:<module> <- verify_seeky_multi.py:244:main <- webm_clip.py:2499:_poll <- webm_clip.py:2724:_process_frame
WARNING:root:GUI 卡顿 142ms state=IDLE anim=待机呼吸休闲 physics=None
WARNING:pet.gui_stall_sampler:GUI 冻结现场（142ms，3 个采样点，旧→新）：
WARNING:pet.gui_stall_sampler:  [t-183ms] verify_seeky_multi.py:308:<module> <- verify_seeky_multi.py:244:main
WARNING:pet.gui_stall_sampler:  [t-127ms] webm_clip.py:2750:_process_frame <- window_optional_services.py:62:<lambda> <- verify_seeky_multi.py:92:observed_frame <- window.py:1917:_on_frame <- window.py:2068:_rebuild_frame <- window.py:1990:_frame_signature
WARNING:pet.gui_stall_sampler:  [t-32ms] verify_seeky_multi.py:308:<module> <- verify_seeky_multi.py:244:main <- webm_clip.py:2499:_poll <- webm_clip.py:2724:_process_frame
WARNING:root:GUI 卡顿 142ms state=IDLE anim=待机呼吸休闲 physics=None
WARNING:pet.gui_stall_sampler:GUI 冻结现场（142ms，3 个采样点，旧→新）：
WARNING:pet.gui_stall_sampler:  [t-184ms] verify_seeky_multi.py:308:<module> <- verify_seeky_multi.py:244:main
WARNING:pet.gui_stall_sampler:  [t-128ms] webm_clip.py:2750:_process_frame <- window_optional_services.py:62:<lambda> <- verify_seeky_multi.py:92:observed_frame <- window.py:1917:_on_frame <- window.py:2068:_rebuild_frame <- window.py:1990:_frame_signature
WARNING:pet.gui_stall_sampler:  [t-32ms] verify_seeky_multi.py:308:<module> <- verify_seeky_multi.py:244:main <- webm_clip.py:2499:_poll <- webm_clip.py:2724:_process_frame
WARNING:root:GUI 卡顿 131ms state=IDLE anim=待机呼吸休闲 physics=None
WARNING:pet.gui_stall_sampler:GUI 冻结现场（131ms，2 个采样点，旧→新）：
WARNING:pet.gui_stall_sampler:  [t-142ms] verify_seeky_multi.py:308:<module> <- verify_seeky_multi.py:244:main
WARNING:pet.gui_stall_sampler:  [t-51ms] webm_clip.py:2750:_process_frame <- window_optional_services.py:62:<lambda> <- verify_seeky_multi.py:92:observed_frame <- window.py:1917:_on_frame <- window.py:2124:_rebuild_frame <- window.py:2263:_sync_mask
WARNING:root:GUI 卡顿 132ms state=IDLE anim=待机呼吸休闲 physics=None
WARNING:pet.gui_stall_sampler:GUI 冻结现场（132ms，2 个采样点，旧→新）：
WARNING:pet.gui_stall_sampler:  [t-143ms] verify_seeky_multi.py:308:<module> <- verify_seeky_multi.py:244:main
WARNING:pet.gui_stall_sampler:  [t-51ms] webm_clip.py:2750:_process_frame <- window_optional_services.py:62:<lambda> <- verify_seeky_multi.py:92:observed_frame <- window.py:1917:_on_frame <- window.py:2124:_rebuild_frame <- window.py:2263:_sync_mask
WARNING:root:GUI 卡顿 132ms state=IDLE anim=待机呼吸休闲 physics=None
WARNING:pet.gui_stall_sampler:GUI 冻结现场（132ms，2 个采样点，旧→新）：
WARNING:pet.gui_stall_sampler:  [t-144ms] verify_seeky_multi.py:308:<module> <- verify_seeky_multi.py:244:main
WARNING:pet.gui_stall_sampler:  [t-52ms] webm_clip.py:2750:_process_frame <- window_optional_services.py:62:<lambda> <- verify_seeky_multi.py:92:observed_frame <- window.py:1917:_on_frame <- window.py:2124:_rebuild_frame <- window.py:2263:_sync_mask
WARNING:root:GUI 卡顿 150ms state=IDLE anim=待机呼吸休闲 physics=None
WARNING:pet.gui_stall_sampler:GUI 冻结现场（150ms，3 个采样点，旧→新）：
WARNING:pet.gui_stall_sampler:  [t-180ms] verify_seeky_multi.py:308:<module> <- verify_seeky_multi.py:244:main
WARNING:pet.gui_stall_sampler:  [t-91ms] webm_clip.py:2499:_poll <- webm_clip.py:2750:_process_frame <- window_optional_services.py:62:<lambda> <- verify_seeky_multi.py:92:observed_frame <- window.py:1917:_on_frame <- window.py:2106:_rebuild_frame
WARNING:pet.gui_stall_sampler:  [t-14ms] webm_clip.py:2499:_poll <- webm_clip.py:2750:_process_frame <- window_optional_services.py:62:<lambda> <- verify_seeky_multi.py:92:observed_frame <- window.py:1919:_on_frame <- window.py:2126:_rebuild_frame
WARNING:root:GUI 卡顿 151ms state=IDLE anim=待机呼吸休闲 physics=None
WARNING:pet.gui_stall_sampler:GUI 冻结现场（151ms，3 个采样点，旧→新）：
WARNING:pet.gui_stall_sampler:  [t-182ms] verify_seeky_multi.py:308:<module> <- verify_seeky_multi.py:244:main
WARNING:pet.gui_stall_sampler:  [t-92ms] webm_clip.py:2499:_poll <- webm_clip.py:2750:_process_frame <- window_optional_services.py:62:<lambda> <- verify_seeky_multi.py:92:observed_frame <- window.py:1917:_on_frame <- window.py:2106:_rebuild_frame
WARNING:pet.gui_stall_sampler:  [t-15ms] webm_clip.py:2499:_poll <- webm_clip.py:2750:_process_frame <- window_optional_services.py:62:<lambda> <- verify_seeky_multi.py:92:observed_frame <- window.py:1919:_on_frame <- window.py:2126:_rebuild_frame
WARNING:root:GUI 卡顿 152ms state=IDLE anim=待机呼吸休闲 physics=None
WARNING:pet.gui_stall_sampler:GUI 冻结现场（152ms，3 个采样点，旧→新）：
WARNING:pet.gui_stall_sampler:  [t-182ms] verify_seeky_multi.py:308:<module> <- verify_seeky_multi.py:244:main
WARNING:pet.gui_stall_sampler:  [t-93ms] webm_clip.py:2499:_poll <- webm_clip.py:2750:_process_frame <- window_optional_services.py:62:<lambda> <- verify_seeky_multi.py:92:observed_frame <- window.py:1917:_on_frame <- window.py:2106:_rebuild_frame
WARNING:pet.gui_stall_sampler:  [t-16ms] webm_clip.py:2499:_poll <- webm_clip.py:2750:_process_frame <- window_optional_services.py:62:<lambda> <- verify_seeky_multi.py:92:observed_frame <- window.py:1919:_on_frame <- window.py:2126:_rebuild_frame
WARNING:root:GUI 卡顿 149ms state=IDLE anim=待机呼吸休闲 physics=None
WARNING:pet.gui_stall_sampler:GUI 冻结现场（149ms，2 个采样点，旧→新）：
WARNING:pet.gui_stall_sampler:  [t-75ms] verify_seeky_multi.py:308:<module> <- verify_seeky_multi.py:244:main <- webm_clip.py:2499:_poll <- webm_clip.py:2724:_process_frame
WARNING:pet.gui_stall_sampler:  [t-12ms] webm_clip.py:2499:_poll <- webm_clip.py:2750:_process_frame <- window_optional_services.py:62:<lambda> <- verify_seeky_multi.py:92:observed_frame <- window.py:1917:_on_frame <- window.py:2124:_rebuild_frame
WARNING:root:GUI 卡顿 150ms state=IDLE anim=待机呼吸休闲 physics=None
WARNING:pet.gui_stall_sampler:GUI 冻结现场（150ms，2 个采样点，旧→新）：
WARNING:pet.gui_stall_sampler:  [t-76ms] verify_seeky_multi.py:308:<module> <- verify_seeky_multi.py:244:main <- webm_clip.py:2499:_poll <- webm_clip.py:2724:_process_frame
WARNING:pet.gui_stall_sampler:  [t-12ms] webm_clip.py:2499:_poll <- webm_clip.py:2750:_process_frame <- window_optional_services.py:62:<lambda> <- verify_seeky_multi.py:92:observed_frame <- window.py:1917:_on_frame <- window.py:2124:_rebuild_frame
WARNING:root:GUI 卡顿 151ms state=IDLE anim=待机呼吸休闲 physics=None
WARNING:pet.gui_stall_sampler:GUI 冻结现场（151ms，2 个采样点，旧→新）：
WARNING:pet.gui_stall_sampler:  [t-76ms] verify_seeky_multi.py:308:<module> <- verify_seeky_multi.py:244:main <- webm_clip.py:2499:_poll <- webm_clip.py:2724:_process_frame
WARNING:pet.gui_stall_sampler:  [t-13ms] webm_clip.py:2499:_poll <- webm_clip.py:2750:_process_frame <- window_optional_services.py:62:<lambda> <- verify_seeky_multi.py:92:observed_frame <- window.py:1917:_on_frame <- window.py:2124:_rebuild_frame
WARNING:root:GUI 卡顿 126ms state=IDLE anim=待机呼吸休闲 physics=None
WARNING:pet.gui_stall_sampler:GUI 冻结现场（126ms，1 个采样点，旧→新）：
WARNING:pet.gui_stall_sampler:  [t-47ms] webm_clip.py:2499:_poll <- webm_clip.py:2750:_process_frame <- window_optional_services.py:62:<lambda> <- verify_seeky_multi.py:92:observed_frame <- window.py:1917:_on_frame <- window.py:2124:_rebuild_frame
WARNING:root:GUI 卡顿 127ms state=IDLE anim=待机呼吸休闲 physics=None
WARNING:pet.gui_stall_sampler:GUI 冻结现场（127ms，1 个采样点，旧→新）：
WARNING:pet.gui_stall_sampler:  [t-48ms] webm_clip.py:2499:_poll <- webm_clip.py:2750:_process_frame <- window_optional_services.py:62:<lambda> <- verify_seeky_multi.py:92:observed_frame <- window.py:1917:_on_frame <- window.py:2124:_rebuild_frame
WARNING:root:GUI 卡顿 127ms state=IDLE anim=待机呼吸休闲 physics=None
WARNING:pet.gui_stall_sampler:GUI 冻结现场（127ms，1 个采样点，旧→新）：
WARNING:pet.gui_stall_sampler:  [t-49ms] webm_clip.py:2499:_poll <- webm_clip.py:2750:_process_frame <- window_optional_services.py:62:<lambda> <- verify_seeky_multi.py:92:observed_frame <- window.py:1917:_on_frame <- window.py:2124:_rebuild_frame
WARNING:root:GUI 卡顿 166ms state=IDLE anim=待机呼吸休闲 physics=None
WARNING:pet.gui_stall_sampler:GUI 冻结现场（166ms，1 个采样点，旧→新）：
WARNING:pet.gui_stall_sampler:  [t-177ms] verify_seeky_multi.py:92:observed_frame <- window.py:1917:_on_frame <- window.py:2124:_rebuild_frame <- window.py:2270:_sync_mask <- window_optional_services.py:42:effects_coverage <- frame_edges.py:26:coverage_region
WARNING:root:GUI 卡顿 174ms state=IDLE anim=待机呼吸休闲 physics=None
WARNING:pet.gui_stall_sampler:GUI 冻结现场（174ms，1 个采样点，旧→新）：
WARNING:pet.gui_stall_sampler:  [t-178ms] verify_seeky_multi.py:92:observed_frame <- window.py:1917:_on_frame <- window.py:2124:_rebuild_frame <- window.py:2270:_sync_mask <- window_optional_services.py:42:effects_coverage <- frame_edges.py:26:coverage_region
WARNING:root:GUI 卡顿 175ms state=IDLE anim=待机呼吸休闲 physics=None
WARNING:pet.gui_stall_sampler:GUI 冻结现场（175ms，2 个采样点，旧→新）：
WARNING:pet.gui_stall_sampler:  [t-194ms] verify_seeky_multi.py:92:observed_frame <- window.py:1917:_on_frame <- window.py:2124:_rebuild_frame <- window.py:2270:_sync_mask <- window_optional_services.py:42:effects_coverage <- frame_edges.py:26:coverage_region
WARNING:pet.gui_stall_sampler:  [t-15ms] __init__.py:1531:warning <- __init__.py:1664:_log <- __init__.py:1680:handle <- __init__.py:1741:callHandlers <- __init__.py:1027:handle <- __init__.py:1154:emit
WARNING:root:GUI 卡顿 103ms state=IDLE anim=待机呼吸休闲 physics=None
WARNING:pet.gui_stall_sampler:GUI 冻结现场（103ms，2 个采样点，旧→新）：
WARNING:pet.gui_stall_sampler:  [t-146ms] verify_seeky_multi.py:308:<module> <- verify_seeky_multi.py:244:main
WARNING:pet.gui_stall_sampler:  [t-49ms] webm_clip.py:2499:_poll <- webm_clip.py:2750:_process_frame <- window_optional_services.py:62:<lambda> <- verify_seeky_multi.py:92:observed_frame <- window.py:1917:_on_frame <- window.py:2106:_rebuild_frame
WARNING:root:GUI 卡顿 104ms state=IDLE anim=待机呼吸休闲 physics=None
WARNING:pet.gui_stall_sampler:GUI 冻结现场（104ms，2 个采样点，旧→新）：
WARNING:pet.gui_stall_sampler:  [t-146ms] verify_seeky_multi.py:308:<module> <- verify_seeky_multi.py:244:main
WARNING:pet.gui_stall_sampler:  [t-50ms] webm_clip.py:2499:_poll <- webm_clip.py:2750:_process_frame <- window_optional_services.py:62:<lambda> <- verify_seeky_multi.py:92:observed_frame <- window.py:1917:_on_frame <- window.py:2106:_rebuild_frame
WARNING:root:GUI 卡顿 104ms state=IDLE anim=待机呼吸休闲 physics=None
WARNING:pet.gui_stall_sampler:GUI 冻结现场（104ms，2 个采样点，旧→新）：
WARNING:pet.gui_stall_sampler:  [t-146ms] verify_seeky_multi.py:308:<module> <- verify_seeky_multi.py:244:main
WARNING:pet.gui_stall_sampler:  [t-50ms] webm_clip.py:2499:_poll <- webm_clip.py:2750:_process_frame <- window_optional_services.py:62:<lambda> <- verify_seeky_multi.py:92:observed_frame <- window.py:1917:_on_frame <- window.py:2106:_rebuild_frame
WARNING:root:GUI 卡顿 163ms state=IDLE anim=待机呼吸休闲 physics=None
WARNING:pet.gui_stall_sampler:GUI 冻结现场（163ms，3 个采样点，旧→新）：
WARNING:pet.gui_stall_sampler:  [t-179ms] verify_seeky_multi.py:308:<module> <- verify_seeky_multi.py:244:main
WARNING:pet.gui_stall_sampler:  [t-116ms] window_optional_services.py:62:<lambda> <- verify_seeky_multi.py:92:observed_frame <- window.py:1917:_on_frame <- window.py:2068:_rebuild_frame <- window.py:1993:_frame_signature <- window.py:2030:_frame_content_fingerprint
WARNING:pet.gui_stall_sampler:  [t-17ms] verify_seeky_multi.py:92:observed_frame <- window.py:1917:_on_frame <- window.py:2124:_rebuild_frame <- window.py:2270:_sync_mask <- window_optional_services.py:42:effects_coverage <- frame_edges.py:27:coverage_region
WARNING:root:GUI 卡顿 165ms state=IDLE anim=待机呼吸休闲 physics=None
WARNING:pet.gui_stall_sampler:GUI 冻结现场（165ms，3 个采样点，旧→新）：
WARNING:pet.gui_stall_sampler:  [t-180ms] verify_seeky_multi.py:308:<module> <- verify_seeky_multi.py:244:main
WARNING:pet.gui_stall_sampler:  [t-116ms] window_optional_services.py:62:<lambda> <- verify_seeky_multi.py:92:observed_frame <- window.py:1917:_on_frame <- window.py:2068:_rebuild_frame <- window.py:1993:_frame_signature <- window.py:2030:_frame_content_fingerprint
WARNING:pet.gui_stall_sampler:  [t-18ms] verify_seeky_multi.py:92:observed_frame <- window.py:1917:_on_frame <- window.py:2124:_rebuild_frame <- window.py:2270:_sync_mask <- window_optional_services.py:42:effects_coverage <- frame_edges.py:27:coverage_region
WARNING:root:GUI 卡顿 165ms state=IDLE anim=待机呼吸休闲 physics=None
WARNING:pet.gui_stall_sampler:GUI 冻结现场（165ms，3 个采样点，旧→新）：
WARNING:pet.gui_stall_sampler:  [t-180ms] verify_seeky_multi.py:308:<module> <- verify_seeky_multi.py:244:main
WARNING:pet.gui_stall_sampler:  [t-117ms] window_optional_services.py:62:<lambda> <- verify_seeky_multi.py:92:observed_frame <- window.py:1917:_on_frame <- window.py:2068:_rebuild_frame <- window.py:1993:_frame_signature <- window.py:2030:_frame_content_fingerprint
WARNING:pet.gui_stall_sampler:  [t-18ms] verify_seeky_multi.py:92:observed_frame <- window.py:1917:_on_frame <- window.py:2124:_rebuild_frame <- window.py:2270:_sync_mask <- window_optional_services.py:42:effects_coverage <- frame_edges.py:27:coverage_region
WARNING:root:GUI 卡顿 118ms state=IDLE anim=待机呼吸休闲 physics=None
WARNING:pet.gui_stall_sampler:GUI 冻结现场（118ms，2 个采样点，旧→新）：
WARNING:pet.gui_stall_sampler:  [t-141ms] webm_clip.py:2499:_poll <- webm_clip.py:2750:_process_frame <- window_optional_services.py:62:<lambda> <- verify_seeky_multi.py:92:observed_frame <- window.py:1917:_on_frame <- window.py:2124:_rebuild_frame
WARNING:pet.gui_stall_sampler:  [t-54ms] webm_clip.py:2499:_poll <- webm_clip.py:2750:_process_frame <- window_optional_services.py:62:<lambda> <- verify_seeky_multi.py:92:observed_frame <- window.py:1917:_on_frame <- window.py:2106:_rebuild_frame
WARNING:root:GUI 卡顿 120ms state=IDLE anim=待机呼吸休闲 physics=None
WARNING:pet.gui_stall_sampler:GUI 冻结现场（120ms，2 个采样点，旧→新）：
WARNING:pet.gui_stall_sampler:  [t-141ms] webm_clip.py:2499:_poll <- webm_clip.py:2750:_process_frame <- window_optional_services.py:62:<lambda> <- verify_seeky_multi.py:92:observed_frame <- window.py:1917:_on_frame <- window.py:2124:_rebuild_frame
WARNING:pet.gui_stall_sampler:  [t-55ms] webm_clip.py:2499:_poll <- webm_clip.py:2750:_process_frame <- window_optional_services.py:62:<lambda> <- verify_seeky_multi.py:92:observed_frame <- window.py:1917:_on_frame <- window.py:2106:_rebuild_frame
WARNING:root:GUI 卡顿 120ms state=IDLE anim=待机呼吸休闲 physics=None
WARNING:pet.gui_stall_sampler:GUI 冻结现场（120ms，2 个采样点，旧→新）：
WARNING:pet.gui_stall_sampler:  [t-142ms] webm_clip.py:2499:_poll <- webm_clip.py:2750:_process_frame <- window_optional_services.py:62:<lambda> <- verify_seeky_multi.py:92:observed_frame <- window.py:1917:_on_frame <- window.py:2124:_rebuild_frame
WARNING:pet.gui_stall_sampler:  [t-55ms] webm_clip.py:2499:_poll <- webm_clip.py:2750:_process_frame <- window_optional_services.py:62:<lambda> <- verify_seeky_multi.py:92:observed_frame <- window.py:1917:_on_frame <- window.py:2106:_rebuild_frame
WARNING:root:GUI 卡顿 103ms state=IDLE anim=待机呼吸休闲 physics=None
WARNING:pet.gui_stall_sampler:GUI 冻结现场（103ms，2 个采样点，旧→新）：
WARNING:pet.gui_stall_sampler:  [t-139ms] verify_seeky_multi.py:308:<module> <- verify_seeky_multi.py:244:main <- webm_clip.py:2499:_poll <- webm_clip.py:2724:_process_frame
WARNING:pet.gui_stall_sampler:  [t-41ms] window_optional_services.py:62:<lambda> <- verify_seeky_multi.py:92:observed_frame <- window.py:1919:_on_frame <- window.py:2126:_rebuild_frame <- window.py:2291:_sync_mask <- window_optional_services.py:44:effects_coverage
WARNING:root:GUI 卡顿 110ms state=IDLE anim=待机呼吸休闲 physics=None
WARNING:pet.gui_stall_sampler:GUI 冻结现场（110ms，2 个采样点，旧→新）：
WARNING:pet.gui_stall_sampler:  [t-140ms] verify_seeky_multi.py:308:<module> <- verify_seeky_multi.py:244:main <- webm_clip.py:2499:_poll <- webm_clip.py:2724:_process_frame
WARNING:pet.gui_stall_sampler:  [t-42ms] window_optional_services.py:62:<lambda> <- verify_seeky_multi.py:92:observed_frame <- window.py:1919:_on_frame <- window.py:2126:_rebuild_frame <- window.py:2291:_sync_mask <- window_optional_services.py:44:effects_coverage
WARNING:root:GUI 卡顿 111ms state=IDLE anim=待机呼吸休闲 physics=None
WARNING:pet.gui_stall_sampler:GUI 冻结现场（111ms，2 个采样点，旧→新）：
WARNING:pet.gui_stall_sampler:  [t-140ms] verify_seeky_multi.py:308:<module> <- verify_seeky_multi.py:244:main <- webm_clip.py:2499:_poll <- webm_clip.py:2724:_process_frame
WARNING:pet.gui_stall_sampler:  [t-42ms] window_optional_services.py:62:<lambda> <- verify_seeky_multi.py:92:observed_frame <- window.py:1919:_on_frame <- window.py:2126:_rebuild_frame <- window.py:2291:_sync_mask <- window_optional_services.py:44:effects_coverage
WARNING:root:GUI 卡顿 179ms state=IDLE anim=待机呼吸休闲 physics=None
WARNING:pet.gui_stall_sampler:GUI 冻结现场（179ms，3 个采样点，旧→新）：
WARNING:pet.gui_stall_sampler:  [t-221ms] webm_clip.py:2499:_poll <- webm_clip.py:2750:_process_frame <- window_optional_services.py:62:<lambda> <- verify_seeky_multi.py:92:observed_frame <- window.py:1917:_on_frame <- window.py:2106:_rebuild_frame
WARNING:root:GUI 卡顿 180ms state=IDLE anim=待机呼吸休闲 physics=None
WARNING:pet.gui_stall_sampler:GUI 冻结现场（180ms，3 个采样点，旧→新）：
WARNING:pet.gui_stall_sampler:  [t-221ms] webm_clip.py:2499:_poll <- webm_clip.py:2750:_process_frame <- window_optional_services.py:62:<lambda> <- verify_seeky_multi.py:92:observed_frame <- window.py:1917:_on_frame <- window.py:2106:_rebuild_frame
WARNING:root:GUI 卡顿 180ms state=IDLE anim=待机呼吸休闲 physics=None
WARNING:pet.gui_stall_sampler:GUI 冻结现场（180ms，3 个采样点，旧→新）：
WARNING:pet.gui_stall_sampler:  [t-222ms] webm_clip.py:2499:_poll <- webm_clip.py:2750:_process_frame <- window_optional_services.py:62:<lambda> <- verify_seeky_multi.py:92:observed_frame <- window.py:1917:_on_frame <- window.py:2106:_rebuild_frame
WARNING:root:GUI 卡顿 162ms state=IDLE anim=待机呼吸休闲 physics=None
WARNING:pet.gui_stall_sampler:GUI 冻结现场（162ms，1 个采样点，旧→新）：
WARNING:pet.gui_stall_sampler:  [t-6ms] webm_clip.py:2499:_poll <- webm_clip.py:2750:_process_frame <- window_optional_services.py:62:<lambda> <- verify_seeky_multi.py:92:observed_frame <- window.py:1917:_on_frame <- window.py:2099:_rebuild_frame
WARNING:root:GUI 卡顿 165ms state=IDLE anim=待机呼吸休闲 physics=None
WARNING:pet.gui_stall_sampler:GUI 冻结现场（165ms，2 个采样点，旧→新）：
WARNING:pet.gui_stall_sampler:  [t-214ms] verify_seeky_multi.py:308:<module> <- verify_seeky_multi.py:244:main
WARNING:pet.gui_stall_sampler:  [t-7ms] webm_clip.py:2499:_poll <- webm_clip.py:2750:_process_frame <- window_optional_services.py:62:<lambda> <- verify_seeky_multi.py:92:observed_frame <- window.py:1917:_on_frame <- window.py:2099:_rebuild_frame
WARNING:root:GUI 卡顿 166ms state=IDLE anim=待机呼吸休闲 physics=None
WARNING:pet.gui_stall_sampler:GUI 冻结现场（166ms，2 个采样点，旧→新）：
WARNING:pet.gui_stall_sampler:  [t-215ms] verify_seeky_multi.py:308:<module> <- verify_seeky_multi.py:244:main
WARNING:pet.gui_stall_sampler:  [t-8ms] webm_clip.py:2499:_poll <- webm_clip.py:2750:_process_frame <- window_optional_services.py:62:<lambda> <- verify_seeky_multi.py:92:observed_frame <- window.py:1917:_on_frame <- window.py:2099:_rebuild_frame
WARNING:root:GUI 卡顿 125ms state=IDLE anim=待机呼吸休闲 physics=None
WARNING:pet.gui_stall_sampler:GUI 冻结现场（125ms，1 个采样点，旧→新）：
WARNING:pet.gui_stall_sampler:  [t-13ms] webm_clip.py:2750:_process_frame <- window_optional_services.py:62:<lambda> <- verify_seeky_multi.py:92:observed_frame <- window.py:1917:_on_frame <- window.py:2124:_rebuild_frame <- window.py:2263:_sync_mask
WARNING:root:GUI 卡顿 126ms state=IDLE anim=待机呼吸休闲 physics=None
WARNING:pet.gui_stall_sampler:GUI 冻结现场（126ms，1 个采样点，旧→新）：
WARNING:pet.gui_stall_sampler:  [t-13ms] webm_clip.py:2750:_process_frame <- window_optional_services.py:62:<lambda> <- verify_seeky_multi.py:92:observed_frame <- window.py:1917:_on_frame <- window.py:2124:_rebuild_frame <- window.py:2263:_sync_mask
WARNING:root:GUI 卡顿 143ms state=IDLE anim=待机呼吸休闲 physics=None
WARNING:pet.gui_stall_sampler:GUI 冻结现场（143ms，1 个采样点，旧→新）：
WARNING:pet.gui_stall_sampler:  [t-31ms] webm_clip.py:2750:_process_frame <- window_optional_services.py:62:<lambda> <- verify_seeky_multi.py:92:observed_frame <- window.py:1917:_on_frame <- window.py:2124:_rebuild_frame <- window.py:2263:_sync_mask
WARNING:root:GUI 卡顿 104ms state=IDLE anim=待机呼吸休闲 physics=None
WARNING:pet.gui_stall_sampler:GUI 冻结现场（104ms，2 个采样点，旧→新）：
WARNING:pet.gui_stall_sampler:  [t-131ms] verify_seeky_multi.py:308:<module> <- verify_seeky_multi.py:244:main
WARNING:pet.gui_stall_sampler:  [t-47ms] verify_seeky_multi.py:308:<module> <- verify_seeky_multi.py:244:main <- webm_clip.py:2499:_poll <- webm_clip.py:2724:_process_frame
WARNING:root:GUI 卡顿 106ms state=IDLE anim=待机呼吸休闲 physics=None
WARNING:pet.gui_stall_sampler:GUI 冻结现场（106ms，2 个采样点，旧→新）：
WARNING:pet.gui_stall_sampler:  [t-132ms] verify_seeky_multi.py:308:<module> <- verify_seeky_multi.py:244:main
WARNING:pet.gui_stall_sampler:  [t-48ms] verify_seeky_multi.py:308:<module> <- verify_seeky_multi.py:244:main <- webm_clip.py:2499:_poll <- webm_clip.py:2724:_process_frame
WARNING:root:GUI 卡顿 106ms state=IDLE anim=待机呼吸休闲 physics=None
WARNING:pet.gui_stall_sampler:GUI 冻结现场（106ms，2 个采样点，旧→新）：
WARNING:pet.gui_stall_sampler:  [t-132ms] verify_seeky_multi.py:308:<module> <- verify_seeky_multi.py:244:main
WARNING:pet.gui_stall_sampler:  [t-48ms] verify_seeky_multi.py:308:<module> <- verify_seeky_multi.py:244:main <- webm_clip.py:2499:_poll <- webm_clip.py:2724:_process_frame
WARNING:root:GUI 卡顿 178ms state=IDLE anim=待机呼吸休闲 physics=None
WARNING:pet.gui_stall_sampler:GUI 冻结现场（178ms，3 个采样点，旧→新）：
WARNING:pet.gui_stall_sampler:  [t-193ms] verify_seeky_multi.py:308:<module> <- verify_seeky_multi.py:244:main
WARNING:pet.gui_stall_sampler:  [t-101ms] webm_clip.py:2499:_poll <- webm_clip.py:2750:_process_frame <- window_optional_services.py:62:<lambda> <- verify_seeky_multi.py:92:observed_frame <- window.py:1917:_on_frame <- window.py:2106:_rebuild_frame
WARNING:root:GUI 卡顿 179ms state=IDLE anim=待机呼吸休闲 physics=None
WARNING:pet.gui_stall_sampler:GUI 冻结现场（179ms，3 个采样点，旧→新）：
WARNING:pet.gui_stall_sampler:  [t-193ms] verify_seeky_multi.py:308:<module> <- verify_seeky_multi.py:244:main
WARNING:pet.gui_stall_sampler:  [t-101ms] webm_clip.py:2499:_poll <- webm_clip.py:2750:_process_frame <- window_optional_services.py:62:<lambda> <- verify_seeky_multi.py:92:observed_frame <- window.py:1917:_on_frame <- window.py:2106:_rebuild_frame
WARNING:root:GUI 卡顿 180ms state=IDLE anim=待机呼吸休闲 physics=None
WARNING:pet.gui_stall_sampler:GUI 冻结现场（180ms，3 个采样点，旧→新）：
WARNING:pet.gui_stall_sampler:  [t-193ms] verify_seeky_multi.py:308:<module> <- verify_seeky_multi.py:244:main
WARNING:pet.gui_stall_sampler:  [t-102ms] webm_clip.py:2499:_poll <- webm_clip.py:2750:_process_frame <- window_optional_services.py:62:<lambda> <- verify_seeky_multi.py:92:observed_frame <- window.py:1917:_on_frame <- window.py:2106:_rebuild_frame
WARNING:root:GUI 卡顿 120ms state=IDLE anim=待机呼吸休闲 physics=None
WARNING:pet.gui_stall_sampler:GUI 冻结现场（120ms，2 个采样点，旧→新）：
WARNING:pet.gui_stall_sampler:  [t-146ms] verify_seeky_multi.py:92:observed_frame <- window.py:1917:_on_frame <- window.py:2124:_rebuild_frame <- window.py:2270:_sync_mask <- window_optional_services.py:42:effects_coverage <- frame_edges.py:32:coverage_region
WARNING:pet.gui_stall_sampler:  [t-41ms] verify_seeky_multi.py:308:<module> <- verify_seeky_multi.py:244:main <- webm_clip.py:2499:_poll <- webm_clip.py:2750:_process_frame
WARNING:root:GUI 卡顿 121ms state=IDLE anim=待机呼吸休闲 physics=None
WARNING:pet.gui_stall_sampler:GUI 冻结现场（121ms，2 个采样点，旧→新）：
WARNING:pet.gui_stall_sampler:  [t-146ms] verify_seeky_multi.py:92:observed_frame <- window.py:1917:_on_frame <- window.py:2124:_rebuild_frame <- window.py:2270:_sync_mask <- window_optional_services.py:42:effects_coverage <- frame_edges.py:32:coverage_region
WARNING:pet.gui_stall_sampler:  [t-41ms] verify_seeky_multi.py:308:<module> <- verify_seeky_multi.py:244:main <- webm_clip.py:2499:_poll <- webm_clip.py:2750:_process_frame
WARNING:root:GUI 卡顿 121ms state=IDLE anim=待机呼吸休闲 physics=None
WARNING:pet.gui_stall_sampler:GUI 冻结现场（121ms，2 个采样点，旧→新）：
WARNING:pet.gui_stall_sampler:  [t-147ms] verify_seeky_multi.py:92:observed_frame <- window.py:1917:_on_frame <- window.py:2124:_rebuild_frame <- window.py:2270:_sync_mask <- window_optional_services.py:42:effects_coverage <- frame_edges.py:32:coverage_region
WARNING:pet.gui_stall_sampler:  [t-42ms] verify_seeky_multi.py:308:<module> <- verify_seeky_multi.py:244:main <- webm_clip.py:2499:_poll <- webm_clip.py:2750:_process_frame
WARNING:root:GUI 卡顿 105ms state=IDLE anim=待机呼吸休闲 physics=None
WARNING:pet.gui_stall_sampler:GUI 冻结现场（105ms，2 个采样点，旧→新）：
WARNING:pet.gui_stall_sampler:  [t-152ms] verify_seeky_multi.py:308:<module> <- verify_seeky_multi.py:244:main
WARNING:pet.gui_stall_sampler:  [t-0ms] verify_seeky_multi.py:92:observed_frame <- window.py:1917:_on_frame <- window.py:2124:_rebuild_frame <- window.py:2270:_sync_mask <- window_optional_services.py:42:effects_coverage <- frame_edges.py:27:coverage_region
WARNING:root:GUI 卡顿 106ms state=IDLE anim=待机呼吸休闲 physics=None
WARNING:pet.gui_stall_sampler:GUI 冻结现场（106ms，2 个采样点，旧→新）：
WARNING:pet.gui_stall_sampler:  [t-153ms] verify_seeky_multi.py:308:<module> <- verify_seeky_multi.py:244:main
WARNING:pet.gui_stall_sampler:  [t-1ms] verify_seeky_multi.py:92:observed_frame <- window.py:1917:_on_frame <- window.py:2124:_rebuild_frame <- window.py:2270:_sync_mask <- window_optional_services.py:42:effects_coverage <- frame_edges.py:27:coverage_region
WARNING:root:GUI 卡顿 107ms state=IDLE anim=待机呼吸休闲 physics=None
WARNING:pet.gui_stall_sampler:GUI 冻结现场（107ms，2 个采样点，旧→新）：
WARNING:pet.gui_stall_sampler:  [t-153ms] verify_seeky_multi.py:308:<module> <- verify_seeky_multi.py:244:main
WARNING:pet.gui_stall_sampler:  [t-1ms] verify_seeky_multi.py:92:observed_frame <- window.py:1917:_on_frame <- window.py:2124:_rebuild_frame <- window.py:2270:_sync_mask <- window_optional_services.py:42:effects_coverage <- frame_edges.py:27:coverage_region
WARNING:root:GUI 卡顿 100ms state=IDLE anim=待机呼吸休闲 physics=None
WARNING:pet.gui_stall_sampler:GUI 冻结现场（100ms，2 个采样点，旧→新）：
WARNING:pet.gui_stall_sampler:  [t-113ms] verify_seeky_multi.py:308:<module> <- verify_seeky_multi.py:244:main
WARNING:pet.gui_stall_sampler:  [t-9ms] verify_seeky_multi.py:308:<module> <- verify_seeky_multi.py:244:main <- webm_clip.py:2499:_poll <- webm_clip.py:2723:_process_frame
WARNING:root:GUI 卡顿 101ms state=IDLE anim=待机呼吸休闲 physics=None
WARNING:pet.gui_stall_sampler:GUI 冻结现场（101ms，2 个采样点，旧→新）：
WARNING:pet.gui_stall_sampler:  [t-114ms] verify_seeky_multi.py:308:<module> <- verify_seeky_multi.py:244:main
WARNING:pet.gui_stall_sampler:  [t-10ms] verify_seeky_multi.py:308:<module> <- verify_seeky_multi.py:244:main <- webm_clip.py:2499:_poll <- webm_clip.py:2723:_process_frame
WARNING:root:GUI 卡顿 102ms state=IDLE anim=待机呼吸休闲 physics=None
WARNING:pet.gui_stall_sampler:GUI 冻结现场（102ms，2 个采样点，旧→新）：
WARNING:pet.gui_stall_sampler:  [t-115ms] verify_seeky_multi.py:308:<module> <- verify_seeky_multi.py:244:main
WARNING:pet.gui_stall_sampler:  [t-10ms] verify_seeky_multi.py:308:<module> <- verify_seeky_multi.py:244:main <- webm_clip.py:2499:_poll <- webm_clip.py:2723:_process_frame
WARNING:root:GUI 卡顿 159ms state=IDLE anim=待机呼吸休闲 physics=None
WARNING:pet.gui_stall_sampler:GUI 冻结现场（159ms，2 个采样点，旧→新）：
WARNING:pet.gui_stall_sampler:  [t-167ms] verify_seeky_multi.py:308:<module> <- verify_seeky_multi.py:244:main
WARNING:pet.gui_stall_sampler:  [t-51ms] webm_clip.py:2750:_process_frame <- window_optional_services.py:62:<lambda> <- verify_seeky_multi.py:92:observed_frame <- window.py:1917:_on_frame <- window.py:2068:_rebuild_frame <- window.py:1990:_frame_signature
WARNING:root:GUI 卡顿 160ms state=IDLE anim=待机呼吸休闲 physics=None
WARNING:pet.gui_stall_sampler:GUI 冻结现场（160ms，2 个采样点，旧→新）：
WARNING:pet.gui_stall_sampler:  [t-168ms] verify_seeky_multi.py:308:<module> <- verify_seeky_multi.py:244:main
WARNING:pet.gui_stall_sampler:  [t-52ms] webm_clip.py:2750:_process_frame <- window_optional_services.py:62:<lambda> <- verify_seeky_multi.py:92:observed_frame <- window.py:1917:_on_frame <- window.py:2068:_rebuild_frame <- window.py:1990:_frame_signature
WARNING:root:GUI 卡顿 161ms state=IDLE anim=待机呼吸休闲 physics=None
WARNING:pet.gui_stall_sampler:GUI 冻结现场（161ms，2 个采样点，旧→新）：
WARNING:pet.gui_stall_sampler:  [t-168ms] verify_seeky_multi.py:308:<module> <- verify_seeky_multi.py:244:main
WARNING:pet.gui_stall_sampler:  [t-52ms] webm_clip.py:2750:_process_frame <- window_optional_services.py:62:<lambda> <- verify_seeky_multi.py:92:observed_frame <- window.py:1917:_on_frame <- window.py:2068:_rebuild_frame <- window.py:1990:_frame_signature
WARNING:root:GUI 卡顿 135ms state=IDLE anim=待机呼吸休闲 physics=None
WARNING:pet.gui_stall_sampler:GUI 冻结现场（135ms，2 个采样点，旧→新）：
WARNING:pet.gui_stall_sampler:  [t-153ms] verify_seeky_multi.py:308:<module> <- verify_seeky_multi.py:244:main
WARNING:pet.gui_stall_sampler:  [t-31ms] webm_clip.py:2499:_poll <- webm_clip.py:2750:_process_frame <- window_optional_services.py:62:<lambda> <- verify_seeky_multi.py:92:observed_frame <- window.py:1917:_on_frame <- window.py:2106:_rebuild_frame
WARNING:root:GUI 卡顿 137ms state=IDLE anim=待机呼吸休闲 physics=None
WARNING:pet.gui_stall_sampler:GUI 冻结现场（137ms，2 个采样点，旧→新）：
WARNING:pet.gui_stall_sampler:  [t-154ms] verify_seeky_multi.py:308:<module> <- verify_seeky_multi.py:244:main
WARNING:pet.gui_stall_sampler:  [t-32ms] webm_clip.py:2499:_poll <- webm_clip.py:2750:_process_frame <- window_optional_services.py:62:<lambda> <- verify_seeky_multi.py:92:observed_frame <- window.py:1917:_on_frame <- window.py:2106:_rebuild_frame
WARNING:root:GUI 卡顿 138ms state=IDLE anim=待机呼吸休闲 physics=None
WARNING:pet.gui_stall_sampler:GUI 冻结现场（138ms，2 个采样点，旧→新）：
WARNING:pet.gui_stall_sampler:  [t-155ms] verify_seeky_multi.py:308:<module> <- verify_seeky_multi.py:244:main
WARNING:pet.gui_stall_sampler:  [t-33ms] webm_clip.py:2499:_poll <- webm_clip.py:2750:_process_frame <- window_optional_services.py:62:<lambda> <- verify_seeky_multi.py:92:observed_frame <- window.py:1917:_on_frame <- window.py:2106:_rebuild_frame
WARNING:root:GUI 卡顿 152ms state=IDLE anim=待机呼吸休闲 physics=None
WARNING:pet.gui_stall_sampler:GUI 冻结现场（152ms，3 个采样点，旧→新）：
WARNING:pet.gui_stall_sampler:  [t-149ms] verify_seeky_multi.py:308:<module> <- verify_seeky_multi.py:244:main
WARNING:pet.gui_stall_sampler:  [t-86ms] verify_seeky_multi.py:308:<module> <- verify_seeky_multi.py:244:main <- webm_clip.py:2499:_poll <- webm_clip.py:2724:_process_frame
WARNING:pet.gui_stall_sampler:  [t-2ms] webm_clip.py:2499:_poll <- webm_clip.py:2750:_process_frame <- window_optional_services.py:62:<lambda> <- verify_seeky_multi.py:92:observed_frame <- window.py:1917:_on_frame <- window.py:2106:_rebuild_frame
WARNING:root:GUI 卡顿 153ms state=IDLE anim=待机呼吸休闲 physics=None
WARNING:pet.gui_stall_sampler:GUI 冻结现场（153ms，3 个采样点，旧→新）：
WARNING:pet.gui_stall_sampler:  [t-150ms] verify_seeky_multi.py:308:<module> <- verify_seeky_multi.py:244:main
WARNING:pet.gui_stall_sampler:  [t-87ms] verify_seeky_multi.py:308:<module> <- verify_seeky_multi.py:244:main <- webm_clip.py:2499:_poll <- webm_clip.py:2724:_process_frame
WARNING:pet.gui_stall_sampler:  [t-2ms] webm_clip.py:2499:_poll <- webm_clip.py:2750:_process_frame <- window_optional_services.py:62:<lambda> <- verify_seeky_multi.py:92:observed_frame <- window.py:1917:_on_frame <- window.py:2106:_rebuild_frame
WARNING:root:GUI 卡顿 153ms state=IDLE anim=待机呼吸休闲 physics=None
WARNING:pet.gui_stall_sampler:GUI 冻结现场（153ms，3 个采样点，旧→新）：
WARNING:pet.gui_stall_sampler:  [t-150ms] verify_seeky_multi.py:308:<module> <- verify_seeky_multi.py:244:main
WARNING:pet.gui_stall_sampler:  [t-87ms] verify_seeky_multi.py:308:<module> <- verify_seeky_multi.py:244:main <- webm_clip.py:2499:_poll <- webm_clip.py:2724:_process_frame
WARNING:pet.gui_stall_sampler:  [t-2ms] webm_clip.py:2499:_poll <- webm_clip.py:2750:_process_frame <- window_optional_services.py:62:<lambda> <- verify_seeky_multi.py:92:observed_frame <- window.py:1917:_on_frame <- window.py:2106:_rebuild_frame
WARNING:root:GUI 卡顿 146ms state=IDLE anim=待机呼吸休闲 physics=None
WARNING:pet.gui_stall_sampler:GUI 冻结现场（146ms，2 个采样点，旧→新）：
WARNING:pet.gui_stall_sampler:  [t-183ms] verify_seeky_multi.py:308:<module> <- verify_seeky_multi.py:244:main
WARNING:pet.gui_stall_sampler:  [t-120ms] verify_seeky_multi.py:308:<module> <- verify_seeky_multi.py:244:main <- webm_clip.py:2499:_poll <- webm_clip.py:2724:_process_frame
WARNING:root:GUI 卡顿 147ms state=IDLE anim=待机呼吸休闲 physics=None
WARNING:pet.gui_stall_sampler:GUI 冻结现场（147ms，2 个采样点，旧→新）：
WARNING:pet.gui_stall_sampler:  [t-183ms] verify_seeky_multi.py:308:<module> <- verify_seeky_multi.py:244:main
WARNING:pet.gui_stall_sampler:  [t-121ms] verify_seeky_multi.py:308:<module> <- verify_seeky_multi.py:244:main <- webm_clip.py:2499:_poll <- webm_clip.py:2724:_process_frame
WARNING:root:GUI 卡顿 147ms state=IDLE anim=待机呼吸休闲 physics=None
WARNING:pet.gui_stall_sampler:GUI 冻结现场（147ms，2 个采样点，旧→新）：
WARNING:pet.gui_stall_sampler:  [t-184ms] verify_seeky_multi.py:308:<module> <- verify_seeky_multi.py:244:main
WARNING:pet.gui_stall_sampler:  [t-122ms] verify_seeky_multi.py:308:<module> <- verify_seeky_multi.py:244:main <- webm_clip.py:2499:_poll <- webm_clip.py:2724:_process_frame
WARNING:root:GUI 卡顿 134ms state=IDLE anim=待机呼吸休闲 physics=None
WARNING:pet.gui_stall_sampler:GUI 冻结现场（134ms，2 个采样点，旧→新）：
WARNING:pet.gui_stall_sampler:  [t-137ms] verify_seeky_multi.py:308:<module> <- verify_seeky_multi.py:244:main
WARNING:pet.gui_stall_sampler:  [t-48ms] webm_clip.py:2499:_poll <- webm_clip.py:2750:_process_frame <- window_optional_services.py:62:<lambda> <- verify_seeky_multi.py:92:observed_frame <- window.py:1917:_on_frame <- window.py:2106:_rebuild_frame
WARNING:root:GUI 卡顿 135ms state=IDLE anim=待机呼吸休闲 physics=None
WARNING:pet.gui_stall_sampler:GUI 冻结现场（135ms，2 个采样点，旧→新）：
WARNING:pet.gui_stall_sampler:  [t-138ms] verify_seeky_multi.py:308:<module> <- verify_seeky_multi.py:244:main
WARNING:pet.gui_stall_sampler:  [t-49ms] webm_clip.py:2499:_poll <- webm_clip.py:2750:_process_frame <- window_optional_services.py:62:<lambda> <- verify_seeky_multi.py:92:observed_frame <- window.py:1917:_on_frame <- window.py:2106:_rebuild_frame
WARNING:root:GUI 卡顿 135ms state=IDLE anim=待机呼吸休闲 physics=None
WARNING:pet.gui_stall_sampler:GUI 冻结现场（135ms，2 个采样点，旧→新）：
WARNING:pet.gui_stall_sampler:  [t-138ms] verify_seeky_multi.py:308:<module> <- verify_seeky_multi.py:244:main
WARNING:pet.gui_stall_sampler:  [t-49ms] webm_clip.py:2499:_poll <- webm_clip.py:2750:_process_frame <- window_optional_services.py:62:<lambda> <- verify_seeky_multi.py:92:observed_frame <- window.py:1917:_on_frame <- window.py:2106:_rebuild_frame
WARNING:root:GUI 卡顿 167ms state=IDLE anim=待机呼吸休闲 physics=None
WARNING:pet.gui_stall_sampler:GUI 冻结现场（167ms，2 个采样点，旧→新）：
WARNING:pet.gui_stall_sampler:  [t-201ms] verify_seeky_multi.py:308:<module> <- verify_seeky_multi.py:244:main
WARNING:pet.gui_stall_sampler:  [t-32ms] verify_seeky_multi.py:92:observed_frame <- window.py:1917:_on_frame <- window.py:2124:_rebuild_frame <- window.py:2270:_sync_mask <- window_optional_services.py:42:effects_coverage <- frame_edges.py:34:coverage_region
WARNING:root:GUI 卡顿 168ms state=IDLE anim=待机呼吸休闲 physics=None
WARNING:pet.gui_stall_sampler:GUI 冻结现场（168ms，2 个采样点，旧→新）：
WARNING:pet.gui_stall_sampler:  [t-201ms] verify_seeky_multi.py:308:<module> <- verify_seeky_multi.py:244:main
WARNING:pet.gui_stall_sampler:  [t-32ms] verify_seeky_multi.py:92:observed_frame <- window.py:1917:_on_frame <- window.py:2124:_rebuild_frame <- window.py:2270:_sync_mask <- window_optional_services.py:42:effects_coverage <- frame_edges.py:34:coverage_region
WARNING:root:GUI 卡顿 168ms state=IDLE anim=待机呼吸休闲 physics=None
WARNING:pet.gui_stall_sampler:GUI 冻结现场（168ms，2 个采样点，旧→新）：
WARNING:pet.gui_stall_sampler:  [t-201ms] verify_seeky_multi.py:308:<module> <- verify_seeky_multi.py:244:main
WARNING:pet.gui_stall_sampler:  [t-32ms] verify_seeky_multi.py:92:observed_frame <- window.py:1917:_on_frame <- window.py:2124:_rebuild_frame <- window.py:2270:_sync_mask <- window_optional_services.py:42:effects_coverage <- frame_edges.py:34:coverage_region
WARNING:root:GUI 卡顿 141ms state=IDLE anim=待机呼吸休闲 physics=None
WARNING:pet.gui_stall_sampler:GUI 冻结现场（141ms，2 个采样点，旧→新）：
WARNING:pet.gui_stall_sampler:  [t-148ms] verify_seeky_multi.py:308:<module> <- verify_seeky_multi.py:244:main
WARNING:pet.gui_stall_sampler:  [t-73ms] window_optional_services.py:62:<lambda> <- verify_seeky_multi.py:92:observed_frame <- window.py:1917:_on_frame <- window.py:2124:_rebuild_frame <- window.py:2270:_sync_mask <- window_optional_services.py:42:effects_coverage
WARNING:root:GUI 卡顿 143ms state=IDLE anim=待机呼吸休闲 physics=None
WARNING:pet.gui_stall_sampler:GUI 冻结现场（143ms，2 个采样点，旧→新）：
WARNING:pet.gui_stall_sampler:  [t-149ms] verify_seeky_multi.py:308:<module> <- verify_seeky_multi.py:244:main
WARNING:pet.gui_stall_sampler:  [t-73ms] window_optional_services.py:62:<lambda> <- verify_seeky_multi.py:92:observed_frame <- window.py:1917:_on_frame <- window.py:2124:_rebuild_frame <- window.py:2270:_sync_mask <- window_optional_services.py:42:effects_coverage
WARNING:root:GUI 卡顿 143ms state=IDLE anim=待机呼吸休闲 physics=None
WARNING:pet.gui_stall_sampler:GUI 冻结现场（143ms，2 个采样点，旧→新）：
WARNING:pet.gui_stall_sampler:  [t-149ms] verify_seeky_multi.py:308:<module> <- verify_seeky_multi.py:244:main
WARNING:pet.gui_stall_sampler:  [t-74ms] window_optional_services.py:62:<lambda> <- verify_seeky_multi.py:92:observed_frame <- window.py:1917:_on_frame <- window.py:2124:_rebuild_frame <- window.py:2270:_sync_mask <- window_optional_services.py:42:effects_coverage
WARNING:root:GUI 卡顿 110ms state=IDLE anim=待机呼吸休闲 physics=None
WARNING:pet.gui_stall_sampler:GUI 冻结现场（110ms，2 个采样点，旧→新）：
WARNING:pet.gui_stall_sampler:  [t-149ms] verify_seeky_multi.py:308:<module> <- verify_seeky_multi.py:244:main <- webm_clip.py:2499:_poll <- webm_clip.py:2750:_process_frame
WARNING:pet.gui_stall_sampler:  [t-60ms] webm_clip.py:2499:_poll <- webm_clip.py:2750:_process_frame <- window_optional_services.py:62:<lambda> <- verify_seeky_multi.py:92:observed_frame <- window.py:1917:_on_frame <- window.py:2106:_rebuild_frame
WARNING:root:GUI 卡顿 110ms state=IDLE anim=待机呼吸休闲 physics=None
WARNING:pet.gui_stall_sampler:GUI 冻结现场（110ms，2 个采样点，旧→新）：
WARNING:pet.gui_stall_sampler:  [t-150ms] verify_seeky_multi.py:308:<module> <- verify_seeky_multi.py:244:main <- webm_clip.py:2499:_poll <- webm_clip.py:2750:_process_frame
WARNING:pet.gui_stall_sampler:  [t-60ms] webm_clip.py:2499:_poll <- webm_clip.py:2750:_process_frame <- window_optional_services.py:62:<lambda> <- verify_seeky_multi.py:92:observed_frame <- window.py:1917:_on_frame <- window.py:2106:_rebuild_frame
WARNING:root:GUI 卡顿 110ms state=IDLE anim=待机呼吸休闲 physics=None
WARNING:pet.gui_stall_sampler:GUI 冻结现场（110ms，2 个采样点，旧→新）：
WARNING:pet.gui_stall_sampler:  [t-150ms] verify_seeky_multi.py:308:<module> <- verify_seeky_multi.py:244:main <- webm_clip.py:2499:_poll <- webm_clip.py:2750:_process_frame
WARNING:pet.gui_stall_sampler:  [t-60ms] webm_clip.py:2499:_poll <- webm_clip.py:2750:_process_frame <- window_optional_services.py:62:<lambda> <- verify_seeky_multi.py:92:observed_frame <- window.py:1917:_on_frame <- window.py:2106:_rebuild_frame
WARNING:root:GUI 卡顿 134ms state=IDLE anim=待机呼吸休闲 physics=None
WARNING:pet.gui_stall_sampler:GUI 冻结现场（134ms，2 个采样点，旧→新）：
WARNING:pet.gui_stall_sampler:  [t-176ms] verify_seeky_multi.py:308:<module> <- verify_seeky_multi.py:244:main
WARNING:pet.gui_stall_sampler:  [t-51ms] window_optional_services.py:62:<lambda> <- verify_seeky_multi.py:92:observed_frame <- window.py:1917:_on_frame <- window.py:2124:_rebuild_frame <- window.py:2270:_sync_mask <- window_optional_services.py:42:effects_coverage
WARNING:root:GUI 卡顿 135ms state=IDLE anim=待机呼吸休闲 physics=None
WARNING:pet.gui_stall_sampler:GUI 冻结现场（135ms，2 个采样点，旧→新）：
WARNING:pet.gui_stall_sampler:  [t-176ms] verify_seeky_multi.py:308:<module> <- verify_seeky_multi.py:244:main
WARNING:pet.gui_stall_sampler:  [t-52ms] window_optional_services.py:62:<lambda> <- verify_seeky_multi.py:92:observed_frame <- window.py:1917:_on_frame <- window.py:2124:_rebuild_frame <- window.py:2270:_sync_mask <- window_optional_services.py:42:effects_coverage
WARNING:root:GUI 卡顿 135ms state=IDLE anim=待机呼吸休闲 physics=None
WARNING:pet.gui_stall_sampler:GUI 冻结现场（135ms，2 个采样点，旧→新）：
WARNING:pet.gui_stall_sampler:  [t-176ms] verify_seeky_multi.py:308:<module> <- verify_seeky_multi.py:244:main
WARNING:pet.gui_stall_sampler:  [t-52ms] window_optional_services.py:62:<lambda> <- verify_seeky_multi.py:92:observed_frame <- window.py:1917:_on_frame <- window.py:2124:_rebuild_frame <- window.py:2270:_sync_mask <- window_optional_services.py:42:effects_coverage
WARNING:root:GUI 卡顿 114ms state=IDLE anim=待机呼吸休闲 physics=None
WARNING:pet.gui_stall_sampler:GUI 冻结现场（114ms，3 个采样点，旧→新）：
WARNING:pet.gui_stall_sampler:  [t-144ms] verify_seeky_multi.py:308:<module> <- verify_seeky_multi.py:244:main
WARNING:pet.gui_stall_sampler:  [t-78ms] webm_clip.py:2499:_poll <- webm_clip.py:2750:_process_frame <- window_optional_services.py:62:<lambda> <- verify_seeky_multi.py:92:observed_frame <- window.py:1917:_on_frame <- window.py:2114:_rebuild_frame
WARNING:pet.gui_stall_sampler:  [t-2ms] verify_seeky_multi.py:308:<module> <- verify_seeky_multi.py:244:main
WARNING:root:GUI 卡顿 116ms state=IDLE anim=待机呼吸休闲 physics=None
WARNING:pet.gui_stall_sampler:GUI 冻结现场（116ms，3 个采样点，旧→新）：
WARNING:pet.gui_stall_sampler:  [t-145ms] verify_seeky_multi.py:308:<module> <- verify_seeky_multi.py:244:main
WARNING:pet.gui_stall_sampler:  [t-79ms] webm_clip.py:2499:_poll <- webm_clip.py:2750:_process_frame <- window_optional_services.py:62:<lambda> <- verify_seeky_multi.py:92:observed_frame <- window.py:1917:_on_frame <- window.py:2114:_rebuild_frame
WARNING:pet.gui_stall_sampler:  [t-2ms] verify_seeky_multi.py:308:<module> <- verify_seeky_multi.py:244:main
WARNING:root:GUI 卡顿 116ms state=IDLE anim=待机呼吸休闲 physics=None
WARNING:pet.gui_stall_sampler:GUI 冻结现场（116ms，3 个采样点，旧→新）：
WARNING:pet.gui_stall_sampler:  [t-146ms] verify_seeky_multi.py:308:<module> <- verify_seeky_multi.py:244:main
WARNING:pet.gui_stall_sampler:  [t-79ms] webm_clip.py:2499:_poll <- webm_clip.py:2750:_process_frame <- window_optional_services.py:62:<lambda> <- verify_seeky_multi.py:92:observed_frame <- window.py:1917:_on_frame <- window.py:2114:_rebuild_frame
WARNING:pet.gui_stall_sampler:  [t-3ms] verify_seeky_multi.py:308:<module> <- verify_seeky_multi.py:244:main
WARNING:root:GUI 卡顿 143ms state=IDLE anim=待机呼吸休闲 physics=None
WARNING:pet.gui_stall_sampler:GUI 冻结现场（143ms，1 个采样点，旧→新）：
WARNING:pet.gui_stall_sampler:  [t-189ms] webm_clip.py:2499:_poll <- webm_clip.py:2750:_process_frame <- window_optional_services.py:62:<lambda> <- verify_seeky_multi.py:92:observed_frame <- window.py:1917:_on_frame <- window.py:2099:_rebuild_frame
WARNING:root:GUI 卡顿 144ms state=IDLE anim=待机呼吸休闲 physics=None
WARNING:pet.gui_stall_sampler:GUI 冻结现场（144ms，1 个采样点，旧→新）：
WARNING:pet.gui_stall_sampler:  [t-190ms] webm_clip.py:2499:_poll <- webm_clip.py:2750:_process_frame <- window_optional_services.py:62:<lambda> <- verify_seeky_multi.py:92:observed_frame <- window.py:1917:_on_frame <- window.py:2099:_rebuild_frame
WARNING:root:GUI 卡顿 145ms state=IDLE anim=待机呼吸休闲 physics=None
WARNING:pet.gui_stall_sampler:GUI 冻结现场（145ms，1 个采样点，旧→新）：
WARNING:pet.gui_stall_sampler:  [t-190ms] webm_clip.py:2499:_poll <- webm_clip.py:2750:_process_frame <- window_optional_services.py:62:<lambda> <- verify_seeky_multi.py:92:observed_frame <- window.py:1917:_on_frame <- window.py:2099:_rebuild_frame
WARNING:root:GUI 卡顿 166ms state=IDLE anim=待机呼吸休闲 physics=None
WARNING:pet.gui_stall_sampler:GUI 冻结现场（166ms，2 个采样点，旧→新）：
WARNING:pet.gui_stall_sampler:  [t-171ms] verify_seeky_multi.py:308:<module> <- verify_seeky_multi.py:244:main
WARNING:pet.gui_stall_sampler:  [t-24ms] webm_clip.py:2499:_poll <- webm_clip.py:2750:_process_frame <- window_optional_services.py:62:<lambda> <- verify_seeky_multi.py:92:observed_frame <- window.py:1917:_on_frame <- window.py:2106:_rebuild_frame
WARNING:root:GUI 卡顿 167ms state=IDLE anim=待机呼吸休闲 physics=None
WARNING:pet.gui_stall_sampler:GUI 冻结现场（167ms，2 个采样点，旧→新）：
WARNING:pet.gui_stall_sampler:  [t-171ms] verify_seeky_multi.py:308:<module> <- verify_seeky_multi.py:244:main
WARNING:pet.gui_stall_sampler:  [t-24ms] webm_clip.py:2499:_poll <- webm_clip.py:2750:_process_frame <- window_optional_services.py:62:<lambda> <- verify_seeky_multi.py:92:observed_frame <- window.py:1917:_on_frame <- window.py:2106:_rebuild_frame
WARNING:root:GUI 卡顿 167ms state=IDLE anim=待机呼吸休闲 physics=None
WARNING:pet.gui_stall_sampler:GUI 冻结现场（167ms，2 个采样点，旧→新）：
WARNING:pet.gui_stall_sampler:  [t-172ms] verify_seeky_multi.py:308:<module> <- verify_seeky_multi.py:244:main
WARNING:pet.gui_stall_sampler:  [t-25ms] webm_clip.py:2499:_poll <- webm_clip.py:2750:_process_frame <- window_optional_services.py:62:<lambda> <- verify_seeky_multi.py:92:observed_frame <- window.py:1917:_on_frame <- window.py:2106:_rebuild_frame
WARNING:root:GUI 卡顿 131ms state=IDLE anim=待机呼吸休闲 physics=None
WARNING:pet.gui_stall_sampler:GUI 冻结现场（131ms，2 个采样点，旧→新）：
WARNING:pet.gui_stall_sampler:  [t-138ms] verify_seeky_multi.py:308:<module> <- verify_seeky_multi.py:244:main
WARNING:pet.gui_stall_sampler:  [t-39ms] webm_clip.py:2750:_process_frame <- window_optional_services.py:62:<lambda> <- verify_seeky_multi.py:92:observed_frame <- window.py:1917:_on_frame <- window.py:2068:_rebuild_frame <- window.py:1990:_frame_signature
WARNING:root:GUI 卡顿 133ms state=IDLE anim=待机呼吸休闲 physics=None
WARNING:pet.gui_stall_sampler:GUI 冻结现场（133ms，2 个采样点，旧→新）：
WARNING:pet.gui_stall_sampler:  [t-140ms] verify_seeky_multi.py:308:<module> <- verify_seeky_multi.py:244:main
WARNING:pet.gui_stall_sampler:  [t-40ms] webm_clip.py:2750:_process_frame <- window_optional_services.py:62:<lambda> <- verify_seeky_multi.py:92:observed_frame <- window.py:1917:_on_frame <- window.py:2068:_rebuild_frame <- window.py:1990:_frame_signature
WARNING:root:GUI 卡顿 133ms state=IDLE anim=待机呼吸休闲 physics=None
WARNING:pet.gui_stall_sampler:GUI 冻结现场（133ms，2 个采样点，旧→新）：
WARNING:pet.gui_stall_sampler:  [t-140ms] verify_seeky_multi.py:308:<module> <- verify_seeky_multi.py:244:main
WARNING:pet.gui_stall_sampler:  [t-40ms] webm_clip.py:2750:_process_frame <- window_optional_services.py:62:<lambda> <- verify_seeky_multi.py:92:observed_frame <- window.py:1917:_on_frame <- window.py:2068:_rebuild_frame <- window.py:1990:_frame_signature
WARNING:root:GUI 卡顿 140ms state=IDLE anim=待机呼吸休闲 physics=None
WARNING:pet.gui_stall_sampler:GUI 冻结现场（140ms，1 个采样点，旧→新）：
WARNING:pet.gui_stall_sampler:  [t-78ms] verify_seeky_multi.py:308:<module> <- verify_seeky_multi.py:244:main
WARNING:root:GUI 卡顿 141ms state=IDLE anim=待机呼吸休闲 physics=None
WARNING:pet.gui_stall_sampler:GUI 冻结现场（141ms，1 个采样点，旧→新）：
WARNING:pet.gui_stall_sampler:  [t-80ms] verify_seeky_multi.py:308:<module> <- verify_seeky_multi.py:244:main
WARNING:root:GUI 卡顿 142ms state=IDLE anim=待机呼吸休闲 physics=None
WARNING:pet.gui_stall_sampler:GUI 冻结现场（142ms，1 个采样点，旧→新）：
WARNING:pet.gui_stall_sampler:  [t-80ms] verify_seeky_multi.py:308:<module> <- verify_seeky_multi.py:244:main
WARNING:root:GUI 卡顿 103ms state=IDLE anim=待机呼吸休闲 physics=None
WARNING:pet.gui_stall_sampler:GUI 冻结现场（103ms，2 个采样点，旧→新）：
WARNING:pet.gui_stall_sampler:  [t-147ms] webm_clip.py:2750:_process_frame <- window_optional_services.py:62:<lambda> <- verify_seeky_multi.py:92:observed_frame <- window.py:1917:_on_frame <- window.py:2068:_rebuild_frame <- window.py:1990:_frame_signature
WARNING:pet.gui_stall_sampler:  [t-8ms] verify_seeky_multi.py:244:main <- webm_clip.py:2499:_poll <- webm_clip.py:2750:_process_frame <- window_optional_services.py:62:<lambda> <- verify_seeky_multi.py:91:observed_frame <- _local.py:227:__str__
WARNING:root:GUI 卡顿 104ms state=IDLE anim=待机呼吸休闲 physics=None
WARNING:pet.gui_stall_sampler:GUI 冻结现场（104ms，2 个采样点，旧→新）：
WARNING:pet.gui_stall_sampler:  [t-147ms] webm_clip.py:2750:_process_frame <- window_optional_services.py:62:<lambda> <- verify_seeky_multi.py:92:observed_frame <- window.py:1917:_on_frame <- window.py:2068:_rebuild_frame <- window.py:1990:_frame_signature
WARNING:pet.gui_stall_sampler:  [t-9ms] verify_seeky_multi.py:244:main <- webm_clip.py:2499:_poll <- webm_clip.py:2750:_process_frame <- window_optional_services.py:62:<lambda> <- verify_seeky_multi.py:91:observed_frame <- _local.py:227:__str__
WARNING:root:GUI 卡顿 105ms state=IDLE anim=待机呼吸休闲 physics=None
WARNING:pet.gui_stall_sampler:GUI 冻结现场（105ms，2 个采样点，旧→新）：
WARNING:pet.gui_stall_sampler:  [t-147ms] webm_clip.py:2750:_process_frame <- window_optional_services.py:62:<lambda> <- verify_seeky_multi.py:92:observed_frame <- window.py:1917:_on_frame <- window.py:2068:_rebuild_frame <- window.py:1990:_frame_signature
WARNING:pet.gui_stall_sampler:  [t-9ms] verify_seeky_multi.py:244:main <- webm_clip.py:2499:_poll <- webm_clip.py:2750:_process_frame <- window_optional_services.py:62:<lambda> <- verify_seeky_multi.py:91:observed_frame <- _local.py:227:__str__
WARNING:root:GUI 卡顿 128ms state=IDLE anim=待机呼吸休闲 physics=None
WARNING:pet.gui_stall_sampler:GUI 冻结现场（128ms，2 个采样点，旧→新）：
WARNING:pet.gui_stall_sampler:  [t-163ms] verify_seeky_multi.py:308:<module> <- verify_seeky_multi.py:244:main
WARNING:pet.gui_stall_sampler:  [t-86ms] webm_clip.py:2750:_process_frame <- window_optional_services.py:62:<lambda> <- verify_seeky_multi.py:92:observed_frame <- window.py:1917:_on_frame <- window.py:2124:_rebuild_frame <- window.py:2263:_sync_mask
WARNING:root:GUI 卡顿 130ms state=IDLE anim=待机呼吸休闲 physics=None
WARNING:pet.gui_stall_sampler:GUI 冻结现场（130ms，2 个采样点，旧→新）：
WARNING:pet.gui_stall_sampler:  [t-165ms] verify_seeky_multi.py:308:<module> <- verify_seeky_multi.py:244:main
WARNING:pet.gui_stall_sampler:  [t-88ms] webm_clip.py:2750:_process_frame <- window_optional_services.py:62:<lambda> <- verify_seeky_multi.py:92:observed_frame <- window.py:1917:_on_frame <- window.py:2124:_rebuild_frame <- window.py:2263:_sync_mask
WARNING:root:GUI 卡顿 131ms state=IDLE anim=待机呼吸休闲 physics=None
WARNING:pet.gui_stall_sampler:GUI 冻结现场（131ms，3 个采样点，旧→新）：
WARNING:pet.gui_stall_sampler:  [t-166ms] verify_seeky_multi.py:308:<module> <- verify_seeky_multi.py:244:main
WARNING:pet.gui_stall_sampler:  [t-89ms] webm_clip.py:2750:_process_frame <- window_optional_services.py:62:<lambda> <- verify_seeky_multi.py:92:observed_frame <- window.py:1917:_on_frame <- window.py:2124:_rebuild_frame <- window.py:2263:_sync_mask
WARNING:pet.gui_stall_sampler:  [t-0ms] verify_seeky_multi.py:308:<module> <- verify_seeky_multi.py:244:main <- webm_clip.py:2499:_poll <- webm_clip.py:2750:_process_frame
WARNING:root:GUI 卡顿 106ms state=IDLE anim=待机呼吸休闲 physics=None
WARNING:pet.gui_stall_sampler:GUI 冻结现场（106ms，2 个采样点，旧→新）：
WARNING:pet.gui_stall_sampler:  [t-131ms] verify_seeky_multi.py:308:<module> <- verify_seeky_multi.py:244:main
WARNING:pet.gui_stall_sampler:  [t-23ms] webm_clip.py:2499:_poll <- webm_clip.py:2750:_process_frame <- window_optional_services.py:62:<lambda> <- verify_seeky_multi.py:92:observed_frame <- window.py:1917:_on_frame <- window.py:2106:_rebuild_frame
WARNING:root:GUI 卡顿 108ms state=IDLE anim=待机呼吸休闲 physics=None
WARNING:pet.gui_stall_sampler:GUI 冻结现场（108ms，2 个采样点，旧→新）：
WARNING:pet.gui_stall_sampler:  [t-133ms] verify_seeky_multi.py:308:<module> <- verify_seeky_multi.py:244:main
WARNING:pet.gui_stall_sampler:  [t-24ms] webm_clip.py:2499:_poll <- webm_clip.py:2750:_process_frame <- window_optional_services.py:62:<lambda> <- verify_seeky_multi.py:92:observed_frame <- window.py:1917:_on_frame <- window.py:2106:_rebuild_frame
WARNING:root:GUI 卡顿 109ms state=IDLE anim=待机呼吸休闲 physics=None
WARNING:pet.gui_stall_sampler:GUI 冻结现场（109ms，2 个采样点，旧→新）：
WARNING:pet.gui_stall_sampler:  [t-134ms] verify_seeky_multi.py:308:<module> <- verify_seeky_multi.py:244:main
WARNING:pet.gui_stall_sampler:  [t-25ms] webm_clip.py:2499:_poll <- webm_clip.py:2750:_process_frame <- window_optional_services.py:62:<lambda> <- verify_seeky_multi.py:92:observed_frame <- window.py:1917:_on_frame <- window.py:2106:_rebuild_frame
WARNING:root:GUI 卡顿 108ms state=IDLE anim=待机呼吸休闲 physics=None
WARNING:pet.gui_stall_sampler:GUI 冻结现场（108ms，2 个采样点，旧→新）：
WARNING:pet.gui_stall_sampler:  [t-108ms] verify_seeky_multi.py:308:<module> <- verify_seeky_multi.py:244:main
WARNING:pet.gui_stall_sampler:  [t-4ms] webm_clip.py:2499:_poll <- webm_clip.py:2750:_process_frame <- window_optional_services.py:62:<lambda> <- verify_seeky_multi.py:92:observed_frame <- window.py:1917:_on_frame <- window.py:2106:_rebuild_frame
WARNING:root:GUI 卡顿 109ms state=IDLE anim=待机呼吸休闲 physics=None
WARNING:pet.gui_stall_sampler:GUI 冻结现场（109ms，2 个采样点，旧→新）：
WARNING:pet.gui_stall_sampler:  [t-109ms] verify_seeky_multi.py:308:<module> <- verify_seeky_multi.py:244:main
WARNING:pet.gui_stall_sampler:  [t-5ms] webm_clip.py:2499:_poll <- webm_clip.py:2750:_process_frame <- window_optional_services.py:62:<lambda> <- verify_seeky_multi.py:92:observed_frame <- window.py:1917:_on_frame <- window.py:2106:_rebuild_frame
WARNING:root:GUI 卡顿 109ms state=IDLE anim=待机呼吸休闲 physics=None
WARNING:pet.gui_stall_sampler:GUI 冻结现场（109ms，2 个采样点，旧→新）：
WARNING:pet.gui_stall_sampler:  [t-109ms] verify_seeky_multi.py:308:<module> <- verify_seeky_multi.py:244:main
WARNING:pet.gui_stall_sampler:  [t-5ms] webm_clip.py:2499:_poll <- webm_clip.py:2750:_process_frame <- window_optional_services.py:62:<lambda> <- verify_seeky_multi.py:92:observed_frame <- window.py:1917:_on_frame <- window.py:2106:_rebuild_frame
WARNING:root:GUI 卡顿 111ms state=IDLE anim=待机呼吸休闲 physics=None
WARNING:pet.gui_stall_sampler:GUI 冻结现场（111ms，1 个采样点，旧→新）：
WARNING:pet.gui_stall_sampler:  [t-137ms] verify_seeky_multi.py:308:<module> <- verify_seeky_multi.py:244:main
WARNING:root:GUI 卡顿 115ms state=IDLE anim=待机呼吸休闲 physics=None
WARNING:pet.gui_stall_sampler:GUI 冻结现场（115ms，2 个采样点，旧→新）：
WARNING:pet.gui_stall_sampler:  [t-142ms] verify_seeky_multi.py:308:<module> <- verify_seeky_multi.py:244:main
WARNING:pet.gui_stall_sampler:  [t-4ms] __init__.py:1531:warning <- __init__.py:1664:_log <- __init__.py:1680:handle <- __init__.py:1736:callHandlers <- __init__.py:1026:handle <- __init__.py:1153:emit
WARNING:root:GUI 卡顿 116ms state=IDLE anim=待机呼吸休闲 physics=None
WARNING:pet.gui_stall_sampler:GUI 冻结现场（116ms，2 个采样点，旧→新）：
WARNING:pet.gui_stall_sampler:  [t-142ms] verify_seeky_multi.py:308:<module> <- verify_seeky_multi.py:244:main
WARNING:pet.gui_stall_sampler:  [t-5ms] __init__.py:1531:warning <- __init__.py:1664:_log <- __init__.py:1680:handle <- __init__.py:1736:callHandlers <- __init__.py:1026:handle <- __init__.py:1153:emit
WARNING:root:GUI 卡顿 113ms state=IDLE anim=待机呼吸休闲 physics=None
WARNING:pet.gui_stall_sampler:GUI 冻结现场（113ms，1 个采样点，旧→新）：
WARNING:pet.gui_stall_sampler:  [t-138ms] verify_seeky_multi.py:308:<module> <- verify_seeky_multi.py:244:main
WARNING:root:GUI 卡顿 113ms state=IDLE anim=待机呼吸休闲 physics=None
WARNING:pet.gui_stall_sampler:GUI 冻结现场（113ms，1 个采样点，旧→新）：
WARNING:pet.gui_stall_sampler:  [t-139ms] verify_seeky_multi.py:308:<module> <- verify_seeky_multi.py:244:main
WARNING:root:GUI 卡顿 114ms state=IDLE anim=待机呼吸休闲 physics=None
WARNING:pet.gui_stall_sampler:GUI 冻结现场（114ms，1 个采样点，旧→新）：
WARNING:pet.gui_stall_sampler:  [t-139ms] verify_seeky_multi.py:308:<module> <- verify_seeky_multi.py:244:main
WARNING:root:GUI 卡顿 127ms state=IDLE anim=待机呼吸休闲 physics=None
WARNING:pet.gui_stall_sampler:GUI 冻结现场（127ms，1 个采样点，旧→新）：
WARNING:pet.gui_stall_sampler:  [t-4ms] webm_clip.py:2499:_poll <- webm_clip.py:2750:_process_frame <- window_optional_services.py:62:<lambda> <- verify_seeky_multi.py:92:observed_frame <- window.py:1917:_on_frame <- window.py:2106:_rebuild_frame
WARNING:root:GUI 卡顿 127ms state=IDLE anim=待机呼吸休闲 physics=None
WARNING:pet.gui_stall_sampler:GUI 冻结现场（127ms，1 个采样点，旧→新）：
WARNING:pet.gui_stall_sampler:  [t-4ms] webm_clip.py:2499:_poll <- webm_clip.py:2750:_process_frame <- window_optional_services.py:62:<lambda> <- verify_seeky_multi.py:92:observed_frame <- window.py:1917:_on_frame <- window.py:2106:_rebuild_frame
WARNING:root:GUI 卡顿 127ms state=IDLE anim=待机呼吸休闲 physics=None
WARNING:pet.gui_stall_sampler:GUI 冻结现场（127ms，1 个采样点，旧→新）：
WARNING:pet.gui_stall_sampler:  [t-4ms] webm_clip.py:2499:_poll <- webm_clip.py:2750:_process_frame <- window_optional_services.py:62:<lambda> <- verify_seeky_multi.py:92:observed_frame <- window.py:1917:_on_frame <- window.py:2106:_rebuild_frame
WARNING:root:GUI 卡顿 112ms state=IDLE anim=待机呼吸休闲 physics=None
WARNING:pet.gui_stall_sampler:GUI 冻结现场（112ms，2 个采样点，旧→新）：
WARNING:pet.gui_stall_sampler:  [t-157ms] webm_clip.py:2499:_poll <- webm_clip.py:2750:_process_frame <- window_optional_services.py:62:<lambda> <- verify_seeky_multi.py:92:observed_frame <- window.py:1917:_on_frame <- window.py:2106:_rebuild_frame
WARNING:pet.gui_stall_sampler:  [t-4ms] webm_clip.py:2499:_poll <- webm_clip.py:2750:_process_frame <- window_optional_services.py:62:<lambda> <- verify_seeky_multi.py:92:observed_frame <- window.py:1919:_on_frame <- window.py:2126:_rebuild_frame
WARNING:root:GUI 卡顿 113ms state=IDLE anim=待机呼吸休闲 physics=None
WARNING:pet.gui_stall_sampler:GUI 冻结现场（113ms，2 个采样点，旧→新）：
WARNING:pet.gui_stall_sampler:  [t-158ms] webm_clip.py:2499:_poll <- webm_clip.py:2750:_process_frame <- window_optional_services.py:62:<lambda> <- verify_seeky_multi.py:92:observed_frame <- window.py:1917:_on_frame <- window.py:2106:_rebuild_frame
WARNING:pet.gui_stall_sampler:  [t-5ms] webm_clip.py:2499:_poll <- webm_clip.py:2750:_process_frame <- window_optional_services.py:62:<lambda> <- verify_seeky_multi.py:92:observed_frame <- window.py:1919:_on_frame <- window.py:2126:_rebuild_frame
WARNING:root:GUI 卡顿 113ms state=IDLE anim=待机呼吸休闲 physics=None
WARNING:pet.gui_stall_sampler:GUI 冻结现场（113ms，2 个采样点，旧→新）：
WARNING:pet.gui_stall_sampler:  [t-158ms] webm_clip.py:2499:_poll <- webm_clip.py:2750:_process_frame <- window_optional_services.py:62:<lambda> <- verify_seeky_multi.py:92:observed_frame <- window.py:1917:_on_frame <- window.py:2106:_rebuild_frame
WARNING:pet.gui_stall_sampler:  [t-5ms] webm_clip.py:2499:_poll <- webm_clip.py:2750:_process_frame <- window_optional_services.py:62:<lambda> <- verify_seeky_multi.py:92:observed_frame <- window.py:1919:_on_frame <- window.py:2126:_rebuild_frame
WARNING:root:GUI 卡顿 114ms state=IDLE anim=待机呼吸休闲 physics=None
WARNING:pet.gui_stall_sampler:GUI 冻结现场（114ms，2 个采样点，旧→新）：
WARNING:pet.gui_stall_sampler:  [t-131ms] verify_seeky_multi.py:308:<module> <- verify_seeky_multi.py:244:main
WARNING:pet.gui_stall_sampler:  [t-59ms] webm_clip.py:2750:_process_frame <- window_optional_services.py:62:<lambda> <- verify_seeky_multi.py:92:observed_frame <- window.py:1917:_on_frame <- window.py:2068:_rebuild_frame <- window.py:1990:_frame_signature
WARNING:root:GUI 卡顿 116ms state=IDLE anim=待机呼吸休闲 physics=None
WARNING:pet.gui_stall_sampler:GUI 冻结现场（116ms，2 个采样点，旧→新）：
WARNING:pet.gui_stall_sampler:  [t-132ms] verify_seeky_multi.py:308:<module> <- verify_seeky_multi.py:244:main
WARNING:pet.gui_stall_sampler:  [t-59ms] webm_clip.py:2750:_process_frame <- window_optional_services.py:62:<lambda> <- verify_seeky_multi.py:92:observed_frame <- window.py:1917:_on_frame <- window.py:2068:_rebuild_frame <- window.py:1990:_frame_signature
WARNING:root:GUI 卡顿 117ms state=IDLE anim=待机呼吸休闲 physics=None
WARNING:pet.gui_stall_sampler:GUI 冻结现场（117ms，3 个采样点，旧→新）：
WARNING:pet.gui_stall_sampler:  [t-133ms] verify_seeky_multi.py:308:<module> <- verify_seeky_multi.py:244:main
WARNING:pet.gui_stall_sampler:  [t-61ms] webm_clip.py:2750:_process_frame <- window_optional_services.py:62:<lambda> <- verify_seeky_multi.py:92:observed_frame <- window.py:1917:_on_frame <- window.py:2068:_rebuild_frame <- window.py:1990:_frame_signature
WARNING:pet.gui_stall_sampler:  [t-0ms] __init__.py:1531:warning <- __init__.py:1664:_log <- __init__.py:1680:handle <- __init__.py:1736:callHandlers <- __init__.py:1026:handle <- __init__.py:1153:emit
WARNING:root:GUI 卡顿 166ms state=IDLE anim=待机呼吸休闲 physics=None
WARNING:pet.gui_stall_sampler:GUI 冻结现场（166ms，3 个采样点，旧→新）：
WARNING:pet.gui_stall_sampler:  [t-184ms] verify_seeky_multi.py:308:<module> <- verify_seeky_multi.py:244:main
WARNING:pet.gui_stall_sampler:  [t-86ms] verify_seeky_multi.py:308:<module> <- verify_seeky_multi.py:244:main <- webm_clip.py:2499:_poll <- webm_clip.py:2724:_process_frame
WARNING:pet.gui_stall_sampler:  [t-16ms] verify_seeky_multi.py:92:observed_frame <- window.py:1917:_on_frame <- window.py:2124:_rebuild_frame <- window.py:2270:_sync_mask <- window_optional_services.py:42:effects_coverage <- frame_edges.py:27:coverage_region
WARNING:root:GUI 卡顿 167ms state=IDLE anim=待机呼吸休闲 physics=None
WARNING:pet.gui_stall_sampler:GUI 冻结现场（167ms，3 个采样点，旧→新）：
WARNING:pet.gui_stall_sampler:  [t-185ms] verify_seeky_multi.py:308:<module> <- verify_seeky_multi.py:244:main
WARNING:pet.gui_stall_sampler:  [t-86ms] verify_seeky_multi.py:308:<module> <- verify_seeky_multi.py:244:main <- webm_clip.py:2499:_poll <- webm_clip.py:2724:_process_frame
WARNING:pet.gui_stall_sampler:  [t-17ms] verify_seeky_multi.py:92:observed_frame <- window.py:1917:_on_frame <- window.py:2124:_rebuild_frame <- window.py:2270:_sync_mask <- window_optional_services.py:42:effects_coverage <- frame_edges.py:27:coverage_region
WARNING:root:GUI 卡顿 167ms state=IDLE anim=待机呼吸休闲 physics=None
WARNING:pet.gui_stall_sampler:GUI 冻结现场（167ms，3 个采样点，旧→新）：
WARNING:pet.gui_stall_sampler:  [t-185ms] verify_seeky_multi.py:308:<module> <- verify_seeky_multi.py:244:main
WARNING:pet.gui_stall_sampler:  [t-87ms] verify_seeky_multi.py:308:<module> <- verify_seeky_multi.py:244:main <- webm_clip.py:2499:_poll <- webm_clip.py:2724:_process_frame
WARNING:pet.gui_stall_sampler:  [t-17ms] verify_seeky_multi.py:92:observed_frame <- window.py:1917:_on_frame <- window.py:2124:_rebuild_frame <- window.py:2270:_sync_mask <- window_optional_services.py:42:effects_coverage <- frame_edges.py:27:coverage_region
WARNING:root:GUI 卡顿 132ms state=IDLE anim=待机呼吸休闲 physics=None
WARNING:pet.gui_stall_sampler:GUI 冻结现场（132ms，1 个采样点，旧→新）：
WARNING:pet.gui_stall_sampler:  [t-16ms] window_optional_services.py:62:<lambda> <- verify_seeky_multi.py:92:observed_frame <- window.py:1919:_on_frame <- window.py:2126:_rebuild_frame <- window.py:2291:_sync_mask <- window_optional_services.py:44:effects_coverage
WARNING:root:GUI 卡顿 133ms state=IDLE anim=待机呼吸休闲 physics=None
WARNING:pet.gui_stall_sampler:GUI 冻结现场（133ms，1 个采样点，旧→新）：
WARNING:pet.gui_stall_sampler:  [t-17ms] window_optional_services.py:62:<lambda> <- verify_seeky_multi.py:92:observed_frame <- window.py:1919:_on_frame <- window.py:2126:_rebuild_frame <- window.py:2291:_sync_mask <- window_optional_services.py:44:effects_coverage
WARNING:root:GUI 卡顿 134ms state=IDLE anim=待机呼吸休闲 physics=None
WARNING:pet.gui_stall_sampler:GUI 冻结现场（134ms，1 个采样点，旧→新）：
WARNING:pet.gui_stall_sampler:  [t-17ms] window_optional_services.py:62:<lambda> <- verify_seeky_multi.py:92:observed_frame <- window.py:1919:_on_frame <- window.py:2126:_rebuild_frame <- window.py:2291:_sync_mask <- window_optional_services.py:44:effects_coverage
WARNING:root:GUI 卡顿 191ms state=IDLE anim=待机呼吸休闲 physics=None
WARNING:pet.gui_stall_sampler:GUI 冻结现场（191ms，2 个采样点，旧→新）：
WARNING:pet.gui_stall_sampler:  [t-68ms] webm_clip.py:2499:_poll <- webm_clip.py:2750:_process_frame <- window_optional_services.py:62:<lambda> <- verify_seeky_multi.py:92:observed_frame <- window.py:1917:_on_frame <- window.py:2106:_rebuild_frame
WARNING:pet.gui_stall_sampler:  [t-13ms] verify_seeky_multi.py:308:<module> <- verify_seeky_multi.py:244:main
WARNING:root:GUI 卡顿 195ms state=IDLE anim=待机呼吸休闲 physics=None
WARNING:pet.gui_stall_sampler:GUI 冻结现场（195ms，2 个采样点，旧→新）：
WARNING:pet.gui_stall_sampler:  [t-72ms] webm_clip.py:2499:_poll <- webm_clip.py:2750:_process_frame <- window_optional_services.py:62:<lambda> <- verify_seeky_multi.py:92:observed_frame <- window.py:1917:_on_frame <- window.py:2106:_rebuild_frame
WARNING:pet.gui_stall_sampler:  [t-17ms] verify_seeky_multi.py:308:<module> <- verify_seeky_multi.py:244:main
WARNING:root:GUI 卡顿 196ms state=IDLE anim=待机呼吸休闲 physics=None
WARNING:pet.gui_stall_sampler:GUI 冻结现场（196ms，2 个采样点，旧→新）：
WARNING:pet.gui_stall_sampler:  [t-73ms] webm_clip.py:2499:_poll <- webm_clip.py:2750:_process_frame <- window_optional_services.py:62:<lambda> <- verify_seeky_multi.py:92:observed_frame <- window.py:1917:_on_frame <- window.py:2106:_rebuild_frame
WARNING:pet.gui_stall_sampler:  [t-18ms] verify_seeky_multi.py:308:<module> <- verify_seeky_multi.py:244:main
WARNING:root:GUI 卡顿 150ms state=IDLE anim=待机呼吸休闲 physics=None
WARNING:pet.gui_stall_sampler:GUI 冻结现场（150ms，2 个采样点，旧→新）：
WARNING:pet.gui_stall_sampler:  [t-122ms] verify_seeky_multi.py:308:<module> <- verify_seeky_multi.py:244:main <- webm_clip.py:2499:_poll <- webm_clip.py:2724:_process_frame
WARNING:root:GUI 卡顿 152ms state=IDLE anim=待机呼吸休闲 physics=None
WARNING:pet.gui_stall_sampler:GUI 冻结现场（152ms，2 个采样点，旧→新）：
WARNING:pet.gui_stall_sampler:  [t-123ms] verify_seeky_multi.py:308:<module> <- verify_seeky_multi.py:244:main <- webm_clip.py:2499:_poll <- webm_clip.py:2724:_process_frame
WARNING:root:GUI 卡顿 152ms state=IDLE anim=待机呼吸休闲 physics=None
WARNING:pet.gui_stall_sampler:GUI 冻结现场（152ms，2 个采样点，旧→新）：
WARNING:pet.gui_stall_sampler:  [t-124ms] verify_seeky_multi.py:308:<module> <- verify_seeky_multi.py:244:main <- webm_clip.py:2499:_poll <- webm_clip.py:2724:_process_frame
WARNING:root:GUI 卡顿 131ms state=IDLE anim=待机呼吸休闲 physics=None
WARNING:pet.gui_stall_sampler:GUI 冻结现场（131ms，2 个采样点，旧→新）：
WARNING:pet.gui_stall_sampler:  [t-156ms] verify_seeky_multi.py:308:<module> <- verify_seeky_multi.py:244:main
WARNING:pet.gui_stall_sampler:  [t-42ms] webm_clip.py:2499:_poll <- webm_clip.py:2750:_process_frame <- window_optional_services.py:62:<lambda> <- verify_seeky_multi.py:92:observed_frame <- window.py:1917:_on_frame <- window.py:2106:_rebuild_frame
WARNING:root:GUI 卡顿 132ms state=IDLE anim=待机呼吸休闲 physics=None
WARNING:pet.gui_stall_sampler:GUI 冻结现场（132ms，2 个采样点，旧→新）：
WARNING:pet.gui_stall_sampler:  [t-157ms] verify_seeky_multi.py:308:<module> <- verify_seeky_multi.py:244:main
WARNING:pet.gui_stall_sampler:  [t-42ms] webm_clip.py:2499:_poll <- webm_clip.py:2750:_process_frame <- window_optional_services.py:62:<lambda> <- verify_seeky_multi.py:92:observed_frame <- window.py:1917:_on_frame <- window.py:2106:_rebuild_frame
WARNING:root:GUI 卡顿 132ms state=IDLE anim=待机呼吸休闲 physics=None
WARNING:pet.gui_stall_sampler:GUI 冻结现场（132ms，2 个采样点，旧→新）：
WARNING:pet.gui_stall_sampler:  [t-157ms] verify_seeky_multi.py:308:<module> <- verify_seeky_multi.py:244:main
WARNING:pet.gui_stall_sampler:  [t-43ms] webm_clip.py:2499:_poll <- webm_clip.py:2750:_process_frame <- window_optional_services.py:62:<lambda> <- verify_seeky_multi.py:92:observed_frame <- window.py:1917:_on_frame <- window.py:2106:_rebuild_frame
WARNING:root:GUI 卡顿 101ms state=IDLE anim=待机呼吸休闲 physics=None
WARNING:pet.gui_stall_sampler:GUI 冻结现场（101ms，2 个采样点，旧→新）：
WARNING:pet.gui_stall_sampler:  [t-120ms] webm_clip.py:2499:_poll <- webm_clip.py:2750:_process_frame <- window_optional_services.py:62:<lambda> <- verify_seeky_multi.py:92:observed_frame <- window.py:1917:_on_frame <- window.py:2106:_rebuild_frame
WARNING:root:GUI 卡顿 103ms state=IDLE anim=待机呼吸休闲 physics=None
WARNING:pet.gui_stall_sampler:GUI 冻结现场（103ms，2 个采样点，旧→新）：
WARNING:pet.gui_stall_sampler:  [t-121ms] webm_clip.py:2499:_poll <- webm_clip.py:2750:_process_frame <- window_optional_services.py:62:<lambda> <- verify_seeky_multi.py:92:observed_frame <- window.py:1917:_on_frame <- window.py:2106:_rebuild_frame
WARNING:root:GUI 卡顿 105ms state=IDLE anim=待机呼吸休闲 physics=None
WARNING:pet.gui_stall_sampler:GUI 冻结现场（105ms，2 个采样点，旧→新）：
WARNING:pet.gui_stall_sampler:  [t-122ms] webm_clip.py:2499:_poll <- webm_clip.py:2750:_process_frame <- window_optional_services.py:62:<lambda> <- verify_seeky_multi.py:92:observed_frame <- window.py:1917:_on_frame <- window.py:2106:_rebuild_frame
WARNING:root:GUI 卡顿 147ms state=IDLE anim=待机呼吸休闲 physics=None
WARNING:pet.gui_stall_sampler:GUI 冻结现场（147ms，1 个采样点，旧→新）：
WARNING:pet.gui_stall_sampler:  [t-36ms] webm_clip.py:2499:_poll <- webm_clip.py:2750:_process_frame <- window_optional_services.py:62:<lambda> <- verify_seeky_multi.py:92:observed_frame <- window.py:1917:_on_frame <- window.py:2124:_rebuild_frame
WARNING:root:GUI 卡顿 148ms state=IDLE anim=待机呼吸休闲 physics=None
WARNING:pet.gui_stall_sampler:GUI 冻结现场（148ms，1 个采样点，旧→新）：
WARNING:pet.gui_stall_sampler:  [t-38ms] webm_clip.py:2499:_poll <- webm_clip.py:2750:_process_frame <- window_optional_services.py:62:<lambda> <- verify_seeky_multi.py:92:observed_frame <- window.py:1917:_on_frame <- window.py:2124:_rebuild_frame
WARNING:root:GUI 卡顿 149ms state=IDLE anim=待机呼吸休闲 physics=None
WARNING:pet.gui_stall_sampler:GUI 冻结现场（149ms，1 个采样点，旧→新）：
WARNING:pet.gui_stall_sampler:  [t-39ms] webm_clip.py:2499:_poll <- webm_clip.py:2750:_process_frame <- window_optional_services.py:62:<lambda> <- verify_seeky_multi.py:92:observed_frame <- window.py:1917:_on_frame <- window.py:2124:_rebuild_frame
WARNING:root:GUI 卡顿 115ms state=IDLE anim=待机呼吸休闲 physics=None
WARNING:pet.gui_stall_sampler:GUI 冻结现场（115ms，2 个采样点，旧→新）：
WARNING:pet.gui_stall_sampler:  [t-152ms] verify_seeky_multi.py:308:<module> <- verify_seeky_multi.py:244:main
WARNING:pet.gui_stall_sampler:  [t-32ms] webm_clip.py:2499:_poll <- webm_clip.py:2750:_process_frame <- window_optional_services.py:62:<lambda> <- verify_seeky_multi.py:92:observed_frame <- window.py:1917:_on_frame <- window.py:2106:_rebuild_frame
WARNING:root:GUI 卡顿 116ms state=IDLE anim=待机呼吸休闲 physics=None
WARNING:pet.gui_stall_sampler:GUI 冻结现场（116ms，2 个采样点，旧→新）：
WARNING:pet.gui_stall_sampler:  [t-153ms] verify_seeky_multi.py:308:<module> <- verify_seeky_multi.py:244:main
WARNING:pet.gui_stall_sampler:  [t-32ms] webm_clip.py:2499:_poll <- webm_clip.py:2750:_process_frame <- window_optional_services.py:62:<lambda> <- verify_seeky_multi.py:92:observed_frame <- window.py:1917:_on_frame <- window.py:2106:_rebuild_frame
WARNING:root:GUI 卡顿 116ms state=IDLE anim=待机呼吸休闲 physics=None
WARNING:pet.gui_stall_sampler:GUI 冻结现场（116ms，2 个采样点，旧→新）：
WARNING:pet.gui_stall_sampler:  [t-153ms] verify_seeky_multi.py:308:<module> <- verify_seeky_multi.py:244:main
WARNING:pet.gui_stall_sampler:  [t-33ms] webm_clip.py:2499:_poll <- webm_clip.py:2750:_process_frame <- window_optional_services.py:62:<lambda> <- verify_seeky_multi.py:92:observed_frame <- window.py:1917:_on_frame <- window.py:2106:_rebuild_frame
WARNING:root:GUI 卡顿 105ms state=IDLE anim=待机呼吸休闲 physics=None
WARNING:pet.gui_stall_sampler:GUI 冻结现场（105ms，2 个采样点，旧→新）：
WARNING:pet.gui_stall_sampler:  [t-152ms] verify_seeky_multi.py:92:observed_frame <- window.py:1917:_on_frame <- window.py:2124:_rebuild_frame <- window.py:2270:_sync_mask <- window_optional_services.py:42:effects_coverage <- frame_edges.py:26:coverage_region
WARNING:pet.gui_stall_sampler:  [t-54ms] verify_seeky_multi.py:308:<module> <- verify_seeky_multi.py:244:main <- webm_clip.py:2499:_poll <- webm_clip.py:2750:_process_frame
WARNING:root:GUI 卡顿 107ms state=IDLE anim=待机呼吸休闲 physics=None
WARNING:pet.gui_stall_sampler:GUI 冻结现场（107ms，2 个采样点，旧→新）：
WARNING:pet.gui_stall_sampler:  [t-152ms] verify_seeky_multi.py:92:observed_frame <- window.py:1917:_on_frame <- window.py:2124:_rebuild_frame <- window.py:2270:_sync_mask <- window_optional_services.py:42:effects_coverage <- frame_edges.py:26:coverage_region
WARNING:pet.gui_stall_sampler:  [t-55ms] verify_seeky_multi.py:308:<module> <- verify_seeky_multi.py:244:main <- webm_clip.py:2499:_poll <- webm_clip.py:2750:_process_frame
WARNING:root:GUI 卡顿 107ms state=IDLE anim=待机呼吸休闲 physics=None
WARNING:pet.gui_stall_sampler:GUI 冻结现场（107ms，2 个采样点，旧→新）：
WARNING:pet.gui_stall_sampler:  [t-153ms] verify_seeky_multi.py:92:observed_frame <- window.py:1917:_on_frame <- window.py:2124:_rebuild_frame <- window.py:2270:_sync_mask <- window_optional_services.py:42:effects_coverage <- frame_edges.py:26:coverage_region
WARNING:pet.gui_stall_sampler:  [t-55ms] verify_seeky_multi.py:308:<module> <- verify_seeky_multi.py:244:main <- webm_clip.py:2499:_poll <- webm_clip.py:2750:_process_frame
WARNING:root:GUI 卡顿 110ms state=IDLE anim=待机呼吸休闲 physics=None
WARNING:pet.gui_stall_sampler:GUI 冻结现场（110ms，2 个采样点，旧→新）：
WARNING:pet.gui_stall_sampler:  [t-156ms] verify_seeky_multi.py:308:<module> <- verify_seeky_multi.py:244:main
WARNING:pet.gui_stall_sampler:  [t-12ms] verify_seeky_multi.py:308:<module> <- verify_seeky_multi.py:244:main <- webm_clip.py:2499:_poll <- webm_clip.py:2723:_process_frame
WARNING:root:GUI 卡顿 110ms state=IDLE anim=待机呼吸休闲 physics=None
WARNING:pet.gui_stall_sampler:GUI 冻结现场（110ms，2 个采样点，旧→新）：
WARNING:pet.gui_stall_sampler:  [t-156ms] verify_seeky_multi.py:308:<module> <- verify_seeky_multi.py:244:main
WARNING:pet.gui_stall_sampler:  [t-12ms] verify_seeky_multi.py:308:<module> <- verify_seeky_multi.py:244:main <- webm_clip.py:2499:_poll <- webm_clip.py:2723:_process_frame
WARNING:root:GUI 卡顿 111ms state=IDLE anim=待机呼吸休闲 physics=None
WARNING:pet.gui_stall_sampler:GUI 冻结现场（111ms，2 个采样点，旧→新）：
WARNING:pet.gui_stall_sampler:  [t-157ms] verify_seeky_multi.py:308:<module> <- verify_seeky_multi.py:244:main
WARNING:pet.gui_stall_sampler:  [t-13ms] verify_seeky_multi.py:308:<module> <- verify_seeky_multi.py:244:main <- webm_clip.py:2499:_poll <- webm_clip.py:2723:_process_frame
WARNING:root:GUI 卡顿 103ms state=IDLE anim=待机呼吸休闲 physics=None
WARNING:pet.gui_stall_sampler:GUI 冻结现场（103ms，2 个采样点，旧→新）：
WARNING:pet.gui_stall_sampler:  [t-132ms] window_optional_services.py:62:<lambda> <- verify_seeky_multi.py:92:observed_frame <- window.py:1917:_on_frame <- window.py:2124:_rebuild_frame <- window.py:2270:_sync_mask <- window_optional_services.py:42:effects_coverage
WARNING:pet.gui_stall_sampler:  [t-23ms] webm_clip.py:2499:_poll <- webm_clip.py:2750:_process_frame <- window_optional_services.py:62:<lambda> <- verify_seeky_multi.py:92:observed_frame <- window.py:1919:_on_frame <- window.py:2126:_rebuild_frame
WARNING:root:GUI 卡顿 107ms state=IDLE anim=待机呼吸休闲 physics=None
WARNING:pet.gui_stall_sampler:GUI 冻结现场（107ms，2 个采样点，旧→新）：
WARNING:pet.gui_stall_sampler:  [t-133ms] window_optional_services.py:62:<lambda> <- verify_seeky_multi.py:92:observed_frame <- window.py:1917:_on_frame <- window.py:2124:_rebuild_frame <- window.py:2270:_sync_mask <- window_optional_services.py:42:effects_coverage
WARNING:pet.gui_stall_sampler:  [t-24ms] webm_clip.py:2499:_poll <- webm_clip.py:2750:_process_frame <- window_optional_services.py:62:<lambda> <- verify_seeky_multi.py:92:observed_frame <- window.py:1919:_on_frame <- window.py:2126:_rebuild_frame
WARNING:root:GUI 卡顿 107ms state=IDLE anim=待机呼吸休闲 physics=None
WARNING:pet.gui_stall_sampler:GUI 冻结现场（107ms，2 个采样点，旧→新）：
WARNING:pet.gui_stall_sampler:  [t-133ms] window_optional_services.py:62:<lambda> <- verify_seeky_multi.py:92:observed_frame <- window.py:1917:_on_frame <- window.py:2124:_rebuild_frame <- window.py:2270:_sync_mask <- window_optional_services.py:42:effects_coverage
WARNING:pet.gui_stall_sampler:  [t-24ms] webm_clip.py:2499:_poll <- webm_clip.py:2750:_process_frame <- window_optional_services.py:62:<lambda> <- verify_seeky_multi.py:92:observed_frame <- window.py:1919:_on_frame <- window.py:2126:_rebuild_frame
WARNING:root:GUI 卡顿 159ms state=IDLE anim=待机呼吸休闲 physics=None
WARNING:pet.gui_stall_sampler:GUI 冻结现场（159ms，3 个采样点，旧→新）：
WARNING:pet.gui_stall_sampler:  [t-207ms] verify_seeky_multi.py:308:<module> <- verify_seeky_multi.py:244:main
WARNING:pet.gui_stall_sampler:  [t-144ms] webm_clip.py:2499:_poll <- webm_clip.py:2750:_process_frame <- window_optional_services.py:62:<lambda> <- verify_seeky_multi.py:92:observed_frame <- window.py:1917:_on_frame <- window.py:2114:_rebuild_frame
WARNING:pet.gui_stall_sampler:  [t-2ms] webm_clip.py:2499:_poll <- webm_clip.py:2750:_process_frame <- window_optional_services.py:62:<lambda> <- verify_seeky_multi.py:92:observed_frame <- window.py:1917:_on_frame <- window.py:2119:_rebuild_frame
WARNING:root:GUI 卡顿 161ms state=IDLE anim=待机呼吸休闲 physics=None
WARNING:pet.gui_stall_sampler:GUI 冻结现场（161ms，3 个采样点，旧→新）：
WARNING:pet.gui_stall_sampler:  [t-208ms] verify_seeky_multi.py:308:<module> <- verify_seeky_multi.py:244:main
WARNING:pet.gui_stall_sampler:  [t-145ms] webm_clip.py:2499:_poll <- webm_clip.py:2750:_process_frame <- window_optional_services.py:62:<lambda> <- verify_seeky_multi.py:92:observed_frame <- window.py:1917:_on_frame <- window.py:2114:_rebuild_frame
WARNING:pet.gui_stall_sampler:  [t-3ms] webm_clip.py:2499:_poll <- webm_clip.py:2750:_process_frame <- window_optional_services.py:62:<lambda> <- verify_seeky_multi.py:92:observed_frame <- window.py:1917:_on_frame <- window.py:2119:_rebuild_frame
WARNING:root:GUI 卡顿 162ms state=IDLE anim=待机呼吸休闲 physics=None
WARNING:pet.gui_stall_sampler:GUI 冻结现场（162ms，3 个采样点，旧→新）：
WARNING:pet.gui_stall_sampler:  [t-209ms] verify_seeky_multi.py:308:<module> <- verify_seeky_multi.py:244:main
WARNING:pet.gui_stall_sampler:  [t-146ms] webm_clip.py:2499:_poll <- webm_clip.py:2750:_process_frame <- window_optional_services.py:62:<lambda> <- verify_seeky_multi.py:92:observed_frame <- window.py:1917:_on_frame <- window.py:2114:_rebuild_frame
WARNING:pet.gui_stall_sampler:  [t-4ms] webm_clip.py:2499:_poll <- webm_clip.py:2750:_process_frame <- window_optional_services.py:62:<lambda> <- verify_seeky_multi.py:92:observed_frame <- window.py:1917:_on_frame <- window.py:2119:_rebuild_frame
WARNING:root:GUI 卡顿 140ms state=IDLE anim=待机呼吸休闲 physics=None
WARNING:pet.gui_stall_sampler:GUI 冻结现场（140ms，3 个采样点，旧→新）：
WARNING:pet.gui_stall_sampler:  [t-189ms] verify_seeky_multi.py:308:<module> <- verify_seeky_multi.py:244:main
WARNING:pet.gui_stall_sampler:  [t-93ms] webm_clip.py:2499:_poll <- webm_clip.py:2750:_process_frame <- window_optional_services.py:62:<lambda> <- verify_seeky_multi.py:92:observed_frame <- window.py:1917:_on_frame <- window.py:2106:_rebuild_frame
WARNING:pet.gui_stall_sampler:  [t-13ms] webm_clip.py:2750:_process_frame <- window_optional_services.py:62:<lambda> <- verify_seeky_multi.py:92:observed_frame <- window.py:1917:_on_frame <- window.py:2068:_rebuild_frame <- window.py:1990:_frame_signature
WARNING:root:GUI 卡顿 141ms state=IDLE anim=待机呼吸休闲 physics=None
WARNING:pet.gui_stall_sampler:GUI 冻结现场（141ms，3 个采样点，旧→新）：
WARNING:pet.gui_stall_sampler:  [t-189ms] verify_seeky_multi.py:308:<module> <- verify_seeky_multi.py:244:main
WARNING:pet.gui_stall_sampler:  [t-94ms] webm_clip.py:2499:_poll <- webm_clip.py:2750:_process_frame <- window_optional_services.py:62:<lambda> <- verify_seeky_multi.py:92:observed_frame <- window.py:1917:_on_frame <- window.py:2106:_rebuild_frame
WARNING:pet.gui_stall_sampler:  [t-13ms] webm_clip.py:2750:_process_frame <- window_optional_services.py:62:<lambda> <- verify_seeky_multi.py:92:observed_frame <- window.py:1917:_on_frame <- window.py:2068:_rebuild_frame <- window.py:1990:_frame_signature
WARNING:root:GUI 卡顿 141ms state=IDLE anim=待机呼吸休闲 physics=None
WARNING:pet.gui_stall_sampler:GUI 冻结现场（141ms，3 个采样点，旧→新）：
WARNING:pet.gui_stall_sampler:  [t-190ms] verify_seeky_multi.py:308:<module> <- verify_seeky_multi.py:244:main
WARNING:pet.gui_stall_sampler:  [t-95ms] webm_clip.py:2499:_poll <- webm_clip.py:2750:_process_frame <- window_optional_services.py:62:<lambda> <- verify_seeky_multi.py:92:observed_frame <- window.py:1917:_on_frame <- window.py:2106:_rebuild_frame
WARNING:pet.gui_stall_sampler:  [t-14ms] webm_clip.py:2750:_process_frame <- window_optional_services.py:62:<lambda> <- verify_seeky_multi.py:92:observed_frame <- window.py:1917:_on_frame <- window.py:2068:_rebuild_frame <- window.py:1990:_frame_signature
WARNING:root:GUI 卡顿 133ms state=IDLE anim=待机呼吸休闲 physics=None
WARNING:pet.gui_stall_sampler:GUI 冻结现场（133ms，2 个采样点，旧→新）：
WARNING:pet.gui_stall_sampler:  [t-133ms] verify_seeky_multi.py:308:<module> <- verify_seeky_multi.py:244:main
WARNING:pet.gui_stall_sampler:  [t-4ms] webm_clip.py:2499:_poll <- webm_clip.py:2750:_process_frame <- window_optional_services.py:62:<lambda> <- verify_seeky_multi.py:92:observed_frame <- window.py:1917:_on_frame <- window.py:2106:_rebuild_frame
WARNING:root:GUI 卡顿 136ms state=IDLE anim=待机呼吸休闲 physics=None
WARNING:pet.gui_stall_sampler:GUI 冻结现场（136ms，2 个采样点，旧→新）：
WARNING:pet.gui_stall_sampler:  [t-134ms] verify_seeky_multi.py:308:<module> <- verify_seeky_multi.py:244:main
WARNING:pet.gui_stall_sampler:  [t-4ms] webm_clip.py:2499:_poll <- webm_clip.py:2750:_process_frame <- window_optional_services.py:62:<lambda> <- verify_seeky_multi.py:92:observed_frame <- window.py:1917:_on_frame <- window.py:2106:_rebuild_frame
WARNING:root:GUI 卡顿 136ms state=IDLE anim=待机呼吸休闲 physics=None
WARNING:pet.gui_stall_sampler:GUI 冻结现场（136ms，2 个采样点，旧→新）：
WARNING:pet.gui_stall_sampler:  [t-134ms] verify_seeky_multi.py:308:<module> <- verify_seeky_multi.py:244:main
WARNING:pet.gui_stall_sampler:  [t-5ms] webm_clip.py:2499:_poll <- webm_clip.py:2750:_process_frame <- window_optional_services.py:62:<lambda> <- verify_seeky_multi.py:92:observed_frame <- window.py:1917:_on_frame <- window.py:2106:_rebuild_frame
WARNING:root:GUI 卡顿 141ms state=IDLE anim=待机呼吸休闲 physics=None
WARNING:pet.gui_stall_sampler:GUI 冻结现场（141ms，2 个采样点，旧→新）：
WARNING:pet.gui_stall_sampler:  [t-166ms] verify_seeky_multi.py:308:<module> <- verify_seeky_multi.py:244:main
WARNING:pet.gui_stall_sampler:  [t-44ms] verify_seeky_multi.py:308:<module> <- verify_seeky_multi.py:244:main <- webm_clip.py:2499:_poll <- webm_clip.py:2724:_process_frame
WARNING:root:GUI 卡顿 142ms state=IDLE anim=待机呼吸休闲 physics=None
WARNING:pet.gui_stall_sampler:GUI 冻结现场（142ms，2 个采样点，旧→新）：
WARNING:pet.gui_stall_sampler:  [t-167ms] verify_seeky_multi.py:308:<module> <- verify_seeky_multi.py:244:main
WARNING:pet.gui_stall_sampler:  [t-45ms] verify_seeky_multi.py:308:<module> <- verify_seeky_multi.py:244:main <- webm_clip.py:2499:_poll <- webm_clip.py:2724:_process_frame
WARNING:root:GUI 卡顿 142ms state=IDLE anim=待机呼吸休闲 physics=None
WARNING:pet.gui_stall_sampler:GUI 冻结现场（142ms，2 个采样点，旧→新）：
WARNING:pet.gui_stall_sampler:  [t-167ms] verify_seeky_multi.py:308:<module> <- verify_seeky_multi.py:244:main
WARNING:pet.gui_stall_sampler:  [t-45ms] verify_seeky_multi.py:308:<module> <- verify_seeky_multi.py:244:main <- webm_clip.py:2499:_poll <- webm_clip.py:2724:_process_frame
WARNING:root:GUI 卡顿 150ms state=IDLE anim=待机呼吸休闲 physics=None
WARNING:root:GUI 卡顿 151ms state=IDLE anim=待机呼吸休闲 physics=None
WARNING:root:GUI 卡顿 151ms state=IDLE anim=待机呼吸休闲 physics=None
WARNING:root:GUI 卡顿 115ms state=IDLE anim=待机呼吸休闲 physics=None
WARNING:pet.gui_stall_sampler:GUI 冻结现场（115ms，2 个采样点，旧→新）：
WARNING:pet.gui_stall_sampler:  [t-132ms] verify_seeky_multi.py:308:<module> <- verify_seeky_multi.py:244:main <- webm_clip.py:2499:_poll <- webm_clip.py:2724:_process_frame
WARNING:pet.gui_stall_sampler:  [t-32ms] webm_clip.py:2499:_poll <- webm_clip.py:2750:_process_frame <- window_optional_services.py:62:<lambda> <- verify_seeky_multi.py:92:observed_frame <- window.py:1917:_on_frame <- window.py:2106:_rebuild_frame
WARNING:root:GUI 卡顿 116ms state=IDLE anim=待机呼吸休闲 physics=None
WARNING:pet.gui_stall_sampler:GUI 冻结现场（116ms，2 个采样点，旧→新）：
WARNING:pet.gui_stall_sampler:  [t-132ms] verify_seeky_multi.py:308:<module> <- verify_seeky_multi.py:244:main <- webm_clip.py:2499:_poll <- webm_clip.py:2724:_process_frame
WARNING:pet.gui_stall_sampler:  [t-33ms] webm_clip.py:2499:_poll <- webm_clip.py:2750:_process_frame <- window_optional_services.py:62:<lambda> <- verify_seeky_multi.py:92:observed_frame <- window.py:1917:_on_frame <- window.py:2106:_rebuild_frame
WARNING:root:GUI 卡顿 117ms state=IDLE anim=待机呼吸休闲 physics=None
WARNING:pet.gui_stall_sampler:GUI 冻结现场（117ms，2 个采样点，旧→新）：
WARNING:pet.gui_stall_sampler:  [t-132ms] verify_seeky_multi.py:308:<module> <- verify_seeky_multi.py:244:main <- webm_clip.py:2499:_poll <- webm_clip.py:2724:_process_frame
WARNING:pet.gui_stall_sampler:  [t-33ms] webm_clip.py:2499:_poll <- webm_clip.py:2750:_process_frame <- window_optional_services.py:62:<lambda> <- verify_seeky_multi.py:92:observed_frame <- window.py:1917:_on_frame <- window.py:2106:_rebuild_frame
WARNING:root:GUI 卡顿 128ms state=IDLE anim=待机呼吸休闲 physics=None
WARNING:pet.gui_stall_sampler:GUI 冻结现场（128ms，2 个采样点，旧→新）：
WARNING:pet.gui_stall_sampler:  [t-170ms] verify_seeky_multi.py:308:<module> <- verify_seeky_multi.py:244:main
WARNING:pet.gui_stall_sampler:  [t-10ms] webm_clip.py:2499:_poll <- webm_clip.py:2750:_process_frame <- window_optional_services.py:62:<lambda> <- verify_seeky_multi.py:92:observed_frame <- window.py:1917:_on_frame <- window.py:2106:_rebuild_frame
WARNING:root:GUI 卡顿 129ms state=IDLE anim=待机呼吸休闲 physics=None
WARNING:pet.gui_stall_sampler:GUI 冻结现场（129ms，2 个采样点，旧→新）：
WARNING:pet.gui_stall_sampler:  [t-171ms] verify_seeky_multi.py:308:<module> <- verify_seeky_multi.py:244:main
WARNING:pet.gui_stall_sampler:  [t-11ms] webm_clip.py:2499:_poll <- webm_clip.py:2750:_process_frame <- window_optional_services.py:62:<lambda> <- verify_seeky_multi.py:92:observed_frame <- window.py:1917:_on_frame <- window.py:2106:_rebuild_frame
WARNING:root:GUI 卡顿 130ms state=IDLE anim=待机呼吸休闲 physics=None
WARNING:pet.gui_stall_sampler:GUI 冻结现场（130ms，2 个采样点，旧→新）：
WARNING:pet.gui_stall_sampler:  [t-171ms] verify_seeky_multi.py:308:<module> <- verify_seeky_multi.py:244:main
WARNING:pet.gui_stall_sampler:  [t-11ms] webm_clip.py:2499:_poll <- webm_clip.py:2750:_process_frame <- window_optional_services.py:62:<lambda> <- verify_seeky_multi.py:92:observed_frame <- window.py:1917:_on_frame <- window.py:2106:_rebuild_frame
WARNING:root:GUI 卡顿 114ms state=IDLE anim=待机呼吸休闲 physics=None
WARNING:pet.gui_stall_sampler:GUI 冻结现场（114ms，2 个采样点，旧→新）：
WARNING:pet.gui_stall_sampler:  [t-159ms] verify_seeky_multi.py:308:<module> <- verify_seeky_multi.py:244:main
WARNING:pet.gui_stall_sampler:  [t-5ms] webm_clip.py:2499:_poll <- webm_clip.py:2750:_process_frame <- window_optional_services.py:62:<lambda> <- verify_seeky_multi.py:92:observed_frame <- window.py:1917:_on_frame <- window.py:2106:_rebuild_frame
WARNING:root:GUI 卡顿 115ms state=IDLE anim=待机呼吸休闲 physics=None
WARNING:pet.gui_stall_sampler:GUI 冻结现场（115ms，2 个采样点，旧→新）：
WARNING:pet.gui_stall_sampler:  [t-159ms] verify_seeky_multi.py:308:<module> <- verify_seeky_multi.py:244:main
WARNING:pet.gui_stall_sampler:  [t-5ms] webm_clip.py:2499:_poll <- webm_clip.py:2750:_process_frame <- window_optional_services.py:62:<lambda> <- verify_seeky_multi.py:92:observed_frame <- window.py:1917:_on_frame <- window.py:2106:_rebuild_frame
WARNING:root:GUI 卡顿 115ms state=IDLE anim=待机呼吸休闲 physics=None
WARNING:pet.gui_stall_sampler:GUI 冻结现场（115ms，2 个采样点，旧→新）：
WARNING:pet.gui_stall_sampler:  [t-159ms] verify_seeky_multi.py:308:<module> <- verify_seeky_multi.py:244:main
WARNING:pet.gui_stall_sampler:  [t-6ms] webm_clip.py:2499:_poll <- webm_clip.py:2750:_process_frame <- window_optional_services.py:62:<lambda> <- verify_seeky_multi.py:92:observed_frame <- window.py:1917:_on_frame <- window.py:2106:_rebuild_frame
WARNING:root:GUI 卡顿 101ms state=IDLE anim=待机呼吸休闲 physics=None
WARNING:pet.gui_stall_sampler:GUI 冻结现场（101ms，2 个采样点，旧→新）：
WARNING:pet.gui_stall_sampler:  [t-143ms] webm_clip.py:2750:_process_frame <- window_optional_services.py:62:<lambda> <- verify_seeky_multi.py:92:observed_frame <- window.py:1904:_on_frame <- window.py:2763:_predict_prewarm <- predictive_prewarm.py:117:on_frame
WARNING:pet.gui_stall_sampler:  [t-26ms] webm_clip.py:2499:_poll <- webm_clip.py:2750:_process_frame <- window_optional_services.py:62:<lambda> <- verify_seeky_multi.py:92:observed_frame <- window.py:1917:_on_frame <- window.py:2124:_rebuild_frame
WARNING:root:GUI 卡顿 103ms state=IDLE anim=待机呼吸休闲 physics=None
WARNING:pet.gui_stall_sampler:GUI 冻结现场（103ms，2 个采样点，旧→新）：
WARNING:pet.gui_stall_sampler:  [t-145ms] webm_clip.py:2750:_process_frame <- window_optional_services.py:62:<lambda> <- verify_seeky_multi.py:92:observed_frame <- window.py:1904:_on_frame <- window.py:2763:_predict_prewarm <- predictive_prewarm.py:117:on_frame
WARNING:pet.gui_stall_sampler:  [t-28ms] webm_clip.py:2499:_poll <- webm_clip.py:2750:_process_frame <- window_optional_services.py:62:<lambda> <- verify_seeky_multi.py:92:observed_frame <- window.py:1917:_on_frame <- window.py:2124:_rebuild_frame
WARNING:root:GUI 卡顿 103ms state=IDLE anim=待机呼吸休闲 physics=None
WARNING:pet.gui_stall_sampler:GUI 冻结现场（103ms，2 个采样点，旧→新）：
WARNING:pet.gui_stall_sampler:  [t-145ms] webm_clip.py:2750:_process_frame <- window_optional_services.py:62:<lambda> <- verify_seeky_multi.py:92:observed_frame <- window.py:1904:_on_frame <- window.py:2763:_predict_prewarm <- predictive_prewarm.py:117:on_frame
WARNING:pet.gui_stall_sampler:  [t-28ms] webm_clip.py:2499:_poll <- webm_clip.py:2750:_process_frame <- window_optional_services.py:62:<lambda> <- verify_seeky_multi.py:92:observed_frame <- window.py:1917:_on_frame <- window.py:2124:_rebuild_frame
WARNING:root:GUI 卡顿 111ms state=IDLE anim=待机呼吸休闲 physics=None
WARNING:pet.gui_stall_sampler:GUI 冻结现场（111ms，2 个采样点，旧→新）：
WARNING:pet.gui_stall_sampler:  [t-88ms] webm_clip.py:2499:_poll <- webm_clip.py:2750:_process_frame <- window_optional_services.py:62:<lambda> <- verify_seeky_multi.py:92:observed_frame <- window.py:1917:_on_frame <- window.py:2119:_rebuild_frame
WARNING:pet.gui_stall_sampler:  [t-15ms] verify_seeky_multi.py:308:<module> <- verify_seeky_multi.py:244:main
WARNING:root:GUI 卡顿 125ms state=IDLE anim=待机呼吸休闲 physics=None
WARNING:pet.gui_stall_sampler:GUI 冻结现场（125ms，3 个采样点，旧→新）：
WARNING:pet.gui_stall_sampler:  [t-174ms] webm_clip.py:2750:_process_frame <- window_optional_services.py:62:<lambda> <- verify_seeky_multi.py:92:observed_frame <- window.py:1917:_on_frame <- window.py:2068:_rebuild_frame <- window.py:1990:_frame_signature
WARNING:pet.gui_stall_sampler:  [t-90ms] webm_clip.py:2499:_poll <- webm_clip.py:2750:_process_frame <- window_optional_services.py:62:<lambda> <- verify_seeky_multi.py:92:observed_frame <- window.py:1917:_on_frame <- window.py:2119:_rebuild_frame
WARNING:pet.gui_stall_sampler:  [t-16ms] verify_seeky_multi.py:308:<module> <- verify_seeky_multi.py:244:main
WARNING:root:GUI 卡顿 126ms state=IDLE anim=待机呼吸休闲 physics=None
WARNING:pet.gui_stall_sampler:GUI 冻结现场（126ms，3 个采样点，旧→新）：
WARNING:pet.gui_stall_sampler:  [t-175ms] webm_clip.py:2750:_process_frame <- window_optional_services.py:62:<lambda> <- verify_seeky_multi.py:92:observed_frame <- window.py:1917:_on_frame <- window.py:2068:_rebuild_frame <- window.py:1990:_frame_signature
WARNING:pet.gui_stall_sampler:  [t-90ms] webm_clip.py:2499:_poll <- webm_clip.py:2750:_process_frame <- window_optional_services.py:62:<lambda> <- verify_seeky_multi.py:92:observed_frame <- window.py:1917:_on_frame <- window.py:2119:_rebuild_frame
WARNING:pet.gui_stall_sampler:  [t-16ms] verify_seeky_multi.py:308:<module> <- verify_seeky_multi.py:244:main
WARNING:root:GUI 卡顿 127ms state=IDLE anim=待机呼吸休闲 physics=None
WARNING:pet.gui_stall_sampler:GUI 冻结现场（127ms，2 个采样点，旧→新）：
WARNING:pet.gui_stall_sampler:  [t-157ms] verify_seeky_multi.py:308:<module> <- verify_seeky_multi.py:244:main
WARNING:pet.gui_stall_sampler:  [t-56ms] webm_clip.py:2499:_poll <- webm_clip.py:2750:_process_frame <- window_optional_services.py:62:<lambda> <- verify_seeky_multi.py:92:observed_frame <- window.py:1917:_on_frame <- window.py:2106:_rebuild_frame
WARNING:root:GUI 卡顿 128ms state=IDLE anim=待机呼吸休闲 physics=None
WARNING:pet.gui_stall_sampler:GUI 冻结现场（128ms，2 个采样点，旧→新）：
WARNING:pet.gui_stall_sampler:  [t-157ms] verify_seeky_multi.py:308:<module> <- verify_seeky_multi.py:244:main
WARNING:pet.gui_stall_sampler:  [t-56ms] webm_clip.py:2499:_poll <- webm_clip.py:2750:_process_frame <- window_optional_services.py:62:<lambda> <- verify_seeky_multi.py:92:observed_frame <- window.py:1917:_on_frame <- window.py:2106:_rebuild_frame
WARNING:root:GUI 卡顿 128ms state=IDLE anim=待机呼吸休闲 physics=None
WARNING:pet.gui_stall_sampler:GUI 冻结现场（128ms，2 个采样点，旧→新）：
WARNING:pet.gui_stall_sampler:  [t-158ms] verify_seeky_multi.py:308:<module> <- verify_seeky_multi.py:244:main
WARNING:pet.gui_stall_sampler:  [t-57ms] webm_clip.py:2499:_poll <- webm_clip.py:2750:_process_frame <- window_optional_services.py:62:<lambda> <- verify_seeky_multi.py:92:observed_frame <- window.py:1917:_on_frame <- window.py:2106:_rebuild_frame
WARNING:root:GUI 卡顿 108ms state=IDLE anim=待机呼吸休闲 physics=None
WARNING:pet.gui_stall_sampler:GUI 冻结现场（108ms，1 个采样点，旧→新）：
WARNING:pet.gui_stall_sampler:  [t-5ms] webm_clip.py:2750:_process_frame <- window_optional_services.py:62:<lambda> <- verify_seeky_multi.py:92:observed_frame <- window.py:1919:_on_frame <- window.py:2126:_rebuild_frame <- window.py:2005:_frame_signature
WARNING:root:GUI 卡顿 109ms state=IDLE anim=待机呼吸休闲 physics=None
WARNING:pet.gui_stall_sampler:GUI 冻结现场（109ms，1 个采样点，旧→新）：
WARNING:pet.gui_stall_sampler:  [t-6ms] webm_clip.py:2750:_process_frame <- window_optional_services.py:62:<lambda> <- verify_seeky_multi.py:92:observed_frame <- window.py:1919:_on_frame <- window.py:2126:_rebuild_frame <- window.py:2005:_frame_signature
WARNING:root:GUI 卡顿 109ms state=IDLE anim=待机呼吸休闲 physics=None
WARNING:pet.gui_stall_sampler:GUI 冻结现场（109ms，1 个采样点，旧→新）：
WARNING:pet.gui_stall_sampler:  [t-6ms] webm_clip.py:2750:_process_frame <- window_optional_services.py:62:<lambda> <- verify_seeky_multi.py:92:observed_frame <- window.py:1919:_on_frame <- window.py:2126:_rebuild_frame <- window.py:2005:_frame_signature
WARNING:root:GUI 卡顿 162ms state=IDLE anim=待机呼吸休闲 physics=None
WARNING:pet.gui_stall_sampler:GUI 冻结现场（162ms，2 个采样点，旧→新）：
WARNING:pet.gui_stall_sampler:  [t-177ms] verify_seeky_multi.py:308:<module> <- verify_seeky_multi.py:244:main
WARNING:pet.gui_stall_sampler:  [t-53ms] webm_clip.py:2499:_poll <- webm_clip.py:2750:_process_frame <- window_optional_services.py:62:<lambda> <- verify_seeky_multi.py:92:observed_frame <- window.py:1917:_on_frame <- window.py:2124:_rebuild_frame
WARNING:root:GUI 卡顿 167ms state=IDLE anim=待机呼吸休闲 physics=None
WARNING:pet.gui_stall_sampler:GUI 冻结现场（167ms，2 个采样点，旧→新）：
WARNING:pet.gui_stall_sampler:  [t-181ms] verify_seeky_multi.py:308:<module> <- verify_seeky_multi.py:244:main
WARNING:pet.gui_stall_sampler:  [t-57ms] webm_clip.py:2499:_poll <- webm_clip.py:2750:_process_frame <- window_optional_services.py:62:<lambda> <- verify_seeky_multi.py:92:observed_frame <- window.py:1917:_on_frame <- window.py:2124:_rebuild_frame
WARNING:root:GUI 卡顿 167ms state=IDLE anim=待机呼吸休闲 physics=None
WARNING:pet.gui_stall_sampler:GUI 冻结现场（167ms，2 个采样点，旧→新）：
WARNING:pet.gui_stall_sampler:  [t-182ms] verify_seeky_multi.py:308:<module> <- verify_seeky_multi.py:244:main
WARNING:pet.gui_stall_sampler:  [t-58ms] webm_clip.py:2499:_poll <- webm_clip.py:2750:_process_frame <- window_optional_services.py:62:<lambda> <- verify_seeky_multi.py:92:observed_frame <- window.py:1917:_on_frame <- window.py:2124:_rebuild_frame
WARNING:root:GUI 卡顿 135ms state=IDLE anim=待机呼吸休闲 physics=None
WARNING:pet.gui_stall_sampler:GUI 冻结现场（135ms，1 个采样点，旧→新）：
WARNING:pet.gui_stall_sampler:  [t-95ms] verify_seeky_multi.py:308:<module> <- verify_seeky_multi.py:244:main
WARNING:root:GUI 卡顿 136ms state=IDLE anim=待机呼吸休闲 physics=None
WARNING:pet.gui_stall_sampler:GUI 冻结现场（136ms，1 个采样点，旧→新）：
WARNING:pet.gui_stall_sampler:  [t-95ms] verify_seeky_multi.py:308:<module> <- verify_seeky_multi.py:244:main
WARNING:root:GUI 卡顿 136ms state=IDLE anim=待机呼吸休闲 physics=None
WARNING:pet.gui_stall_sampler:GUI 冻结现场（136ms，1 个采样点，旧→新）：
WARNING:pet.gui_stall_sampler:  [t-95ms] verify_seeky_multi.py:308:<module> <- verify_seeky_multi.py:244:main
WARNING:root:GUI 卡顿 208ms state=IDLE anim=待机呼吸休闲 physics=None
WARNING:pet.gui_stall_sampler:GUI 冻结现场（208ms，2 个采样点，旧→新）：
WARNING:pet.gui_stall_sampler:  [t-103ms] webm_clip.py:2750:_process_frame <- window_optional_services.py:62:<lambda> <- verify_seeky_multi.py:92:observed_frame <- window.py:1917:_on_frame <- window.py:2068:_rebuild_frame <- window.py:1990:_frame_signature
WARNING:pet.gui_stall_sampler:  [t-25ms] verify_seeky_multi.py:308:<module> <- verify_seeky_multi.py:244:main
WARNING:root:GUI 卡顿 210ms state=IDLE anim=待机呼吸休闲 physics=None
WARNING:pet.gui_stall_sampler:GUI 冻结现场（210ms，2 个采样点，旧→新）：
WARNING:pet.gui_stall_sampler:  [t-104ms] webm_clip.py:2750:_process_frame <- window_optional_services.py:62:<lambda> <- verify_seeky_multi.py:92:observed_frame <- window.py:1917:_on_frame <- window.py:2068:_rebuild_frame <- window.py:1990:_frame_signature
WARNING:pet.gui_stall_sampler:  [t-26ms] verify_seeky_multi.py:308:<module> <- verify_seeky_multi.py:244:main
WARNING:root:GUI 卡顿 212ms state=IDLE anim=待机呼吸休闲 physics=None
WARNING:pet.gui_stall_sampler:GUI 冻结现场（212ms，2 个采样点，旧→新）：
WARNING:pet.gui_stall_sampler:  [t-105ms] webm_clip.py:2750:_process_frame <- window_optional_services.py:62:<lambda> <- verify_seeky_multi.py:92:observed_frame <- window.py:1917:_on_frame <- window.py:2068:_rebuild_frame <- window.py:1990:_frame_signature
WARNING:pet.gui_stall_sampler:  [t-27ms] verify_seeky_multi.py:308:<module> <- verify_seeky_multi.py:244:main
WARNING:root:GUI 卡顿 119ms state=IDLE anim=待机呼吸休闲 physics=None
WARNING:pet.gui_stall_sampler:GUI 冻结现场（119ms，1 个采样点，旧→新）：
WARNING:pet.gui_stall_sampler:  [t-12ms] webm_clip.py:2499:_poll <- webm_clip.py:2750:_process_frame <- window_optional_services.py:62:<lambda> <- verify_seeky_multi.py:92:observed_frame <- window.py:1917:_on_frame <- window.py:2106:_rebuild_frame
WARNING:root:GUI 卡顿 121ms state=IDLE anim=待机呼吸休闲 physics=None
WARNING:pet.gui_stall_sampler:GUI 冻结现场（121ms，2 个采样点，旧→新）：
WARNING:pet.gui_stall_sampler:  [t-170ms] verify_seeky_multi.py:308:<module> <- verify_seeky_multi.py:244:main
WARNING:pet.gui_stall_sampler:  [t-13ms] webm_clip.py:2499:_poll <- webm_clip.py:2750:_process_frame <- window_optional_services.py:62:<lambda> <- verify_seeky_multi.py:92:observed_frame <- window.py:1917:_on_frame <- window.py:2106:_rebuild_frame
WARNING:root:GUI 卡顿 121ms state=IDLE anim=待机呼吸休闲 physics=None
WARNING:pet.gui_stall_sampler:GUI 冻结现场（121ms，2 个采样点，旧→新）：
WARNING:pet.gui_stall_sampler:  [t-171ms] verify_seeky_multi.py:308:<module> <- verify_seeky_multi.py:244:main
WARNING:pet.gui_stall_sampler:  [t-13ms] webm_clip.py:2499:_poll <- webm_clip.py:2750:_process_frame <- window_optional_services.py:62:<lambda> <- verify_seeky_multi.py:92:observed_frame <- window.py:1917:_on_frame <- window.py:2106:_rebuild_frame
WARNING:root:GUI 卡顿 145ms state=IDLE anim=待机呼吸休闲 physics=None
WARNING:pet.gui_stall_sampler:GUI 冻结现场（145ms，2 个采样点，旧→新）：
WARNING:pet.gui_stall_sampler:  [t-157ms] verify_seeky_multi.py:308:<module> <- verify_seeky_multi.py:244:main
WARNING:root:GUI 卡顿 146ms state=IDLE anim=待机呼吸休闲 physics=None
WARNING:pet.gui_stall_sampler:GUI 冻结现场（146ms，2 个采样点，旧→新）：
WARNING:pet.gui_stall_sampler:  [t-158ms] verify_seeky_multi.py:308:<module> <- verify_seeky_multi.py:244:main
WARNING:root:GUI 卡顿 147ms state=IDLE anim=待机呼吸休闲 physics=None
WARNING:pet.gui_stall_sampler:GUI 冻结现场（147ms，2 个采样点，旧→新）：
WARNING:pet.gui_stall_sampler:  [t-158ms] verify_seeky_multi.py:308:<module> <- verify_seeky_multi.py:244:main
WARNING:root:GUI 卡顿 144ms state=IDLE anim=待机呼吸休闲 physics=None
WARNING:pet.gui_stall_sampler:GUI 冻结现场（144ms，2 个采样点，旧→新）：
WARNING:pet.gui_stall_sampler:  [t-171ms] verify_seeky_multi.py:308:<module> <- verify_seeky_multi.py:244:main
WARNING:pet.gui_stall_sampler:  [t-16ms] verify_seeky_multi.py:92:observed_frame <- window.py:1917:_on_frame <- window.py:2124:_rebuild_frame <- window.py:2270:_sync_mask <- window_optional_services.py:42:effects_coverage <- frame_edges.py:27:coverage_region
WARNING:root:GUI 卡顿 145ms state=IDLE anim=待机呼吸休闲 physics=None
WARNING:pet.gui_stall_sampler:GUI 冻结现场（145ms，2 个采样点，旧→新）：
WARNING:pet.gui_stall_sampler:  [t-172ms] verify_seeky_multi.py:308:<module> <- verify_seeky_multi.py:244:main
WARNING:pet.gui_stall_sampler:  [t-17ms] verify_seeky_multi.py:92:observed_frame <- window.py:1917:_on_frame <- window.py:2124:_rebuild_frame <- window.py:2270:_sync_mask <- window_optional_services.py:42:effects_coverage <- frame_edges.py:27:coverage_region
WARNING:root:GUI 卡顿 145ms state=IDLE anim=待机呼吸休闲 physics=None
WARNING:pet.gui_stall_sampler:GUI 冻结现场（145ms，2 个采样点，旧→新）：
WARNING:pet.gui_stall_sampler:  [t-172ms] verify_seeky_multi.py:308:<module> <- verify_seeky_multi.py:244:main
WARNING:pet.gui_stall_sampler:  [t-17ms] verify_seeky_multi.py:92:observed_frame <- window.py:1917:_on_frame <- window.py:2124:_rebuild_frame <- window.py:2270:_sync_mask <- window_optional_services.py:42:effects_coverage <- frame_edges.py:27:coverage_region
WARNING:root:GUI 卡顿 177ms state=IDLE anim=待机呼吸休闲 physics=None
WARNING:pet.gui_stall_sampler:GUI 冻结现场（177ms，1 个采样点，旧→新）：
WARNING:pet.gui_stall_sampler:  [t-56ms] verify_seeky_multi.py:308:<module> <- verify_seeky_multi.py:244:main
WARNING:root:GUI 卡顿 179ms state=IDLE anim=待机呼吸休闲 physics=None
WARNING:pet.gui_stall_sampler:GUI 冻结现场（179ms，1 个采样点，旧→新）：
WARNING:pet.gui_stall_sampler:  [t-56ms] verify_seeky_multi.py:308:<module> <- verify_seeky_multi.py:244:main
WARNING:root:GUI 卡顿 179ms state=IDLE anim=待机呼吸休闲 physics=None
WARNING:pet.gui_stall_sampler:GUI 冻结现场（179ms，1 个采样点，旧→新）：
WARNING:pet.gui_stall_sampler:  [t-57ms] verify_seeky_multi.py:308:<module> <- verify_seeky_multi.py:244:main
WARNING:root:GUI 卡顿 211ms state=IDLE anim=待机呼吸休闲 physics=None
WARNING:pet.gui_stall_sampler:GUI 冻结现场（211ms，2 个采样点，旧→新）：
WARNING:pet.gui_stall_sampler:  [t-173ms] webm_clip.py:2499:_poll <- webm_clip.py:2750:_process_frame <- window_optional_services.py:62:<lambda> <- verify_seeky_multi.py:92:observed_frame <- window.py:1917:_on_frame <- window.py:2106:_rebuild_frame
WARNING:pet.gui_stall_sampler:  [t-2ms] verify_seeky_multi.py:308:<module> <- verify_seeky_multi.py:244:main
WARNING:root:GUI 卡顿 212ms state=IDLE anim=待机呼吸休闲 physics=None
WARNING:pet.gui_stall_sampler:GUI 冻结现场（212ms，2 个采样点，旧→新）：
WARNING:pet.gui_stall_sampler:  [t-173ms] webm_clip.py:2499:_poll <- webm_clip.py:2750:_process_frame <- window_optional_services.py:62:<lambda> <- verify_seeky_multi.py:92:observed_frame <- window.py:1917:_on_frame <- window.py:2106:_rebuild_frame
WARNING:pet.gui_stall_sampler:  [t-2ms] verify_seeky_multi.py:308:<module> <- verify_seeky_multi.py:244:main
WARNING:root:GUI 卡顿 212ms state=IDLE anim=待机呼吸休闲 physics=None
WARNING:pet.gui_stall_sampler:GUI 冻结现场（212ms，2 个采样点，旧→新）：
WARNING:pet.gui_stall_sampler:  [t-173ms] webm_clip.py:2499:_poll <- webm_clip.py:2750:_process_frame <- window_optional_services.py:62:<lambda> <- verify_seeky_multi.py:92:observed_frame <- window.py:1917:_on_frame <- window.py:2106:_rebuild_frame
WARNING:pet.gui_stall_sampler:  [t-3ms] verify_seeky_multi.py:308:<module> <- verify_seeky_multi.py:244:main
WARNING:root:GUI 卡顿 119ms state=IDLE anim=待机呼吸休闲 physics=None
WARNING:pet.gui_stall_sampler:GUI 冻结现场（119ms，1 个采样点，旧→新）：
WARNING:pet.gui_stall_sampler:  [t-74ms] webm_clip.py:2499:_poll <- webm_clip.py:2750:_process_frame <- window_optional_services.py:62:<lambda> <- verify_seeky_multi.py:92:observed_frame <- window.py:1917:_on_frame <- window.py:2106:_rebuild_frame
WARNING:root:GUI 卡顿 121ms state=IDLE anim=待机呼吸休闲 physics=None
WARNING:pet.gui_stall_sampler:GUI 冻结现场（121ms，1 个采样点，旧→新）：
WARNING:pet.gui_stall_sampler:  [t-75ms] webm_clip.py:2499:_poll <- webm_clip.py:2750:_process_frame <- window_optional_services.py:62:<lambda> <- verify_seeky_multi.py:92:observed_frame <- window.py:1917:_on_frame <- window.py:2106:_rebuild_frame
WARNING:root:GUI 卡顿 121ms state=IDLE anim=待机呼吸休闲 physics=None
WARNING:pet.gui_stall_sampler:GUI 冻结现场（121ms，1 个采样点，旧→新）：
WARNING:pet.gui_stall_sampler:  [t-75ms] webm_clip.py:2499:_poll <- webm_clip.py:2750:_process_frame <- window_optional_services.py:62:<lambda> <- verify_seeky_multi.py:92:observed_frame <- window.py:1917:_on_frame <- window.py:2106:_rebuild_frame
WARNING:root:GUI 卡顿 106ms state=IDLE anim=待机呼吸休闲 physics=None
WARNING:pet.gui_stall_sampler:GUI 冻结现场（106ms，2 个采样点，旧→新）：
WARNING:pet.gui_stall_sampler:  [t-119ms] verify_seeky_multi.py:308:<module> <- verify_seeky_multi.py:244:main
WARNING:pet.gui_stall_sampler:  [t-14ms] verify_seeky_multi.py:308:<module> <- verify_seeky_multi.py:244:main <- webm_clip.py:2499:_poll <- webm_clip.py:2724:_process_frame
WARNING:root:GUI 卡顿 106ms state=IDLE anim=待机呼吸休闲 physics=None
WARNING:pet.gui_stall_sampler:GUI 冻结现场（106ms，2 个采样点，旧→新）：
WARNING:pet.gui_stall_sampler:  [t-119ms] verify_seeky_multi.py:308:<module> <- verify_seeky_multi.py:244:main
WARNING:pet.gui_stall_sampler:  [t-15ms] verify_seeky_multi.py:308:<module> <- verify_seeky_multi.py:244:main <- webm_clip.py:2499:_poll <- webm_clip.py:2724:_process_frame
WARNING:root:GUI 卡顿 107ms state=IDLE anim=待机呼吸休闲 physics=None
WARNING:pet.gui_stall_sampler:GUI 冻结现场（107ms，2 个采样点，旧→新）：
WARNING:pet.gui_stall_sampler:  [t-119ms] verify_seeky_multi.py:308:<module> <- verify_seeky_multi.py:244:main
WARNING:pet.gui_stall_sampler:  [t-15ms] verify_seeky_multi.py:308:<module> <- verify_seeky_multi.py:244:main <- webm_clip.py:2499:_poll <- webm_clip.py:2724:_process_frame
WARNING:root:GUI 卡顿 112ms state=IDLE anim=待机呼吸休闲 physics=None
WARNING:pet.gui_stall_sampler:GUI 冻结现场（112ms，2 个采样点，旧→新）：
WARNING:pet.gui_stall_sampler:  [t-137ms] verify_seeky_multi.py:308:<module> <- verify_seeky_multi.py:244:main
WARNING:pet.gui_stall_sampler:  [t-6ms] webm_clip.py:2499:_poll <- webm_clip.py:2750:_process_frame <- window_optional_services.py:62:<lambda> <- verify_seeky_multi.py:92:observed_frame <- window.py:1917:_on_frame <- window.py:2099:_rebuild_frame
WARNING:root:GUI 卡顿 114ms state=IDLE anim=待机呼吸休闲 physics=None
WARNING:pet.gui_stall_sampler:GUI 冻结现场（114ms，2 个采样点，旧→新）：
WARNING:pet.gui_stall_sampler:  [t-138ms] verify_seeky_multi.py:308:<module> <- verify_seeky_multi.py:244:main
WARNING:pet.gui_stall_sampler:  [t-7ms] webm_clip.py:2499:_poll <- webm_clip.py:2750:_process_frame <- window_optional_services.py:62:<lambda> <- verify_seeky_multi.py:92:observed_frame <- window.py:1917:_on_frame <- window.py:2099:_rebuild_frame
WARNING:root:GUI 卡顿 114ms state=IDLE anim=待机呼吸休闲 physics=None
WARNING:pet.gui_stall_sampler:GUI 冻结现场（114ms，2 个采样点，旧→新）：
WARNING:pet.gui_stall_sampler:  [t-138ms] verify_seeky_multi.py:308:<module> <- verify_seeky_multi.py:244:main
WARNING:pet.gui_stall_sampler:  [t-8ms] webm_clip.py:2499:_poll <- webm_clip.py:2750:_process_frame <- window_optional_services.py:62:<lambda> <- verify_seeky_multi.py:92:observed_frame <- window.py:1917:_on_frame <- window.py:2099:_rebuild_frame
WARNING:root:GUI 卡顿 127ms state=IDLE anim=待机呼吸休闲 physics=None
WARNING:pet.gui_stall_sampler:GUI 冻结现场（127ms，2 个采样点，旧→新）：
WARNING:pet.gui_stall_sampler:  [t-169ms] webm_clip.py:2499:_poll <- webm_clip.py:2750:_process_frame <- window_optional_services.py:62:<lambda> <- verify_seeky_multi.py:92:observed_frame <- window.py:1917:_on_frame <- window.py:2119:_rebuild_frame
WARNING:pet.gui_stall_sampler:  [t-63ms] verify_seeky_multi.py:308:<module> <- verify_seeky_multi.py:244:main <- webm_clip.py:2499:_poll <- webm_clip.py:2724:_process_frame
WARNING:root:GUI 卡顿 128ms state=IDLE anim=待机呼吸休闲 physics=None
WARNING:pet.gui_stall_sampler:GUI 冻结现场（128ms，3 个采样点，旧→新）：
WARNING:pet.gui_stall_sampler:  [t-170ms] webm_clip.py:2499:_poll <- webm_clip.py:2750:_process_frame <- window_optional_services.py:62:<lambda> <- verify_seeky_multi.py:92:observed_frame <- window.py:1917:_on_frame <- window.py:2119:_rebuild_frame
WARNING:pet.gui_stall_sampler:  [t-63ms] verify_seeky_multi.py:308:<module> <- verify_seeky_multi.py:244:main <- webm_clip.py:2499:_poll <- webm_clip.py:2724:_process_frame
WARNING:pet.gui_stall_sampler:  [t-0ms] verify_seeky_multi.py:308:<module> <- verify_seeky_multi.py:244:main
WARNING:root:GUI 卡顿 128ms state=IDLE anim=待机呼吸休闲 physics=None
WARNING:pet.gui_stall_sampler:GUI 冻结现场（128ms，3 个采样点，旧→新）：
WARNING:pet.gui_stall_sampler:  [t-170ms] webm_clip.py:2499:_poll <- webm_clip.py:2750:_process_frame <- window_optional_services.py:62:<lambda> <- verify_seeky_multi.py:92:observed_frame <- window.py:1917:_on_frame <- window.py:2119:_rebuild_frame
WARNING:pet.gui_stall_sampler:  [t-64ms] verify_seeky_multi.py:308:<module> <- verify_seeky_multi.py:244:main <- webm_clip.py:2499:_poll <- webm_clip.py:2724:_process_frame
WARNING:pet.gui_stall_sampler:  [t-1ms] verify_seeky_multi.py:308:<module> <- verify_seeky_multi.py:244:main
WARNING:root:GUI 卡顿 143ms state=IDLE anim=待机呼吸休闲 physics=None
WARNING:pet.gui_stall_sampler:GUI 冻结现场（143ms，2 个采样点，旧→新）：
WARNING:pet.gui_stall_sampler:  [t-163ms] verify_seeky_multi.py:308:<module> <- verify_seeky_multi.py:244:main
WARNING:pet.gui_stall_sampler:  [t-24ms] verify_seeky_multi.py:308:<module> <- verify_seeky_multi.py:244:main <- webm_clip.py:2499:_poll <- webm_clip.py:2724:_process_frame
WARNING:root:GUI 卡顿 144ms state=IDLE anim=待机呼吸休闲 physics=None
WARNING:pet.gui_stall_sampler:GUI 冻结现场（144ms，2 个采样点，旧→新）：
WARNING:pet.gui_stall_sampler:  [t-163ms] verify_seeky_multi.py:308:<module> <- verify_seeky_multi.py:244:main
WARNING:pet.gui_stall_sampler:  [t-25ms] verify_seeky_multi.py:308:<module> <- verify_seeky_multi.py:244:main <- webm_clip.py:2499:_poll <- webm_clip.py:2724:_process_frame
WARNING:root:GUI 卡顿 144ms state=IDLE anim=待机呼吸休闲 physics=None
WARNING:pet.gui_stall_sampler:GUI 冻结现场（144ms，2 个采样点，旧→新）：
WARNING:pet.gui_stall_sampler:  [t-164ms] verify_seeky_multi.py:308:<module> <- verify_seeky_multi.py:244:main
WARNING:pet.gui_stall_sampler:  [t-25ms] verify_seeky_multi.py:308:<module> <- verify_seeky_multi.py:244:main <- webm_clip.py:2499:_poll <- webm_clip.py:2724:_process_frame
WARNING:root:GUI 卡顿 118ms state=IDLE anim=待机呼吸休闲 physics=None
WARNING:pet.gui_stall_sampler:GUI 冻结现场（118ms，3 个采样点，旧→新）：
WARNING:pet.gui_stall_sampler:  [t-138ms] webm_clip.py:2499:_poll <- webm_clip.py:2750:_process_frame <- window_optional_services.py:62:<lambda> <- verify_seeky_multi.py:92:observed_frame <- window.py:1917:_on_frame <- window.py:2119:_rebuild_frame
WARNING:pet.gui_stall_sampler:  [t-76ms] webm_clip.py:2499:_poll <- webm_clip.py:2750:_process_frame <- window_optional_services.py:62:<lambda> <- verify_seeky_multi.py:92:observed_frame <- window.py:1917:_on_frame <- window.py:2124:_rebuild_frame
WARNING:pet.gui_stall_sampler:  [t-8ms] verify_seeky_multi.py:308:<module> <- verify_seeky_multi.py:244:main
WARNING:root:GUI 卡顿 129ms state=IDLE anim=待机呼吸休闲 physics=None
WARNING:pet.gui_stall_sampler:GUI 冻结现场（129ms，3 个采样点，旧→新）：
WARNING:pet.gui_stall_sampler:  [t-148ms] webm_clip.py:2499:_poll <- webm_clip.py:2750:_process_frame <- window_optional_services.py:62:<lambda> <- verify_seeky_multi.py:92:observed_frame <- window.py:1917:_on_frame <- window.py:2119:_rebuild_frame
WARNING:pet.gui_stall_sampler:  [t-86ms] webm_clip.py:2499:_poll <- webm_clip.py:2750:_process_frame <- window_optional_services.py:62:<lambda> <- verify_seeky_multi.py:92:observed_frame <- window.py:1917:_on_frame <- window.py:2124:_rebuild_frame
WARNING:pet.gui_stall_sampler:  [t-18ms] verify_seeky_multi.py:308:<module> <- verify_seeky_multi.py:244:main
WARNING:root:GUI 卡顿 129ms state=IDLE anim=待机呼吸休闲 physics=None
WARNING:pet.gui_stall_sampler:GUI 冻结现场（129ms，3 个采样点，旧→新）：
WARNING:pet.gui_stall_sampler:  [t-148ms] webm_clip.py:2499:_poll <- webm_clip.py:2750:_process_frame <- window_optional_services.py:62:<lambda> <- verify_seeky_multi.py:92:observed_frame <- window.py:1917:_on_frame <- window.py:2119:_rebuild_frame
WARNING:pet.gui_stall_sampler:  [t-86ms] webm_clip.py:2499:_poll <- webm_clip.py:2750:_process_frame <- window_optional_services.py:62:<lambda> <- verify_seeky_multi.py:92:observed_frame <- window.py:1917:_on_frame <- window.py:2124:_rebuild_frame
WARNING:pet.gui_stall_sampler:  [t-18ms] verify_seeky_multi.py:308:<module> <- verify_seeky_multi.py:244:main
WARNING:root:GUI 卡顿 187ms state=IDLE anim=待机呼吸休闲 physics=None
WARNING:pet.gui_stall_sampler:GUI 冻结现场（187ms，3 个采样点，旧→新）：
WARNING:pet.gui_stall_sampler:  [t-222ms] verify_seeky_multi.py:308:<module> <- verify_seeky_multi.py:244:main
WARNING:pet.gui_stall_sampler:  [t-121ms] webm_clip.py:2499:_poll <- webm_clip.py:2750:_process_frame <- window_optional_services.py:62:<lambda> <- verify_seeky_multi.py:92:observed_frame <- window.py:1917:_on_frame <- window.py:2106:_rebuild_frame
WARNING:pet.gui_stall_sampler:  [t-15ms] verify_seeky_multi.py:308:<module> <- verify_seeky_multi.py:244:main
WARNING:root:GUI 卡顿 188ms state=IDLE anim=待机呼吸休闲 physics=None
WARNING:pet.gui_stall_sampler:GUI 冻结现场（188ms，3 个采样点，旧→新）：
WARNING:pet.gui_stall_sampler:  [t-223ms] verify_seeky_multi.py:308:<module> <- verify_seeky_multi.py:244:main
WARNING:pet.gui_stall_sampler:  [t-121ms] webm_clip.py:2499:_poll <- webm_clip.py:2750:_process_frame <- window_optional_services.py:62:<lambda> <- verify_seeky_multi.py:92:observed_frame <- window.py:1917:_on_frame <- window.py:2106:_rebuild_frame
WARNING:pet.gui_stall_sampler:  [t-16ms] verify_seeky_multi.py:308:<module> <- verify_seeky_multi.py:244:main
WARNING:root:GUI 卡顿 189ms state=IDLE anim=待机呼吸休闲 physics=None
WARNING:pet.gui_stall_sampler:GUI 冻结现场（189ms，3 个采样点，旧→新）：
WARNING:pet.gui_stall_sampler:  [t-223ms] verify_seeky_multi.py:308:<module> <- verify_seeky_multi.py:244:main
WARNING:pet.gui_stall_sampler:  [t-122ms] webm_clip.py:2499:_poll <- webm_clip.py:2750:_process_frame <- window_optional_services.py:62:<lambda> <- verify_seeky_multi.py:92:observed_frame <- window.py:1917:_on_frame <- window.py:2106:_rebuild_frame
WARNING:pet.gui_stall_sampler:  [t-16ms] verify_seeky_multi.py:308:<module> <- verify_seeky_multi.py:244:main
WARNING:root:GUI 卡顿 277ms state=IDLE anim=待机呼吸休闲 physics=None
WARNING:pet.gui_stall_sampler:GUI 冻结现场（277ms，3 个采样点，旧→新）：
WARNING:pet.gui_stall_sampler:  [t-288ms] verify_seeky_multi.py:308:<module> <- verify_seeky_multi.py:244:main
WARNING:pet.gui_stall_sampler:  [t-105ms] webm_clip.py:2499:_poll <- webm_clip.py:2750:_process_frame <- window_optional_services.py:62:<lambda> <- verify_seeky_multi.py:92:observed_frame <- window.py:1917:_on_frame <- window.py:2124:_rebuild_frame
WARNING:pet.gui_stall_sampler:  [t-37ms] verify_seeky_multi.py:308:<module> <- verify_seeky_multi.py:244:main
WARNING:root:GUI 卡顿 278ms state=IDLE anim=待机呼吸休闲 physics=None
WARNING:pet.gui_stall_sampler:GUI 冻结现场（278ms，3 个采样点，旧→新）：
WARNING:pet.gui_stall_sampler:  [t-288ms] verify_seeky_multi.py:308:<module> <- verify_seeky_multi.py:244:main
WARNING:pet.gui_stall_sampler:  [t-105ms] webm_clip.py:2499:_poll <- webm_clip.py:2750:_process_frame <- window_optional_services.py:62:<lambda> <- verify_seeky_multi.py:92:observed_frame <- window.py:1917:_on_frame <- window.py:2124:_rebuild_frame
WARNING:pet.gui_stall_sampler:  [t-38ms] verify_seeky_multi.py:308:<module> <- verify_seeky_multi.py:244:main
WARNING:root:GUI 卡顿 278ms state=IDLE anim=待机呼吸休闲 physics=None
WARNING:pet.gui_stall_sampler:GUI 冻结现场（278ms，3 个采样点，旧→新）：
WARNING:pet.gui_stall_sampler:  [t-289ms] verify_seeky_multi.py:308:<module> <- verify_seeky_multi.py:244:main
WARNING:pet.gui_stall_sampler:  [t-106ms] webm_clip.py:2499:_poll <- webm_clip.py:2750:_process_frame <- window_optional_services.py:62:<lambda> <- verify_seeky_multi.py:92:observed_frame <- window.py:1917:_on_frame <- window.py:2124:_rebuild_frame
WARNING:pet.gui_stall_sampler:  [t-38ms] verify_seeky_multi.py:308:<module> <- verify_seeky_multi.py:244:main
WARNING:root:GUI 卡顿 214ms state=IDLE anim=待机呼吸休闲 physics=None
WARNING:pet.gui_stall_sampler:GUI 冻结现场（214ms，3 个采样点，旧→新）：
WARNING:pet.gui_stall_sampler:  [t-259ms] verify_seeky_multi.py:308:<module> <- verify_seeky_multi.py:244:main
WARNING:pet.gui_stall_sampler:  [t-164ms] webm_clip.py:2750:_process_frame <- window_optional_services.py:62:<lambda> <- verify_seeky_multi.py:92:observed_frame <- window.py:1917:_on_frame <- window.py:2068:_rebuild_frame <- window.py:1990:_frame_signature
WARNING:pet.gui_stall_sampler:  [t-27ms] verify_seeky_multi.py:92:observed_frame <- window.py:1919:_on_frame <- window.py:2126:_rebuild_frame <- window.py:2291:_sync_mask <- window_optional_services.py:44:effects_coverage <- frame_edges.py:39:coverage_region
WARNING:root:GUI 卡顿 215ms state=IDLE anim=待机呼吸休闲 physics=None
WARNING:pet.gui_stall_sampler:GUI 冻结现场（215ms，3 个采样点，旧→新）：
WARNING:pet.gui_stall_sampler:  [t-260ms] verify_seeky_multi.py:308:<module> <- verify_seeky_multi.py:244:main
WARNING:pet.gui_stall_sampler:  [t-165ms] webm_clip.py:2750:_process_frame <- window_optional_services.py:62:<lambda> <- verify_seeky_multi.py:92:observed_frame <- window.py:1917:_on_frame <- window.py:2068:_rebuild_frame <- window.py:1990:_frame_signature
WARNING:pet.gui_stall_sampler:  [t-28ms] verify_seeky_multi.py:92:observed_frame <- window.py:1919:_on_frame <- window.py:2126:_rebuild_frame <- window.py:2291:_sync_mask <- window_optional_services.py:44:effects_coverage <- frame_edges.py:39:coverage_region
WARNING:root:GUI 卡顿 216ms state=IDLE anim=待机呼吸休闲 physics=None
WARNING:pet.gui_stall_sampler:GUI 冻结现场（216ms，3 个采样点，旧→新）：
WARNING:pet.gui_stall_sampler:  [t-260ms] verify_seeky_multi.py:308:<module> <- verify_seeky_multi.py:244:main
WARNING:pet.gui_stall_sampler:  [t-165ms] webm_clip.py:2750:_process_frame <- window_optional_services.py:62:<lambda> <- verify_seeky_multi.py:92:observed_frame <- window.py:1917:_on_frame <- window.py:2068:_rebuild_frame <- window.py:1990:_frame_signature
WARNING:pet.gui_stall_sampler:  [t-28ms] verify_seeky_multi.py:92:observed_frame <- window.py:1919:_on_frame <- window.py:2126:_rebuild_frame <- window.py:2291:_sync_mask <- window_optional_services.py:44:effects_coverage <- frame_edges.py:39:coverage_region
WARNING:root:GUI 卡顿 171ms state=IDLE anim=待机呼吸休闲 physics=None
WARNING:pet.gui_stall_sampler:GUI 冻结现场（171ms，1 个采样点，旧→新）：
WARNING:pet.gui_stall_sampler:  [t-2ms] verify_seeky_multi.py:308:<module> <- verify_seeky_multi.py:244:main
WARNING:root:GUI 卡顿 172ms state=IDLE anim=待机呼吸休闲 physics=None
WARNING:pet.gui_stall_sampler:GUI 冻结现场（172ms，1 个采样点，旧→新）：
WARNING:pet.gui_stall_sampler:  [t-2ms] verify_seeky_multi.py:308:<module> <- verify_seeky_multi.py:244:main
WARNING:root:GUI 卡顿 172ms state=IDLE anim=待机呼吸休闲 physics=None
WARNING:pet.gui_stall_sampler:GUI 冻结现场（172ms，1 个采样点，旧→新）：
WARNING:pet.gui_stall_sampler:  [t-2ms] verify_seeky_multi.py:308:<module> <- verify_seeky_multi.py:244:main
WARNING:root:GUI 卡顿 125ms state=IDLE anim=待机呼吸休闲 physics=None
WARNING:pet.gui_stall_sampler:GUI 冻结现场（125ms，2 个采样点，旧→新）：
WARNING:pet.gui_stall_sampler:  [t-92ms] webm_clip.py:2499:_poll <- webm_clip.py:2750:_process_frame <- window_optional_services.py:62:<lambda> <- verify_seeky_multi.py:92:observed_frame <- window.py:1917:_on_frame <- window.py:2106:_rebuild_frame
WARNING:root:GUI 卡顿 126ms state=IDLE anim=待机呼吸休闲 physics=None
WARNING:pet.gui_stall_sampler:GUI 冻结现场（126ms，2 个采样点，旧→新）：
WARNING:pet.gui_stall_sampler:  [t-93ms] webm_clip.py:2499:_poll <- webm_clip.py:2750:_process_frame <- window_optional_services.py:62:<lambda> <- verify_seeky_multi.py:92:observed_frame <- window.py:1917:_on_frame <- window.py:2106:_rebuild_frame
WARNING:root:GUI 卡顿 126ms state=IDLE anim=待机呼吸休闲 physics=None
WARNING:pet.gui_stall_sampler:GUI 冻结现场（126ms，2 个采样点，旧→新）：
WARNING:pet.gui_stall_sampler:  [t-93ms] webm_clip.py:2499:_poll <- webm_clip.py:2750:_process_frame <- window_optional_services.py:62:<lambda> <- verify_seeky_multi.py:92:observed_frame <- window.py:1917:_on_frame <- window.py:2106:_rebuild_frame
WARNING:root:GUI 卡顿 137ms state=IDLE anim=待机呼吸休闲 physics=None
WARNING:pet.gui_stall_sampler:GUI 冻结现场（137ms，2 个采样点，旧→新）：
WARNING:pet.gui_stall_sampler:  [t-138ms] verify_seeky_multi.py:308:<module> <- verify_seeky_multi.py:244:main
WARNING:pet.gui_stall_sampler:  [t-20ms] webm_clip.py:2499:_poll <- webm_clip.py:2750:_process_frame <- window_optional_services.py:62:<lambda> <- verify_seeky_multi.py:92:observed_frame <- window.py:1917:_on_frame <- window.py:2106:_rebuild_frame
WARNING:root:GUI 卡顿 138ms state=IDLE anim=待机呼吸休闲 physics=None
WARNING:pet.gui_stall_sampler:GUI 冻结现场（138ms，2 个采样点，旧→新）：
WARNING:pet.gui_stall_sampler:  [t-139ms] verify_seeky_multi.py:308:<module> <- verify_seeky_multi.py:244:main
WARNING:pet.gui_stall_sampler:  [t-20ms] webm_clip.py:2499:_poll <- webm_clip.py:2750:_process_frame <- window_optional_services.py:62:<lambda> <- verify_seeky_multi.py:92:observed_frame <- window.py:1917:_on_frame <- window.py:2106:_rebuild_frame
WARNING:root:GUI 卡顿 138ms state=IDLE anim=待机呼吸休闲 physics=None
WARNING:pet.gui_stall_sampler:GUI 冻结现场（138ms，2 个采样点，旧→新）：
WARNING:pet.gui_stall_sampler:  [t-139ms] verify_seeky_multi.py:308:<module> <- verify_seeky_multi.py:244:main
WARNING:pet.gui_stall_sampler:  [t-21ms] webm_clip.py:2499:_poll <- webm_clip.py:2750:_process_frame <- window_optional_services.py:62:<lambda> <- verify_seeky_multi.py:92:observed_frame <- window.py:1917:_on_frame <- window.py:2106:_rebuild_frame
WARNING:root:GUI 卡顿 105ms state=IDLE anim=待机呼吸休闲 physics=None
WARNING:pet.gui_stall_sampler:GUI 冻结现场（105ms，2 个采样点，旧→新）：
WARNING:pet.gui_stall_sampler:  [t-125ms] webm_clip.py:2499:_poll <- webm_clip.py:2750:_process_frame <- window_optional_services.py:62:<lambda> <- verify_seeky_multi.py:92:observed_frame <- window.py:1917:_on_frame <- window.py:2106:_rebuild_frame
WARNING:root:GUI 卡顿 106ms state=IDLE anim=待机呼吸休闲 physics=None
WARNING:pet.gui_stall_sampler:GUI 冻结现场（106ms，2 个采样点，旧→新）：
WARNING:pet.gui_stall_sampler:  [t-126ms] webm_clip.py:2499:_poll <- webm_clip.py:2750:_process_frame <- window_optional_services.py:62:<lambda> <- verify_seeky_multi.py:92:observed_frame <- window.py:1917:_on_frame <- window.py:2106:_rebuild_frame
WARNING:root:GUI 卡顿 106ms state=IDLE anim=待机呼吸休闲 physics=None
WARNING:pet.gui_stall_sampler:GUI 冻结现场（106ms，2 个采样点，旧→新）：
WARNING:pet.gui_stall_sampler:  [t-127ms] webm_clip.py:2499:_poll <- webm_clip.py:2750:_process_frame <- window_optional_services.py:62:<lambda> <- verify_seeky_multi.py:92:observed_frame <- window.py:1917:_on_frame <- window.py:2106:_rebuild_frame
WARNING:root:GUI 卡顿 102ms state=IDLE anim=待机呼吸休闲 physics=None
WARNING:pet.gui_stall_sampler:GUI 冻结现场（102ms，1 个采样点，旧→新）：
WARNING:pet.gui_stall_sampler:  [t-123ms] verify_seeky_multi.py:308:<module> <- verify_seeky_multi.py:244:main
WARNING:root:GUI 卡顿 104ms state=IDLE anim=待机呼吸休闲 physics=None
WARNING:pet.gui_stall_sampler:GUI 冻结现场（104ms，1 个采样点，旧→新）：
WARNING:pet.gui_stall_sampler:  [t-124ms] verify_seeky_multi.py:308:<module> <- verify_seeky_multi.py:244:main
WARNING:root:GUI 卡顿 104ms state=IDLE anim=待机呼吸休闲 physics=None
WARNING:pet.gui_stall_sampler:GUI 冻结现场（104ms，1 个采样点，旧→新）：
WARNING:pet.gui_stall_sampler:  [t-124ms] verify_seeky_multi.py:308:<module> <- verify_seeky_multi.py:244:main
WARNING:root:GUI 卡顿 143ms state=IDLE anim=待机呼吸休闲 physics=None
WARNING:pet.gui_stall_sampler:GUI 冻结现场（143ms，3 个采样点，旧→新）：
WARNING:pet.gui_stall_sampler:  [t-189ms] verify_seeky_multi.py:308:<module> <- verify_seeky_multi.py:244:main
WARNING:pet.gui_stall_sampler:  [t-99ms] webm_clip.py:2499:_poll <- webm_clip.py:2750:_process_frame <- window_optional_services.py:62:<lambda> <- verify_seeky_multi.py:92:observed_frame <- window.py:1917:_on_frame <- window.py:2114:_rebuild_frame
WARNING:pet.gui_stall_sampler:  [t-22ms] webm_clip.py:2499:_poll <- webm_clip.py:2750:_process_frame <- window_optional_services.py:62:<lambda> <- verify_seeky_multi.py:92:observed_frame <- window.py:1917:_on_frame <- window.py:2106:_rebuild_frame
WARNING:root:GUI 卡顿 144ms state=IDLE anim=待机呼吸休闲 physics=None
WARNING:pet.gui_stall_sampler:GUI 冻结现场（144ms，3 个采样点，旧→新）：
WARNING:pet.gui_stall_sampler:  [t-190ms] verify_seeky_multi.py:308:<module> <- verify_seeky_multi.py:244:main
WARNING:pet.gui_stall_sampler:  [t-100ms] webm_clip.py:2499:_poll <- webm_clip.py:2750:_process_frame <- window_optional_services.py:62:<lambda> <- verify_seeky_multi.py:92:observed_frame <- window.py:1917:_on_frame <- window.py:2114:_rebuild_frame
WARNING:pet.gui_stall_sampler:  [t-22ms] webm_clip.py:2499:_poll <- webm_clip.py:2750:_process_frame <- window_optional_services.py:62:<lambda> <- verify_seeky_multi.py:92:observed_frame <- window.py:1917:_on_frame <- window.py:2106:_rebuild_frame
WARNING:root:GUI 卡顿 145ms state=IDLE anim=待机呼吸休闲 physics=None
WARNING:pet.gui_stall_sampler:GUI 冻结现场（145ms，3 个采样点，旧→新）：
WARNING:pet.gui_stall_sampler:  [t-190ms] verify_seeky_multi.py:308:<module> <- verify_seeky_multi.py:244:main
WARNING:pet.gui_stall_sampler:  [t-101ms] webm_clip.py:2499:_poll <- webm_clip.py:2750:_process_frame <- window_optional_services.py:62:<lambda> <- verify_seeky_multi.py:92:observed_frame <- window.py:1917:_on_frame <- window.py:2114:_rebuild_frame
WARNING:pet.gui_stall_sampler:  [t-23ms] webm_clip.py:2499:_poll <- webm_clip.py:2750:_process_frame <- window_optional_services.py:62:<lambda> <- verify_seeky_multi.py:92:observed_frame <- window.py:1917:_on_frame <- window.py:2106:_rebuild_frame
WARNING:root:GUI 卡顿 167ms state=IDLE anim=待机呼吸休闲 physics=None
WARNING:pet.gui_stall_sampler:GUI 冻结现场（167ms，2 个采样点，旧→新）：
WARNING:pet.gui_stall_sampler:  [t-186ms] verify_seeky_multi.py:308:<module> <- verify_seeky_multi.py:244:main
WARNING:root:GUI 卡顿 167ms state=IDLE anim=待机呼吸休闲 physics=None
WARNING:pet.gui_stall_sampler:GUI 冻结现场（167ms，2 个采样点，旧→新）：
WARNING:pet.gui_stall_sampler:  [t-186ms] verify_seeky_multi.py:308:<module> <- verify_seeky_multi.py:244:main
WARNING:root:GUI 卡顿 167ms state=IDLE anim=待机呼吸休闲 physics=None
WARNING:pet.gui_stall_sampler:GUI 冻结现场（167ms，2 个采样点，旧→新）：
WARNING:pet.gui_stall_sampler:  [t-186ms] verify_seeky_multi.py:308:<module> <- verify_seeky_multi.py:244:main
WARNING:root:GUI 卡顿 232ms state=IDLE anim=待机呼吸休闲 physics=None
WARNING:pet.gui_stall_sampler:GUI 冻结现场（232ms，3 个采样点，旧→新）：
WARNING:pet.gui_stall_sampler:  [t-258ms] verify_seeky_multi.py:308:<module> <- verify_seeky_multi.py:244:main
WARNING:pet.gui_stall_sampler:  [t-198ms] verify_seeky_multi.py:308:<module> <- verify_seeky_multi.py:244:main <- webm_clip.py:2499:_poll <- webm_clip.py:2750:_process_frame
WARNING:pet.gui_stall_sampler:  [t-46ms] verify_seeky_multi.py:308:<module> <- verify_seeky_multi.py:244:main <- webm_clip.py:2499:_poll <- webm_clip.py:2724:_process_frame
WARNING:root:GUI 卡顿 233ms state=IDLE anim=待机呼吸休闲 physics=None
WARNING:pet.gui_stall_sampler:GUI 冻结现场（233ms，3 个采样点，旧→新）：
WARNING:pet.gui_stall_sampler:  [t-259ms] verify_seeky_multi.py:308:<module> <- verify_seeky_multi.py:244:main
WARNING:pet.gui_stall_sampler:  [t-199ms] verify_seeky_multi.py:308:<module> <- verify_seeky_multi.py:244:main <- webm_clip.py:2499:_poll <- webm_clip.py:2750:_process_frame
WARNING:pet.gui_stall_sampler:  [t-47ms] verify_seeky_multi.py:308:<module> <- verify_seeky_multi.py:244:main <- webm_clip.py:2499:_poll <- webm_clip.py:2724:_process_frame
WARNING:root:GUI 卡顿 233ms state=IDLE anim=待机呼吸休闲 physics=None
WARNING:pet.gui_stall_sampler:GUI 冻结现场（233ms，3 个采样点，旧→新）：
WARNING:pet.gui_stall_sampler:  [t-259ms] verify_seeky_multi.py:308:<module> <- verify_seeky_multi.py:244:main
WARNING:pet.gui_stall_sampler:  [t-199ms] verify_seeky_multi.py:308:<module> <- verify_seeky_multi.py:244:main <- webm_clip.py:2499:_poll <- webm_clip.py:2750:_process_frame
WARNING:pet.gui_stall_sampler:  [t-47ms] verify_seeky_multi.py:308:<module> <- verify_seeky_multi.py:244:main <- webm_clip.py:2499:_poll <- webm_clip.py:2724:_process_frame
WARNING:root:GUI 卡顿 146ms state=IDLE anim=待机呼吸休闲 physics=None
WARNING:pet.gui_stall_sampler:GUI 冻结现场（146ms，3 个采样点，旧→新）：
WARNING:pet.gui_stall_sampler:  [t-174ms] verify_seeky_multi.py:308:<module> <- verify_seeky_multi.py:244:main
WARNING:pet.gui_stall_sampler:  [t-60ms] webm_clip.py:2499:_poll <- webm_clip.py:2750:_process_frame <- window_optional_services.py:62:<lambda> <- verify_seeky_multi.py:92:observed_frame <- window.py:1917:_on_frame <- window.py:2106:_rebuild_frame
WARNING:pet.gui_stall_sampler:  [t-7ms] verify_seeky_multi.py:308:<module> <- verify_seeky_multi.py:244:main
WARNING:root:GUI 卡顿 147ms state=IDLE anim=待机呼吸休闲 physics=None
WARNING:pet.gui_stall_sampler:GUI 冻结现场（147ms，3 个采样点，旧→新）：
WARNING:pet.gui_stall_sampler:  [t-174ms] verify_seeky_multi.py:308:<module> <- verify_seeky_multi.py:244:main
WARNING:pet.gui_stall_sampler:  [t-61ms] webm_clip.py:2499:_poll <- webm_clip.py:2750:_process_frame <- window_optional_services.py:62:<lambda> <- verify_seeky_multi.py:92:observed_frame <- window.py:1917:_on_frame <- window.py:2106:_rebuild_frame
WARNING:pet.gui_stall_sampler:  [t-7ms] verify_seeky_multi.py:308:<module> <- verify_seeky_multi.py:244:main
WARNING:root:GUI 卡顿 148ms state=IDLE anim=待机呼吸休闲 physics=None
WARNING:pet.gui_stall_sampler:GUI 冻结现场（148ms，3 个采样点，旧→新）：
WARNING:pet.gui_stall_sampler:  [t-175ms] verify_seeky_multi.py:308:<module> <- verify_seeky_multi.py:244:main
WARNING:pet.gui_stall_sampler:  [t-61ms] webm_clip.py:2499:_poll <- webm_clip.py:2750:_process_frame <- window_optional_services.py:62:<lambda> <- verify_seeky_multi.py:92:observed_frame <- window.py:1917:_on_frame <- window.py:2106:_rebuild_frame
WARNING:pet.gui_stall_sampler:  [t-8ms] verify_seeky_multi.py:308:<module> <- verify_seeky_multi.py:244:main
WARNING:root:GUI 卡顿 212ms state=IDLE anim=待机呼吸休闲 physics=None
WARNING:pet.gui_stall_sampler:GUI 冻结现场（212ms，2 个采样点，旧→新）：
WARNING:pet.gui_stall_sampler:  [t-244ms] webm_clip.py:2499:_poll <- webm_clip.py:2750:_process_frame <- window_optional_services.py:62:<lambda> <- verify_seeky_multi.py:92:observed_frame <- window.py:1917:_on_frame <- window.py:2106:_rebuild_frame
WARNING:pet.gui_stall_sampler:  [t-119ms] verify_seeky_multi.py:308:<module> <- verify_seeky_multi.py:244:main <- webm_clip.py:2499:_poll <- webm_clip.py:2724:_process_frame
WARNING:root:GUI 卡顿 214ms state=IDLE anim=待机呼吸休闲 physics=None
WARNING:pet.gui_stall_sampler:GUI 冻结现场（214ms，2 个采样点，旧→新）：
WARNING:pet.gui_stall_sampler:  [t-245ms] webm_clip.py:2499:_poll <- webm_clip.py:2750:_process_frame <- window_optional_services.py:62:<lambda> <- verify_seeky_multi.py:92:observed_frame <- window.py:1917:_on_frame <- window.py:2106:_rebuild_frame
WARNING:pet.gui_stall_sampler:  [t-120ms] verify_seeky_multi.py:308:<module> <- verify_seeky_multi.py:244:main <- webm_clip.py:2499:_poll <- webm_clip.py:2724:_process_frame
WARNING:root:GUI 卡顿 214ms state=IDLE anim=待机呼吸休闲 physics=None
WARNING:pet.gui_stall_sampler:GUI 冻结现场（214ms，2 个采样点，旧→新）：
WARNING:pet.gui_stall_sampler:  [t-245ms] webm_clip.py:2499:_poll <- webm_clip.py:2750:_process_frame <- window_optional_services.py:62:<lambda> <- verify_seeky_multi.py:92:observed_frame <- window.py:1917:_on_frame <- window.py:2106:_rebuild_frame
WARNING:pet.gui_stall_sampler:  [t-120ms] verify_seeky_multi.py:308:<module> <- verify_seeky_multi.py:244:main <- webm_clip.py:2499:_poll <- webm_clip.py:2724:_process_frame
WARNING:root:GUI 卡顿 107ms state=IDLE anim=待机呼吸休闲 physics=None
WARNING:pet.gui_stall_sampler:GUI 冻结现场（107ms，1 个采样点，旧→新）：
WARNING:pet.gui_stall_sampler:  [t-142ms] verify_seeky_multi.py:308:<module> <- verify_seeky_multi.py:244:main
WARNING:root:GUI 卡顿 107ms state=IDLE anim=待机呼吸休闲 physics=None
WARNING:pet.gui_stall_sampler:GUI 冻结现场（107ms，1 个采样点，旧→新）：
WARNING:pet.gui_stall_sampler:  [t-142ms] verify_seeky_multi.py:308:<module> <- verify_seeky_multi.py:244:main
WARNING:root:GUI 卡顿 108ms state=IDLE anim=待机呼吸休闲 physics=None
WARNING:pet.gui_stall_sampler:GUI 冻结现场（108ms，1 个采样点，旧→新）：
WARNING:pet.gui_stall_sampler:  [t-143ms] verify_seeky_multi.py:308:<module> <- verify_seeky_multi.py:244:main
WARNING:root:GUI 卡顿 133ms state=IDLE anim=待机呼吸休闲 physics=None
WARNING:pet.gui_stall_sampler:GUI 冻结现场（133ms，2 个采样点，旧→新）：
WARNING:pet.gui_stall_sampler:  [t-131ms] verify_seeky_multi.py:308:<module> <- verify_seeky_multi.py:244:main
WARNING:pet.gui_stall_sampler:  [t-0ms] webm_clip.py:2499:_poll <- webm_clip.py:2750:_process_frame <- window_optional_services.py:62:<lambda> <- verify_seeky_multi.py:92:observed_frame <- window.py:1917:_on_frame <- window.py:2106:_rebuild_frame
WARNING:root:GUI 卡顿 135ms state=IDLE anim=待机呼吸休闲 physics=None
WARNING:pet.gui_stall_sampler:GUI 冻结现场（135ms，2 个采样点，旧→新）：
WARNING:pet.gui_stall_sampler:  [t-132ms] verify_seeky_multi.py:308:<module> <- verify_seeky_multi.py:244:main
WARNING:pet.gui_stall_sampler:  [t-1ms] webm_clip.py:2499:_poll <- webm_clip.py:2750:_process_frame <- window_optional_services.py:62:<lambda> <- verify_seeky_multi.py:92:observed_frame <- window.py:1917:_on_frame <- window.py:2106:_rebuild_frame
WARNING:root:GUI 卡顿 135ms state=IDLE anim=待机呼吸休闲 physics=None
WARNING:pet.gui_stall_sampler:GUI 冻结现场（135ms，2 个采样点，旧→新）：
WARNING:pet.gui_stall_sampler:  [t-132ms] verify_seeky_multi.py:308:<module> <- verify_seeky_multi.py:244:main
WARNING:pet.gui_stall_sampler:  [t-1ms] webm_clip.py:2499:_poll <- webm_clip.py:2750:_process_frame <- window_optional_services.py:62:<lambda> <- verify_seeky_multi.py:92:observed_frame <- window.py:1917:_on_frame <- window.py:2106:_rebuild_frame
WARNING:root:GUI 卡顿 153ms state=IDLE anim=待机呼吸休闲 physics=None
WARNING:pet.gui_stall_sampler:GUI 冻结现场（153ms，2 个采样点，旧→新）：
WARNING:pet.gui_stall_sampler:  [t-163ms] verify_seeky_multi.py:308:<module> <- verify_seeky_multi.py:244:main
WARNING:pet.gui_stall_sampler:  [t-14ms] webm_clip.py:2499:_poll <- webm_clip.py:2750:_process_frame <- window_optional_services.py:62:<lambda> <- verify_seeky_multi.py:92:observed_frame <- window.py:1917:_on_frame <- window.py:2114:_rebuild_frame
WARNING:root:GUI 卡顿 154ms state=IDLE anim=待机呼吸休闲 physics=None
WARNING:pet.gui_stall_sampler:GUI 冻结现场（154ms，2 个采样点，旧→新）：
WARNING:pet.gui_stall_sampler:  [t-163ms] verify_seeky_multi.py:308:<module> <- verify_seeky_multi.py:244:main
WARNING:pet.gui_stall_sampler:  [t-15ms] webm_clip.py:2499:_poll <- webm_clip.py:2750:_process_frame <- window_optional_services.py:62:<lambda> <- verify_seeky_multi.py:92:observed_frame <- window.py:1917:_on_frame <- window.py:2114:_rebuild_frame
WARNING:root:GUI 卡顿 154ms state=IDLE anim=待机呼吸休闲 physics=None
WARNING:pet.gui_stall_sampler:GUI 冻结现场（154ms，2 个采样点，旧→新）：
WARNING:pet.gui_stall_sampler:  [t-164ms] verify_seeky_multi.py:308:<module> <- verify_seeky_multi.py:244:main
WARNING:pet.gui_stall_sampler:  [t-15ms] webm_clip.py:2499:_poll <- webm_clip.py:2750:_process_frame <- window_optional_services.py:62:<lambda> <- verify_seeky_multi.py:92:observed_frame <- window.py:1917:_on_frame <- window.py:2114:_rebuild_frame
WARNING:root:GUI 卡顿 161ms state=IDLE anim=待机呼吸休闲 physics=None
WARNING:pet.gui_stall_sampler:GUI 冻结现场（161ms，2 个采样点，旧→新）：
WARNING:pet.gui_stall_sampler:  [t-170ms] verify_seeky_multi.py:308:<module> <- verify_seeky_multi.py:244:main
WARNING:pet.gui_stall_sampler:  [t-41ms] webm_clip.py:2750:_process_frame <- window_optional_services.py:62:<lambda> <- verify_seeky_multi.py:92:observed_frame <- window.py:1917:_on_frame <- window.py:2068:_rebuild_frame <- window.py:1990:_frame_signature
WARNING:root:GUI 卡顿 163ms state=IDLE anim=待机呼吸休闲 physics=None
WARNING:pet.gui_stall_sampler:GUI 冻结现场（163ms，2 个采样点，旧→新）：
WARNING:pet.gui_stall_sampler:  [t-170ms] verify_seeky_multi.py:308:<module> <- verify_seeky_multi.py:244:main
WARNING:pet.gui_stall_sampler:  [t-42ms] webm_clip.py:2750:_process_frame <- window_optional_services.py:62:<lambda> <- verify_seeky_multi.py:92:observed_frame <- window.py:1917:_on_frame <- window.py:2068:_rebuild_frame <- window.py:1990:_frame_signature
WARNING:root:GUI 卡顿 163ms state=IDLE anim=待机呼吸休闲 physics=None
WARNING:pet.gui_stall_sampler:GUI 冻结现场（163ms，2 个采样点，旧→新）：
WARNING:pet.gui_stall_sampler:  [t-171ms] verify_seeky_multi.py:308:<module> <- verify_seeky_multi.py:244:main
WARNING:pet.gui_stall_sampler:  [t-42ms] webm_clip.py:2750:_process_frame <- window_optional_services.py:62:<lambda> <- verify_seeky_multi.py:92:observed_frame <- window.py:1917:_on_frame <- window.py:2068:_rebuild_frame <- window.py:1990:_frame_signature
WARNING:root:GUI 卡顿 111ms state=IDLE anim=待机呼吸休闲 physics=None
WARNING:pet.gui_stall_sampler:GUI 冻结现场（111ms，2 个采样点，旧→新）：
WARNING:pet.gui_stall_sampler:  [t-138ms] verify_seeky_multi.py:308:<module> <- verify_seeky_multi.py:244:main
WARNING:pet.gui_stall_sampler:  [t-40ms] webm_clip.py:2499:_poll <- webm_clip.py:2750:_process_frame <- window_optional_services.py:62:<lambda> <- verify_seeky_multi.py:92:observed_frame <- window.py:1917:_on_frame <- window.py:2106:_rebuild_frame
WARNING:root:GUI 卡顿 112ms state=IDLE anim=待机呼吸休闲 physics=None
WARNING:pet.gui_stall_sampler:GUI 冻结现场（112ms，2 个采样点，旧→新）：
WARNING:pet.gui_stall_sampler:  [t-139ms] verify_seeky_multi.py:308:<module> <- verify_seeky_multi.py:244:main
WARNING:pet.gui_stall_sampler:  [t-41ms] webm_clip.py:2499:_poll <- webm_clip.py:2750:_process_frame <- window_optional_services.py:62:<lambda> <- verify_seeky_multi.py:92:observed_frame <- window.py:1917:_on_frame <- window.py:2106:_rebuild_frame
WARNING:root:GUI 卡顿 112ms state=IDLE anim=待机呼吸休闲 physics=None
WARNING:pet.gui_stall_sampler:GUI 冻结现场（112ms，2 个采样点，旧→新）：
WARNING:pet.gui_stall_sampler:  [t-139ms] verify_seeky_multi.py:308:<module> <- verify_seeky_multi.py:244:main
WARNING:pet.gui_stall_sampler:  [t-41ms] webm_clip.py:2499:_poll <- webm_clip.py:2750:_process_frame <- window_optional_services.py:62:<lambda> <- verify_seeky_multi.py:92:observed_frame <- window.py:1917:_on_frame <- window.py:2106:_rebuild_frame
WARNING:root:GUI 卡顿 108ms state=IDLE anim=待机呼吸休闲 physics=None
WARNING:pet.gui_stall_sampler:GUI 冻结现场（108ms，2 个采样点，旧→新）：
WARNING:pet.gui_stall_sampler:  [t-118ms] verify_seeky_multi.py:308:<module> <- verify_seeky_multi.py:244:main
WARNING:pet.gui_stall_sampler:  [t-34ms] webm_clip.py:2499:_poll <- webm_clip.py:2750:_process_frame <- window_optional_services.py:62:<lambda> <- verify_seeky_multi.py:92:observed_frame <- window.py:1917:_on_frame <- window.py:2121:_rebuild_frame
WARNING:root:GUI 卡顿 110ms state=IDLE anim=待机呼吸休闲 physics=None
WARNING:pet.gui_stall_sampler:GUI 冻结现场（110ms，2 个采样点，旧→新）：
WARNING:pet.gui_stall_sampler:  [t-119ms] verify_seeky_multi.py:308:<module> <- verify_seeky_multi.py:244:main
WARNING:pet.gui_stall_sampler:  [t-35ms] webm_clip.py:2499:_poll <- webm_clip.py:2750:_process_frame <- window_optional_services.py:62:<lambda> <- verify_seeky_multi.py:92:observed_frame <- window.py:1917:_on_frame <- window.py:2121:_rebuild_frame
WARNING:root:GUI 卡顿 111ms state=IDLE anim=待机呼吸休闲 physics=None
WARNING:pet.gui_stall_sampler:GUI 冻结现场（111ms，2 个采样点，旧→新）：
WARNING:pet.gui_stall_sampler:  [t-119ms] verify_seeky_multi.py:308:<module> <- verify_seeky_multi.py:244:main
WARNING:pet.gui_stall_sampler:  [t-36ms] webm_clip.py:2499:_poll <- webm_clip.py:2750:_process_frame <- window_optional_services.py:62:<lambda> <- verify_seeky_multi.py:92:observed_frame <- window.py:1917:_on_frame <- window.py:2121:_rebuild_frame
WARNING:root:GUI 卡顿 103ms state=IDLE anim=待机呼吸休闲 physics=None
WARNING:pet.gui_stall_sampler:GUI 冻结现场（103ms，2 个采样点，旧→新）：
WARNING:pet.gui_stall_sampler:  [t-136ms] verify_seeky_multi.py:308:<module> <- verify_seeky_multi.py:244:main
WARNING:pet.gui_stall_sampler:  [t-26ms] webm_clip.py:2750:_process_frame <- window_optional_services.py:62:<lambda> <- verify_seeky_multi.py:92:observed_frame <- window.py:1917:_on_frame <- window.py:2124:_rebuild_frame <- window.py:2265:_sync_mask
WARNING:root:GUI 卡顿 106ms state=IDLE anim=待机呼吸休闲 physics=None
WARNING:pet.gui_stall_sampler:GUI 冻结现场（106ms，2 个采样点，旧→新）：
WARNING:pet.gui_stall_sampler:  [t-138ms] verify_seeky_multi.py:308:<module> <- verify_seeky_multi.py:244:main
WARNING:pet.gui_stall_sampler:  [t-27ms] webm_clip.py:2750:_process_frame <- window_optional_services.py:62:<lambda> <- verify_seeky_multi.py:92:observed_frame <- window.py:1917:_on_frame <- window.py:2124:_rebuild_frame <- window.py:2265:_sync_mask
WARNING:root:GUI 卡顿 106ms state=IDLE anim=待机呼吸休闲 physics=None
WARNING:pet.gui_stall_sampler:GUI 冻结现场（106ms，2 个采样点，旧→新）：
WARNING:pet.gui_stall_sampler:  [t-138ms] verify_seeky_multi.py:308:<module> <- verify_seeky_multi.py:244:main
WARNING:pet.gui_stall_sampler:  [t-28ms] webm_clip.py:2750:_process_frame <- window_optional_services.py:62:<lambda> <- verify_seeky_multi.py:92:observed_frame <- window.py:1917:_on_frame <- window.py:2124:_rebuild_frame <- window.py:2265:_sync_mask
WARNING:root:GUI 卡顿 105ms state=IDLE anim=待机呼吸休闲 physics=None
WARNING:pet.gui_stall_sampler:GUI 冻结现场（105ms，2 个采样点，旧→新）：
WARNING:pet.gui_stall_sampler:  [t-152ms] verify_seeky_multi.py:308:<module> <- verify_seeky_multi.py:244:main
WARNING:pet.gui_stall_sampler:  [t-13ms] webm_clip.py:2499:_poll <- webm_clip.py:2750:_process_frame <- window_optional_services.py:62:<lambda> <- verify_seeky_multi.py:92:observed_frame <- window.py:1917:_on_frame <- window.py:2099:_rebuild_frame
WARNING:root:GUI 卡顿 107ms state=IDLE anim=待机呼吸休闲 physics=None
WARNING:pet.gui_stall_sampler:GUI 冻结现场（107ms，2 个采样点，旧→新）：
WARNING:pet.gui_stall_sampler:  [t-153ms] verify_seeky_multi.py:308:<module> <- verify_seeky_multi.py:244:main
WARNING:pet.gui_stall_sampler:  [t-14ms] webm_clip.py:2499:_poll <- webm_clip.py:2750:_process_frame <- window_optional_services.py:62:<lambda> <- verify_seeky_multi.py:92:observed_frame <- window.py:1917:_on_frame <- window.py:2099:_rebuild_frame
WARNING:root:GUI 卡顿 107ms state=IDLE anim=待机呼吸休闲 physics=None
WARNING:pet.gui_stall_sampler:GUI 冻结现场（107ms，2 个采样点，旧→新）：
WARNING:pet.gui_stall_sampler:  [t-153ms] verify_seeky_multi.py:308:<module> <- verify_seeky_multi.py:244:main
WARNING:pet.gui_stall_sampler:  [t-15ms] webm_clip.py:2499:_poll <- webm_clip.py:2750:_process_frame <- window_optional_services.py:62:<lambda> <- verify_seeky_multi.py:92:observed_frame <- window.py:1917:_on_frame <- window.py:2099:_rebuild_frame
WARNING:root:GUI 卡顿 106ms state=IDLE anim=待机呼吸休闲 physics=None
WARNING:pet.gui_stall_sampler:GUI 冻结现场（106ms，2 个采样点，旧→新）：
WARNING:pet.gui_stall_sampler:  [t-154ms] webm_clip.py:2499:_poll <- webm_clip.py:2750:_process_frame <- window_optional_services.py:62:<lambda> <- verify_seeky_multi.py:92:observed_frame <- window.py:1917:_on_frame <- window.py:2114:_rebuild_frame
WARNING:pet.gui_stall_sampler:  [t-4ms] window_optional_services.py:62:<lambda> <- verify_seeky_multi.py:92:observed_frame <- window.py:1917:_on_frame <- window.py:2124:_rebuild_frame <- window.py:2270:_sync_mask <- window_optional_services.py:42:effects_coverage
WARNING:root:GUI 卡顿 110ms state=IDLE anim=待机呼吸休闲 physics=None
WARNING:pet.gui_stall_sampler:GUI 冻结现场（110ms，2 个采样点，旧→新）：
WARNING:pet.gui_stall_sampler:  [t-156ms] webm_clip.py:2499:_poll <- webm_clip.py:2750:_process_frame <- window_optional_services.py:62:<lambda> <- verify_seeky_multi.py:92:observed_frame <- window.py:1917:_on_frame <- window.py:2114:_rebuild_frame
WARNING:pet.gui_stall_sampler:  [t-5ms] window_optional_services.py:62:<lambda> <- verify_seeky_multi.py:92:observed_frame <- window.py:1917:_on_frame <- window.py:2124:_rebuild_frame <- window.py:2270:_sync_mask <- window_optional_services.py:42:effects_coverage
WARNING:root:GUI 卡顿 110ms state=IDLE anim=待机呼吸休闲 physics=None
WARNING:pet.gui_stall_sampler:GUI 冻结现场（110ms，2 个采样点，旧→新）：
WARNING:pet.gui_stall_sampler:  [t-156ms] webm_clip.py:2499:_poll <- webm_clip.py:2750:_process_frame <- window_optional_services.py:62:<lambda> <- verify_seeky_multi.py:92:observed_frame <- window.py:1917:_on_frame <- window.py:2114:_rebuild_frame
WARNING:pet.gui_stall_sampler:  [t-5ms] window_optional_services.py:62:<lambda> <- verify_seeky_multi.py:92:observed_frame <- window.py:1917:_on_frame <- window.py:2124:_rebuild_frame <- window.py:2270:_sync_mask <- window_optional_services.py:42:effects_coverage
WARNING:root:GUI 卡顿 111ms state=IDLE anim=待机呼吸休闲 physics=None
WARNING:pet.gui_stall_sampler:GUI 冻结现场（111ms，2 个采样点，旧→新）：
WARNING:pet.gui_stall_sampler:  [t-159ms] window_optional_services.py:62:<lambda> <- verify_seeky_multi.py:92:observed_frame <- window.py:1917:_on_frame <- window.py:2124:_rebuild_frame <- window.py:2270:_sync_mask <- window_optional_services.py:42:effects_coverage
WARNING:pet.gui_stall_sampler:  [t-12ms] verify_seeky_multi.py:308:<module> <- verify_seeky_multi.py:244:main <- webm_clip.py:2499:_poll <- webm_clip.py:2750:_process_frame
WARNING:root:GUI 卡顿 112ms state=IDLE anim=待机呼吸休闲 physics=None
WARNING:pet.gui_stall_sampler:GUI 冻结现场（112ms，2 个采样点，旧→新）：
WARNING:pet.gui_stall_sampler:  [t-159ms] window_optional_services.py:62:<lambda> <- verify_seeky_multi.py:92:observed_frame <- window.py:1917:_on_frame <- window.py:2124:_rebuild_frame <- window.py:2270:_sync_mask <- window_optional_services.py:42:effects_coverage
WARNING:pet.gui_stall_sampler:  [t-12ms] verify_seeky_multi.py:308:<module> <- verify_seeky_multi.py:244:main <- webm_clip.py:2499:_poll <- webm_clip.py:2750:_process_frame
WARNING:root:GUI 卡顿 112ms state=IDLE anim=待机呼吸休闲 physics=None
WARNING:pet.gui_stall_sampler:GUI 冻结现场（112ms，2 个采样点，旧→新）：
WARNING:pet.gui_stall_sampler:  [t-160ms] window_optional_services.py:62:<lambda> <- verify_seeky_multi.py:92:observed_frame <- window.py:1917:_on_frame <- window.py:2124:_rebuild_frame <- window.py:2270:_sync_mask <- window_optional_services.py:42:effects_coverage
WARNING:pet.gui_stall_sampler:  [t-13ms] verify_seeky_multi.py:308:<module> <- verify_seeky_multi.py:244:main <- webm_clip.py:2499:_poll <- webm_clip.py:2750:_process_frame
WARNING:root:GUI 卡顿 124ms state=IDLE anim=待机呼吸休闲 physics=None
WARNING:pet.gui_stall_sampler:GUI 冻结现场（124ms，2 个采样点，旧→新）：
WARNING:pet.gui_stall_sampler:  [t-155ms] verify_seeky_multi.py:308:<module> <- verify_seeky_multi.py:244:main <- webm_clip.py:2499:_poll
WARNING:pet.gui_stall_sampler:  [t-20ms] webm_clip.py:2499:_poll <- webm_clip.py:2750:_process_frame <- window_optional_services.py:62:<lambda> <- verify_seeky_multi.py:92:observed_frame <- window.py:1917:_on_frame <- window.py:2106:_rebuild_frame
WARNING:root:GUI 卡顿 124ms state=IDLE anim=待机呼吸休闲 physics=None
WARNING:pet.gui_stall_sampler:GUI 冻结现场（124ms，2 个采样点，旧→新）：
WARNING:pet.gui_stall_sampler:  [t-156ms] verify_seeky_multi.py:308:<module> <- verify_seeky_multi.py:244:main <- webm_clip.py:2499:_poll
WARNING:pet.gui_stall_sampler:  [t-21ms] webm_clip.py:2499:_poll <- webm_clip.py:2750:_process_frame <- window_optional_services.py:62:<lambda> <- verify_seeky_multi.py:92:observed_frame <- window.py:1917:_on_frame <- window.py:2106:_rebuild_frame
WARNING:root:GUI 卡顿 125ms state=IDLE anim=待机呼吸休闲 physics=None
WARNING:pet.gui_stall_sampler:GUI 冻结现场（125ms，2 个采样点，旧→新）：
WARNING:pet.gui_stall_sampler:  [t-156ms] verify_seeky_multi.py:308:<module> <- verify_seeky_multi.py:244:main <- webm_clip.py:2499:_poll
WARNING:pet.gui_stall_sampler:  [t-21ms] webm_clip.py:2499:_poll <- webm_clip.py:2750:_process_frame <- window_optional_services.py:62:<lambda> <- verify_seeky_multi.py:92:observed_frame <- window.py:1917:_on_frame <- window.py:2106:_rebuild_frame
WARNING:root:GUI 卡顿 138ms state=IDLE anim=待机呼吸休闲 physics=None
WARNING:pet.gui_stall_sampler:GUI 冻结现场（138ms，2 个采样点，旧→新）：
WARNING:pet.gui_stall_sampler:  [t-171ms] verify_seeky_multi.py:92:observed_frame <- window.py:1917:_on_frame <- window.py:2124:_rebuild_frame <- window.py:2270:_sync_mask <- window_optional_services.py:42:effects_coverage <- frame_edges.py:27:coverage_region
WARNING:pet.gui_stall_sampler:  [t-5ms] webm_clip.py:2750:_process_frame <- window_optional_services.py:62:<lambda> <- verify_seeky_multi.py:92:observed_frame <- window.py:1919:_on_frame <- window.py:2126:_rebuild_frame <- window.py:2291:_sync_mask
WARNING:root:GUI 卡顿 139ms state=IDLE anim=待机呼吸休闲 physics=None
WARNING:pet.gui_stall_sampler:GUI 冻结现场（139ms，2 个采样点，旧→新）：
WARNING:pet.gui_stall_sampler:  [t-171ms] verify_seeky_multi.py:92:observed_frame <- window.py:1917:_on_frame <- window.py:2124:_rebuild_frame <- window.py:2270:_sync_mask <- window_optional_services.py:42:effects_coverage <- frame_edges.py:27:coverage_region
WARNING:pet.gui_stall_sampler:  [t-6ms] webm_clip.py:2750:_process_frame <- window_optional_services.py:62:<lambda> <- verify_seeky_multi.py:92:observed_frame <- window.py:1919:_on_frame <- window.py:2126:_rebuild_frame <- window.py:2291:_sync_mask
WARNING:root:GUI 卡顿 140ms state=IDLE anim=待机呼吸休闲 physics=None
WARNING:pet.gui_stall_sampler:GUI 冻结现场（140ms，2 个采样点，旧→新）：
WARNING:pet.gui_stall_sampler:  [t-172ms] verify_seeky_multi.py:92:observed_frame <- window.py:1917:_on_frame <- window.py:2124:_rebuild_frame <- window.py:2270:_sync_mask <- window_optional_services.py:42:effects_coverage <- frame_edges.py:27:coverage_region
WARNING:pet.gui_stall_sampler:  [t-6ms] webm_clip.py:2750:_process_frame <- window_optional_services.py:62:<lambda> <- verify_seeky_multi.py:92:observed_frame <- window.py:1919:_on_frame <- window.py:2126:_rebuild_frame <- window.py:2291:_sync_mask
WARNING:root:GUI 卡顿 103ms state=IDLE anim=待机呼吸休闲 physics=None
WARNING:pet.gui_stall_sampler:GUI 冻结现场（103ms，2 个采样点，旧→新）：
WARNING:pet.gui_stall_sampler:  [t-102ms] verify_seeky_multi.py:308:<module> <- verify_seeky_multi.py:244:main
WARNING:pet.gui_stall_sampler:  [t-20ms] verify_seeky_multi.py:308:<module> <- verify_seeky_multi.py:244:main <- webm_clip.py:2499:_poll <- webm_clip.py:2723:_process_frame
WARNING:root:GUI 卡顿 104ms state=IDLE anim=待机呼吸休闲 physics=None
WARNING:pet.gui_stall_sampler:GUI 冻结现场（104ms，2 个采样点，旧→新）：
WARNING:pet.gui_stall_sampler:  [t-103ms] verify_seeky_multi.py:308:<module> <- verify_seeky_multi.py:244:main
WARNING:pet.gui_stall_sampler:  [t-21ms] verify_seeky_multi.py:308:<module> <- verify_seeky_multi.py:244:main <- webm_clip.py:2499:_poll <- webm_clip.py:2723:_process_frame
WARNING:root:GUI 卡顿 105ms state=IDLE anim=待机呼吸休闲 physics=None
WARNING:pet.gui_stall_sampler:GUI 冻结现场（105ms，2 个采样点，旧→新）：
WARNING:pet.gui_stall_sampler:  [t-103ms] verify_seeky_multi.py:308:<module> <- verify_seeky_multi.py:244:main
WARNING:pet.gui_stall_sampler:  [t-21ms] verify_seeky_multi.py:308:<module> <- verify_seeky_multi.py:244:main <- webm_clip.py:2499:_poll <- webm_clip.py:2723:_process_frame
WARNING:root:GUI 卡顿 129ms state=IDLE anim=待机呼吸休闲 physics=None
WARNING:pet.gui_stall_sampler:GUI 冻结现场（129ms，3 个采样点，旧→新）：
WARNING:pet.gui_stall_sampler:  [t-171ms] verify_seeky_multi.py:308:<module> <- verify_seeky_multi.py:244:main
WARNING:pet.gui_stall_sampler:  [t-106ms] verify_seeky_multi.py:308:<module> <- verify_seeky_multi.py:244:main <- webm_clip.py:2499:_poll <- webm_clip.py:2724:_process_frame
WARNING:pet.gui_stall_sampler:  [t-31ms] verify_seeky_multi.py:308:<module> <- verify_seeky_multi.py:244:main <- webm_clip.py:2499:_poll <- webm_clip.py:2750:_process_frame
WARNING:root:GUI 卡顿 130ms state=IDLE anim=待机呼吸休闲 physics=None
WARNING:pet.gui_stall_sampler:GUI 冻结现场（130ms，3 个采样点，旧→新）：
WARNING:pet.gui_stall_sampler:  [t-172ms] verify_seeky_multi.py:308:<module> <- verify_seeky_multi.py:244:main
WARNING:pet.gui_stall_sampler:  [t-107ms] verify_seeky_multi.py:308:<module> <- verify_seeky_multi.py:244:main <- webm_clip.py:2499:_poll <- webm_clip.py:2724:_process_frame
WARNING:pet.gui_stall_sampler:  [t-32ms] verify_seeky_multi.py:308:<module> <- verify_seeky_multi.py:244:main <- webm_clip.py:2499:_poll <- webm_clip.py:2750:_process_frame
WARNING:root:GUI 卡顿 130ms state=IDLE anim=待机呼吸休闲 physics=None
WARNING:pet.gui_stall_sampler:GUI 冻结现场（130ms，3 个采样点，旧→新）：
WARNING:pet.gui_stall_sampler:  [t-173ms] verify_seeky_multi.py:308:<module> <- verify_seeky_multi.py:244:main
WARNING:pet.gui_stall_sampler:  [t-107ms] verify_seeky_multi.py:308:<module> <- verify_seeky_multi.py:244:main <- webm_clip.py:2499:_poll <- webm_clip.py:2724:_process_frame
WARNING:pet.gui_stall_sampler:  [t-32ms] verify_seeky_multi.py:308:<module> <- verify_seeky_multi.py:244:main <- webm_clip.py:2499:_poll <- webm_clip.py:2750:_process_frame
WARNING:root:GUI 卡顿 296ms state=IDLE anim=待机呼吸休闲 physics=None
WARNING:pet.gui_stall_sampler:GUI 冻结现场（296ms，3 个采样点，旧→新）：
WARNING:pet.gui_stall_sampler:  [t-318ms] verify_seeky_multi.py:308:<module> <- verify_seeky_multi.py:244:main
WARNING:pet.gui_stall_sampler:  [t-156ms] webm_clip.py:2499:_poll <- webm_clip.py:2750:_process_frame <- window_optional_services.py:62:<lambda> <- verify_seeky_multi.py:92:observed_frame <- window.py:1917:_on_frame <- window.py:2106:_rebuild_frame
WARNING:pet.gui_stall_sampler:  [t-0ms] verify_seeky_multi.py:308:<module> <- verify_seeky_multi.py:244:main <- webm_clip.py:2499:_poll <- webm_clip.py:2750:_process_frame
WARNING:root:GUI 卡顿 297ms state=IDLE anim=待机呼吸休闲 physics=None
WARNING:pet.gui_stall_sampler:GUI 冻结现场（297ms，3 个采样点，旧→新）：
WARNING:pet.gui_stall_sampler:  [t-318ms] verify_seeky_multi.py:308:<module> <- verify_seeky_multi.py:244:main
WARNING:pet.gui_stall_sampler:  [t-157ms] webm_clip.py:2499:_poll <- webm_clip.py:2750:_process_frame <- window_optional_services.py:62:<lambda> <- verify_seeky_multi.py:92:observed_frame <- window.py:1917:_on_frame <- window.py:2106:_rebuild_frame
WARNING:pet.gui_stall_sampler:  [t-1ms] verify_seeky_multi.py:308:<module> <- verify_seeky_multi.py:244:main <- webm_clip.py:2499:_poll <- webm_clip.py:2750:_process_frame
WARNING:root:GUI 卡顿 297ms state=IDLE anim=待机呼吸休闲 physics=None
WARNING:pet.gui_stall_sampler:GUI 冻结现场（297ms，3 个采样点，旧→新）：
WARNING:pet.gui_stall_sampler:  [t-319ms] verify_seeky_multi.py:308:<module> <- verify_seeky_multi.py:244:main
WARNING:pet.gui_stall_sampler:  [t-158ms] webm_clip.py:2499:_poll <- webm_clip.py:2750:_process_frame <- window_optional_services.py:62:<lambda> <- verify_seeky_multi.py:92:observed_frame <- window.py:1917:_on_frame <- window.py:2106:_rebuild_frame
WARNING:pet.gui_stall_sampler:  [t-2ms] verify_seeky_multi.py:308:<module> <- verify_seeky_multi.py:244:main <- webm_clip.py:2499:_poll <- webm_clip.py:2750:_process_frame
WARNING:root:GUI 卡顿 110ms state=IDLE anim=待机呼吸休闲 physics=None
WARNING:pet.gui_stall_sampler:GUI 冻结现场（110ms，2 个采样点，旧→新）：
WARNING:pet.gui_stall_sampler:  [t-110ms] verify_seeky_multi.py:308:<module> <- verify_seeky_multi.py:244:main
WARNING:pet.gui_stall_sampler:  [t-10ms] webm_clip.py:2499:_poll <- webm_clip.py:2750:_process_frame <- window_optional_services.py:62:<lambda> <- verify_seeky_multi.py:92:observed_frame <- window.py:1917:_on_frame <- window.py:2119:_rebuild_frame
WARNING:root:GUI 卡顿 111ms state=IDLE anim=待机呼吸休闲 physics=None
WARNING:pet.gui_stall_sampler:GUI 冻结现场（111ms，2 个采样点，旧→新）：
WARNING:pet.gui_stall_sampler:  [t-111ms] verify_seeky_multi.py:308:<module> <- verify_seeky_multi.py:244:main
WARNING:pet.gui_stall_sampler:  [t-11ms] webm_clip.py:2499:_poll <- webm_clip.py:2750:_process_frame <- window_optional_services.py:62:<lambda> <- verify_seeky_multi.py:92:observed_frame <- window.py:1917:_on_frame <- window.py:2119:_rebuild_frame
WARNING:root:GUI 卡顿 111ms state=IDLE anim=待机呼吸休闲 physics=None
WARNING:pet.gui_stall_sampler:GUI 冻结现场（111ms，2 个采样点，旧→新）：
WARNING:pet.gui_stall_sampler:  [t-111ms] verify_seeky_multi.py:308:<module> <- verify_seeky_multi.py:244:main
WARNING:pet.gui_stall_sampler:  [t-11ms] webm_clip.py:2499:_poll <- webm_clip.py:2750:_process_frame <- window_optional_services.py:62:<lambda> <- verify_seeky_multi.py:92:observed_frame <- window.py:1917:_on_frame <- window.py:2119:_rebuild_frame
WARNING:root:GUI 卡顿 104ms state=IDLE anim=待机呼吸休闲 physics=None
WARNING:pet.gui_stall_sampler:GUI 冻结现场（104ms，2 个采样点，旧→新）：
WARNING:pet.gui_stall_sampler:  [t-115ms] verify_seeky_multi.py:308:<module> <- verify_seeky_multi.py:244:main
WARNING:pet.gui_stall_sampler:  [t-10ms] verify_seeky_multi.py:92:observed_frame <- window.py:1917:_on_frame <- window.py:2124:_rebuild_frame <- window.py:2270:_sync_mask <- window_optional_services.py:42:effects_coverage <- frame_edges.py:27:coverage_region
WARNING:root:GUI 卡顿 105ms state=IDLE anim=待机呼吸休闲 physics=None
WARNING:pet.gui_stall_sampler:GUI 冻结现场（105ms，2 个采样点，旧→新）：
WARNING:pet.gui_stall_sampler:  [t-116ms] verify_seeky_multi.py:308:<module> <- verify_seeky_multi.py:244:main
WARNING:pet.gui_stall_sampler:  [t-11ms] verify_seeky_multi.py:92:observed_frame <- window.py:1917:_on_frame <- window.py:2124:_rebuild_frame <- window.py:2270:_sync_mask <- window_optional_services.py:42:effects_coverage <- frame_edges.py:27:coverage_region
WARNING:root:GUI 卡顿 105ms state=IDLE anim=待机呼吸休闲 physics=None
WARNING:pet.gui_stall_sampler:GUI 冻结现场（105ms，2 个采样点，旧→新）：
WARNING:pet.gui_stall_sampler:  [t-116ms] verify_seeky_multi.py:308:<module> <- verify_seeky_multi.py:244:main
WARNING:pet.gui_stall_sampler:  [t-11ms] verify_seeky_multi.py:92:observed_frame <- window.py:1917:_on_frame <- window.py:2124:_rebuild_frame <- window.py:2270:_sync_mask <- window_optional_services.py:42:effects_coverage <- frame_edges.py:27:coverage_region
WARNING:root:GUI 卡顿 139ms state=IDLE anim=待机呼吸休闲 physics=None
WARNING:pet.gui_stall_sampler:GUI 冻结现场（139ms，2 个采样点，旧→新）：
WARNING:pet.gui_stall_sampler:  [t-178ms] verify_seeky_multi.py:308:<module> <- verify_seeky_multi.py:244:main
WARNING:pet.gui_stall_sampler:  [t-47ms] webm_clip.py:2499:_poll <- webm_clip.py:2750:_process_frame <- window_optional_services.py:62:<lambda> <- verify_seeky_multi.py:92:observed_frame <- window.py:1917:_on_frame <- window.py:2119:_rebuild_frame
WARNING:root:GUI 卡顿 140ms state=IDLE anim=待机呼吸休闲 physics=None
WARNING:pet.gui_stall_sampler:GUI 冻结现场（140ms，2 个采样点，旧→新）：
WARNING:pet.gui_stall_sampler:  [t-178ms] verify_seeky_multi.py:308:<module> <- verify_seeky_multi.py:244:main
WARNING:pet.gui_stall_sampler:  [t-48ms] webm_clip.py:2499:_poll <- webm_clip.py:2750:_process_frame <- window_optional_services.py:62:<lambda> <- verify_seeky_multi.py:92:observed_frame <- window.py:1917:_on_frame <- window.py:2119:_rebuild_frame
WARNING:root:GUI 卡顿 140ms state=IDLE anim=待机呼吸休闲 physics=None
WARNING:pet.gui_stall_sampler:GUI 冻结现场（140ms，2 个采样点，旧→新）：
WARNING:pet.gui_stall_sampler:  [t-178ms] verify_seeky_multi.py:308:<module> <- verify_seeky_multi.py:244:main
WARNING:pet.gui_stall_sampler:  [t-48ms] webm_clip.py:2499:_poll <- webm_clip.py:2750:_process_frame <- window_optional_services.py:62:<lambda> <- verify_seeky_multi.py:92:observed_frame <- window.py:1917:_on_frame <- window.py:2119:_rebuild_frame
WARNING:root:GUI 卡顿 124ms state=IDLE anim=待机呼吸休闲 physics=None
WARNING:pet.gui_stall_sampler:GUI 冻结现场（124ms，2 个采样点，旧→新）：
WARNING:pet.gui_stall_sampler:  [t-157ms] verify_seeky_multi.py:308:<module> <- verify_seeky_multi.py:244:main
WARNING:pet.gui_stall_sampler:  [t-27ms] window_optional_services.py:62:<lambda> <- verify_seeky_multi.py:92:observed_frame <- window.py:1917:_on_frame <- window.py:2124:_rebuild_frame <- window.py:2270:_sync_mask <- window_optional_services.py:42:effects_coverage
WARNING:root:GUI 卡顿 127ms state=IDLE anim=待机呼吸休闲 physics=None
WARNING:pet.gui_stall_sampler:GUI 冻结现场（127ms，2 个采样点，旧→新）：
WARNING:pet.gui_stall_sampler:  [t-159ms] verify_seeky_multi.py:308:<module> <- verify_seeky_multi.py:244:main
WARNING:pet.gui_stall_sampler:  [t-29ms] window_optional_services.py:62:<lambda> <- verify_seeky_multi.py:92:observed_frame <- window.py:1917:_on_frame <- window.py:2124:_rebuild_frame <- window.py:2270:_sync_mask <- window_optional_services.py:42:effects_coverage
WARNING:root:GUI 卡顿 127ms state=IDLE anim=待机呼吸休闲 physics=None
WARNING:pet.gui_stall_sampler:GUI 冻结现场（127ms，2 个采样点，旧→新）：
WARNING:pet.gui_stall_sampler:  [t-159ms] verify_seeky_multi.py:308:<module> <- verify_seeky_multi.py:244:main
WARNING:pet.gui_stall_sampler:  [t-29ms] window_optional_services.py:62:<lambda> <- verify_seeky_multi.py:92:observed_frame <- window.py:1917:_on_frame <- window.py:2124:_rebuild_frame <- window.py:2270:_sync_mask <- window_optional_services.py:42:effects_coverage
WARNING:root:GUI 卡顿 110ms state=IDLE anim=待机呼吸休闲 physics=None
WARNING:pet.gui_stall_sampler:GUI 冻结现场（110ms，2 个采样点，旧→新）：
WARNING:pet.gui_stall_sampler:  [t-138ms] window_optional_services.py:62:<lambda> <- verify_seeky_multi.py:92:observed_frame <- window.py:1919:_on_frame <- window.py:2126:_rebuild_frame <- window.py:2291:_sync_mask <- window_optional_services.py:44:effects_coverage
WARNING:pet.gui_stall_sampler:  [t-9ms] webm_clip.py:2499:_poll <- webm_clip.py:2750:_process_frame <- window_optional_services.py:62:<lambda> <- verify_seeky_multi.py:92:observed_frame <- window.py:1919:_on_frame <- window.py:2126:_rebuild_frame
WARNING:root:GUI 卡顿 111ms state=IDLE anim=待机呼吸休闲 physics=None
WARNING:pet.gui_stall_sampler:GUI 冻结现场（111ms，2 个采样点，旧→新）：
WARNING:pet.gui_stall_sampler:  [t-138ms] window_optional_services.py:62:<lambda> <- verify_seeky_multi.py:92:observed_frame <- window.py:1919:_on_frame <- window.py:2126:_rebuild_frame <- window.py:2291:_sync_mask <- window_optional_services.py:44:effects_coverage
WARNING:pet.gui_stall_sampler:  [t-10ms] webm_clip.py:2499:_poll <- webm_clip.py:2750:_process_frame <- window_optional_services.py:62:<lambda> <- verify_seeky_multi.py:92:observed_frame <- window.py:1919:_on_frame <- window.py:2126:_rebuild_frame
WARNING:root:GUI 卡顿 111ms state=IDLE anim=待机呼吸休闲 physics=None
WARNING:pet.gui_stall_sampler:GUI 冻结现场（111ms，2 个采样点，旧→新）：
WARNING:pet.gui_stall_sampler:  [t-138ms] window_optional_services.py:62:<lambda> <- verify_seeky_multi.py:92:observed_frame <- window.py:1919:_on_frame <- window.py:2126:_rebuild_frame <- window.py:2291:_sync_mask <- window_optional_services.py:44:effects_coverage
WARNING:pet.gui_stall_sampler:  [t-10ms] webm_clip.py:2499:_poll <- webm_clip.py:2750:_process_frame <- window_optional_services.py:62:<lambda> <- verify_seeky_multi.py:92:observed_frame <- window.py:1919:_on_frame <- window.py:2126:_rebuild_frame
WARNING:root:GUI 卡顿 104ms state=IDLE anim=待机呼吸休闲 physics=None
WARNING:pet.gui_stall_sampler:GUI 冻结现场（104ms，1 个采样点，旧→新）：
WARNING:pet.gui_stall_sampler:  [t-141ms] verify_seeky_multi.py:308:<module> <- verify_seeky_multi.py:244:main
WARNING:root:GUI 卡顿 105ms state=IDLE anim=待机呼吸休闲 physics=None
WARNING:pet.gui_stall_sampler:GUI 冻结现场（105ms，1 个采样点，旧→新）：
WARNING:pet.gui_stall_sampler:  [t-142ms] verify_seeky_multi.py:308:<module> <- verify_seeky_multi.py:244:main
WARNING:root:GUI 卡顿 106ms state=IDLE anim=待机呼吸休闲 physics=None
WARNING:pet.gui_stall_sampler:GUI 冻结现场（106ms，1 个采样点，旧→新）：
WARNING:pet.gui_stall_sampler:  [t-142ms] verify_seeky_multi.py:308:<module> <- verify_seeky_multi.py:244:main
WARNING:root:GUI 卡顿 202ms state=IDLE anim=待机呼吸休闲 physics=None
WARNING:pet.gui_stall_sampler:GUI 冻结现场（202ms，2 个采样点，旧→新）：
WARNING:pet.gui_stall_sampler:  [t-252ms] verify_seeky_multi.py:308:<module> <- verify_seeky_multi.py:244:main
WARNING:pet.gui_stall_sampler:  [t-114ms] webm_clip.py:2499:_poll <- webm_clip.py:2750:_process_frame <- window_optional_services.py:62:<lambda> <- verify_seeky_multi.py:92:observed_frame <- window.py:1917:_on_frame <- window.py:2099:_rebuild_frame
WARNING:root:GUI 卡顿 205ms state=IDLE anim=待机呼吸休闲 physics=None
WARNING:pet.gui_stall_sampler:GUI 冻结现场（205ms，2 个采样点，旧→新）：
WARNING:pet.gui_stall_sampler:  [t-254ms] verify_seeky_multi.py:308:<module> <- verify_seeky_multi.py:244:main
WARNING:pet.gui_stall_sampler:  [t-116ms] webm_clip.py:2499:_poll <- webm_clip.py:2750:_process_frame <- window_optional_services.py:62:<lambda> <- verify_seeky_multi.py:92:observed_frame <- window.py:1917:_on_frame <- window.py:2099:_rebuild_frame
WARNING:root:GUI 卡顿 205ms state=IDLE anim=待机呼吸休闲 physics=None
WARNING:pet.gui_stall_sampler:GUI 冻结现场（205ms，2 个采样点，旧→新）：
WARNING:pet.gui_stall_sampler:  [t-254ms] verify_seeky_multi.py:308:<module> <- verify_seeky_multi.py:244:main
WARNING:pet.gui_stall_sampler:  [t-116ms] webm_clip.py:2499:_poll <- webm_clip.py:2750:_process_frame <- window_optional_services.py:62:<lambda> <- verify_seeky_multi.py:92:observed_frame <- window.py:1917:_on_frame <- window.py:2099:_rebuild_frame
WARNING:root:GUI 卡顿 114ms state=IDLE anim=待机呼吸休闲 physics=None
WARNING:pet.gui_stall_sampler:GUI 冻结现场（114ms，2 个采样点，旧→新）：
WARNING:pet.gui_stall_sampler:  [t-134ms] verify_seeky_multi.py:308:<module> <- verify_seeky_multi.py:244:main
WARNING:pet.gui_stall_sampler:  [t-27ms] webm_clip.py:2499:_poll <- webm_clip.py:2750:_process_frame <- window_optional_services.py:62:<lambda> <- verify_seeky_multi.py:92:observed_frame <- window.py:1917:_on_frame <- window.py:2106:_rebuild_frame
WARNING:root:GUI 卡顿 115ms state=IDLE anim=待机呼吸休闲 physics=None
WARNING:pet.gui_stall_sampler:GUI 冻结现场（115ms，2 个采样点，旧→新）：
WARNING:pet.gui_stall_sampler:  [t-135ms] verify_seeky_multi.py:308:<module> <- verify_seeky_multi.py:244:main
WARNING:pet.gui_stall_sampler:  [t-28ms] webm_clip.py:2499:_poll <- webm_clip.py:2750:_process_frame <- window_optional_services.py:62:<lambda> <- verify_seeky_multi.py:92:observed_frame <- window.py:1917:_on_frame <- window.py:2106:_rebuild_frame
WARNING:root:GUI 卡顿 115ms state=IDLE anim=待机呼吸休闲 physics=None
WARNING:pet.gui_stall_sampler:GUI 冻结现场（115ms，2 个采样点，旧→新）：
WARNING:pet.gui_stall_sampler:  [t-135ms] verify_seeky_multi.py:308:<module> <- verify_seeky_multi.py:244:main
WARNING:pet.gui_stall_sampler:  [t-28ms] webm_clip.py:2499:_poll <- webm_clip.py:2750:_process_frame <- window_optional_services.py:62:<lambda> <- verify_seeky_multi.py:92:observed_frame <- window.py:1917:_on_frame <- window.py:2106:_rebuild_frame
WARNING:root:GUI 卡顿 185ms state=IDLE anim=待机呼吸休闲 physics=None
WARNING:pet.gui_stall_sampler:GUI 冻结现场（185ms，2 个采样点，旧→新）：
WARNING:pet.gui_stall_sampler:  [t-231ms] verify_seeky_multi.py:308:<module> <- verify_seeky_multi.py:244:main
WARNING:pet.gui_stall_sampler:  [t-26ms] window_optional_services.py:62:<lambda> <- verify_seeky_multi.py:92:observed_frame <- window.py:1917:_on_frame <- window.py:2124:_rebuild_frame <- window.py:2270:_sync_mask <- window_optional_services.py:42:effects_coverage
WARNING:root:GUI 卡顿 186ms state=IDLE anim=待机呼吸休闲 physics=None
WARNING:pet.gui_stall_sampler:GUI 冻结现场（186ms，2 个采样点，旧→新）：
WARNING:pet.gui_stall_sampler:  [t-232ms] verify_seeky_multi.py:308:<module> <- verify_seeky_multi.py:244:main
WARNING:pet.gui_stall_sampler:  [t-27ms] window_optional_services.py:62:<lambda> <- verify_seeky_multi.py:92:observed_frame <- window.py:1917:_on_frame <- window.py:2124:_rebuild_frame <- window.py:2270:_sync_mask <- window_optional_services.py:42:effects_coverage
WARNING:root:GUI 卡顿 186ms state=IDLE anim=待机呼吸休闲 physics=None
WARNING:pet.gui_stall_sampler:GUI 冻结现场（186ms，2 个采样点，旧→新）：
WARNING:pet.gui_stall_sampler:  [t-232ms] verify_seeky_multi.py:308:<module> <- verify_seeky_multi.py:244:main
WARNING:pet.gui_stall_sampler:  [t-27ms] window_optional_services.py:62:<lambda> <- verify_seeky_multi.py:92:observed_frame <- window.py:1917:_on_frame <- window.py:2124:_rebuild_frame <- window.py:2270:_sync_mask <- window_optional_services.py:42:effects_coverage
WARNING:root:GUI 卡顿 114ms state=IDLE anim=待机呼吸休闲 physics=None
WARNING:pet.gui_stall_sampler:GUI 冻结现场（114ms，2 个采样点，旧→新）：
WARNING:pet.gui_stall_sampler:  [t-153ms] verify_seeky_multi.py:308:<module> <- verify_seeky_multi.py:244:main
WARNING:pet.gui_stall_sampler:  [t-48ms] webm_clip.py:2499:_poll <- webm_clip.py:2750:_process_frame <- window_optional_services.py:62:<lambda> <- verify_seeky_multi.py:92:observed_frame <- window.py:1917:_on_frame <- window.py:2106:_rebuild_frame
WARNING:root:GUI 卡顿 115ms state=IDLE anim=待机呼吸休闲 physics=None
WARNING:pet.gui_stall_sampler:GUI 冻结现场（115ms，2 个采样点，旧→新）：
WARNING:pet.gui_stall_sampler:  [t-154ms] verify_seeky_multi.py:308:<module> <- verify_seeky_multi.py:244:main
WARNING:pet.gui_stall_sampler:  [t-49ms] webm_clip.py:2499:_poll <- webm_clip.py:2750:_process_frame <- window_optional_services.py:62:<lambda> <- verify_seeky_multi.py:92:observed_frame <- window.py:1917:_on_frame <- window.py:2106:_rebuild_frame
WARNING:root:GUI 卡顿 115ms state=IDLE anim=待机呼吸休闲 physics=None
WARNING:pet.gui_stall_sampler:GUI 冻结现场（115ms，2 个采样点，旧→新）：
WARNING:pet.gui_stall_sampler:  [t-154ms] verify_seeky_multi.py:308:<module> <- verify_seeky_multi.py:244:main
WARNING:pet.gui_stall_sampler:  [t-49ms] webm_clip.py:2499:_poll <- webm_clip.py:2750:_process_frame <- window_optional_services.py:62:<lambda> <- verify_seeky_multi.py:92:observed_frame <- window.py:1917:_on_frame <- window.py:2106:_rebuild_frame
WARNING:root:GUI 卡顿 120ms state=IDLE anim=待机呼吸休闲 physics=None
WARNING:pet.gui_stall_sampler:GUI 冻结现场（120ms，2 个采样点，旧→新）：
WARNING:pet.gui_stall_sampler:  [t-123ms] verify_seeky_multi.py:308:<module> <- verify_seeky_multi.py:244:main
WARNING:pet.gui_stall_sampler:  [t-45ms] webm_clip.py:2499:_poll <- webm_clip.py:2750:_process_frame <- window_optional_services.py:62:<lambda> <- verify_seeky_multi.py:92:observed_frame <- window.py:1917:_on_frame <- window.py:2124:_rebuild_frame
WARNING:root:GUI 卡顿 121ms state=IDLE anim=待机呼吸休闲 physics=None
WARNING:pet.gui_stall_sampler:GUI 冻结现场（121ms，2 个采样点，旧→新）：
WARNING:pet.gui_stall_sampler:  [t-124ms] verify_seeky_multi.py:308:<module> <- verify_seeky_multi.py:244:main
WARNING:pet.gui_stall_sampler:  [t-45ms] webm_clip.py:2499:_poll <- webm_clip.py:2750:_process_frame <- window_optional_services.py:62:<lambda> <- verify_seeky_multi.py:92:observed_frame <- window.py:1917:_on_frame <- window.py:2124:_rebuild_frame
WARNING:root:GUI 卡顿 122ms state=IDLE anim=待机呼吸休闲 physics=None
WARNING:pet.gui_stall_sampler:GUI 冻结现场（122ms，2 个采样点，旧→新）：
WARNING:pet.gui_stall_sampler:  [t-124ms] verify_seeky_multi.py:308:<module> <- verify_seeky_multi.py:244:main
WARNING:pet.gui_stall_sampler:  [t-46ms] webm_clip.py:2499:_poll <- webm_clip.py:2750:_process_frame <- window_optional_services.py:62:<lambda> <- verify_seeky_multi.py:92:observed_frame <- window.py:1917:_on_frame <- window.py:2124:_rebuild_frame
WARNING:root:GUI 卡顿 183ms state=IDLE anim=待机呼吸休闲 physics=None
WARNING:pet.gui_stall_sampler:GUI 冻结现场（183ms，3 个采样点，旧→新）：
WARNING:pet.gui_stall_sampler:  [t-137ms] webm_clip.py:2499:_poll <- webm_clip.py:2750:_process_frame <- window_optional_services.py:62:<lambda> <- verify_seeky_multi.py:92:observed_frame <- window.py:1917:_on_frame <- window.py:2106:_rebuild_frame
WARNING:pet.gui_stall_sampler:  [t-64ms] verify_seeky_multi.py:308:<module> <- verify_seeky_multi.py:244:main <- webm_clip.py:2499:_poll <- webm_clip.py:2750:_process_frame
WARNING:pet.gui_stall_sampler:  [t-8ms] verify_seeky_multi.py:308:<module> <- verify_seeky_multi.py:244:main
WARNING:root:GUI 卡顿 190ms state=IDLE anim=待机呼吸休闲 physics=None
WARNING:pet.gui_stall_sampler:GUI 冻结现场（190ms，4 个采样点，旧→新）：
WARNING:pet.gui_stall_sampler:  [t-235ms] verify_seeky_multi.py:308:<module> <- verify_seeky_multi.py:244:main
WARNING:pet.gui_stall_sampler:  [t-137ms] webm_clip.py:2499:_poll <- webm_clip.py:2750:_process_frame <- window_optional_services.py:62:<lambda> <- verify_seeky_multi.py:92:observed_frame <- window.py:1917:_on_frame <- window.py:2106:_rebuild_frame
WARNING:pet.gui_stall_sampler:  [t-64ms] verify_seeky_multi.py:308:<module> <- verify_seeky_multi.py:244:main <- webm_clip.py:2499:_poll <- webm_clip.py:2750:_process_frame
WARNING:pet.gui_stall_sampler:  [t-8ms] verify_seeky_multi.py:308:<module> <- verify_seeky_multi.py:244:main
WARNING:root:GUI 卡顿 190ms state=IDLE anim=待机呼吸休闲 physics=None
WARNING:pet.gui_stall_sampler:GUI 冻结现场（190ms，4 个采样点，旧→新）：
WARNING:pet.gui_stall_sampler:  [t-236ms] verify_seeky_multi.py:308:<module> <- verify_seeky_multi.py:244:main
WARNING:pet.gui_stall_sampler:  [t-138ms] webm_clip.py:2499:_poll <- webm_clip.py:2750:_process_frame <- window_optional_services.py:62:<lambda> <- verify_seeky_multi.py:92:observed_frame <- window.py:1917:_on_frame <- window.py:2106:_rebuild_frame
WARNING:pet.gui_stall_sampler:  [t-65ms] verify_seeky_multi.py:308:<module> <- verify_seeky_multi.py:244:main <- webm_clip.py:2499:_poll <- webm_clip.py:2750:_process_frame
WARNING:pet.gui_stall_sampler:  [t-9ms] verify_seeky_multi.py:308:<module> <- verify_seeky_multi.py:244:main
WARNING:root:GUI 卡顿 129ms state=IDLE anim=待机呼吸休闲 physics=None
WARNING:pet.gui_stall_sampler:GUI 冻结现场（129ms，2 个采样点，旧→新）：
WARNING:pet.gui_stall_sampler:  [t-155ms] verify_seeky_multi.py:308:<module> <- verify_seeky_multi.py:244:main
WARNING:pet.gui_stall_sampler:  [t-40ms] webm_clip.py:2750:_process_frame <- window_optional_services.py:62:<lambda> <- verify_seeky_multi.py:92:observed_frame <- window.py:1917:_on_frame <- window.py:2068:_rebuild_frame <- window.py:1990:_frame_signature
WARNING:root:GUI 卡顿 130ms state=IDLE anim=待机呼吸休闲 physics=None
WARNING:pet.gui_stall_sampler:GUI 冻结现场（130ms，2 个采样点，旧→新）：
WARNING:pet.gui_stall_sampler:  [t-156ms] verify_seeky_multi.py:308:<module> <- verify_seeky_multi.py:244:main
WARNING:pet.gui_stall_sampler:  [t-40ms] webm_clip.py:2750:_process_frame <- window_optional_services.py:62:<lambda> <- verify_seeky_multi.py:92:observed_frame <- window.py:1917:_on_frame <- window.py:2068:_rebuild_frame <- window.py:1990:_frame_signature
WARNING:root:GUI 卡顿 130ms state=IDLE anim=待机呼吸休闲 physics=None
WARNING:pet.gui_stall_sampler:GUI 冻结现场（130ms，2 个采样点，旧→新）：
WARNING:pet.gui_stall_sampler:  [t-156ms] verify_seeky_multi.py:308:<module> <- verify_seeky_multi.py:244:main
WARNING:pet.gui_stall_sampler:  [t-41ms] webm_clip.py:2750:_process_frame <- window_optional_services.py:62:<lambda> <- verify_seeky_multi.py:92:observed_frame <- window.py:1917:_on_frame <- window.py:2068:_rebuild_frame <- window.py:1990:_frame_signature
WARNING:root:GUI 卡顿 141ms state=IDLE anim=待机呼吸休闲 physics=None
WARNING:pet.gui_stall_sampler:GUI 冻结现场（141ms，2 个采样点，旧→新）：
WARNING:pet.gui_stall_sampler:  [t-159ms] verify_seeky_multi.py:308:<module> <- verify_seeky_multi.py:244:main
WARNING:pet.gui_stall_sampler:  [t-8ms] verify_seeky_multi.py:92:observed_frame <- window.py:1917:_on_frame <- window.py:2124:_rebuild_frame <- window.py:2270:_sync_mask <- window_optional_services.py:42:effects_coverage <- frame_edges.py:27:coverage_region
WARNING:root:GUI 卡顿 142ms state=IDLE anim=待机呼吸休闲 physics=None
WARNING:pet.gui_stall_sampler:GUI 冻结现场（142ms，2 个采样点，旧→新）：
WARNING:pet.gui_stall_sampler:  [t-160ms] verify_seeky_multi.py:308:<module> <- verify_seeky_multi.py:244:main
WARNING:pet.gui_stall_sampler:  [t-8ms] verify_seeky_multi.py:92:observed_frame <- window.py:1917:_on_frame <- window.py:2124:_rebuild_frame <- window.py:2270:_sync_mask <- window_optional_services.py:42:effects_coverage <- frame_edges.py:27:coverage_region
WARNING:root:GUI 卡顿 142ms state=IDLE anim=待机呼吸休闲 physics=None
WARNING:pet.gui_stall_sampler:GUI 冻结现场（142ms，2 个采样点，旧→新）：
WARNING:pet.gui_stall_sampler:  [t-160ms] verify_seeky_multi.py:308:<module> <- verify_seeky_multi.py:244:main
WARNING:pet.gui_stall_sampler:  [t-8ms] verify_seeky_multi.py:92:observed_frame <- window.py:1917:_on_frame <- window.py:2124:_rebuild_frame <- window.py:2270:_sync_mask <- window_optional_services.py:42:effects_coverage <- frame_edges.py:27:coverage_region
WARNING:root:GUI 卡顿 158ms state=IDLE anim=待机呼吸休闲 physics=None
WARNING:pet.gui_stall_sampler:GUI 冻结现场（158ms，1 个采样点，旧→新）：
WARNING:pet.gui_stall_sampler:  [t-7ms] webm_clip.py:2499:_poll <- webm_clip.py:2750:_process_frame <- window_optional_services.py:62:<lambda> <- verify_seeky_multi.py:92:observed_frame <- window.py:1917:_on_frame <- window.py:2106:_rebuild_frame
WARNING:root:GUI 卡顿 159ms state=IDLE anim=待机呼吸休闲 physics=None
WARNING:pet.gui_stall_sampler:GUI 冻结现场（159ms，1 个采样点，旧→新）：
WARNING:pet.gui_stall_sampler:  [t-8ms] webm_clip.py:2499:_poll <- webm_clip.py:2750:_process_frame <- window_optional_services.py:62:<lambda> <- verify_seeky_multi.py:92:observed_frame <- window.py:1917:_on_frame <- window.py:2106:_rebuild_frame
WARNING:root:GUI 卡顿 159ms state=IDLE anim=待机呼吸休闲 physics=None
WARNING:pet.gui_stall_sampler:GUI 冻结现场（159ms，1 个采样点，旧→新）：
WARNING:pet.gui_stall_sampler:  [t-8ms] webm_clip.py:2499:_poll <- webm_clip.py:2750:_process_frame <- window_optional_services.py:62:<lambda> <- verify_seeky_multi.py:92:observed_frame <- window.py:1917:_on_frame <- window.py:2106:_rebuild_frame
WARNING:root:GUI 卡顿 157ms state=IDLE anim=待机呼吸休闲 physics=None
WARNING:pet.gui_stall_sampler:GUI 冻结现场（157ms，2 个采样点，旧→新）：
WARNING:pet.gui_stall_sampler:  [t-195ms] verify_seeky_multi.py:308:<module> <- verify_seeky_multi.py:244:main
WARNING:pet.gui_stall_sampler:  [t-58ms] verify_seeky_multi.py:92:observed_frame <- window.py:1917:_on_frame <- window.py:2124:_rebuild_frame <- window.py:2270:_sync_mask <- window_optional_services.py:42:effects_coverage <- frame_edges.py:27:coverage_region
WARNING:root:GUI 卡顿 162ms state=IDLE anim=待机呼吸休闲 physics=None
WARNING:pet.gui_stall_sampler:GUI 冻结现场（162ms，2 个采样点，旧→新）：
WARNING:pet.gui_stall_sampler:  [t-199ms] verify_seeky_multi.py:308:<module> <- verify_seeky_multi.py:244:main
WARNING:pet.gui_stall_sampler:  [t-61ms] verify_seeky_multi.py:92:observed_frame <- window.py:1917:_on_frame <- window.py:2124:_rebuild_frame <- window.py:2270:_sync_mask <- window_optional_services.py:42:effects_coverage <- frame_edges.py:27:coverage_region
WARNING:root:GUI 卡顿 162ms state=IDLE anim=待机呼吸休闲 physics=None
WARNING:pet.gui_stall_sampler:GUI 冻结现场（162ms，2 个采样点，旧→新）：
WARNING:pet.gui_stall_sampler:  [t-199ms] verify_seeky_multi.py:308:<module> <- verify_seeky_multi.py:244:main
WARNING:pet.gui_stall_sampler:  [t-62ms] verify_seeky_multi.py:92:observed_frame <- window.py:1917:_on_frame <- window.py:2124:_rebuild_frame <- window.py:2270:_sync_mask <- window_optional_services.py:42:effects_coverage <- frame_edges.py:27:coverage_region
WARNING:root:GUI 卡顿 106ms state=IDLE anim=待机呼吸休闲 physics=None
WARNING:pet.gui_stall_sampler:GUI 冻结现场（106ms，2 个采样点，旧→新）：
WARNING:pet.gui_stall_sampler:  [t-147ms] verify_seeky_multi.py:308:<module> <- verify_seeky_multi.py:244:main
WARNING:pet.gui_stall_sampler:  [t-3ms] verify_seeky_multi.py:92:observed_frame <- window.py:1917:_on_frame <- window.py:2124:_rebuild_frame <- window.py:2270:_sync_mask <- window_optional_services.py:42:effects_coverage <- frame_edges.py:34:coverage_region
WARNING:root:GUI 卡顿 107ms state=IDLE anim=待机呼吸休闲 physics=None
WARNING:pet.gui_stall_sampler:GUI 冻结现场（107ms，2 个采样点，旧→新）：
WARNING:pet.gui_stall_sampler:  [t-147ms] verify_seeky_multi.py:308:<module> <- verify_seeky_multi.py:244:main
WARNING:pet.gui_stall_sampler:  [t-4ms] verify_seeky_multi.py:92:observed_frame <- window.py:1917:_on_frame <- window.py:2124:_rebuild_frame <- window.py:2270:_sync_mask <- window_optional_services.py:42:effects_coverage <- frame_edges.py:34:coverage_region
WARNING:root:GUI 卡顿 107ms state=IDLE anim=待机呼吸休闲 physics=None
WARNING:pet.gui_stall_sampler:GUI 冻结现场（107ms，2 个采样点，旧→新）：
WARNING:pet.gui_stall_sampler:  [t-148ms] verify_seeky_multi.py:308:<module> <- verify_seeky_multi.py:244:main
WARNING:pet.gui_stall_sampler:  [t-5ms] verify_seeky_multi.py:92:observed_frame <- window.py:1917:_on_frame <- window.py:2124:_rebuild_frame <- window.py:2270:_sync_mask <- window_optional_services.py:42:effects_coverage <- frame_edges.py:34:coverage_region
WARNING:root:GUI 卡顿 186ms state=IDLE anim=待机呼吸休闲 physics=None
WARNING:pet.gui_stall_sampler:GUI 冻结现场（186ms，2 个采样点，旧→新）：
WARNING:pet.gui_stall_sampler:  [t-199ms] verify_seeky_multi.py:308:<module> <- verify_seeky_multi.py:244:main
WARNING:pet.gui_stall_sampler:  [t-33ms] window_optional_services.py:62:<lambda> <- verify_seeky_multi.py:92:observed_frame <- window.py:1917:_on_frame <- window.py:2068:_rebuild_frame <- window.py:1993:_frame_signature <- window.py:2034:_frame_content_fingerprint
WARNING:root:GUI 卡顿 188ms state=IDLE anim=待机呼吸休闲 physics=None
WARNING:pet.gui_stall_sampler:GUI 冻结现场（188ms，2 个采样点，旧→新）：
WARNING:pet.gui_stall_sampler:  [t-200ms] verify_seeky_multi.py:308:<module> <- verify_seeky_multi.py:244:main
WARNING:pet.gui_stall_sampler:  [t-34ms] window_optional_services.py:62:<lambda> <- verify_seeky_multi.py:92:observed_frame <- window.py:1917:_on_frame <- window.py:2068:_rebuild_frame <- window.py:1993:_frame_signature <- window.py:2034:_frame_content_fingerprint
WARNING:root:GUI 卡顿 205ms state=IDLE anim=待机呼吸休闲 physics=None
WARNING:pet.gui_stall_sampler:GUI 冻结现场（205ms，2 个采样点，旧→新）：
WARNING:pet.gui_stall_sampler:  [t-218ms] verify_seeky_multi.py:308:<module> <- verify_seeky_multi.py:244:main
WARNING:pet.gui_stall_sampler:  [t-52ms] window_optional_services.py:62:<lambda> <- verify_seeky_multi.py:92:observed_frame <- window.py:1917:_on_frame <- window.py:2068:_rebuild_frame <- window.py:1993:_frame_signature <- window.py:2034:_frame_content_fingerprint
WARNING:root:GUI 卡顿 100ms state=IDLE anim=待机呼吸休闲 physics=None
WARNING:pet.gui_stall_sampler:GUI 冻结现场（100ms，2 个采样点，旧→新）：
WARNING:pet.gui_stall_sampler:  [t-132ms] verify_seeky_multi.py:308:<module> <- verify_seeky_multi.py:244:main
WARNING:pet.gui_stall_sampler:  [t-61ms] verify_seeky_multi.py:308:<module> <- verify_seeky_multi.py:244:main <- webm_clip.py:2499:_poll <- webm_clip.py:2723:_process_frame
WARNING:root:GUI 卡顿 101ms state=IDLE anim=待机呼吸休闲 physics=None
WARNING:pet.gui_stall_sampler:GUI 冻结现场（101ms，2 个采样点，旧→新）：
WARNING:pet.gui_stall_sampler:  [t-132ms] verify_seeky_multi.py:308:<module> <- verify_seeky_multi.py:244:main
WARNING:pet.gui_stall_sampler:  [t-62ms] verify_seeky_multi.py:308:<module> <- verify_seeky_multi.py:244:main <- webm_clip.py:2499:_poll <- webm_clip.py:2723:_process_frame
WARNING:root:GUI 卡顿 102ms state=IDLE anim=待机呼吸休闲 physics=None
WARNING:pet.gui_stall_sampler:GUI 冻结现场（102ms，2 个采样点，旧→新）：
WARNING:pet.gui_stall_sampler:  [t-133ms] verify_seeky_multi.py:308:<module> <- verify_seeky_multi.py:244:main
WARNING:pet.gui_stall_sampler:  [t-62ms] verify_seeky_multi.py:308:<module> <- verify_seeky_multi.py:244:main <- webm_clip.py:2499:_poll <- webm_clip.py:2723:_process_frame
WARNING:root:GUI 卡顿 159ms state=IDLE anim=待机呼吸休闲 physics=None
WARNING:pet.gui_stall_sampler:GUI 冻结现场（159ms，2 个采样点，旧→新）：
WARNING:pet.gui_stall_sampler:  [t-177ms] verify_seeky_multi.py:308:<module> <- verify_seeky_multi.py:244:main
WARNING:pet.gui_stall_sampler:  [t-35ms] webm_clip.py:2499:_poll <- webm_clip.py:2750:_process_frame <- window_optional_services.py:62:<lambda> <- verify_seeky_multi.py:92:observed_frame <- window.py:1917:_on_frame <- window.py:2106:_rebuild_frame
WARNING:root:GUI 卡顿 159ms state=IDLE anim=待机呼吸休闲 physics=None
WARNING:pet.gui_stall_sampler:GUI 冻结现场（159ms，2 个采样点，旧→新）：
WARNING:pet.gui_stall_sampler:  [t-177ms] verify_seeky_multi.py:308:<module> <- verify_seeky_multi.py:244:main
WARNING:pet.gui_stall_sampler:  [t-36ms] webm_clip.py:2499:_poll <- webm_clip.py:2750:_process_frame <- window_optional_services.py:62:<lambda> <- verify_seeky_multi.py:92:observed_frame <- window.py:1917:_on_frame <- window.py:2106:_rebuild_frame
WARNING:root:GUI 卡顿 160ms state=IDLE anim=待机呼吸休闲 physics=None
WARNING:pet.gui_stall_sampler:GUI 冻结现场（160ms，2 个采样点，旧→新）：
WARNING:pet.gui_stall_sampler:  [t-178ms] verify_seeky_multi.py:308:<module> <- verify_seeky_multi.py:244:main
WARNING:pet.gui_stall_sampler:  [t-36ms] webm_clip.py:2499:_poll <- webm_clip.py:2750:_process_frame <- window_optional_services.py:62:<lambda> <- verify_seeky_multi.py:92:observed_frame <- window.py:1917:_on_frame <- window.py:2106:_rebuild_frame
WARNING:root:GUI 卡顿 157ms state=IDLE anim=待机呼吸休闲 physics=None
WARNING:pet.gui_stall_sampler:GUI 冻结现场（157ms，2 个采样点，旧→新）：
WARNING:pet.gui_stall_sampler:  [t-161ms] verify_seeky_multi.py:308:<module> <- verify_seeky_multi.py:244:main
WARNING:pet.gui_stall_sampler:  [t-14ms] verify_seeky_multi.py:92:observed_frame <- window.py:1917:_on_frame <- window.py:2124:_rebuild_frame <- window.py:2270:_sync_mask <- window_optional_services.py:42:effects_coverage <- frame_edges.py:27:coverage_region
WARNING:root:GUI 卡顿 157ms state=IDLE anim=待机呼吸休闲 physics=None
WARNING:pet.gui_stall_sampler:GUI 冻结现场（157ms，2 个采样点，旧→新）：
WARNING:pet.gui_stall_sampler:  [t-161ms] verify_seeky_multi.py:308:<module> <- verify_seeky_multi.py:244:main
WARNING:pet.gui_stall_sampler:  [t-15ms] verify_seeky_multi.py:92:observed_frame <- window.py:1917:_on_frame <- window.py:2124:_rebuild_frame <- window.py:2270:_sync_mask <- window_optional_services.py:42:effects_coverage <- frame_edges.py:27:coverage_region
WARNING:root:GUI 卡顿 158ms state=IDLE anim=待机呼吸休闲 physics=None
WARNING:pet.gui_stall_sampler:GUI 冻结现场（158ms，2 个采样点，旧→新）：
WARNING:pet.gui_stall_sampler:  [t-162ms] verify_seeky_multi.py:308:<module> <- verify_seeky_multi.py:244:main
WARNING:pet.gui_stall_sampler:  [t-15ms] verify_seeky_multi.py:92:observed_frame <- window.py:1917:_on_frame <- window.py:2124:_rebuild_frame <- window.py:2270:_sync_mask <- window_optional_services.py:42:effects_coverage <- frame_edges.py:27:coverage_region
WARNING:root:GUI 卡顿 103ms state=IDLE anim=待机呼吸休闲 physics=None
WARNING:pet.gui_stall_sampler:GUI 冻结现场（103ms，2 个采样点，旧→新）：
WARNING:pet.gui_stall_sampler:  [t-107ms] verify_seeky_multi.py:308:<module> <- verify_seeky_multi.py:244:main
WARNING:pet.gui_stall_sampler:  [t-0ms] webm_clip.py:2499:_poll <- webm_clip.py:2750:_process_frame <- window_optional_services.py:62:<lambda> <- verify_seeky_multi.py:92:observed_frame <- window.py:1917:_on_frame <- window.py:2106:_rebuild_frame
WARNING:root:GUI 卡顿 106ms state=IDLE anim=待机呼吸休闲 physics=None
WARNING:pet.gui_stall_sampler:GUI 冻结现场（106ms，2 个采样点，旧→新）：
WARNING:pet.gui_stall_sampler:  [t-110ms] verify_seeky_multi.py:308:<module> <- verify_seeky_multi.py:244:main
WARNING:pet.gui_stall_sampler:  [t-3ms] webm_clip.py:2499:_poll <- webm_clip.py:2750:_process_frame <- window_optional_services.py:62:<lambda> <- verify_seeky_multi.py:92:observed_frame <- window.py:1917:_on_frame <- window.py:2106:_rebuild_frame
WARNING:root:GUI 卡顿 108ms state=IDLE anim=待机呼吸休闲 physics=None
WARNING:pet.gui_stall_sampler:GUI 冻结现场（108ms，2 个采样点，旧→新）：
WARNING:pet.gui_stall_sampler:  [t-111ms] verify_seeky_multi.py:308:<module> <- verify_seeky_multi.py:244:main
WARNING:pet.gui_stall_sampler:  [t-4ms] webm_clip.py:2499:_poll <- webm_clip.py:2750:_process_frame <- window_optional_services.py:62:<lambda> <- verify_seeky_multi.py:92:observed_frame <- window.py:1917:_on_frame <- window.py:2106:_rebuild_frame
WARNING:root:GUI 卡顿 127ms state=IDLE anim=待机呼吸休闲 physics=None
WARNING:pet.gui_stall_sampler:GUI 冻结现场（127ms，2 个采样点，旧→新）：
WARNING:pet.gui_stall_sampler:  [t-146ms] verify_seeky_multi.py:308:<module> <- verify_seeky_multi.py:244:main
WARNING:pet.gui_stall_sampler:  [t-31ms] webm_clip.py:2750:_process_frame <- window_optional_services.py:62:<lambda> <- verify_seeky_multi.py:92:observed_frame <- window.py:1917:_on_frame <- window.py:2124:_rebuild_frame <- window.py:2263:_sync_mask
WARNING:root:GUI 卡顿 133ms state=IDLE anim=待机呼吸休闲 physics=None
WARNING:pet.gui_stall_sampler:GUI 冻结现场（133ms，2 个采样点，旧→新）：
WARNING:pet.gui_stall_sampler:  [t-148ms] verify_seeky_multi.py:308:<module> <- verify_seeky_multi.py:244:main
WARNING:pet.gui_stall_sampler:  [t-32ms] webm_clip.py:2750:_process_frame <- window_optional_services.py:62:<lambda> <- verify_seeky_multi.py:92:observed_frame <- window.py:1917:_on_frame <- window.py:2124:_rebuild_frame <- window.py:2263:_sync_mask
WARNING:root:GUI 卡顿 133ms state=IDLE anim=待机呼吸休闲 physics=None
WARNING:pet.gui_stall_sampler:GUI 冻结现场（133ms，2 个采样点，旧→新）：
WARNING:pet.gui_stall_sampler:  [t-148ms] verify_seeky_multi.py:308:<module> <- verify_seeky_multi.py:244:main
WARNING:pet.gui_stall_sampler:  [t-32ms] webm_clip.py:2750:_process_frame <- window_optional_services.py:62:<lambda> <- verify_seeky_multi.py:92:observed_frame <- window.py:1917:_on_frame <- window.py:2124:_rebuild_frame <- window.py:2263:_sync_mask
WARNING:root:GUI 卡顿 160ms state=IDLE anim=待机呼吸休闲 physics=None
WARNING:pet.gui_stall_sampler:GUI 冻结现场（160ms，3 个采样点，旧→新）：
WARNING:pet.gui_stall_sampler:  [t-202ms] webm_clip.py:2750:_process_frame <- window_optional_services.py:62:<lambda> <- verify_seeky_multi.py:92:observed_frame <- window.py:1917:_on_frame <- window.py:2106:_rebuild_frame <- window.py:2005:_frame_signature
WARNING:pet.gui_stall_sampler:  [t-143ms] verify_seeky_multi.py:308:<module> <- verify_seeky_multi.py:244:main <- webm_clip.py:2499:_poll <- webm_clip.py:2724:_process_frame
WARNING:pet.gui_stall_sampler:  [t-7ms] webm_clip.py:2499:_poll <- webm_clip.py:2750:_process_frame <- window_optional_services.py:62:<lambda> <- verify_seeky_multi.py:92:observed_frame <- window.py:1917:_on_frame <- window.py:2119:_rebuild_frame
WARNING:root:GUI 卡顿 161ms state=IDLE anim=待机呼吸休闲 physics=None
WARNING:pet.gui_stall_sampler:GUI 冻结现场（161ms，3 个采样点，旧→新）：
WARNING:pet.gui_stall_sampler:  [t-203ms] webm_clip.py:2750:_process_frame <- window_optional_services.py:62:<lambda> <- verify_seeky_multi.py:92:observed_frame <- window.py:1917:_on_frame <- window.py:2106:_rebuild_frame <- window.py:2005:_frame_signature
WARNING:pet.gui_stall_sampler:  [t-144ms] verify_seeky_multi.py:308:<module> <- verify_seeky_multi.py:244:main <- webm_clip.py:2499:_poll <- webm_clip.py:2724:_process_frame
WARNING:pet.gui_stall_sampler:  [t-8ms] webm_clip.py:2499:_poll <- webm_clip.py:2750:_process_frame <- window_optional_services.py:62:<lambda> <- verify_seeky_multi.py:92:observed_frame <- window.py:1917:_on_frame <- window.py:2119:_rebuild_frame
WARNING:root:GUI 卡顿 162ms state=IDLE anim=待机呼吸休闲 physics=None
WARNING:pet.gui_stall_sampler:GUI 冻结现场（162ms，3 个采样点，旧→新）：
WARNING:pet.gui_stall_sampler:  [t-203ms] webm_clip.py:2750:_process_frame <- window_optional_services.py:62:<lambda> <- verify_seeky_multi.py:92:observed_frame <- window.py:1917:_on_frame <- window.py:2106:_rebuild_frame <- window.py:2005:_frame_signature
WARNING:pet.gui_stall_sampler:  [t-144ms] verify_seeky_multi.py:308:<module> <- verify_seeky_multi.py:244:main <- webm_clip.py:2499:_poll <- webm_clip.py:2724:_process_frame
WARNING:pet.gui_stall_sampler:  [t-8ms] webm_clip.py:2499:_poll <- webm_clip.py:2750:_process_frame <- window_optional_services.py:62:<lambda> <- verify_seeky_multi.py:92:observed_frame <- window.py:1917:_on_frame <- window.py:2119:_rebuild_frame
WARNING:root:GUI 卡顿 156ms state=IDLE anim=待机呼吸休闲 physics=None
WARNING:pet.gui_stall_sampler:GUI 冻结现场（156ms，2 个采样点，旧→新）：
WARNING:pet.gui_stall_sampler:  [t-168ms] verify_seeky_multi.py:308:<module> <- verify_seeky_multi.py:244:main
WARNING:pet.gui_stall_sampler:  [t-23ms] webm_clip.py:2499:_poll <- webm_clip.py:2750:_process_frame <- window_optional_services.py:62:<lambda> <- verify_seeky_multi.py:92:observed_frame <- window.py:1917:_on_frame <- window.py:2106:_rebuild_frame
WARNING:root:GUI 卡顿 157ms state=IDLE anim=待机呼吸休闲 physics=None
WARNING:pet.gui_stall_sampler:GUI 冻结现场（157ms，2 个采样点，旧→新）：
WARNING:pet.gui_stall_sampler:  [t-168ms] verify_seeky_multi.py:308:<module> <- verify_seeky_multi.py:244:main
WARNING:pet.gui_stall_sampler:  [t-24ms] webm_clip.py:2499:_poll <- webm_clip.py:2750:_process_frame <- window_optional_services.py:62:<lambda> <- verify_seeky_multi.py:92:observed_frame <- window.py:1917:_on_frame <- window.py:2106:_rebuild_frame
WARNING:root:GUI 卡顿 157ms state=IDLE anim=待机呼吸休闲 physics=None
WARNING:pet.gui_stall_sampler:GUI 冻结现场（157ms，2 个采样点，旧→新）：
WARNING:pet.gui_stall_sampler:  [t-168ms] verify_seeky_multi.py:308:<module> <- verify_seeky_multi.py:244:main
WARNING:pet.gui_stall_sampler:  [t-24ms] webm_clip.py:2499:_poll <- webm_clip.py:2750:_process_frame <- window_optional_services.py:62:<lambda> <- verify_seeky_multi.py:92:observed_frame <- window.py:1917:_on_frame <- window.py:2106:_rebuild_frame
WARNING:root:GUI 卡顿 178ms state=IDLE anim=待机呼吸休闲 physics=None
WARNING:pet.gui_stall_sampler:GUI 冻结现场（178ms，3 个采样点，旧→新）：
WARNING:pet.gui_stall_sampler:  [t-217ms] verify_seeky_multi.py:308:<module> <- verify_seeky_multi.py:244:main
WARNING:pet.gui_stall_sampler:  [t-84ms] webm_clip.py:2499:_poll <- webm_clip.py:2750:_process_frame <- window_optional_services.py:62:<lambda> <- verify_seeky_multi.py:92:observed_frame <- window.py:1917:_on_frame <- window.py:2106:_rebuild_frame
WARNING:pet.gui_stall_sampler:  [t-18ms] verify_seeky_multi.py:308:<module> <- verify_seeky_multi.py:244:main
WARNING:root:GUI 卡顿 179ms state=IDLE anim=待机呼吸休闲 physics=None
WARNING:pet.gui_stall_sampler:GUI 冻结现场（179ms，3 个采样点，旧→新）：
WARNING:pet.gui_stall_sampler:  [t-218ms] verify_seeky_multi.py:308:<module> <- verify_seeky_multi.py:244:main
WARNING:pet.gui_stall_sampler:  [t-85ms] webm_clip.py:2499:_poll <- webm_clip.py:2750:_process_frame <- window_optional_services.py:62:<lambda> <- verify_seeky_multi.py:92:observed_frame <- window.py:1917:_on_frame <- window.py:2106:_rebuild_frame
WARNING:pet.gui_stall_sampler:  [t-19ms] verify_seeky_multi.py:308:<module> <- verify_seeky_multi.py:244:main
WARNING:root:GUI 卡顿 180ms state=IDLE anim=待机呼吸休闲 physics=None
WARNING:pet.gui_stall_sampler:GUI 冻结现场（180ms，3 个采样点，旧→新）：
WARNING:pet.gui_stall_sampler:  [t-218ms] verify_seeky_multi.py:308:<module> <- verify_seeky_multi.py:244:main
WARNING:pet.gui_stall_sampler:  [t-86ms] webm_clip.py:2499:_poll <- webm_clip.py:2750:_process_frame <- window_optional_services.py:62:<lambda> <- verify_seeky_multi.py:92:observed_frame <- window.py:1917:_on_frame <- window.py:2106:_rebuild_frame
WARNING:pet.gui_stall_sampler:  [t-19ms] verify_seeky_multi.py:308:<module> <- verify_seeky_multi.py:244:main
WARNING:root:GUI 卡顿 123ms state=IDLE anim=待机呼吸休闲 physics=None
WARNING:pet.gui_stall_sampler:GUI 冻结现场（123ms，2 个采样点，旧→新）：
WARNING:pet.gui_stall_sampler:  [t-136ms] verify_seeky_multi.py:308:<module> <- verify_seeky_multi.py:244:main
WARNING:pet.gui_stall_sampler:  [t-59ms] webm_clip.py:2499:_poll <- webm_clip.py:2750:_process_frame <- window_optional_services.py:62:<lambda> <- verify_seeky_multi.py:92:observed_frame <- window.py:1917:_on_frame <- window.py:2106:_rebuild_frame
WARNING:root:GUI 卡顿 124ms state=IDLE anim=待机呼吸休闲 physics=None
WARNING:pet.gui_stall_sampler:GUI 冻结现场（124ms，2 个采样点，旧→新）：
WARNING:pet.gui_stall_sampler:  [t-137ms] verify_seeky_multi.py:308:<module> <- verify_seeky_multi.py:244:main
WARNING:pet.gui_stall_sampler:  [t-59ms] webm_clip.py:2499:_poll <- webm_clip.py:2750:_process_frame <- window_optional_services.py:62:<lambda> <- verify_seeky_multi.py:92:observed_frame <- window.py:1917:_on_frame <- window.py:2106:_rebuild_frame
WARNING:root:GUI 卡顿 124ms state=IDLE anim=待机呼吸休闲 physics=None
WARNING:pet.gui_stall_sampler:GUI 冻结现场（124ms，2 个采样点，旧→新）：
WARNING:pet.gui_stall_sampler:  [t-137ms] verify_seeky_multi.py:308:<module> <- verify_seeky_multi.py:244:main
WARNING:pet.gui_stall_sampler:  [t-60ms] webm_clip.py:2499:_poll <- webm_clip.py:2750:_process_frame <- window_optional_services.py:62:<lambda> <- verify_seeky_multi.py:92:observed_frame <- window.py:1917:_on_frame <- window.py:2106:_rebuild_frame
WARNING:root:GUI 卡顿 131ms state=IDLE anim=待机呼吸休闲 physics=None
WARNING:pet.gui_stall_sampler:GUI 冻结现场（131ms，1 个采样点，旧→新）：
WARNING:pet.gui_stall_sampler:  [t-170ms] verify_seeky_multi.py:308:<module> <- verify_seeky_multi.py:244:main
WARNING:root:GUI 卡顿 132ms state=IDLE anim=待机呼吸休闲 physics=None
WARNING:pet.gui_stall_sampler:GUI 冻结现场（132ms，1 个采样点，旧→新）：
WARNING:pet.gui_stall_sampler:  [t-171ms] verify_seeky_multi.py:308:<module> <- verify_seeky_multi.py:244:main
WARNING:root:GUI 卡顿 134ms state=IDLE anim=待机呼吸休闲 physics=None
WARNING:pet.gui_stall_sampler:GUI 冻结现场（134ms，1 个采样点，旧→新）：
WARNING:pet.gui_stall_sampler:  [t-172ms] verify_seeky_multi.py:308:<module> <- verify_seeky_multi.py:244:main
WARNING:root:GUI 卡顿 141ms state=IDLE anim=待机呼吸休闲 physics=None
WARNING:pet.gui_stall_sampler:GUI 冻结现场（141ms，1 个采样点，旧→新）：
WARNING:pet.gui_stall_sampler:  [t-32ms] webm_clip.py:2499:_poll <- webm_clip.py:2750:_process_frame <- window_optional_services.py:62:<lambda> <- verify_seeky_multi.py:92:observed_frame <- window.py:1919:_on_frame <- window.py:2126:_rebuild_frame
WARNING:root:GUI 卡顿 143ms state=IDLE anim=待机呼吸休闲 physics=None
WARNING:pet.gui_stall_sampler:GUI 冻结现场（143ms，1 个采样点，旧→新）：
WARNING:pet.gui_stall_sampler:  [t-33ms] webm_clip.py:2499:_poll <- webm_clip.py:2750:_process_frame <- window_optional_services.py:62:<lambda> <- verify_seeky_multi.py:92:observed_frame <- window.py:1919:_on_frame <- window.py:2126:_rebuild_frame
WARNING:root:GUI 卡顿 143ms state=IDLE anim=待机呼吸休闲 physics=None
WARNING:pet.gui_stall_sampler:GUI 冻结现场（143ms，1 个采样点，旧→新）：
WARNING:pet.gui_stall_sampler:  [t-33ms] webm_clip.py:2499:_poll <- webm_clip.py:2750:_process_frame <- window_optional_services.py:62:<lambda> <- verify_seeky_multi.py:92:observed_frame <- window.py:1919:_on_frame <- window.py:2126:_rebuild_frame
WARNING:root:GUI 卡顿 151ms state=IDLE anim=待机呼吸休闲 physics=None
WARNING:pet.gui_stall_sampler:GUI 冻结现场（151ms，2 个采样点，旧→新）：
WARNING:pet.gui_stall_sampler:  [t-190ms] webm_clip.py:2499:_poll <- webm_clip.py:2750:_process_frame <- window_optional_services.py:62:<lambda> <- verify_seeky_multi.py:92:observed_frame <- window.py:1917:_on_frame <- window.py:2124:_rebuild_frame
WARNING:pet.gui_stall_sampler:  [t-45ms] verify_seeky_multi.py:308:<module> <- verify_seeky_multi.py:244:main <- webm_clip.py:2499:_poll <- webm_clip.py:2724:_process_frame
WARNING:root:GUI 卡顿 152ms state=IDLE anim=待机呼吸休闲 physics=None
WARNING:pet.gui_stall_sampler:GUI 冻结现场（152ms，2 个采样点，旧→新）：
WARNING:pet.gui_stall_sampler:  [t-190ms] webm_clip.py:2499:_poll <- webm_clip.py:2750:_process_frame <- window_optional_services.py:62:<lambda> <- verify_seeky_multi.py:92:observed_frame <- window.py:1917:_on_frame <- window.py:2124:_rebuild_frame
WARNING:pet.gui_stall_sampler:  [t-45ms] verify_seeky_multi.py:308:<module> <- verify_seeky_multi.py:244:main <- webm_clip.py:2499:_poll <- webm_clip.py:2724:_process_frame
WARNING:root:GUI 卡顿 152ms state=IDLE anim=待机呼吸休闲 physics=None
WARNING:pet.gui_stall_sampler:GUI 冻结现场（152ms，2 个采样点，旧→新）：
WARNING:pet.gui_stall_sampler:  [t-191ms] webm_clip.py:2499:_poll <- webm_clip.py:2750:_process_frame <- window_optional_services.py:62:<lambda> <- verify_seeky_multi.py:92:observed_frame <- window.py:1917:_on_frame <- window.py:2124:_rebuild_frame
WARNING:pet.gui_stall_sampler:  [t-46ms] verify_seeky_multi.py:308:<module> <- verify_seeky_multi.py:244:main <- webm_clip.py:2499:_poll <- webm_clip.py:2724:_process_frame
WARNING:root:GUI 卡顿 217ms state=IDLE anim=待机呼吸休闲 physics=None
WARNING:pet.gui_stall_sampler:GUI 冻结现场（217ms，3 个采样点，旧→新）：
WARNING:pet.gui_stall_sampler:  [t-246ms] verify_seeky_multi.py:308:<module> <- verify_seeky_multi.py:244:main
WARNING:pet.gui_stall_sampler:  [t-138ms] webm_clip.py:2750:_process_frame <- window_optional_services.py:62:<lambda> <- verify_seeky_multi.py:92:observed_frame <- window.py:1917:_on_frame <- window.py:2068:_rebuild_frame <- window.py:1990:_frame_signature
WARNING:pet.gui_stall_sampler:  [t-71ms] window_optional_services.py:62:<lambda> <- verify_seeky_multi.py:92:observed_frame <- window.py:1917:_on_frame <- window.py:2124:_rebuild_frame <- window.py:2270:_sync_mask <- window_optional_services.py:42:effects_coverage
WARNING:root:GUI 卡顿 220ms state=IDLE anim=待机呼吸休闲 physics=None
WARNING:pet.gui_stall_sampler:GUI 冻结现场（220ms，3 个采样点，旧→新）：
WARNING:pet.gui_stall_sampler:  [t-248ms] verify_seeky_multi.py:308:<module> <- verify_seeky_multi.py:244:main
WARNING:pet.gui_stall_sampler:  [t-140ms] webm_clip.py:2750:_process_frame <- window_optional_services.py:62:<lambda> <- verify_seeky_multi.py:92:observed_frame <- window.py:1917:_on_frame <- window.py:2068:_rebuild_frame <- window.py:1990:_frame_signature
WARNING:pet.gui_stall_sampler:  [t-73ms] window_optional_services.py:62:<lambda> <- verify_seeky_multi.py:92:observed_frame <- window.py:1917:_on_frame <- window.py:2124:_rebuild_frame <- window.py:2270:_sync_mask <- window_optional_services.py:42:effects_coverage
WARNING:root:GUI 卡顿 221ms state=IDLE anim=待机呼吸休闲 physics=None
WARNING:pet.gui_stall_sampler:GUI 冻结现场（221ms，3 个采样点，旧→新）：
WARNING:pet.gui_stall_sampler:  [t-249ms] verify_seeky_multi.py:308:<module> <- verify_seeky_multi.py:244:main
WARNING:pet.gui_stall_sampler:  [t-140ms] webm_clip.py:2750:_process_frame <- window_optional_services.py:62:<lambda> <- verify_seeky_multi.py:92:observed_frame <- window.py:1917:_on_frame <- window.py:2068:_rebuild_frame <- window.py:1990:_frame_signature
WARNING:pet.gui_stall_sampler:  [t-74ms] window_optional_services.py:62:<lambda> <- verify_seeky_multi.py:92:observed_frame <- window.py:1917:_on_frame <- window.py:2124:_rebuild_frame <- window.py:2270:_sync_mask <- window_optional_services.py:42:effects_coverage
WARNING:root:GUI 卡顿 101ms state=IDLE anim=待机呼吸休闲 physics=None
WARNING:pet.gui_stall_sampler:GUI 冻结现场（101ms，1 个采样点，旧→新）：
WARNING:pet.gui_stall_sampler:  [t-110ms] verify_seeky_multi.py:308:<module> <- verify_seeky_multi.py:244:main
WARNING:root:GUI 卡顿 102ms state=IDLE anim=待机呼吸休闲 physics=None
WARNING:pet.gui_stall_sampler:GUI 冻结现场（102ms，1 个采样点，旧→新）：
WARNING:pet.gui_stall_sampler:  [t-110ms] verify_seeky_multi.py:308:<module> <- verify_seeky_multi.py:244:main
WARNING:root:GUI 卡顿 102ms state=IDLE anim=待机呼吸休闲 physics=None
WARNING:pet.gui_stall_sampler:GUI 冻结现场（102ms，1 个采样点，旧→新）：
WARNING:pet.gui_stall_sampler:  [t-111ms] verify_seeky_multi.py:308:<module> <- verify_seeky_multi.py:244:main
WARNING:root:GUI 卡顿 152ms state=IDLE anim=待机呼吸休闲 physics=None
WARNING:pet.gui_stall_sampler:GUI 冻结现场（152ms，2 个采样点，旧→新）：
WARNING:pet.gui_stall_sampler:  [t-183ms] verify_seeky_multi.py:308:<module> <- verify_seeky_multi.py:244:main
WARNING:pet.gui_stall_sampler:  [t-32ms] verify_seeky_multi.py:308:<module> <- verify_seeky_multi.py:244:main <- webm_clip.py:2499:_poll <- webm_clip.py:2724:_process_frame
WARNING:root:GUI 卡顿 152ms state=IDLE anim=待机呼吸休闲 physics=None
WARNING:pet.gui_stall_sampler:GUI 冻结现场（152ms，2 个采样点，旧→新）：
WARNING:pet.gui_stall_sampler:  [t-183ms] verify_seeky_multi.py:308:<module> <- verify_seeky_multi.py:244:main
WARNING:pet.gui_stall_sampler:  [t-32ms] verify_seeky_multi.py:308:<module> <- verify_seeky_multi.py:244:main <- webm_clip.py:2499:_poll <- webm_clip.py:2724:_process_frame
WARNING:root:GUI 卡顿 153ms state=IDLE anim=待机呼吸休闲 physics=None
WARNING:pet.gui_stall_sampler:GUI 冻结现场（153ms，2 个采样点，旧→新）：
WARNING:pet.gui_stall_sampler:  [t-183ms] verify_seeky_multi.py:308:<module> <- verify_seeky_multi.py:244:main
WARNING:pet.gui_stall_sampler:  [t-33ms] verify_seeky_multi.py:308:<module> <- verify_seeky_multi.py:244:main <- webm_clip.py:2499:_poll <- webm_clip.py:2724:_process_frame
WARNING:root:GUI 卡顿 159ms state=IDLE anim=待机呼吸休闲 physics=None
WARNING:pet.gui_stall_sampler:GUI 冻结现场（159ms，2 个采样点，旧→新）：
WARNING:pet.gui_stall_sampler:  [t-168ms] verify_seeky_multi.py:308:<module> <- verify_seeky_multi.py:244:main
WARNING:pet.gui_stall_sampler:  [t-65ms] window_optional_services.py:62:<lambda> <- verify_seeky_multi.py:92:observed_frame <- window.py:1917:_on_frame <- window.py:2124:_rebuild_frame <- window.py:2270:_sync_mask <- window_optional_services.py:42:effects_coverage
WARNING:root:GUI 卡顿 160ms state=IDLE anim=待机呼吸休闲 physics=None
WARNING:pet.gui_stall_sampler:GUI 冻结现场（160ms，2 个采样点，旧→新）：
WARNING:pet.gui_stall_sampler:  [t-169ms] verify_seeky_multi.py:308:<module> <- verify_seeky_multi.py:244:main
WARNING:pet.gui_stall_sampler:  [t-66ms] window_optional_services.py:62:<lambda> <- verify_seeky_multi.py:92:observed_frame <- window.py:1917:_on_frame <- window.py:2124:_rebuild_frame <- window.py:2270:_sync_mask <- window_optional_services.py:42:effects_coverage
WARNING:root:GUI 卡顿 161ms state=IDLE anim=待机呼吸休闲 physics=None
WARNING:pet.gui_stall_sampler:GUI 冻结现场（161ms，3 个采样点，旧→新）：
WARNING:pet.gui_stall_sampler:  [t-169ms] verify_seeky_multi.py:308:<module> <- verify_seeky_multi.py:244:main
WARNING:pet.gui_stall_sampler:  [t-67ms] window_optional_services.py:62:<lambda> <- verify_seeky_multi.py:92:observed_frame <- window.py:1917:_on_frame <- window.py:2124:_rebuild_frame <- window.py:2270:_sync_mask <- window_optional_services.py:42:effects_coverage
WARNING:pet.gui_stall_sampler:  [t-0ms] verify_seeky_multi.py:92:observed_frame <- window.py:1919:_on_frame <- window.py:2126:_rebuild_frame <- window.py:2291:_sync_mask <- window_optional_services.py:44:effects_coverage <- frame_edges.py:39:coverage_region
WARNING:root:GUI 卡顿 190ms state=IDLE anim=待机呼吸休闲 physics=None
WARNING:pet.gui_stall_sampler:GUI 冻结现场（190ms，2 个采样点，旧→新）：
WARNING:pet.gui_stall_sampler:  [t-232ms] verify_seeky_multi.py:308:<module> <- verify_seeky_multi.py:244:main
WARNING:pet.gui_stall_sampler:  [t-29ms] webm_clip.py:2499:_poll <- webm_clip.py:2750:_process_frame <- window_optional_services.py:62:<lambda> <- verify_seeky_multi.py:92:observed_frame <- window.py:1917:_on_frame <- window.py:2106:_rebuild_frame
WARNING:root:GUI 卡顿 191ms state=IDLE anim=待机呼吸休闲 physics=None
WARNING:pet.gui_stall_sampler:GUI 冻结现场（191ms，2 个采样点，旧→新）：
WARNING:pet.gui_stall_sampler:  [t-233ms] verify_seeky_multi.py:308:<module> <- verify_seeky_multi.py:244:main
WARNING:pet.gui_stall_sampler:  [t-29ms] webm_clip.py:2499:_poll <- webm_clip.py:2750:_process_frame <- window_optional_services.py:62:<lambda> <- verify_seeky_multi.py:92:observed_frame <- window.py:1917:_on_frame <- window.py:2106:_rebuild_frame
WARNING:root:GUI 卡顿 191ms state=IDLE anim=待机呼吸休闲 physics=None
WARNING:pet.gui_stall_sampler:GUI 冻结现场（191ms，2 个采样点，旧→新）：
WARNING:pet.gui_stall_sampler:  [t-233ms] verify_seeky_multi.py:308:<module> <- verify_seeky_multi.py:244:main
WARNING:pet.gui_stall_sampler:  [t-30ms] webm_clip.py:2499:_poll <- webm_clip.py:2750:_process_frame <- window_optional_services.py:62:<lambda> <- verify_seeky_multi.py:92:observed_frame <- window.py:1917:_on_frame <- window.py:2106:_rebuild_frame
WARNING:root:GUI 卡顿 182ms state=IDLE anim=待机呼吸休闲 physics=None
WARNING:pet.gui_stall_sampler:GUI 冻结现场（182ms，2 个采样点，旧→新）：
WARNING:pet.gui_stall_sampler:  [t-192ms] verify_seeky_multi.py:308:<module> <- verify_seeky_multi.py:244:main
WARNING:pet.gui_stall_sampler:  [t-100ms] webm_clip.py:2499:_poll <- webm_clip.py:2750:_process_frame <- window_optional_services.py:62:<lambda> <- verify_seeky_multi.py:92:observed_frame <- window.py:1917:_on_frame <- window.py:2106:_rebuild_frame
WARNING:root:GUI 卡顿 183ms state=IDLE anim=待机呼吸休闲 physics=None
WARNING:pet.gui_stall_sampler:GUI 冻结现场（183ms，2 个采样点，旧→新）：
WARNING:pet.gui_stall_sampler:  [t-192ms] verify_seeky_multi.py:308:<module> <- verify_seeky_multi.py:244:main
WARNING:pet.gui_stall_sampler:  [t-101ms] webm_clip.py:2499:_poll <- webm_clip.py:2750:_process_frame <- window_optional_services.py:62:<lambda> <- verify_seeky_multi.py:92:observed_frame <- window.py:1917:_on_frame <- window.py:2106:_rebuild_frame
WARNING:root:GUI 卡顿 183ms state=IDLE anim=待机呼吸休闲 physics=None
WARNING:pet.gui_stall_sampler:GUI 冻结现场（183ms，2 个采样点，旧→新）：
WARNING:pet.gui_stall_sampler:  [t-193ms] verify_seeky_multi.py:308:<module> <- verify_seeky_multi.py:244:main
WARNING:pet.gui_stall_sampler:  [t-101ms] webm_clip.py:2499:_poll <- webm_clip.py:2750:_process_frame <- window_optional_services.py:62:<lambda> <- verify_seeky_multi.py:92:observed_frame <- window.py:1917:_on_frame <- window.py:2106:_rebuild_frame
WARNING:root:GUI 卡顿 144ms state=IDLE anim=待机呼吸休闲 physics=None
WARNING:pet.gui_stall_sampler:GUI 冻结现场（144ms，1 个采样点，旧→新）：
WARNING:pet.gui_stall_sampler:  [t-174ms] verify_seeky_multi.py:308:<module> <- verify_seeky_multi.py:244:main
WARNING:root:GUI 卡顿 146ms state=IDLE anim=待机呼吸休闲 physics=None
WARNING:pet.gui_stall_sampler:GUI 冻结现场（146ms，1 个采样点，旧→新）：
WARNING:pet.gui_stall_sampler:  [t-175ms] verify_seeky_multi.py:308:<module> <- verify_seeky_multi.py:244:main
WARNING:root:GUI 卡顿 146ms state=IDLE anim=待机呼吸休闲 physics=None
WARNING:pet.gui_stall_sampler:GUI 冻结现场（146ms，1 个采样点，旧→新）：
WARNING:pet.gui_stall_sampler:  [t-175ms] verify_seeky_multi.py:308:<module> <- verify_seeky_multi.py:244:main
WARNING:root:GUI 卡顿 158ms state=IDLE anim=待机呼吸休闲 physics=None
WARNING:pet.gui_stall_sampler:GUI 冻结现场（158ms，2 个采样点，旧→新）：
WARNING:pet.gui_stall_sampler:  [t-193ms] verify_seeky_multi.py:308:<module> <- verify_seeky_multi.py:244:main
WARNING:pet.gui_stall_sampler:  [t-38ms] webm_clip.py:2499:_poll <- webm_clip.py:2750:_process_frame <- window_optional_services.py:62:<lambda> <- verify_seeky_multi.py:92:observed_frame <- window.py:1917:_on_frame <- window.py:2106:_rebuild_frame
WARNING:root:GUI 卡顿 159ms state=IDLE anim=待机呼吸休闲 physics=None
WARNING:pet.gui_stall_sampler:GUI 冻结现场（159ms，2 个采样点，旧→新）：
WARNING:pet.gui_stall_sampler:  [t-194ms] verify_seeky_multi.py:308:<module> <- verify_seeky_multi.py:244:main
WARNING:pet.gui_stall_sampler:  [t-39ms] webm_clip.py:2499:_poll <- webm_clip.py:2750:_process_frame <- window_optional_services.py:62:<lambda> <- verify_seeky_multi.py:92:observed_frame <- window.py:1917:_on_frame <- window.py:2106:_rebuild_frame
WARNING:root:GUI 卡顿 159ms state=IDLE anim=待机呼吸休闲 physics=None
WARNING:pet.gui_stall_sampler:GUI 冻结现场（159ms，2 个采样点，旧→新）：
WARNING:pet.gui_stall_sampler:  [t-194ms] verify_seeky_multi.py:308:<module> <- verify_seeky_multi.py:244:main
WARNING:pet.gui_stall_sampler:  [t-39ms] webm_clip.py:2499:_poll <- webm_clip.py:2750:_process_frame <- window_optional_services.py:62:<lambda> <- verify_seeky_multi.py:92:observed_frame <- window.py:1917:_on_frame <- window.py:2106:_rebuild_frame
WARNING:root:GUI 卡顿 274ms state=IDLE anim=待机呼吸休闲 physics=None
WARNING:pet.gui_stall_sampler:GUI 冻结现场（274ms，2 个采样点，旧→新）：
WARNING:pet.gui_stall_sampler:  [t-298ms] verify_seeky_multi.py:308:<module> <- verify_seeky_multi.py:244:main
WARNING:pet.gui_stall_sampler:  [t-63ms] webm_clip.py:2499:_poll <- webm_clip.py:2750:_process_frame <- window_optional_services.py:62:<lambda> <- verify_seeky_multi.py:92:observed_frame <- window.py:1917:_on_frame <- window.py:2106:_rebuild_frame
WARNING:root:GUI 卡顿 276ms state=IDLE anim=待机呼吸休闲 physics=None
WARNING:pet.gui_stall_sampler:GUI 冻结现场（276ms，3 个采样点，旧→新）：
WARNING:pet.gui_stall_sampler:  [t-300ms] verify_seeky_multi.py:308:<module> <- verify_seeky_multi.py:244:main
WARNING:pet.gui_stall_sampler:  [t-64ms] webm_clip.py:2499:_poll <- webm_clip.py:2750:_process_frame <- window_optional_services.py:62:<lambda> <- verify_seeky_multi.py:92:observed_frame <- window.py:1917:_on_frame <- window.py:2106:_rebuild_frame
WARNING:pet.gui_stall_sampler:  [t-0ms] verify_seeky_multi.py:308:<module> <- verify_seeky_multi.py:244:main
WARNING:root:GUI 卡顿 276ms state=IDLE anim=待机呼吸休闲 physics=None
WARNING:pet.gui_stall_sampler:GUI 冻结现场（276ms，3 个采样点，旧→新）：
WARNING:pet.gui_stall_sampler:  [t-300ms] verify_seeky_multi.py:308:<module> <- verify_seeky_multi.py:244:main
WARNING:pet.gui_stall_sampler:  [t-64ms] webm_clip.py:2499:_poll <- webm_clip.py:2750:_process_frame <- window_optional_services.py:62:<lambda> <- verify_seeky_multi.py:92:observed_frame <- window.py:1917:_on_frame <- window.py:2106:_rebuild_frame
WARNING:pet.gui_stall_sampler:  [t-1ms] verify_seeky_multi.py:308:<module> <- verify_seeky_multi.py:244:main
WARNING:root:GUI 卡顿 191ms state=IDLE anim=待机呼吸休闲 physics=None
WARNING:pet.gui_stall_sampler:GUI 冻结现场（191ms，3 个采样点，旧→新）：
WARNING:pet.gui_stall_sampler:  [t-240ms] verify_seeky_multi.py:308:<module> <- verify_seeky_multi.py:244:main
WARNING:pet.gui_stall_sampler:  [t-113ms] verify_seeky_multi.py:308:<module> <- verify_seeky_multi.py:244:main <- webm_clip.py:2499:_poll <- webm_clip.py:2724:_process_frame
WARNING:pet.gui_stall_sampler:  [t-32ms] webm_clip.py:2499:_poll <- webm_clip.py:2750:_process_frame <- window_optional_services.py:62:<lambda> <- verify_seeky_multi.py:92:observed_frame <- window.py:1917:_on_frame <- window.py:2119:_rebuild_frame
WARNING:root:GUI 卡顿 192ms state=IDLE anim=待机呼吸休闲 physics=None
WARNING:pet.gui_stall_sampler:GUI 冻结现场（192ms，3 个采样点，旧→新）：
WARNING:pet.gui_stall_sampler:  [t-240ms] verify_seeky_multi.py:308:<module> <- verify_seeky_multi.py:244:main
WARNING:pet.gui_stall_sampler:  [t-114ms] verify_seeky_multi.py:308:<module> <- verify_seeky_multi.py:244:main <- webm_clip.py:2499:_poll <- webm_clip.py:2724:_process_frame
WARNING:pet.gui_stall_sampler:  [t-33ms] webm_clip.py:2499:_poll <- webm_clip.py:2750:_process_frame <- window_optional_services.py:62:<lambda> <- verify_seeky_multi.py:92:observed_frame <- window.py:1917:_on_frame <- window.py:2119:_rebuild_frame
WARNING:root:GUI 卡顿 192ms state=IDLE anim=待机呼吸休闲 physics=None
WARNING:pet.gui_stall_sampler:GUI 冻结现场（192ms，3 个采样点，旧→新）：
WARNING:pet.gui_stall_sampler:  [t-241ms] verify_seeky_multi.py:308:<module> <- verify_seeky_multi.py:244:main
WARNING:pet.gui_stall_sampler:  [t-114ms] verify_seeky_multi.py:308:<module> <- verify_seeky_multi.py:244:main <- webm_clip.py:2499:_poll <- webm_clip.py:2724:_process_frame
WARNING:pet.gui_stall_sampler:  [t-34ms] webm_clip.py:2499:_poll <- webm_clip.py:2750:_process_frame <- window_optional_services.py:62:<lambda> <- verify_seeky_multi.py:92:observed_frame <- window.py:1917:_on_frame <- window.py:2119:_rebuild_frame
WARNING:root:GUI 卡顿 140ms state=IDLE anim=待机呼吸休闲 physics=None
WARNING:pet.gui_stall_sampler:GUI 冻结现场（140ms，2 个采样点，旧→新）：
WARNING:pet.gui_stall_sampler:  [t-147ms] verify_seeky_multi.py:308:<module> <- verify_seeky_multi.py:244:main
WARNING:pet.gui_stall_sampler:  [t-35ms] webm_clip.py:2499:_poll <- webm_clip.py:2750:_process_frame <- window_optional_services.py:62:<lambda> <- verify_seeky_multi.py:92:observed_frame <- window.py:1917:_on_frame <- window.py:2124:_rebuild_frame
WARNING:root:GUI 卡顿 141ms state=IDLE anim=待机呼吸休闲 physics=None
WARNING:pet.gui_stall_sampler:GUI 冻结现场（141ms，2 个采样点，旧→新）：
WARNING:pet.gui_stall_sampler:  [t-148ms] verify_seeky_multi.py:308:<module> <- verify_seeky_multi.py:244:main
WARNING:pet.gui_stall_sampler:  [t-36ms] webm_clip.py:2499:_poll <- webm_clip.py:2750:_process_frame <- window_optional_services.py:62:<lambda> <- verify_seeky_multi.py:92:observed_frame <- window.py:1917:_on_frame <- window.py:2124:_rebuild_frame
WARNING:root:GUI 卡顿 142ms state=IDLE anim=待机呼吸休闲 physics=None
WARNING:pet.gui_stall_sampler:GUI 冻结现场（142ms，2 个采样点，旧→新）：
WARNING:pet.gui_stall_sampler:  [t-148ms] verify_seeky_multi.py:308:<module> <- verify_seeky_multi.py:244:main
WARNING:pet.gui_stall_sampler:  [t-36ms] webm_clip.py:2499:_poll <- webm_clip.py:2750:_process_frame <- window_optional_services.py:62:<lambda> <- verify_seeky_multi.py:92:observed_frame <- window.py:1917:_on_frame <- window.py:2124:_rebuild_frame
WARNING:root:GUI 卡顿 124ms state=IDLE anim=待机呼吸休闲 physics=None
WARNING:pet.gui_stall_sampler:GUI 冻结现场（124ms，2 个采样点，旧→新）：
WARNING:pet.gui_stall_sampler:  [t-128ms] verify_seeky_multi.py:308:<module> <- verify_seeky_multi.py:244:main
WARNING:pet.gui_stall_sampler:  [t-9ms] verify_seeky_multi.py:308:<module> <- verify_seeky_multi.py:244:main <- webm_clip.py:2499:_poll <- webm_clip.py:2724:_process_frame
WARNING:root:GUI 卡顿 125ms state=IDLE anim=待机呼吸休闲 physics=None
WARNING:pet.gui_stall_sampler:GUI 冻结现场（125ms，2 个采样点，旧→新）：
WARNING:pet.gui_stall_sampler:  [t-129ms] verify_seeky_multi.py:308:<module> <- verify_seeky_multi.py:244:main
WARNING:pet.gui_stall_sampler:  [t-9ms] verify_seeky_multi.py:308:<module> <- verify_seeky_multi.py:244:main <- webm_clip.py:2499:_poll <- webm_clip.py:2724:_process_frame
WARNING:root:GUI 卡顿 125ms state=IDLE anim=待机呼吸休闲 physics=None
WARNING:pet.gui_stall_sampler:GUI 冻结现场（125ms，2 个采样点，旧→新）：
WARNING:pet.gui_stall_sampler:  [t-129ms] verify_seeky_multi.py:308:<module> <- verify_seeky_multi.py:244:main
WARNING:pet.gui_stall_sampler:  [t-10ms] verify_seeky_multi.py:308:<module> <- verify_seeky_multi.py:244:main <- webm_clip.py:2499:_poll <- webm_clip.py:2724:_process_frame
WARNING:root:GUI 卡顿 120ms state=IDLE anim=待机呼吸休闲 physics=None
WARNING:pet.gui_stall_sampler:GUI 冻结现场（120ms，3 个采样点，旧→新）：
WARNING:pet.gui_stall_sampler:  [t-136ms] verify_seeky_multi.py:308:<module> <- verify_seeky_multi.py:244:main <- webm_clip.py:2499:_poll <- webm_clip.py:2724:_process_frame
WARNING:pet.gui_stall_sampler:  [t-9ms] verify_seeky_multi.py:308:<module> <- verify_seeky_multi.py:244:main
WARNING:root:GUI 卡顿 120ms state=IDLE anim=待机呼吸休闲 physics=None
WARNING:pet.gui_stall_sampler:GUI 冻结现场（120ms，3 个采样点，旧→新）：
WARNING:pet.gui_stall_sampler:  [t-136ms] verify_seeky_multi.py:308:<module> <- verify_seeky_multi.py:244:main <- webm_clip.py:2499:_poll <- webm_clip.py:2724:_process_frame
WARNING:pet.gui_stall_sampler:  [t-9ms] verify_seeky_multi.py:308:<module> <- verify_seeky_multi.py:244:main
WARNING:root:GUI 卡顿 121ms state=IDLE anim=待机呼吸休闲 physics=None
WARNING:pet.gui_stall_sampler:GUI 冻结现场（121ms，3 个采样点，旧→新）：
WARNING:pet.gui_stall_sampler:  [t-136ms] verify_seeky_multi.py:308:<module> <- verify_seeky_multi.py:244:main <- webm_clip.py:2499:_poll <- webm_clip.py:2724:_process_frame
WARNING:pet.gui_stall_sampler:  [t-10ms] verify_seeky_multi.py:308:<module> <- verify_seeky_multi.py:244:main
WARNING:root:GUI 卡顿 173ms state=IDLE anim=待机呼吸休闲 physics=None
WARNING:pet.gui_stall_sampler:GUI 冻结现场（173ms，1 个采样点，旧→新）：
WARNING:pet.gui_stall_sampler:  [t-36ms] webm_clip.py:2499:_poll <- webm_clip.py:2750:_process_frame <- window_optional_services.py:62:<lambda> <- verify_seeky_multi.py:92:observed_frame <- window.py:1917:_on_frame <- window.py:2106:_rebuild_frame
WARNING:root:GUI 卡顿 174ms state=IDLE anim=待机呼吸休闲 physics=None
WARNING:pet.gui_stall_sampler:GUI 冻结现场（174ms，1 个采样点，旧→新）：
WARNING:pet.gui_stall_sampler:  [t-37ms] webm_clip.py:2499:_poll <- webm_clip.py:2750:_process_frame <- window_optional_services.py:62:<lambda> <- verify_seeky_multi.py:92:observed_frame <- window.py:1917:_on_frame <- window.py:2106:_rebuild_frame
WARNING:root:GUI 卡顿 174ms state=IDLE anim=待机呼吸休闲 physics=None
WARNING:pet.gui_stall_sampler:GUI 冻结现场（174ms，1 个采样点，旧→新）：
WARNING:pet.gui_stall_sampler:  [t-37ms] webm_clip.py:2499:_poll <- webm_clip.py:2750:_process_frame <- window_optional_services.py:62:<lambda> <- verify_seeky_multi.py:92:observed_frame <- window.py:1917:_on_frame <- window.py:2106:_rebuild_frame
WARNING:root:GUI 卡顿 199ms state=IDLE anim=待机呼吸休闲 physics=None
WARNING:pet.gui_stall_sampler:GUI 冻结现场（199ms，3 个采样点，旧→新）：
WARNING:pet.gui_stall_sampler:  [t-211ms] verify_seeky_multi.py:308:<module> <- verify_seeky_multi.py:244:main
WARNING:pet.gui_stall_sampler:  [t-61ms] webm_clip.py:2499:_poll <- webm_clip.py:2750:_process_frame <- window_optional_services.py:62:<lambda> <- verify_seeky_multi.py:92:observed_frame <- window.py:1917:_on_frame <- window.py:2106:_rebuild_frame
WARNING:pet.gui_stall_sampler:  [t-2ms] verify_seeky_multi.py:308:<module> <- verify_seeky_multi.py:244:main
WARNING:root:GUI 卡顿 200ms state=IDLE anim=待机呼吸休闲 physics=None
WARNING:pet.gui_stall_sampler:GUI 冻结现场（200ms，3 个采样点，旧→新）：
WARNING:pet.gui_stall_sampler:  [t-212ms] verify_seeky_multi.py:308:<module> <- verify_seeky_multi.py:244:main
WARNING:pet.gui_stall_sampler:  [t-62ms] webm_clip.py:2499:_poll <- webm_clip.py:2750:_process_frame <- window_optional_services.py:62:<lambda> <- verify_seeky_multi.py:92:observed_frame <- window.py:1917:_on_frame <- window.py:2106:_rebuild_frame
WARNING:pet.gui_stall_sampler:  [t-3ms] verify_seeky_multi.py:308:<module> <- verify_seeky_multi.py:244:main
WARNING:root:GUI 卡顿 200ms state=IDLE anim=待机呼吸休闲 physics=None
WARNING:pet.gui_stall_sampler:GUI 冻结现场（200ms，3 个采样点，旧→新）：
WARNING:pet.gui_stall_sampler:  [t-212ms] verify_seeky_multi.py:308:<module> <- verify_seeky_multi.py:244:main
WARNING:pet.gui_stall_sampler:  [t-62ms] webm_clip.py:2499:_poll <- webm_clip.py:2750:_process_frame <- window_optional_services.py:62:<lambda> <- verify_seeky_multi.py:92:observed_frame <- window.py:1917:_on_frame <- window.py:2106:_rebuild_frame
WARNING:pet.gui_stall_sampler:  [t-3ms] verify_seeky_multi.py:308:<module> <- verify_seeky_multi.py:244:main
WARNING:root:GUI 卡顿 153ms state=IDLE anim=待机呼吸休闲 physics=None
WARNING:pet.gui_stall_sampler:GUI 冻结现场（153ms，2 个采样点，旧→新）：
WARNING:pet.gui_stall_sampler:  [t-196ms] verify_seeky_multi.py:308:<module> <- verify_seeky_multi.py:244:main
WARNING:pet.gui_stall_sampler:  [t-54ms] webm_clip.py:2499:_poll <- webm_clip.py:2750:_process_frame <- window_optional_services.py:62:<lambda> <- verify_seeky_multi.py:92:observed_frame <- window.py:1917:_on_frame <- window.py:2106:_rebuild_frame
WARNING:root:GUI 卡顿 154ms state=IDLE anim=待机呼吸休闲 physics=None
WARNING:pet.gui_stall_sampler:GUI 冻结现场（154ms，2 个采样点，旧→新）：
WARNING:pet.gui_stall_sampler:  [t-196ms] verify_seeky_multi.py:308:<module> <- verify_seeky_multi.py:244:main
WARNING:pet.gui_stall_sampler:  [t-54ms] webm_clip.py:2499:_poll <- webm_clip.py:2750:_process_frame <- window_optional_services.py:62:<lambda> <- verify_seeky_multi.py:92:observed_frame <- window.py:1917:_on_frame <- window.py:2106:_rebuild_frame
WARNING:root:GUI 卡顿 154ms state=IDLE anim=待机呼吸休闲 physics=None
WARNING:pet.gui_stall_sampler:GUI 冻结现场（154ms，2 个采样点，旧→新）：
WARNING:pet.gui_stall_sampler:  [t-196ms] verify_seeky_multi.py:308:<module> <- verify_seeky_multi.py:244:main
WARNING:pet.gui_stall_sampler:  [t-54ms] webm_clip.py:2499:_poll <- webm_clip.py:2750:_process_frame <- window_optional_services.py:62:<lambda> <- verify_seeky_multi.py:92:observed_frame <- window.py:1917:_on_frame <- window.py:2106:_rebuild_frame
WARNING:root:GUI 卡顿 143ms state=IDLE anim=待机呼吸休闲 physics=None
WARNING:pet.gui_stall_sampler:GUI 冻结现场（143ms，2 个采样点，旧→新）：
WARNING:pet.gui_stall_sampler:  [t-166ms] verify_seeky_multi.py:308:<module> <- verify_seeky_multi.py:244:main
WARNING:pet.gui_stall_sampler:  [t-11ms] verify_seeky_multi.py:308:<module> <- verify_seeky_multi.py:244:main <- webm_clip.py:2499:_poll <- webm_clip.py:2724:_process_frame
WARNING:root:GUI 卡顿 144ms state=IDLE anim=待机呼吸休闲 physics=None
WARNING:pet.gui_stall_sampler:GUI 冻结现场（144ms，2 个采样点，旧→新）：
WARNING:pet.gui_stall_sampler:  [t-167ms] verify_seeky_multi.py:308:<module> <- verify_seeky_multi.py:244:main
WARNING:pet.gui_stall_sampler:  [t-11ms] verify_seeky_multi.py:308:<module> <- verify_seeky_multi.py:244:main <- webm_clip.py:2499:_poll <- webm_clip.py:2724:_process_frame
WARNING:root:GUI 卡顿 144ms state=IDLE anim=待机呼吸休闲 physics=None
WARNING:pet.gui_stall_sampler:GUI 冻结现场（144ms，2 个采样点，旧→新）：
WARNING:pet.gui_stall_sampler:  [t-167ms] verify_seeky_multi.py:308:<module> <- verify_seeky_multi.py:244:main
WARNING:pet.gui_stall_sampler:  [t-12ms] verify_seeky_multi.py:308:<module> <- verify_seeky_multi.py:244:main <- webm_clip.py:2499:_poll <- webm_clip.py:2724:_process_frame
WARNING:root:GUI 卡顿 294ms state=IDLE anim=待机呼吸休闲 physics=None
WARNING:pet.gui_stall_sampler:GUI 冻结现场（294ms，2 个采样点，旧→新）：
WARNING:pet.gui_stall_sampler:  [t-339ms] window_optional_services.py:62:<lambda> <- verify_seeky_multi.py:92:observed_frame <- window.py:1919:_on_frame <- window.py:2126:_rebuild_frame <- window.py:2291:_sync_mask <- window_optional_services.py:44:effects_coverage
WARNING:pet.gui_stall_sampler:  [t-3ms] webm_clip.py:2499:_poll <- webm_clip.py:2750:_process_frame <- window_optional_services.py:62:<lambda> <- verify_seeky_multi.py:92:observed_frame <- window.py:1919:_on_frame <- window.py:2126:_rebuild_frame
WARNING:root:GUI 卡顿 295ms state=IDLE anim=待机呼吸休闲 physics=None
WARNING:pet.gui_stall_sampler:GUI 冻结现场（295ms，2 个采样点，旧→新）：
WARNING:pet.gui_stall_sampler:  [t-340ms] window_optional_services.py:62:<lambda> <- verify_seeky_multi.py:92:observed_frame <- window.py:1919:_on_frame <- window.py:2126:_rebuild_frame <- window.py:2291:_sync_mask <- window_optional_services.py:44:effects_coverage
WARNING:pet.gui_stall_sampler:  [t-3ms] webm_clip.py:2499:_poll <- webm_clip.py:2750:_process_frame <- window_optional_services.py:62:<lambda> <- verify_seeky_multi.py:92:observed_frame <- window.py:1919:_on_frame <- window.py:2126:_rebuild_frame
WARNING:root:GUI 卡顿 295ms state=IDLE anim=待机呼吸休闲 physics=None
WARNING:pet.gui_stall_sampler:GUI 冻结现场（295ms，2 个采样点，旧→新）：
WARNING:pet.gui_stall_sampler:  [t-341ms] window_optional_services.py:62:<lambda> <- verify_seeky_multi.py:92:observed_frame <- window.py:1919:_on_frame <- window.py:2126:_rebuild_frame <- window.py:2291:_sync_mask <- window_optional_services.py:44:effects_coverage
WARNING:pet.gui_stall_sampler:  [t-4ms] webm_clip.py:2499:_poll <- webm_clip.py:2750:_process_frame <- window_optional_services.py:62:<lambda> <- verify_seeky_multi.py:92:observed_frame <- window.py:1919:_on_frame <- window.py:2126:_rebuild_frame
WARNING:root:GUI 卡顿 125ms state=IDLE anim=待机呼吸休闲 physics=None
WARNING:pet.gui_stall_sampler:GUI 冻结现场（125ms，2 个采样点，旧→新）：
WARNING:pet.gui_stall_sampler:  [t-140ms] verify_seeky_multi.py:308:<module> <- verify_seeky_multi.py:244:main
WARNING:pet.gui_stall_sampler:  [t-40ms] webm_clip.py:2750:_process_frame <- window_optional_services.py:62:<lambda> <- verify_seeky_multi.py:92:observed_frame <- window.py:1917:_on_frame <- window.py:2124:_rebuild_frame <- window.py:2263:_sync_mask
WARNING:root:GUI 卡顿 127ms state=IDLE anim=待机呼吸休闲 physics=None
WARNING:pet.gui_stall_sampler:GUI 冻结现场（127ms，2 个采样点，旧→新）：
WARNING:pet.gui_stall_sampler:  [t-141ms] verify_seeky_multi.py:308:<module> <- verify_seeky_multi.py:244:main
WARNING:pet.gui_stall_sampler:  [t-41ms] webm_clip.py:2750:_process_frame <- window_optional_services.py:62:<lambda> <- verify_seeky_multi.py:92:observed_frame <- window.py:1917:_on_frame <- window.py:2124:_rebuild_frame <- window.py:2263:_sync_mask
WARNING:root:GUI 卡顿 128ms state=IDLE anim=待机呼吸休闲 physics=None
WARNING:pet.gui_stall_sampler:GUI 冻结现场（128ms，2 个采样点，旧→新）：
WARNING:pet.gui_stall_sampler:  [t-141ms] verify_seeky_multi.py:308:<module> <- verify_seeky_multi.py:244:main
WARNING:pet.gui_stall_sampler:  [t-41ms] webm_clip.py:2750:_process_frame <- window_optional_services.py:62:<lambda> <- verify_seeky_multi.py:92:observed_frame <- window.py:1917:_on_frame <- window.py:2124:_rebuild_frame <- window.py:2263:_sync_mask
WARNING:root:GUI 卡顿 113ms state=IDLE anim=待机呼吸休闲 physics=None
WARNING:pet.gui_stall_sampler:GUI 冻结现场（113ms，2 个采样点，旧→新）：
WARNING:pet.gui_stall_sampler:  [t-134ms] verify_seeky_multi.py:308:<module> <- verify_seeky_multi.py:244:main
WARNING:pet.gui_stall_sampler:  [t-17ms] webm_clip.py:2499:_poll <- webm_clip.py:2750:_process_frame <- window_optional_services.py:62:<lambda> <- verify_seeky_multi.py:92:observed_frame <- window.py:1917:_on_frame <- window.py:2124:_rebuild_frame
WARNING:root:GUI 卡顿 115ms state=IDLE anim=待机呼吸休闲 physics=None
WARNING:pet.gui_stall_sampler:GUI 冻结现场（115ms，2 个采样点，旧→新）：
WARNING:pet.gui_stall_sampler:  [t-134ms] verify_seeky_multi.py:308:<module> <- verify_seeky_multi.py:244:main
WARNING:pet.gui_stall_sampler:  [t-18ms] webm_clip.py:2499:_poll <- webm_clip.py:2750:_process_frame <- window_optional_services.py:62:<lambda> <- verify_seeky_multi.py:92:observed_frame <- window.py:1917:_on_frame <- window.py:2124:_rebuild_frame
WARNING:root:GUI 卡顿 115ms state=IDLE anim=待机呼吸休闲 physics=None
WARNING:pet.gui_stall_sampler:GUI 冻结现场（115ms，2 个采样点，旧→新）：
WARNING:pet.gui_stall_sampler:  [t-135ms] verify_seeky_multi.py:308:<module> <- verify_seeky_multi.py:244:main
WARNING:pet.gui_stall_sampler:  [t-18ms] webm_clip.py:2499:_poll <- webm_clip.py:2750:_process_frame <- window_optional_services.py:62:<lambda> <- verify_seeky_multi.py:92:observed_frame <- window.py:1917:_on_frame <- window.py:2124:_rebuild_frame
WARNING:root:GUI 卡顿 101ms state=IDLE anim=待机呼吸休闲 physics=None
WARNING:pet.gui_stall_sampler:GUI 冻结现场（101ms，2 个采样点，旧→新）：
WARNING:pet.gui_stall_sampler:  [t-150ms] webm_clip.py:2750:_process_frame <- window_optional_services.py:62:<lambda> <- verify_seeky_multi.py:92:observed_frame <- window.py:1917:_on_frame <- window.py:2068:_rebuild_frame <- window.py:1990:_frame_signature
WARNING:pet.gui_stall_sampler:  [t-40ms] verify_seeky_multi.py:308:<module> <- verify_seeky_multi.py:244:main <- webm_clip.py:2499:_poll <- webm_clip.py:2750:_process_frame
WARNING:root:GUI 卡顿 101ms state=IDLE anim=待机呼吸休闲 physics=None
WARNING:pet.gui_stall_sampler:GUI 冻结现场（101ms，2 个采样点，旧→新）：
WARNING:pet.gui_stall_sampler:  [t-150ms] webm_clip.py:2750:_process_frame <- window_optional_services.py:62:<lambda> <- verify_seeky_multi.py:92:observed_frame <- window.py:1917:_on_frame <- window.py:2068:_rebuild_frame <- window.py:1990:_frame_signature
WARNING:pet.gui_stall_sampler:  [t-40ms] verify_seeky_multi.py:308:<module> <- verify_seeky_multi.py:244:main <- webm_clip.py:2499:_poll <- webm_clip.py:2750:_process_frame
WARNING:root:GUI 卡顿 101ms state=IDLE anim=待机呼吸休闲 physics=None
WARNING:pet.gui_stall_sampler:GUI 冻结现场（101ms，2 个采样点，旧→新）：
WARNING:pet.gui_stall_sampler:  [t-150ms] webm_clip.py:2750:_process_frame <- window_optional_services.py:62:<lambda> <- verify_seeky_multi.py:92:observed_frame <- window.py:1917:_on_frame <- window.py:2068:_rebuild_frame <- window.py:1990:_frame_signature
WARNING:pet.gui_stall_sampler:  [t-40ms] verify_seeky_multi.py:308:<module> <- verify_seeky_multi.py:244:main <- webm_clip.py:2499:_poll <- webm_clip.py:2750:_process_frame
WARNING:root:GUI 卡顿 129ms state=IDLE anim=待机呼吸休闲 physics=None
WARNING:pet.gui_stall_sampler:GUI 冻结现场（129ms，2 个采样点，旧→新）：
WARNING:pet.gui_stall_sampler:  [t-174ms] verify_seeky_multi.py:308:<module> <- verify_seeky_multi.py:244:main
WARNING:pet.gui_stall_sampler:  [t-81ms] webm_clip.py:2499:_poll <- webm_clip.py:2750:_process_frame <- window_optional_services.py:62:<lambda> <- verify_seeky_multi.py:92:observed_frame <- window.py:1917:_on_frame <- window.py:2106:_rebuild_frame
WARNING:root:GUI 卡顿 130ms state=IDLE anim=待机呼吸休闲 physics=None
WARNING:pet.gui_stall_sampler:GUI 冻结现场（130ms，2 个采样点，旧→新）：
WARNING:pet.gui_stall_sampler:  [t-175ms] verify_seeky_multi.py:308:<module> <- verify_seeky_multi.py:244:main
WARNING:pet.gui_stall_sampler:  [t-82ms] webm_clip.py:2499:_poll <- webm_clip.py:2750:_process_frame <- window_optional_services.py:62:<lambda> <- verify_seeky_multi.py:92:observed_frame <- window.py:1917:_on_frame <- window.py:2106:_rebuild_frame
WARNING:root:GUI 卡顿 163ms state=IDLE anim=待机呼吸休闲 physics=None
WARNING:pet.gui_stall_sampler:GUI 冻结现场（163ms，3 个采样点，旧→新）：
WARNING:pet.gui_stall_sampler:  [t-209ms] verify_seeky_multi.py:308:<module> <- verify_seeky_multi.py:244:main
WARNING:pet.gui_stall_sampler:  [t-115ms] webm_clip.py:2499:_poll <- webm_clip.py:2750:_process_frame <- window_optional_services.py:62:<lambda> <- verify_seeky_multi.py:92:observed_frame <- window.py:1917:_on_frame <- window.py:2106:_rebuild_frame
WARNING:pet.gui_stall_sampler:  [t-3ms] __init__.py:1531:warning <- __init__.py:1664:_log <- __init__.py:1680:handle <- __init__.py:1736:callHandlers <- __init__.py:1026:handle <- __init__.py:1153:emit
WARNING:root:GUI 卡顿 106ms state=IDLE anim=待机呼吸休闲 physics=None
WARNING:pet.gui_stall_sampler:GUI 冻结现场（106ms，2 个采样点，旧→新）：
WARNING:pet.gui_stall_sampler:  [t-126ms] verify_seeky_multi.py:308:<module> <- verify_seeky_multi.py:244:main
WARNING:pet.gui_stall_sampler:  [t-49ms] verify_seeky_multi.py:308:<module> <- verify_seeky_multi.py:244:main <- webm_clip.py:2499:_poll <- webm_clip.py:2723:_process_frame
WARNING:root:GUI 卡顿 107ms state=IDLE anim=待机呼吸休闲 physics=None
WARNING:pet.gui_stall_sampler:GUI 冻结现场（107ms，2 个采样点，旧→新）：
WARNING:pet.gui_stall_sampler:  [t-127ms] verify_seeky_multi.py:308:<module> <- verify_seeky_multi.py:244:main
WARNING:pet.gui_stall_sampler:  [t-50ms] verify_seeky_multi.py:308:<module> <- verify_seeky_multi.py:244:main <- webm_clip.py:2499:_poll <- webm_clip.py:2723:_process_frame
WARNING:root:GUI 卡顿 108ms state=IDLE anim=待机呼吸休闲 physics=None
WARNING:pet.gui_stall_sampler:GUI 冻结现场（108ms，2 个采样点，旧→新）：
WARNING:pet.gui_stall_sampler:  [t-127ms] verify_seeky_multi.py:308:<module> <- verify_seeky_multi.py:244:main
WARNING:pet.gui_stall_sampler:  [t-50ms] verify_seeky_multi.py:308:<module> <- verify_seeky_multi.py:244:main <- webm_clip.py:2499:_poll <- webm_clip.py:2723:_process_frame
WARNING:root:GUI 卡顿 202ms state=IDLE anim=待机呼吸休闲 physics=None
WARNING:pet.gui_stall_sampler:GUI 冻结现场（202ms，2 个采样点，旧→新）：
WARNING:pet.gui_stall_sampler:  [t-219ms] verify_seeky_multi.py:308:<module> <- verify_seeky_multi.py:244:main
WARNING:pet.gui_stall_sampler:  [t-15ms] webm_clip.py:2499:_poll <- webm_clip.py:2750:_process_frame <- window_optional_services.py:62:<lambda> <- verify_seeky_multi.py:92:observed_frame <- window.py:1917:_on_frame <- window.py:2106:_rebuild_frame
WARNING:root:GUI 卡顿 202ms state=IDLE anim=待机呼吸休闲 physics=None
WARNING:pet.gui_stall_sampler:GUI 冻结现场（202ms，2 个采样点，旧→新）：
WARNING:pet.gui_stall_sampler:  [t-220ms] verify_seeky_multi.py:308:<module> <- verify_seeky_multi.py:244:main
WARNING:pet.gui_stall_sampler:  [t-16ms] webm_clip.py:2499:_poll <- webm_clip.py:2750:_process_frame <- window_optional_services.py:62:<lambda> <- verify_seeky_multi.py:92:observed_frame <- window.py:1917:_on_frame <- window.py:2106:_rebuild_frame
WARNING:root:GUI 卡顿 203ms state=IDLE anim=待机呼吸休闲 physics=None
WARNING:pet.gui_stall_sampler:GUI 冻结现场（203ms，2 个采样点，旧→新）：
WARNING:pet.gui_stall_sampler:  [t-220ms] verify_seeky_multi.py:308:<module> <- verify_seeky_multi.py:244:main
WARNING:pet.gui_stall_sampler:  [t-16ms] webm_clip.py:2499:_poll <- webm_clip.py:2750:_process_frame <- window_optional_services.py:62:<lambda> <- verify_seeky_multi.py:92:observed_frame <- window.py:1917:_on_frame <- window.py:2106:_rebuild_frame
WARNING:root:GUI 卡顿 121ms state=IDLE anim=待机呼吸休闲 physics=None
WARNING:pet.gui_stall_sampler:GUI 冻结现场（121ms，2 个采样点，旧→新）：
WARNING:pet.gui_stall_sampler:  [t-139ms] verify_seeky_multi.py:308:<module> <- verify_seeky_multi.py:244:main
WARNING:pet.gui_stall_sampler:  [t-53ms] webm_clip.py:2499:_poll <- webm_clip.py:2750:_process_frame <- window_optional_services.py:62:<lambda> <- verify_seeky_multi.py:92:observed_frame <- window.py:1917:_on_frame <- window.py:2106:_rebuild_frame
WARNING:root:GUI 卡顿 122ms state=IDLE anim=待机呼吸休闲 physics=None
WARNING:pet.gui_stall_sampler:GUI 冻结现场（122ms，2 个采样点，旧→新）：
WARNING:pet.gui_stall_sampler:  [t-140ms] verify_seeky_multi.py:308:<module> <- verify_seeky_multi.py:244:main
WARNING:pet.gui_stall_sampler:  [t-53ms] webm_clip.py:2499:_poll <- webm_clip.py:2750:_process_frame <- window_optional_services.py:62:<lambda> <- verify_seeky_multi.py:92:observed_frame <- window.py:1917:_on_frame <- window.py:2106:_rebuild_frame
WARNING:root:GUI 卡顿 122ms state=IDLE anim=待机呼吸休闲 physics=None
WARNING:pet.gui_stall_sampler:GUI 冻结现场（122ms，2 个采样点，旧→新）：
WARNING:pet.gui_stall_sampler:  [t-140ms] verify_seeky_multi.py:308:<module> <- verify_seeky_multi.py:244:main
WARNING:pet.gui_stall_sampler:  [t-54ms] webm_clip.py:2499:_poll <- webm_clip.py:2750:_process_frame <- window_optional_services.py:62:<lambda> <- verify_seeky_multi.py:92:observed_frame <- window.py:1917:_on_frame <- window.py:2106:_rebuild_frame
WARNING:root:GUI 卡顿 128ms state=IDLE anim=待机呼吸休闲 physics=None
WARNING:pet.gui_stall_sampler:GUI 冻结现场（128ms，2 个采样点，旧→新）：
WARNING:pet.gui_stall_sampler:  [t-152ms] verify_seeky_multi.py:308:<module> <- verify_seeky_multi.py:244:main
WARNING:root:GUI 卡顿 129ms state=IDLE anim=待机呼吸休闲 physics=None
WARNING:pet.gui_stall_sampler:GUI 冻结现场（129ms，2 个采样点，旧→新）：
WARNING:pet.gui_stall_sampler:  [t-152ms] verify_seeky_multi.py:308:<module> <- verify_seeky_multi.py:244:main
WARNING:root:GUI 卡顿 129ms state=IDLE anim=待机呼吸休闲 physics=None
WARNING:pet.gui_stall_sampler:GUI 冻结现场（129ms，2 个采样点，旧→新）：
WARNING:pet.gui_stall_sampler:  [t-153ms] verify_seeky_multi.py:308:<module> <- verify_seeky_multi.py:244:main
WARNING:root:GUI 卡顿 123ms state=IDLE anim=待机呼吸休闲 physics=None
WARNING:pet.gui_stall_sampler:GUI 冻结现场（123ms，2 个采样点，旧→新）：
WARNING:pet.gui_stall_sampler:  [t-135ms] verify_seeky_multi.py:308:<module> <- verify_seeky_multi.py:244:main
WARNING:pet.gui_stall_sampler:  [t-58ms] webm_clip.py:2499:_poll <- webm_clip.py:2750:_process_frame <- window_optional_services.py:62:<lambda> <- verify_seeky_multi.py:92:observed_frame <- window.py:1917:_on_frame <- window.py:2106:_rebuild_frame
WARNING:root:GUI 卡顿 124ms state=IDLE anim=待机呼吸休闲 physics=None
WARNING:pet.gui_stall_sampler:GUI 冻结现场（124ms，2 个采样点，旧→新）：
WARNING:pet.gui_stall_sampler:  [t-135ms] verify_seeky_multi.py:308:<module> <- verify_seeky_multi.py:244:main
WARNING:pet.gui_stall_sampler:  [t-59ms] webm_clip.py:2499:_poll <- webm_clip.py:2750:_process_frame <- window_optional_services.py:62:<lambda> <- verify_seeky_multi.py:92:observed_frame <- window.py:1917:_on_frame <- window.py:2106:_rebuild_frame
WARNING:root:GUI 卡顿 124ms state=IDLE anim=待机呼吸休闲 physics=None
WARNING:pet.gui_stall_sampler:GUI 冻结现场（124ms，2 个采样点，旧→新）：
WARNING:pet.gui_stall_sampler:  [t-136ms] verify_seeky_multi.py:308:<module> <- verify_seeky_multi.py:244:main
WARNING:pet.gui_stall_sampler:  [t-59ms] webm_clip.py:2499:_poll <- webm_clip.py:2750:_process_frame <- window_optional_services.py:62:<lambda> <- verify_seeky_multi.py:92:observed_frame <- window.py:1917:_on_frame <- window.py:2106:_rebuild_frame
WARNING:root:GUI 卡顿 132ms state=IDLE anim=待机呼吸休闲 physics=None
WARNING:pet.gui_stall_sampler:GUI 冻结现场（132ms，2 个采样点，旧→新）：
WARNING:pet.gui_stall_sampler:  [t-152ms] verify_seeky_multi.py:308:<module> <- verify_seeky_multi.py:244:main
WARNING:pet.gui_stall_sampler:  [t-27ms] window_optional_services.py:62:<lambda> <- verify_seeky_multi.py:92:observed_frame <- window.py:1917:_on_frame <- window.py:2124:_rebuild_frame <- window.py:2270:_sync_mask <- window_optional_services.py:42:effects_coverage
WARNING:root:GUI 卡顿 133ms state=IDLE anim=待机呼吸休闲 physics=None
WARNING:pet.gui_stall_sampler:GUI 冻结现场（133ms，2 个采样点，旧→新）：
WARNING:pet.gui_stall_sampler:  [t-153ms] verify_seeky_multi.py:308:<module> <- verify_seeky_multi.py:244:main
WARNING:pet.gui_stall_sampler:  [t-28ms] window_optional_services.py:62:<lambda> <- verify_seeky_multi.py:92:observed_frame <- window.py:1917:_on_frame <- window.py:2124:_rebuild_frame <- window.py:2270:_sync_mask <- window_optional_services.py:42:effects_coverage
WARNING:root:GUI 卡顿 133ms state=IDLE anim=待机呼吸休闲 physics=None
WARNING:pet.gui_stall_sampler:GUI 冻结现场（133ms，2 个采样点，旧→新）：
WARNING:pet.gui_stall_sampler:  [t-153ms] verify_seeky_multi.py:308:<module> <- verify_seeky_multi.py:244:main
WARNING:pet.gui_stall_sampler:  [t-28ms] window_optional_services.py:62:<lambda> <- verify_seeky_multi.py:92:observed_frame <- window.py:1917:_on_frame <- window.py:2124:_rebuild_frame <- window.py:2270:_sync_mask <- window_optional_services.py:42:effects_coverage
WARNING:root:GUI 卡顿 137ms state=IDLE anim=待机呼吸休闲 physics=None
WARNING:pet.gui_stall_sampler:GUI 冻结现场（137ms，2 个采样点，旧→新）：
WARNING:pet.gui_stall_sampler:  [t-165ms] verify_seeky_multi.py:308:<module> <- verify_seeky_multi.py:244:main
WARNING:root:GUI 卡顿 138ms state=IDLE anim=待机呼吸休闲 physics=None
WARNING:pet.gui_stall_sampler:GUI 冻结现场（138ms，2 个采样点，旧→新）：
WARNING:pet.gui_stall_sampler:  [t-165ms] verify_seeky_multi.py:308:<module> <- verify_seeky_multi.py:244:main
WARNING:root:GUI 卡顿 139ms state=IDLE anim=待机呼吸休闲 physics=None
WARNING:pet.gui_stall_sampler:GUI 冻结现场（139ms，2 个采样点，旧→新）：
WARNING:pet.gui_stall_sampler:  [t-166ms] verify_seeky_multi.py:308:<module> <- verify_seeky_multi.py:244:main
WARNING:root:GUI 卡顿 117ms state=IDLE anim=待机呼吸休闲 physics=None
WARNING:pet.gui_stall_sampler:GUI 冻结现场（117ms，3 个采样点，旧→新）：
WARNING:pet.gui_stall_sampler:  [t-157ms] verify_seeky_multi.py:308:<module> <- verify_seeky_multi.py:244:main
WARNING:pet.gui_stall_sampler:  [t-62ms] webm_clip.py:2499:_poll <- webm_clip.py:2750:_process_frame <- window_optional_services.py:62:<lambda> <- verify_seeky_multi.py:92:observed_frame <- window.py:1917:_on_frame <- window.py:2106:_rebuild_frame
WARNING:pet.gui_stall_sampler:  [t-2ms] verify_seeky_multi.py:308:<module> <- verify_seeky_multi.py:244:main
WARNING:root:GUI 卡顿 118ms state=IDLE anim=待机呼吸休闲 physics=None
WARNING:pet.gui_stall_sampler:GUI 冻结现场（118ms，3 个采样点，旧→新）：
WARNING:pet.gui_stall_sampler:  [t-158ms] verify_seeky_multi.py:308:<module> <- verify_seeky_multi.py:244:main
WARNING:pet.gui_stall_sampler:  [t-63ms] webm_clip.py:2499:_poll <- webm_clip.py:2750:_process_frame <- window_optional_services.py:62:<lambda> <- verify_seeky_multi.py:92:observed_frame <- window.py:1917:_on_frame <- window.py:2106:_rebuild_frame
WARNING:pet.gui_stall_sampler:  [t-3ms] verify_seeky_multi.py:308:<module> <- verify_seeky_multi.py:244:main
WARNING:root:GUI 卡顿 119ms state=IDLE anim=待机呼吸休闲 physics=None
WARNING:pet.gui_stall_sampler:GUI 冻结现场（119ms，3 个采样点，旧→新）：
WARNING:pet.gui_stall_sampler:  [t-158ms] verify_seeky_multi.py:308:<module> <- verify_seeky_multi.py:244:main
WARNING:pet.gui_stall_sampler:  [t-63ms] webm_clip.py:2499:_poll <- webm_clip.py:2750:_process_frame <- window_optional_services.py:62:<lambda> <- verify_seeky_multi.py:92:observed_frame <- window.py:1917:_on_frame <- window.py:2106:_rebuild_frame
WARNING:pet.gui_stall_sampler:  [t-4ms] verify_seeky_multi.py:308:<module> <- verify_seeky_multi.py:244:main
WARNING:root:GUI 卡顿 119ms state=IDLE anim=待机呼吸休闲 physics=None
WARNING:pet.gui_stall_sampler:GUI 冻结现场（119ms，2 个采样点，旧→新）：
WARNING:pet.gui_stall_sampler:  [t-143ms] verify_seeky_multi.py:308:<module> <- verify_seeky_multi.py:244:main
WARNING:pet.gui_stall_sampler:  [t-14ms] verify_seeky_multi.py:308:<module> <- verify_seeky_multi.py:244:main <- webm_clip.py:2499:_poll <- webm_clip.py:2723:_process_frame
WARNING:root:GUI 卡顿 120ms state=IDLE anim=待机呼吸休闲 physics=None
WARNING:pet.gui_stall_sampler:GUI 冻结现场（120ms，2 个采样点，旧→新）：
WARNING:pet.gui_stall_sampler:  [t-144ms] verify_seeky_multi.py:308:<module> <- verify_seeky_multi.py:244:main
WARNING:pet.gui_stall_sampler:  [t-15ms] verify_seeky_multi.py:308:<module> <- verify_seeky_multi.py:244:main <- webm_clip.py:2499:_poll <- webm_clip.py:2723:_process_frame
WARNING:root:GUI 卡顿 120ms state=IDLE anim=待机呼吸休闲 physics=None
WARNING:pet.gui_stall_sampler:GUI 冻结现场（120ms，2 个采样点，旧→新）：
WARNING:pet.gui_stall_sampler:  [t-144ms] verify_seeky_multi.py:308:<module> <- verify_seeky_multi.py:244:main
WARNING:pet.gui_stall_sampler:  [t-15ms] verify_seeky_multi.py:308:<module> <- verify_seeky_multi.py:244:main <- webm_clip.py:2499:_poll <- webm_clip.py:2723:_process_frame
WARNING:root:GUI 卡顿 116ms state=IDLE anim=待机呼吸休闲 physics=None
WARNING:pet.gui_stall_sampler:GUI 冻结现场（116ms，2 个采样点，旧→新）：
WARNING:pet.gui_stall_sampler:  [t-152ms] verify_seeky_multi.py:308:<module> <- verify_seeky_multi.py:244:main
WARNING:root:GUI 卡顿 117ms state=IDLE anim=待机呼吸休闲 physics=None
WARNING:pet.gui_stall_sampler:GUI 冻结现场（117ms，2 个采样点，旧→新）：
WARNING:pet.gui_stall_sampler:  [t-153ms] verify_seeky_multi.py:308:<module> <- verify_seeky_multi.py:244:main
WARNING:root:GUI 卡顿 117ms state=IDLE anim=待机呼吸休闲 physics=None
WARNING:pet.gui_stall_sampler:GUI 冻结现场（117ms，2 个采样点，旧→新）：
WARNING:pet.gui_stall_sampler:  [t-153ms] verify_seeky_multi.py:308:<module> <- verify_seeky_multi.py:244:main
WARNING:root:GUI 卡顿 133ms state=IDLE anim=待机呼吸休闲 physics=None
WARNING:pet.gui_stall_sampler:GUI 冻结现场（133ms，2 个采样点，旧→新）：
WARNING:pet.gui_stall_sampler:  [t-133ms] verify_seeky_multi.py:308:<module> <- verify_seeky_multi.py:244:main
WARNING:pet.gui_stall_sampler:  [t-24ms] webm_clip.py:2499:_poll <- webm_clip.py:2750:_process_frame <- window_optional_services.py:62:<lambda> <- verify_seeky_multi.py:92:observed_frame <- window.py:1917:_on_frame <- window.py:2106:_rebuild_frame
WARNING:root:GUI 卡顿 134ms state=IDLE anim=待机呼吸休闲 physics=None
WARNING:pet.gui_stall_sampler:GUI 冻结现场（134ms，2 个采样点，旧→新）：
WARNING:pet.gui_stall_sampler:  [t-134ms] verify_seeky_multi.py:308:<module> <- verify_seeky_multi.py:244:main
WARNING:pet.gui_stall_sampler:  [t-25ms] webm_clip.py:2499:_poll <- webm_clip.py:2750:_process_frame <- window_optional_services.py:62:<lambda> <- verify_seeky_multi.py:92:observed_frame <- window.py:1917:_on_frame <- window.py:2106:_rebuild_frame
WARNING:root:GUI 卡顿 135ms state=IDLE anim=待机呼吸休闲 physics=None
WARNING:pet.gui_stall_sampler:GUI 冻结现场（135ms，2 个采样点，旧→新）：
WARNING:pet.gui_stall_sampler:  [t-134ms] verify_seeky_multi.py:308:<module> <- verify_seeky_multi.py:244:main
WARNING:pet.gui_stall_sampler:  [t-25ms] webm_clip.py:2499:_poll <- webm_clip.py:2750:_process_frame <- window_optional_services.py:62:<lambda> <- verify_seeky_multi.py:92:observed_frame <- window.py:1917:_on_frame <- window.py:2106:_rebuild_frame
WARNING:root:GUI 卡顿 153ms state=IDLE anim=待机呼吸休闲 physics=None
WARNING:pet.gui_stall_sampler:GUI 冻结现场（153ms，2 个采样点，旧→新）：
WARNING:pet.gui_stall_sampler:  [t-169ms] verify_seeky_multi.py:308:<module> <- verify_seeky_multi.py:244:main
WARNING:pet.gui_stall_sampler:  [t-17ms] window_optional_services.py:62:<lambda> <- verify_seeky_multi.py:92:observed_frame <- window.py:1917:_on_frame <- window.py:2124:_rebuild_frame <- window.py:2270:_sync_mask <- window_optional_services.py:42:effects_coverage
WARNING:root:GUI 卡顿 154ms state=IDLE anim=待机呼吸休闲 physics=None
WARNING:pet.gui_stall_sampler:GUI 冻结现场（154ms，2 个采样点，旧→新）：
WARNING:pet.gui_stall_sampler:  [t-170ms] verify_seeky_multi.py:308:<module> <- verify_seeky_multi.py:244:main
WARNING:pet.gui_stall_sampler:  [t-17ms] window_optional_services.py:62:<lambda> <- verify_seeky_multi.py:92:observed_frame <- window.py:1917:_on_frame <- window.py:2124:_rebuild_frame <- window.py:2270:_sync_mask <- window_optional_services.py:42:effects_coverage
WARNING:root:GUI 卡顿 154ms state=IDLE anim=待机呼吸休闲 physics=None
WARNING:pet.gui_stall_sampler:GUI 冻结现场（154ms，2 个采样点，旧→新）：
WARNING:pet.gui_stall_sampler:  [t-170ms] verify_seeky_multi.py:308:<module> <- verify_seeky_multi.py:244:main
WARNING:pet.gui_stall_sampler:  [t-17ms] window_optional_services.py:62:<lambda> <- verify_seeky_multi.py:92:observed_frame <- window.py:1917:_on_frame <- window.py:2124:_rebuild_frame <- window.py:2270:_sync_mask <- window_optional_services.py:42:effects_coverage
WARNING:root:GUI 卡顿 118ms state=IDLE anim=待机呼吸休闲 physics=None
WARNING:pet.gui_stall_sampler:GUI 冻结现场（118ms，3 个采样点，旧→新）：
WARNING:pet.gui_stall_sampler:  [t-166ms] webm_clip.py:2499:_poll <- webm_clip.py:2750:_process_frame <- window_optional_services.py:62:<lambda> <- verify_seeky_multi.py:92:observed_frame <- window.py:1917:_on_frame <- window.py:2124:_rebuild_frame
WARNING:pet.gui_stall_sampler:  [t-98ms] verify_seeky_multi.py:308:<module> <- verify_seeky_multi.py:244:main <- webm_clip.py:2499:_poll <- webm_clip.py:2723:_process_frame
WARNING:pet.gui_stall_sampler:  [t-18ms] webm_clip.py:2499:_poll <- webm_clip.py:2750:_process_frame <- window_optional_services.py:62:<lambda> <- verify_seeky_multi.py:92:observed_frame <- window.py:1917:_on_frame <- window.py:2106:_rebuild_frame
WARNING:root:GUI 卡顿 119ms state=IDLE anim=待机呼吸休闲 physics=None
WARNING:pet.gui_stall_sampler:GUI 冻结现场（119ms，3 个采样点，旧→新）：
WARNING:pet.gui_stall_sampler:  [t-166ms] webm_clip.py:2499:_poll <- webm_clip.py:2750:_process_frame <- window_optional_services.py:62:<lambda> <- verify_seeky_multi.py:92:observed_frame <- window.py:1917:_on_frame <- window.py:2124:_rebuild_frame
WARNING:pet.gui_stall_sampler:  [t-98ms] verify_seeky_multi.py:308:<module> <- verify_seeky_multi.py:244:main <- webm_clip.py:2499:_poll <- webm_clip.py:2723:_process_frame
WARNING:pet.gui_stall_sampler:  [t-19ms] webm_clip.py:2499:_poll <- webm_clip.py:2750:_process_frame <- window_optional_services.py:62:<lambda> <- verify_seeky_multi.py:92:observed_frame <- window.py:1917:_on_frame <- window.py:2106:_rebuild_frame
WARNING:root:GUI 卡顿 120ms state=IDLE anim=待机呼吸休闲 physics=None
WARNING:pet.gui_stall_sampler:GUI 冻结现场（120ms，3 个采样点，旧→新）：
WARNING:pet.gui_stall_sampler:  [t-167ms] webm_clip.py:2499:_poll <- webm_clip.py:2750:_process_frame <- window_optional_services.py:62:<lambda> <- verify_seeky_multi.py:92:observed_frame <- window.py:1917:_on_frame <- window.py:2124:_rebuild_frame
WARNING:pet.gui_stall_sampler:  [t-98ms] verify_seeky_multi.py:308:<module> <- verify_seeky_multi.py:244:main <- webm_clip.py:2499:_poll <- webm_clip.py:2723:_process_frame
WARNING:pet.gui_stall_sampler:  [t-19ms] webm_clip.py:2499:_poll <- webm_clip.py:2750:_process_frame <- window_optional_services.py:62:<lambda> <- verify_seeky_multi.py:92:observed_frame <- window.py:1917:_on_frame <- window.py:2106:_rebuild_frame
WARNING:root:GUI 卡顿 110ms state=IDLE anim=待机呼吸休闲 physics=None
WARNING:pet.gui_stall_sampler:GUI 冻结现场（110ms，2 个采样点，旧→新）：
WARNING:pet.gui_stall_sampler:  [t-110ms] verify_seeky_multi.py:308:<module> <- verify_seeky_multi.py:244:main
WARNING:root:GUI 卡顿 111ms state=IDLE anim=待机呼吸休闲 physics=None
WARNING:pet.gui_stall_sampler:GUI 冻结现场（111ms，2 个采样点，旧→新）：
WARNING:pet.gui_stall_sampler:  [t-111ms] verify_seeky_multi.py:308:<module> <- verify_seeky_multi.py:244:main
WARNING:root:GUI 卡顿 111ms state=IDLE anim=待机呼吸休闲 physics=None
WARNING:pet.gui_stall_sampler:GUI 冻结现场（111ms，2 个采样点，旧→新）：
WARNING:pet.gui_stall_sampler:  [t-111ms] verify_seeky_multi.py:308:<module> <- verify_seeky_multi.py:244:main
WARNING:root:GUI 卡顿 108ms state=IDLE anim=待机呼吸休闲 physics=None
WARNING:pet.gui_stall_sampler:GUI 冻结现场（108ms，2 个采样点，旧→新）：
WARNING:pet.gui_stall_sampler:  [t-137ms] webm_clip.py:2499:_poll <- webm_clip.py:2750:_process_frame <- window_optional_services.py:62:<lambda> <- verify_seeky_multi.py:92:observed_frame <- window.py:1917:_on_frame <- window.py:2106:_rebuild_frame
WARNING:pet.gui_stall_sampler:  [t-9ms] window_optional_services.py:62:<lambda> <- verify_seeky_multi.py:92:observed_frame <- window.py:1919:_on_frame <- window.py:2126:_rebuild_frame <- window.py:2291:_sync_mask <- window_optional_services.py:44:effects_coverage
WARNING:root:GUI 卡顿 109ms state=IDLE anim=待机呼吸休闲 physics=None
WARNING:pet.gui_stall_sampler:GUI 冻结现场（109ms，2 个采样点，旧→新）：
WARNING:pet.gui_stall_sampler:  [t-137ms] webm_clip.py:2499:_poll <- webm_clip.py:2750:_process_frame <- window_optional_services.py:62:<lambda> <- verify_seeky_multi.py:92:observed_frame <- window.py:1917:_on_frame <- window.py:2106:_rebuild_frame
WARNING:pet.gui_stall_sampler:  [t-9ms] window_optional_services.py:62:<lambda> <- verify_seeky_multi.py:92:observed_frame <- window.py:1919:_on_frame <- window.py:2126:_rebuild_frame <- window.py:2291:_sync_mask <- window_optional_services.py:44:effects_coverage
WARNING:root:GUI 卡顿 109ms state=IDLE anim=待机呼吸休闲 physics=None
WARNING:pet.gui_stall_sampler:GUI 冻结现场（109ms，2 个采样点，旧→新）：
WARNING:pet.gui_stall_sampler:  [t-137ms] webm_clip.py:2499:_poll <- webm_clip.py:2750:_process_frame <- window_optional_services.py:62:<lambda> <- verify_seeky_multi.py:92:observed_frame <- window.py:1917:_on_frame <- window.py:2106:_rebuild_frame
WARNING:pet.gui_stall_sampler:  [t-10ms] window_optional_services.py:62:<lambda> <- verify_seeky_multi.py:92:observed_frame <- window.py:1919:_on_frame <- window.py:2126:_rebuild_frame <- window.py:2291:_sync_mask <- window_optional_services.py:44:effects_coverage
WARNING:root:GUI 卡顿 169ms state=IDLE anim=待机呼吸休闲 physics=None
WARNING:pet.gui_stall_sampler:GUI 冻结现场（169ms，2 个采样点，旧→新）：
WARNING:pet.gui_stall_sampler:  [t-175ms] verify_seeky_multi.py:308:<module> <- verify_seeky_multi.py:244:main
WARNING:pet.gui_stall_sampler:  [t-21ms] webm_clip.py:2499:_poll <- webm_clip.py:2750:_process_frame <- window_optional_services.py:62:<lambda> <- verify_seeky_multi.py:92:observed_frame <- window.py:1917:_on_frame <- window.py:2106:_rebuild_frame
WARNING:root:GUI 卡顿 172ms state=IDLE anim=待机呼吸休闲 physics=None
WARNING:pet.gui_stall_sampler:GUI 冻结现场（172ms，2 个采样点，旧→新）：
WARNING:pet.gui_stall_sampler:  [t-176ms] verify_seeky_multi.py:308:<module> <- verify_seeky_multi.py:244:main
WARNING:pet.gui_stall_sampler:  [t-23ms] webm_clip.py:2499:_poll <- webm_clip.py:2750:_process_frame <- window_optional_services.py:62:<lambda> <- verify_seeky_multi.py:92:observed_frame <- window.py:1917:_on_frame <- window.py:2106:_rebuild_frame
WARNING:root:GUI 卡顿 173ms state=IDLE anim=待机呼吸休闲 physics=None
WARNING:pet.gui_stall_sampler:GUI 冻结现场（173ms，2 个采样点，旧→新）：
WARNING:pet.gui_stall_sampler:  [t-177ms] verify_seeky_multi.py:308:<module> <- verify_seeky_multi.py:244:main
WARNING:pet.gui_stall_sampler:  [t-23ms] webm_clip.py:2499:_poll <- webm_clip.py:2750:_process_frame <- window_optional_services.py:62:<lambda> <- verify_seeky_multi.py:92:observed_frame <- window.py:1917:_on_frame <- window.py:2106:_rebuild_frame
WARNING:root:GUI 卡顿 121ms state=IDLE anim=待机呼吸休闲 physics=None
WARNING:pet.gui_stall_sampler:GUI 冻结现场（121ms，2 个采样点，旧→新）：
WARNING:pet.gui_stall_sampler:  [t-149ms] verify_seeky_multi.py:308:<module> <- verify_seeky_multi.py:244:main
WARNING:pet.gui_stall_sampler:  [t-60ms] webm_clip.py:2499:_poll <- webm_clip.py:2750:_process_frame <- window_optional_services.py:62:<lambda> <- verify_seeky_multi.py:92:observed_frame <- window.py:1917:_on_frame <- window.py:2106:_rebuild_frame
WARNING:root:GUI 卡顿 122ms state=IDLE anim=待机呼吸休闲 physics=None
WARNING:pet.gui_stall_sampler:GUI 冻结现场（122ms，2 个采样点，旧→新）：
WARNING:pet.gui_stall_sampler:  [t-149ms] verify_seeky_multi.py:308:<module> <- verify_seeky_multi.py:244:main
WARNING:pet.gui_stall_sampler:  [t-61ms] webm_clip.py:2499:_poll <- webm_clip.py:2750:_process_frame <- window_optional_services.py:62:<lambda> <- verify_seeky_multi.py:92:observed_frame <- window.py:1917:_on_frame <- window.py:2106:_rebuild_frame
WARNING:root:GUI 卡顿 122ms state=IDLE anim=待机呼吸休闲 physics=None
WARNING:pet.gui_stall_sampler:GUI 冻结现场（122ms，2 个采样点，旧→新）：
WARNING:pet.gui_stall_sampler:  [t-150ms] verify_seeky_multi.py:308:<module> <- verify_seeky_multi.py:244:main
WARNING:pet.gui_stall_sampler:  [t-61ms] webm_clip.py:2499:_poll <- webm_clip.py:2750:_process_frame <- window_optional_services.py:62:<lambda> <- verify_seeky_multi.py:92:observed_frame <- window.py:1917:_on_frame <- window.py:2106:_rebuild_frame
WARNING:root:GUI 卡顿 150ms state=IDLE anim=待机呼吸休闲 physics=None
WARNING:pet.gui_stall_sampler:GUI 冻结现场（150ms，2 个采样点，旧→新）：
WARNING:pet.gui_stall_sampler:  [t-181ms] verify_seeky_multi.py:308:<module> <- verify_seeky_multi.py:244:main
WARNING:root:GUI 卡顿 151ms state=IDLE anim=待机呼吸休闲 physics=None
WARNING:pet.gui_stall_sampler:GUI 冻结现场（151ms，2 个采样点，旧→新）：
WARNING:pet.gui_stall_sampler:  [t-181ms] verify_seeky_multi.py:308:<module> <- verify_seeky_multi.py:244:main
WARNING:root:GUI 卡顿 151ms state=IDLE anim=待机呼吸休闲 physics=None
WARNING:pet.gui_stall_sampler:GUI 冻结现场（151ms，2 个采样点，旧→新）：
WARNING:pet.gui_stall_sampler:  [t-182ms] verify_seeky_multi.py:308:<module> <- verify_seeky_multi.py:244:main
WARNING:root:GUI 卡顿 179ms state=IDLE anim=待机呼吸休闲 physics=None
WARNING:pet.gui_stall_sampler:GUI 冻结现场（179ms，2 个采样点，旧→新）：
WARNING:pet.gui_stall_sampler:  [t-142ms] verify_seeky_multi.py:308:<module> <- verify_seeky_multi.py:244:main <- webm_clip.py:2499:_poll <- webm_clip.py:2724:_process_frame
WARNING:pet.gui_stall_sampler:  [t-43ms] webm_clip.py:2499:_poll <- webm_clip.py:2750:_process_frame <- window_optional_services.py:62:<lambda> <- verify_seeky_multi.py:92:observed_frame <- window.py:1917:_on_frame <- window.py:2124:_rebuild_frame
WARNING:root:GUI 卡顿 180ms state=IDLE anim=待机呼吸休闲 physics=None
WARNING:pet.gui_stall_sampler:GUI 冻结现场（180ms，2 个采样点，旧→新）：
WARNING:pet.gui_stall_sampler:  [t-143ms] verify_seeky_multi.py:308:<module> <- verify_seeky_multi.py:244:main <- webm_clip.py:2499:_poll <- webm_clip.py:2724:_process_frame
WARNING:pet.gui_stall_sampler:  [t-43ms] webm_clip.py:2499:_poll <- webm_clip.py:2750:_process_frame <- window_optional_services.py:62:<lambda> <- verify_seeky_multi.py:92:observed_frame <- window.py:1917:_on_frame <- window.py:2124:_rebuild_frame
WARNING:root:GUI 卡顿 181ms state=IDLE anim=待机呼吸休闲 physics=None
WARNING:pet.gui_stall_sampler:GUI 冻结现场（181ms，2 个采样点，旧→新）：
WARNING:pet.gui_stall_sampler:  [t-143ms] verify_seeky_multi.py:308:<module> <- verify_seeky_multi.py:244:main <- webm_clip.py:2499:_poll <- webm_clip.py:2724:_process_frame
WARNING:pet.gui_stall_sampler:  [t-43ms] webm_clip.py:2499:_poll <- webm_clip.py:2750:_process_frame <- window_optional_services.py:62:<lambda> <- verify_seeky_multi.py:92:observed_frame <- window.py:1917:_on_frame <- window.py:2124:_rebuild_frame
WARNING:root:GUI 卡顿 200ms state=IDLE anim=待机呼吸休闲 physics=None
WARNING:pet.gui_stall_sampler:GUI 冻结现场（200ms，2 个采样点，旧→新）：
WARNING:pet.gui_stall_sampler:  [t-224ms] verify_seeky_multi.py:308:<module> <- verify_seeky_multi.py:244:main
WARNING:pet.gui_stall_sampler:  [t-10ms] webm_clip.py:2499:_poll <- webm_clip.py:2750:_process_frame <- window_optional_services.py:62:<lambda> <- verify_seeky_multi.py:92:observed_frame <- window.py:1917:_on_frame <- window.py:2119:_rebuild_frame
WARNING:root:GUI 卡顿 201ms state=IDLE anim=待机呼吸休闲 physics=None
WARNING:pet.gui_stall_sampler:GUI 冻结现场（201ms，2 个采样点，旧→新）：
WARNING:pet.gui_stall_sampler:  [t-224ms] verify_seeky_multi.py:308:<module> <- verify_seeky_multi.py:244:main
WARNING:pet.gui_stall_sampler:  [t-10ms] webm_clip.py:2499:_poll <- webm_clip.py:2750:_process_frame <- window_optional_services.py:62:<lambda> <- verify_seeky_multi.py:92:observed_frame <- window.py:1917:_on_frame <- window.py:2119:_rebuild_frame
WARNING:root:GUI 卡顿 201ms state=IDLE anim=待机呼吸休闲 physics=None
WARNING:pet.gui_stall_sampler:GUI 冻结现场（201ms，2 个采样点，旧→新）：
WARNING:pet.gui_stall_sampler:  [t-225ms] verify_seeky_multi.py:308:<module> <- verify_seeky_multi.py:244:main
WARNING:pet.gui_stall_sampler:  [t-11ms] webm_clip.py:2499:_poll <- webm_clip.py:2750:_process_frame <- window_optional_services.py:62:<lambda> <- verify_seeky_multi.py:92:observed_frame <- window.py:1917:_on_frame <- window.py:2119:_rebuild_frame
WARNING:root:GUI 卡顿 138ms state=IDLE anim=待机呼吸休闲 physics=None
WARNING:pet.gui_stall_sampler:GUI 冻结现场（138ms，3 个采样点，旧→新）：
WARNING:pet.gui_stall_sampler:  [t-155ms] verify_seeky_multi.py:308:<module> <- verify_seeky_multi.py:244:main
WARNING:pet.gui_stall_sampler:  [t-100ms] webm_clip.py:2499:_poll <- webm_clip.py:2750:_process_frame <- window_optional_services.py:62:<lambda> <- verify_seeky_multi.py:92:observed_frame <- window.py:1917:_on_frame <- window.py:2106:_rebuild_frame
WARNING:pet.gui_stall_sampler:  [t-31ms] verify_seeky_multi.py:308:<module> <- verify_seeky_multi.py:244:main <- webm_clip.py:2499:_poll <- webm_clip.py:2723:_process_frame
WARNING:root:GUI 卡顿 139ms state=IDLE anim=待机呼吸休闲 physics=None
WARNING:pet.gui_stall_sampler:GUI 冻结现场（139ms，3 个采样点，旧→新）：
WARNING:pet.gui_stall_sampler:  [t-155ms] verify_seeky_multi.py:308:<module> <- verify_seeky_multi.py:244:main
WARNING:pet.gui_stall_sampler:  [t-100ms] webm_clip.py:2499:_poll <- webm_clip.py:2750:_process_frame <- window_optional_services.py:62:<lambda> <- verify_seeky_multi.py:92:observed_frame <- window.py:1917:_on_frame <- window.py:2106:_rebuild_frame
WARNING:pet.gui_stall_sampler:  [t-32ms] verify_seeky_multi.py:308:<module> <- verify_seeky_multi.py:244:main <- webm_clip.py:2499:_poll <- webm_clip.py:2723:_process_frame
WARNING:root:GUI 卡顿 139ms state=IDLE anim=待机呼吸休闲 physics=None
WARNING:pet.gui_stall_sampler:GUI 冻结现场（139ms，3 个采样点，旧→新）：
WARNING:pet.gui_stall_sampler:  [t-156ms] verify_seeky_multi.py:308:<module> <- verify_seeky_multi.py:244:main
WARNING:pet.gui_stall_sampler:  [t-101ms] webm_clip.py:2499:_poll <- webm_clip.py:2750:_process_frame <- window_optional_services.py:62:<lambda> <- verify_seeky_multi.py:92:observed_frame <- window.py:1917:_on_frame <- window.py:2106:_rebuild_frame
WARNING:pet.gui_stall_sampler:  [t-32ms] verify_seeky_multi.py:308:<module> <- verify_seeky_multi.py:244:main <- webm_clip.py:2499:_poll <- webm_clip.py:2723:_process_frame
WARNING:root:GUI 卡顿 128ms state=IDLE anim=待机呼吸休闲 physics=None
WARNING:pet.gui_stall_sampler:GUI 冻结现场（128ms，2 个采样点，旧→新）：
WARNING:pet.gui_stall_sampler:  [t-147ms] verify_seeky_multi.py:308:<module> <- verify_seeky_multi.py:244:main
WARNING:pet.gui_stall_sampler:  [t-38ms] webm_clip.py:2499:_poll <- webm_clip.py:2750:_process_frame <- window_optional_services.py:62:<lambda> <- verify_seeky_multi.py:92:observed_frame <- window.py:1917:_on_frame <- window.py:2106:_rebuild_frame
WARNING:root:GUI 卡顿 129ms state=IDLE anim=待机呼吸休闲 physics=None
WARNING:pet.gui_stall_sampler:GUI 冻结现场（129ms，2 个采样点，旧→新）：
WARNING:pet.gui_stall_sampler:  [t-147ms] verify_seeky_multi.py:308:<module> <- verify_seeky_multi.py:244:main
WARNING:pet.gui_stall_sampler:  [t-38ms] webm_clip.py:2499:_poll <- webm_clip.py:2750:_process_frame <- window_optional_services.py:62:<lambda> <- verify_seeky_multi.py:92:observed_frame <- window.py:1917:_on_frame <- window.py:2106:_rebuild_frame
WARNING:root:GUI 卡顿 129ms state=IDLE anim=待机呼吸休闲 physics=None
WARNING:pet.gui_stall_sampler:GUI 冻结现场（129ms，2 个采样点，旧→新）：
WARNING:pet.gui_stall_sampler:  [t-147ms] verify_seeky_multi.py:308:<module> <- verify_seeky_multi.py:244:main
WARNING:pet.gui_stall_sampler:  [t-38ms] webm_clip.py:2499:_poll <- webm_clip.py:2750:_process_frame <- window_optional_services.py:62:<lambda> <- verify_seeky_multi.py:92:observed_frame <- window.py:1917:_on_frame <- window.py:2106:_rebuild_frame
WARNING:root:GUI 卡顿 152ms state=IDLE anim=待机呼吸休闲 physics=None
WARNING:pet.gui_stall_sampler:GUI 冻结现场（152ms，2 个采样点，旧→新）：
WARNING:pet.gui_stall_sampler:  [t-184ms] verify_seeky_multi.py:308:<module> <- verify_seeky_multi.py:244:main
WARNING:pet.gui_stall_sampler:  [t-8ms] webm_clip.py:2750:_process_frame <- window_optional_services.py:62:<lambda> <- verify_seeky_multi.py:92:observed_frame <- window.py:1917:_on_frame <- window.py:2068:_rebuild_frame <- window.py:1990:_frame_signature
WARNING:root:GUI 卡顿 153ms state=IDLE anim=待机呼吸休闲 physics=None
WARNING:pet.gui_stall_sampler:GUI 冻结现场（153ms，2 个采样点，旧→新）：
WARNING:pet.gui_stall_sampler:  [t-185ms] verify_seeky_multi.py:308:<module> <- verify_seeky_multi.py:244:main
WARNING:pet.gui_stall_sampler:  [t-9ms] webm_clip.py:2750:_process_frame <- window_optional_services.py:62:<lambda> <- verify_seeky_multi.py:92:observed_frame <- window.py:1917:_on_frame <- window.py:2068:_rebuild_frame <- window.py:1990:_frame_signature
WARNING:root:GUI 卡顿 153ms state=IDLE anim=待机呼吸休闲 physics=None
WARNING:pet.gui_stall_sampler:GUI 冻结现场（153ms，2 个采样点，旧→新）：
WARNING:pet.gui_stall_sampler:  [t-185ms] verify_seeky_multi.py:308:<module> <- verify_seeky_multi.py:244:main
WARNING:pet.gui_stall_sampler:  [t-9ms] webm_clip.py:2750:_process_frame <- window_optional_services.py:62:<lambda> <- verify_seeky_multi.py:92:observed_frame <- window.py:1917:_on_frame <- window.py:2068:_rebuild_frame <- window.py:1990:_frame_signature
WARNING:root:GUI 卡顿 122ms state=IDLE anim=待机呼吸休闲 physics=None
WARNING:pet.gui_stall_sampler:GUI 冻结现场（122ms，1 个采样点，旧→新）：
WARNING:pet.gui_stall_sampler:  [t-172ms] webm_clip.py:2499:_poll <- webm_clip.py:2750:_process_frame <- window_optional_services.py:62:<lambda> <- verify_seeky_multi.py:92:observed_frame <- window.py:1917:_on_frame <- window.py:2106:_rebuild_frame
WARNING:root:GUI 卡顿 123ms state=IDLE anim=待机呼吸休闲 physics=None
WARNING:pet.gui_stall_sampler:GUI 冻结现场（123ms，1 个采样点，旧→新）：
WARNING:pet.gui_stall_sampler:  [t-173ms] webm_clip.py:2499:_poll <- webm_clip.py:2750:_process_frame <- window_optional_services.py:62:<lambda> <- verify_seeky_multi.py:92:observed_frame <- window.py:1917:_on_frame <- window.py:2106:_rebuild_frame
WARNING:root:GUI 卡顿 124ms state=IDLE anim=待机呼吸休闲 physics=None
WARNING:pet.gui_stall_sampler:GUI 冻结现场（124ms，1 个采样点，旧→新）：
WARNING:pet.gui_stall_sampler:  [t-173ms] webm_clip.py:2499:_poll <- webm_clip.py:2750:_process_frame <- window_optional_services.py:62:<lambda> <- verify_seeky_multi.py:92:observed_frame <- window.py:1917:_on_frame <- window.py:2106:_rebuild_frame
WARNING:root:GUI 卡顿 163ms state=IDLE anim=待机呼吸休闲 physics=None
WARNING:pet.gui_stall_sampler:GUI 冻结现场（163ms，1 个采样点，旧→新）：
WARNING:pet.gui_stall_sampler:  [t-4ms] window_optional_services.py:62:<lambda> <- verify_seeky_multi.py:92:observed_frame <- window.py:1917:_on_frame <- window.py:2124:_rebuild_frame <- window.py:2270:_sync_mask <- window_optional_services.py:42:effects_coverage
WARNING:root:GUI 卡顿 165ms state=IDLE anim=待机呼吸休闲 physics=None
WARNING:pet.gui_stall_sampler:GUI 冻结现场（165ms，1 个采样点，旧→新）：
WARNING:pet.gui_stall_sampler:  [t-5ms] window_optional_services.py:62:<lambda> <- verify_seeky_multi.py:92:observed_frame <- window.py:1917:_on_frame <- window.py:2124:_rebuild_frame <- window.py:2270:_sync_mask <- window_optional_services.py:42:effects_coverage
WARNING:root:GUI 卡顿 166ms state=IDLE anim=待机呼吸休闲 physics=None
WARNING:pet.gui_stall_sampler:GUI 冻结现场（166ms，1 个采样点，旧→新）：
WARNING:pet.gui_stall_sampler:  [t-5ms] window_optional_services.py:62:<lambda> <- verify_seeky_multi.py:92:observed_frame <- window.py:1917:_on_frame <- window.py:2124:_rebuild_frame <- window.py:2270:_sync_mask <- window_optional_services.py:42:effects_coverage
WARNING:root:GUI 卡顿 110ms state=IDLE anim=待机呼吸休闲 physics=None
WARNING:pet.gui_stall_sampler:GUI 冻结现场（110ms，2 个采样点，旧→新）：
WARNING:pet.gui_stall_sampler:  [t-119ms] verify_seeky_multi.py:308:<module> <- verify_seeky_multi.py:244:main
WARNING:pet.gui_stall_sampler:  [t-48ms] verify_seeky_multi.py:308:<module> <- verify_seeky_multi.py:244:main <- webm_clip.py:2499:_poll <- webm_clip.py:2724:_process_frame
WARNING:root:GUI 卡顿 111ms state=IDLE anim=待机呼吸休闲 physics=None
WARNING:pet.gui_stall_sampler:GUI 冻结现场（111ms，2 个采样点，旧→新）：
WARNING:pet.gui_stall_sampler:  [t-120ms] verify_seeky_multi.py:308:<module> <- verify_seeky_multi.py:244:main
WARNING:pet.gui_stall_sampler:  [t-48ms] verify_seeky_multi.py:308:<module> <- verify_seeky_multi.py:244:main <- webm_clip.py:2499:_poll <- webm_clip.py:2724:_process_frame
WARNING:root:GUI 卡顿 111ms state=IDLE anim=待机呼吸休闲 physics=None
WARNING:pet.gui_stall_sampler:GUI 冻结现场（111ms，2 个采样点，旧→新）：
WARNING:pet.gui_stall_sampler:  [t-120ms] verify_seeky_multi.py:308:<module> <- verify_seeky_multi.py:244:main
WARNING:pet.gui_stall_sampler:  [t-49ms] verify_seeky_multi.py:308:<module> <- verify_seeky_multi.py:244:main <- webm_clip.py:2499:_poll <- webm_clip.py:2724:_process_frame
WARNING:root:GUI 卡顿 136ms state=IDLE anim=待机呼吸休闲 physics=None
WARNING:pet.gui_stall_sampler:GUI 冻结现场（136ms，1 个采样点，旧→新）：
WARNING:pet.gui_stall_sampler:  [t-148ms] verify_seeky_multi.py:308:<module> <- verify_seeky_multi.py:244:main
WARNING:root:GUI 卡顿 138ms state=IDLE anim=待机呼吸休闲 physics=None
WARNING:pet.gui_stall_sampler:GUI 冻结现场（138ms，2 个采样点，旧→新）：
WARNING:pet.gui_stall_sampler:  [t-149ms] verify_seeky_multi.py:308:<module> <- verify_seeky_multi.py:244:main
WARNING:pet.gui_stall_sampler:  [t-0ms] webm_clip.py:2499:_poll <- webm_clip.py:2750:_process_frame <- window_optional_services.py:62:<lambda> <- verify_seeky_multi.py:92:observed_frame <- window.py:1917:_on_frame <- window.py:2106:_rebuild_frame
WARNING:root:GUI 卡顿 139ms state=IDLE anim=待机呼吸休闲 physics=None
WARNING:pet.gui_stall_sampler:GUI 冻结现场（139ms，2 个采样点，旧→新）：
WARNING:pet.gui_stall_sampler:  [t-150ms] verify_seeky_multi.py:308:<module> <- verify_seeky_multi.py:244:main
WARNING:pet.gui_stall_sampler:  [t-1ms] webm_clip.py:2499:_poll <- webm_clip.py:2750:_process_frame <- window_optional_services.py:62:<lambda> <- verify_seeky_multi.py:92:observed_frame <- window.py:1917:_on_frame <- window.py:2106:_rebuild_frame
WARNING:root:GUI 卡顿 111ms state=IDLE anim=待机呼吸休闲 physics=None
WARNING:pet.gui_stall_sampler:GUI 冻结现场（111ms，2 个采样点，旧→新）：
WARNING:pet.gui_stall_sampler:  [t-154ms] webm_clip.py:2499:_poll <- webm_clip.py:2750:_process_frame <- window_optional_services.py:62:<lambda> <- verify_seeky_multi.py:92:observed_frame <- window.py:1919:_on_frame <- window.py:2126:_rebuild_frame
WARNING:pet.gui_stall_sampler:  [t-8ms] webm_clip.py:2499:_poll <- webm_clip.py:2750:_process_frame <- window_optional_services.py:62:<lambda> <- verify_seeky_multi.py:92:observed_frame <- window.py:1917:_on_frame <- window.py:2106:_rebuild_frame
WARNING:root:GUI 卡顿 115ms state=IDLE anim=待机呼吸休闲 physics=None
WARNING:pet.gui_stall_sampler:GUI 冻结现场（115ms，2 个采样点，旧→新）：
WARNING:pet.gui_stall_sampler:  [t-157ms] webm_clip.py:2499:_poll <- webm_clip.py:2750:_process_frame <- window_optional_services.py:62:<lambda> <- verify_seeky_multi.py:92:observed_frame <- window.py:1919:_on_frame <- window.py:2126:_rebuild_frame
WARNING:pet.gui_stall_sampler:  [t-11ms] webm_clip.py:2499:_poll <- webm_clip.py:2750:_process_frame <- window_optional_services.py:62:<lambda> <- verify_seeky_multi.py:92:observed_frame <- window.py:1917:_on_frame <- window.py:2106:_rebuild_frame
WARNING:root:GUI 卡顿 116ms state=IDLE anim=待机呼吸休闲 physics=None
WARNING:pet.gui_stall_sampler:GUI 冻结现场（116ms，2 个采样点，旧→新）：
WARNING:pet.gui_stall_sampler:  [t-158ms] webm_clip.py:2499:_poll <- webm_clip.py:2750:_process_frame <- window_optional_services.py:62:<lambda> <- verify_seeky_multi.py:92:observed_frame <- window.py:1919:_on_frame <- window.py:2126:_rebuild_frame
WARNING:pet.gui_stall_sampler:  [t-12ms] webm_clip.py:2499:_poll <- webm_clip.py:2750:_process_frame <- window_optional_services.py:62:<lambda> <- verify_seeky_multi.py:92:observed_frame <- window.py:1917:_on_frame <- window.py:2106:_rebuild_frame
{'max_first_frame_decoders': 2, 'steady_mib': 1493.0037536621094, 'peak_mib': 1569.9412536621094, 'growth_mib': 415.5867385864258, 'playback': {0: {'fps': 3.876201581944361, 'forward_gaps': 0, 'frames': 240, 'ten_second_bins': [{'start': 0, 'fps': 3.482815786907399, 'frames': 26}, {'start': 10, 'fps': 4.164000690614749, 'frames': 42}, {'start': 20, 'fps': 4.09684952271703, 'frames': 41}, {'start': 30, 'fps': 4.000738597894997, 'frames': 40}, {'start': 40, 'fps': 4.1480866950119255, 'frames': 41}, {'start': 50, 'fps': 4.095381433588271, 'frames': 41}, {'start': 60, 'fps': 3.900836626802853, 'frames': 39}, {'start': 70, 'fps': 3.750507881275592, 'frames': 37}, {'start': 80, 'fps': 3.5004632966127893, 'frames': 35}, {'start': 90, 'fps': 3.987281594094736, 'frames': 40}]}, 1: {'fps': 3.924640443177505, 'forward_gaps': 0, 'frames': 244, 'ten_second_bins': [{'start': 0, 'fps': 3.972668043858256, 'frames': 26}, {'start': 10, 'fps': 4.206767765898505, 'frames': 42}, {'start': 20, 'fps': 4.305572641161275, 'frames': 43}, {'start': 30, 'fps': 4.249893752656184, 'frames': 43}, {'start': 40, 'fps': 4.335458765557425, 'frames': 42}, {'start': 50, 'fps': 4.301956365871144, 'frames': 43}, {'start': 60, 'fps': 3.797403397136551, 'frames': 38}, {'start': 70, 'fps': 3.6686028737389167, 'frames': 37}, {'start': 80, 'fps': 3.5523607526825542, 'frames': 35}, {'start': 90, 'fps': 3.9428987382724046, 'frames': 40}]}, 2: {'fps': 3.8053105943085512, 'forward_gaps': 0, 'frames': 236, 'ten_second_bins': [{'start': 0, 'fps': 3.501400560224089, 'frames': 26}, {'start': 10, 'fps': 4.129068643248469, 'frames': 42}, {'start': 20, 'fps': 4.102774501256474, 'frames': 41}, {'start': 30, 'fps': 4.022398407977051, 'frames': 39}, {'start': 40, 'fps': 4.152992180219602, 'frames': 42}, {'start': 50, 'fps': 4.074772067437479, 'frames': 41}, {'start': 60, 'fps': 3.466169169444699, 'frames': 35}, {'start': 70, 'fps': 3.6546272802263746, 'frames': 36}, {'start': 80, 'fps': 3.5716472437087963, 'frames': 36}, {'start': 90, 'fps': 3.886799588209339, 'frames': 38}]}}, 'queue_drops': 0, 'duplicate_first_images': [], 'lifecycle': {}, 'shared_process_enabled': True, 'source_widths': [2560, 2560, 2560], 'actions': {0: '待机呼吸休闲', 1: '待机呼吸休闲', 2: '待机呼吸休闲'}, 'initial_decode_routes': {0: {'idle_eligible': True, 'broker_active': True, 'feed': False, 'publish': True, 'path': '/Users/ray/Documents/New project/dsr-pet/assets/characters_hq/shenshen/videos/idle/待机呼吸休闲.webm'}, 1: {'idle_eligible': True, 'broker_active': True, 'feed': True, 'publish': False, 'path': '/Users/ray/Documents/New project/dsr-pet/assets/characters_hq/shenshen/videos/idle/待机呼吸休闲.webm'}, 2: {'idle_eligible': True, 'broker_active': True, 'feed': True, 'publish': False, 'path': '/Users/ray/Documents/New project/dsr-pet/assets/characters_hq/shenshen/videos/idle/待机呼吸休闲.webm'}}, 'live_ffmpeg_after_cleanup': []} ['Pet 0: fps=3.88, skipped source frames=0', 'Pet 1: fps=3.92, skipped source frames=0', 'Pet 2: fps=3.81, skipped source frames=0']
