QSystemTrayIcon::setVisible: No Icon set
WARNING:root:GUI 卡顿 952ms state=IDLE anim=待机呼吸休闲 physics=None
WARNING:pet.gui_stall_sampler:GUI 冻结现场（952ms，11 个采样点，旧→新）：
WARNING:pet.gui_stall_sampler:  [t-845ms] verify_seeky_multi.py:57:main <- app.py:1703:start <- app.py:1812:_create_ui_with_character_fallback <- app.py:572:_create_ui <- app.py:537:_build_window <- enum.py:695:__call__
WARNING:pet.gui_stall_sampler:  [t-760ms] verify_seeky_multi.py:57:main <- app.py:1703:start <- app.py:1812:_create_ui_with_character_fallback <- app.py:572:_create_ui <- app.py:537:_build_window <- file_eater.py:150:eventFilter
WARNING:pet.gui_stall_sampler:  [t-668ms] verify_seeky_multi.py:113:main <- app.py:2627:spawn_pet <- app.py:2740:spawn_in_process_window <- slot_manager.py:196:acquire_pet_slot <- slot_manager.py:128:_try_acquire_slot_lock <- slot_manager.py:100:_open_lock_file
WARNING:pet.gui_stall_sampler:  [t-600ms] verify_seeky_multi.py:308:<module> <- verify_seeky_multi.py:113:main <- app.py:2627:spawn_pet <- app.py:2768:spawn_in_process_window <- app.py:537:_build_window <- file_eater.py:150:eventFilter
WARNING:pet.gui_stall_sampler:  [t-547ms] app.py:504:_build_window <- app.py:404:_create_library <- library.py:201:__init__ <- library.py:313:_load_all <- glob.py:478:select_recursive <- glob.py:485:select_recursive_step
WARNING:pet.gui_stall_sampler:  [t-477ms] verify_seeky_multi.py:308:<module> <- verify_seeky_multi.py:113:main <- app.py:2627:spawn_pet <- app.py:2768:spawn_in_process_window <- app.py:537:_build_window <- file_eater.py:150:eventFilter
WARNING:pet.gui_stall_sampler:  [t-422ms] verify_seeky_multi.py:308:<module> <- verify_seeky_multi.py:244:main
WARNING:root:GUI 卡顿 644ms state=IDLE anim=待机呼吸休闲 physics=None
WARNING:pet.gui_stall_sampler:GUI 冻结现场（644ms，9 个采样点，旧→新）：
WARNING:pet.gui_stall_sampler:  [t-684ms] verify_seeky_multi.py:113:main <- app.py:2627:spawn_pet <- app.py:2740:spawn_in_process_window <- slot_manager.py:196:acquire_pet_slot <- slot_manager.py:128:_try_acquire_slot_lock <- slot_manager.py:100:_open_lock_file
WARNING:pet.gui_stall_sampler:  [t-616ms] verify_seeky_multi.py:308:<module> <- verify_seeky_multi.py:113:main <- app.py:2627:spawn_pet <- app.py:2768:spawn_in_process_window <- app.py:537:_build_window <- file_eater.py:150:eventFilter
WARNING:pet.gui_stall_sampler:  [t-563ms] app.py:504:_build_window <- app.py:404:_create_library <- library.py:201:__init__ <- library.py:313:_load_all <- glob.py:478:select_recursive <- glob.py:485:select_recursive_step
WARNING:pet.gui_stall_sampler:  [t-493ms] verify_seeky_multi.py:308:<module> <- verify_seeky_multi.py:113:main <- app.py:2627:spawn_pet <- app.py:2768:spawn_in_process_window <- app.py:537:_build_window <- file_eater.py:150:eventFilter
WARNING:pet.gui_stall_sampler:  [t-438ms] verify_seeky_multi.py:308:<module> <- verify_seeky_multi.py:244:main
WARNING:root:GUI 卡顿 587ms state=IDLE anim=待机呼吸休闲 physics=None
WARNING:pet.gui_stall_sampler:GUI 冻结现场（587ms，7 个采样点，旧→新）：
WARNING:pet.gui_stall_sampler:  [t-592ms] app.py:504:_build_window <- app.py:404:_create_library <- library.py:201:__init__ <- library.py:313:_load_all <- glob.py:478:select_recursive <- glob.py:485:select_recursive_step
WARNING:pet.gui_stall_sampler:  [t-521ms] verify_seeky_multi.py:308:<module> <- verify_seeky_multi.py:113:main <- app.py:2627:spawn_pet <- app.py:2768:spawn_in_process_window <- app.py:537:_build_window <- file_eater.py:150:eventFilter
WARNING:pet.gui_stall_sampler:  [t-466ms] verify_seeky_multi.py:308:<module> <- verify_seeky_multi.py:244:main
WARNING:root:GUI 卡顿 168ms state=IDLE anim=待机呼吸休闲 physics=None
WARNING:pet.gui_stall_sampler:GUI 冻结现场（168ms，3 个采样点，旧→新）：
WARNING:pet.gui_stall_sampler:  [t-172ms] verify_seeky_multi.py:308:<module> <- verify_seeky_multi.py:244:main
WARNING:pet.gui_stall_sampler:  [t-59ms] window_optional_services.py:62:<lambda> <- verify_seeky_multi.py:92:observed_frame <- window.py:1917:_on_frame <- window.py:2124:_rebuild_frame <- window.py:2270:_sync_mask <- window_optional_services.py:42:effects_coverage
WARNING:pet.gui_stall_sampler:  [t-5ms] verify_seeky_multi.py:308:<module> <- verify_seeky_multi.py:244:main
WARNING:root:GUI 卡顿 171ms state=IDLE anim=待机呼吸休闲 physics=None
WARNING:pet.gui_stall_sampler:GUI 冻结现场（171ms，3 个采样点，旧→新）：
WARNING:pet.gui_stall_sampler:  [t-173ms] verify_seeky_multi.py:308:<module> <- verify_seeky_multi.py:244:main
WARNING:pet.gui_stall_sampler:  [t-60ms] window_optional_services.py:62:<lambda> <- verify_seeky_multi.py:92:observed_frame <- window.py:1917:_on_frame <- window.py:2124:_rebuild_frame <- window.py:2270:_sync_mask <- window_optional_services.py:42:effects_coverage
WARNING:pet.gui_stall_sampler:  [t-6ms] verify_seeky_multi.py:308:<module> <- verify_seeky_multi.py:244:main
WARNING:root:GUI 卡顿 172ms state=IDLE anim=待机呼吸休闲 physics=None
WARNING:pet.gui_stall_sampler:GUI 冻结现场（172ms，3 个采样点，旧→新）：
WARNING:pet.gui_stall_sampler:  [t-174ms] verify_seeky_multi.py:308:<module> <- verify_seeky_multi.py:244:main
WARNING:pet.gui_stall_sampler:  [t-61ms] window_optional_services.py:62:<lambda> <- verify_seeky_multi.py:92:observed_frame <- window.py:1917:_on_frame <- window.py:2124:_rebuild_frame <- window.py:2270:_sync_mask <- window_optional_services.py:42:effects_coverage
WARNING:pet.gui_stall_sampler:  [t-7ms] verify_seeky_multi.py:308:<module> <- verify_seeky_multi.py:244:main
WARNING:root:GUI 卡顿 170ms state=IDLE anim=待机呼吸休闲 physics=None
WARNING:pet.gui_stall_sampler:GUI 冻结现场（170ms，3 个采样点，旧→新）：
WARNING:pet.gui_stall_sampler:  [t-213ms] verify_seeky_multi.py:308:<module> <- verify_seeky_multi.py:244:main
WARNING:pet.gui_stall_sampler:  [t-110ms] webm_clip.py:2499:_poll <- webm_clip.py:2750:_process_frame <- window_optional_services.py:62:<lambda> <- verify_seeky_multi.py:92:observed_frame <- window.py:1917:_on_frame <- window.py:2106:_rebuild_frame
WARNING:pet.gui_stall_sampler:  [t-15ms] webm_clip.py:2750:_process_frame <- window_optional_services.py:62:<lambda> <- verify_seeky_multi.py:92:observed_frame <- window.py:1917:_on_frame <- window.py:2068:_rebuild_frame <- window.py:1990:_frame_signature
WARNING:root:GUI 卡顿 171ms state=IDLE anim=待机呼吸休闲 physics=None
WARNING:pet.gui_stall_sampler:GUI 冻结现场（171ms，3 个采样点，旧→新）：
WARNING:pet.gui_stall_sampler:  [t-214ms] verify_seeky_multi.py:308:<module> <- verify_seeky_multi.py:244:main
WARNING:pet.gui_stall_sampler:  [t-110ms] webm_clip.py:2499:_poll <- webm_clip.py:2750:_process_frame <- window_optional_services.py:62:<lambda> <- verify_seeky_multi.py:92:observed_frame <- window.py:1917:_on_frame <- window.py:2106:_rebuild_frame
WARNING:pet.gui_stall_sampler:  [t-16ms] webm_clip.py:2750:_process_frame <- window_optional_services.py:62:<lambda> <- verify_seeky_multi.py:92:observed_frame <- window.py:1917:_on_frame <- window.py:2068:_rebuild_frame <- window.py:1990:_frame_signature
WARNING:root:GUI 卡顿 171ms state=IDLE anim=待机呼吸休闲 physics=None
WARNING:pet.gui_stall_sampler:GUI 冻结现场（171ms，3 个采样点，旧→新）：
WARNING:pet.gui_stall_sampler:  [t-215ms] verify_seeky_multi.py:308:<module> <- verify_seeky_multi.py:244:main
WARNING:pet.gui_stall_sampler:  [t-111ms] webm_clip.py:2499:_poll <- webm_clip.py:2750:_process_frame <- window_optional_services.py:62:<lambda> <- verify_seeky_multi.py:92:observed_frame <- window.py:1917:_on_frame <- window.py:2106:_rebuild_frame
WARNING:pet.gui_stall_sampler:  [t-17ms] webm_clip.py:2750:_process_frame <- window_optional_services.py:62:<lambda> <- verify_seeky_multi.py:92:observed_frame <- window.py:1917:_on_frame <- window.py:2068:_rebuild_frame <- window.py:1990:_frame_signature
WARNING:root:GUI 卡顿 142ms state=IDLE anim=待机呼吸休闲 physics=None
WARNING:pet.gui_stall_sampler:GUI 冻结现场（142ms，2 个采样点，旧→新）：
WARNING:pet.gui_stall_sampler:  [t-143ms] verify_seeky_multi.py:308:<module> <- verify_seeky_multi.py:244:main
WARNING:pet.gui_stall_sampler:  [t-49ms] webm_clip.py:2499:_poll <- webm_clip.py:2750:_process_frame <- window_optional_services.py:62:<lambda> <- verify_seeky_multi.py:92:observed_frame <- window.py:1917:_on_frame <- window.py:2106:_rebuild_frame
WARNING:root:GUI 卡顿 143ms state=IDLE anim=待机呼吸休闲 physics=None
WARNING:pet.gui_stall_sampler:GUI 冻结现场（143ms，2 个采样点，旧→新）：
WARNING:pet.gui_stall_sampler:  [t-144ms] verify_seeky_multi.py:308:<module> <- verify_seeky_multi.py:244:main
WARNING:pet.gui_stall_sampler:  [t-49ms] webm_clip.py:2499:_poll <- webm_clip.py:2750:_process_frame <- window_optional_services.py:62:<lambda> <- verify_seeky_multi.py:92:observed_frame <- window.py:1917:_on_frame <- window.py:2106:_rebuild_frame
WARNING:root:GUI 卡顿 144ms state=IDLE anim=待机呼吸休闲 physics=None
WARNING:pet.gui_stall_sampler:GUI 冻结现场（144ms，2 个采样点，旧→新）：
WARNING:pet.gui_stall_sampler:  [t-144ms] verify_seeky_multi.py:308:<module> <- verify_seeky_multi.py:244:main
WARNING:pet.gui_stall_sampler:  [t-50ms] webm_clip.py:2499:_poll <- webm_clip.py:2750:_process_frame <- window_optional_services.py:62:<lambda> <- verify_seeky_multi.py:92:observed_frame <- window.py:1917:_on_frame <- window.py:2106:_rebuild_frame
WARNING:root:GUI 卡顿 184ms state=IDLE anim=待机呼吸休闲 physics=None
WARNING:pet.gui_stall_sampler:GUI 冻结现场（184ms，3 个采样点，旧→新）：
WARNING:pet.gui_stall_sampler:  [t-219ms] verify_seeky_multi.py:308:<module> <- verify_seeky_multi.py:244:main
WARNING:pet.gui_stall_sampler:  [t-79ms] webm_clip.py:2499:_poll <- webm_clip.py:2750:_process_frame <- window_optional_services.py:62:<lambda> <- verify_seeky_multi.py:92:observed_frame <- window.py:1917:_on_frame <- window.py:2106:_rebuild_frame
WARNING:root:GUI 卡顿 186ms state=IDLE anim=待机呼吸休闲 physics=None
WARNING:pet.gui_stall_sampler:GUI 冻结现场（186ms，3 个采样点，旧→新）：
WARNING:pet.gui_stall_sampler:  [t-220ms] verify_seeky_multi.py:308:<module> <- verify_seeky_multi.py:244:main
WARNING:pet.gui_stall_sampler:  [t-80ms] webm_clip.py:2499:_poll <- webm_clip.py:2750:_process_frame <- window_optional_services.py:62:<lambda> <- verify_seeky_multi.py:92:observed_frame <- window.py:1917:_on_frame <- window.py:2106:_rebuild_frame
WARNING:root:GUI 卡顿 186ms state=IDLE anim=待机呼吸休闲 physics=None
WARNING:pet.gui_stall_sampler:GUI 冻结现场（186ms，3 个采样点，旧→新）：
WARNING:pet.gui_stall_sampler:  [t-220ms] verify_seeky_multi.py:308:<module> <- verify_seeky_multi.py:244:main
WARNING:pet.gui_stall_sampler:  [t-80ms] webm_clip.py:2499:_poll <- webm_clip.py:2750:_process_frame <- window_optional_services.py:62:<lambda> <- verify_seeky_multi.py:92:observed_frame <- window.py:1917:_on_frame <- window.py:2106:_rebuild_frame
WARNING:root:GUI 卡顿 113ms state=IDLE anim=待机呼吸休闲 physics=None
WARNING:pet.gui_stall_sampler:GUI 冻结现场（113ms，3 个采样点，旧→新）：
WARNING:pet.gui_stall_sampler:  [t-124ms] webm_clip.py:2499:_poll <- webm_clip.py:2750:_process_frame <- window_optional_services.py:62:<lambda> <- verify_seeky_multi.py:92:observed_frame <- window.py:1917:_on_frame <- window.py:2106:_rebuild_frame
WARNING:pet.gui_stall_sampler:  [t-57ms] verify_seeky_multi.py:308:<module> <- verify_seeky_multi.py:244:main <- webm_clip.py:2499:_poll <- webm_clip.py:2724:_process_frame
WARNING:pet.gui_stall_sampler:  [t-2ms] verify_seeky_multi.py:308:<module> <- verify_seeky_multi.py:244:main
WARNING:root:GUI 卡顿 112ms state=IDLE anim=待机呼吸休闲 physics=None
WARNING:pet.gui_stall_sampler:GUI 冻结现场（112ms，3 个采样点，旧→新）：
WARNING:pet.gui_stall_sampler:  [t-124ms] webm_clip.py:2499:_poll <- webm_clip.py:2750:_process_frame <- window_optional_services.py:62:<lambda> <- verify_seeky_multi.py:92:observed_frame <- window.py:1917:_on_frame <- window.py:2106:_rebuild_frame
WARNING:pet.gui_stall_sampler:  [t-57ms] verify_seeky_multi.py:308:<module> <- verify_seeky_multi.py:244:main <- webm_clip.py:2499:_poll <- webm_clip.py:2724:_process_frame
WARNING:pet.gui_stall_sampler:  [t-2ms] verify_seeky_multi.py:308:<module> <- verify_seeky_multi.py:244:main
WARNING:root:GUI 卡顿 112ms state=IDLE anim=待机呼吸休闲 physics=None
WARNING:pet.gui_stall_sampler:GUI 冻结现场（112ms，3 个采样点，旧→新）：
WARNING:pet.gui_stall_sampler:  [t-125ms] webm_clip.py:2499:_poll <- webm_clip.py:2750:_process_frame <- window_optional_services.py:62:<lambda> <- verify_seeky_multi.py:92:observed_frame <- window.py:1917:_on_frame <- window.py:2106:_rebuild_frame
WARNING:pet.gui_stall_sampler:  [t-58ms] verify_seeky_multi.py:308:<module> <- verify_seeky_multi.py:244:main <- webm_clip.py:2499:_poll <- webm_clip.py:2724:_process_frame
WARNING:pet.gui_stall_sampler:  [t-2ms] verify_seeky_multi.py:308:<module> <- verify_seeky_multi.py:244:main
WARNING:root:GUI 卡顿 185ms state=IDLE anim=待机呼吸休闲 physics=None
WARNING:pet.gui_stall_sampler:GUI 冻结现场（185ms，3 个采样点，旧→新）：
WARNING:pet.gui_stall_sampler:  [t-200ms] verify_seeky_multi.py:308:<module> <- verify_seeky_multi.py:244:main
WARNING:pet.gui_stall_sampler:  [t-115ms] webm_clip.py:2499:_poll <- webm_clip.py:2750:_process_frame <- window_optional_services.py:62:<lambda> <- verify_seeky_multi.py:92:observed_frame <- window.py:1917:_on_frame <- window.py:2106:_rebuild_frame
WARNING:root:GUI 卡顿 187ms state=IDLE anim=待机呼吸休闲 physics=None
WARNING:pet.gui_stall_sampler:GUI 冻结现场（187ms，3 个采样点，旧→新）：
WARNING:pet.gui_stall_sampler:  [t-201ms] verify_seeky_multi.py:308:<module> <- verify_seeky_multi.py:244:main
WARNING:pet.gui_stall_sampler:  [t-116ms] webm_clip.py:2499:_poll <- webm_clip.py:2750:_process_frame <- window_optional_services.py:62:<lambda> <- verify_seeky_multi.py:92:observed_frame <- window.py:1917:_on_frame <- window.py:2106:_rebuild_frame
WARNING:root:GUI 卡顿 187ms state=IDLE anim=待机呼吸休闲 physics=None
WARNING:pet.gui_stall_sampler:GUI 冻结现场（187ms，3 个采样点，旧→新）：
WARNING:pet.gui_stall_sampler:  [t-201ms] verify_seeky_multi.py:308:<module> <- verify_seeky_multi.py:244:main
WARNING:pet.gui_stall_sampler:  [t-117ms] webm_clip.py:2499:_poll <- webm_clip.py:2750:_process_frame <- window_optional_services.py:62:<lambda> <- verify_seeky_multi.py:92:observed_frame <- window.py:1917:_on_frame <- window.py:2106:_rebuild_frame
WARNING:root:GUI 卡顿 110ms state=IDLE anim=待机呼吸休闲 physics=None
WARNING:pet.gui_stall_sampler:GUI 冻结现场（110ms，3 个采样点，旧→新）：
WARNING:pet.gui_stall_sampler:  [t-150ms] webm_clip.py:2499:_poll <- webm_clip.py:2750:_process_frame <- window_optional_services.py:62:<lambda> <- verify_seeky_multi.py:92:observed_frame <- window.py:1917:_on_frame <- window.py:2106:_rebuild_frame
WARNING:pet.gui_stall_sampler:  [t-82ms] verify_seeky_multi.py:308:<module> <- verify_seeky_multi.py:244:main <- webm_clip.py:2499:_poll <- webm_clip.py:2750:_process_frame
WARNING:pet.gui_stall_sampler:  [t-19ms] verify_seeky_multi.py:308:<module> <- verify_seeky_multi.py:244:main <- webm_clip.py:2499:_poll <- webm_clip.py:2724:_process_frame
WARNING:root:GUI 卡顿 109ms state=IDLE anim=待机呼吸休闲 physics=None
WARNING:pet.gui_stall_sampler:GUI 冻结现场（109ms，3 个采样点，旧→新）：
WARNING:pet.gui_stall_sampler:  [t-151ms] webm_clip.py:2499:_poll <- webm_clip.py:2750:_process_frame <- window_optional_services.py:62:<lambda> <- verify_seeky_multi.py:92:observed_frame <- window.py:1917:_on_frame <- window.py:2106:_rebuild_frame
WARNING:pet.gui_stall_sampler:  [t-83ms] verify_seeky_multi.py:308:<module> <- verify_seeky_multi.py:244:main <- webm_clip.py:2499:_poll <- webm_clip.py:2750:_process_frame
WARNING:pet.gui_stall_sampler:  [t-20ms] verify_seeky_multi.py:308:<module> <- verify_seeky_multi.py:244:main <- webm_clip.py:2499:_poll <- webm_clip.py:2724:_process_frame
WARNING:root:GUI 卡顿 109ms state=IDLE anim=待机呼吸休闲 physics=None
WARNING:pet.gui_stall_sampler:GUI 冻结现场（109ms，3 个采样点，旧→新）：
WARNING:pet.gui_stall_sampler:  [t-151ms] webm_clip.py:2499:_poll <- webm_clip.py:2750:_process_frame <- window_optional_services.py:62:<lambda> <- verify_seeky_multi.py:92:observed_frame <- window.py:1917:_on_frame <- window.py:2106:_rebuild_frame
WARNING:pet.gui_stall_sampler:  [t-83ms] verify_seeky_multi.py:308:<module> <- verify_seeky_multi.py:244:main <- webm_clip.py:2499:_poll <- webm_clip.py:2750:_process_frame
WARNING:pet.gui_stall_sampler:  [t-20ms] verify_seeky_multi.py:308:<module> <- verify_seeky_multi.py:244:main <- webm_clip.py:2499:_poll <- webm_clip.py:2724:_process_frame
WARNING:root:GUI 卡顿 113ms state=IDLE anim=待机呼吸休闲 physics=None
WARNING:pet.gui_stall_sampler:GUI 冻结现场（113ms，3 个采样点，旧→新）：
WARNING:pet.gui_stall_sampler:  [t-147ms] webm_clip.py:2499:_poll <- webm_clip.py:2750:_process_frame <- window_optional_services.py:62:<lambda> <- verify_seeky_multi.py:92:observed_frame <- window.py:1917:_on_frame <- window.py:2114:_rebuild_frame
WARNING:pet.gui_stall_sampler:  [t-61ms] window_optional_services.py:62:<lambda> <- verify_seeky_multi.py:92:observed_frame <- window.py:1917:_on_frame <- window.py:2124:_rebuild_frame <- window.py:2270:_sync_mask <- window_optional_services.py:42:effects_coverage
WARNING:pet.gui_stall_sampler:  [t-1ms] verify_seeky_multi.py:308:<module> <- verify_seeky_multi.py:244:main
WARNING:root:GUI 卡顿 114ms state=IDLE anim=待机呼吸休闲 physics=None
WARNING:pet.gui_stall_sampler:GUI 冻结现场（114ms，3 个采样点，旧→新）：
WARNING:pet.gui_stall_sampler:  [t-148ms] webm_clip.py:2499:_poll <- webm_clip.py:2750:_process_frame <- window_optional_services.py:62:<lambda> <- verify_seeky_multi.py:92:observed_frame <- window.py:1917:_on_frame <- window.py:2114:_rebuild_frame
WARNING:pet.gui_stall_sampler:  [t-61ms] window_optional_services.py:62:<lambda> <- verify_seeky_multi.py:92:observed_frame <- window.py:1917:_on_frame <- window.py:2124:_rebuild_frame <- window.py:2270:_sync_mask <- window_optional_services.py:42:effects_coverage
WARNING:pet.gui_stall_sampler:  [t-2ms] verify_seeky_multi.py:308:<module> <- verify_seeky_multi.py:244:main
WARNING:root:GUI 卡顿 115ms state=IDLE anim=待机呼吸休闲 physics=None
WARNING:pet.gui_stall_sampler:GUI 冻结现场（115ms，3 个采样点，旧→新）：
WARNING:pet.gui_stall_sampler:  [t-148ms] webm_clip.py:2499:_poll <- webm_clip.py:2750:_process_frame <- window_optional_services.py:62:<lambda> <- verify_seeky_multi.py:92:observed_frame <- window.py:1917:_on_frame <- window.py:2114:_rebuild_frame
WARNING:pet.gui_stall_sampler:  [t-62ms] window_optional_services.py:62:<lambda> <- verify_seeky_multi.py:92:observed_frame <- window.py:1917:_on_frame <- window.py:2124:_rebuild_frame <- window.py:2270:_sync_mask <- window_optional_services.py:42:effects_coverage
WARNING:pet.gui_stall_sampler:  [t-2ms] verify_seeky_multi.py:308:<module> <- verify_seeky_multi.py:244:main
WARNING:root:GUI 卡顿 101ms state=IDLE anim=待机呼吸休闲 physics=None
WARNING:pet.gui_stall_sampler:GUI 冻结现场（101ms，3 个采样点，旧→新）：
WARNING:pet.gui_stall_sampler:  [t-142ms] verify_seeky_multi.py:308:<module> <- verify_seeky_multi.py:244:main
WARNING:pet.gui_stall_sampler:  [t-70ms] webm_clip.py:2499:_poll <- webm_clip.py:2750:_process_frame <- window_optional_services.py:62:<lambda> <- verify_seeky_multi.py:92:observed_frame <- window.py:1917:_on_frame <- window.py:2106:_rebuild_frame
WARNING:pet.gui_stall_sampler:  [t-9ms] webm_clip.py:2499:_poll <- webm_clip.py:2750:_process_frame <- window_optional_services.py:62:<lambda> <- verify_seeky_multi.py:92:observed_frame <- window.py:1917:_on_frame <- window.py:2124:_rebuild_frame
WARNING:root:GUI 卡顿 102ms state=IDLE anim=待机呼吸休闲 physics=None
WARNING:pet.gui_stall_sampler:GUI 冻结现场（102ms，3 个采样点，旧→新）：
WARNING:pet.gui_stall_sampler:  [t-143ms] verify_seeky_multi.py:308:<module> <- verify_seeky_multi.py:244:main
WARNING:pet.gui_stall_sampler:  [t-70ms] webm_clip.py:2499:_poll <- webm_clip.py:2750:_process_frame <- window_optional_services.py:62:<lambda> <- verify_seeky_multi.py:92:observed_frame <- window.py:1917:_on_frame <- window.py:2106:_rebuild_frame
WARNING:pet.gui_stall_sampler:  [t-10ms] webm_clip.py:2499:_poll <- webm_clip.py:2750:_process_frame <- window_optional_services.py:62:<lambda> <- verify_seeky_multi.py:92:observed_frame <- window.py:1917:_on_frame <- window.py:2124:_rebuild_frame
WARNING:root:GUI 卡顿 102ms state=IDLE anim=待机呼吸休闲 physics=None
WARNING:pet.gui_stall_sampler:GUI 冻结现场（102ms，3 个采样点，旧→新）：
WARNING:pet.gui_stall_sampler:  [t-143ms] verify_seeky_multi.py:308:<module> <- verify_seeky_multi.py:244:main
WARNING:pet.gui_stall_sampler:  [t-70ms] webm_clip.py:2499:_poll <- webm_clip.py:2750:_process_frame <- window_optional_services.py:62:<lambda> <- verify_seeky_multi.py:92:observed_frame <- window.py:1917:_on_frame <- window.py:2106:_rebuild_frame
WARNING:pet.gui_stall_sampler:  [t-10ms] webm_clip.py:2499:_poll <- webm_clip.py:2750:_process_frame <- window_optional_services.py:62:<lambda> <- verify_seeky_multi.py:92:observed_frame <- window.py:1917:_on_frame <- window.py:2124:_rebuild_frame
WARNING:root:GUI 卡顿 128ms state=IDLE anim=待机呼吸休闲 physics=None
WARNING:pet.gui_stall_sampler:GUI 冻结现场（128ms，3 个采样点，旧→新）：
WARNING:pet.gui_stall_sampler:  [t-156ms] webm_clip.py:2499:_poll <- webm_clip.py:2750:_process_frame <- window_optional_services.py:62:<lambda> <- verify_seeky_multi.py:92:observed_frame <- window.py:1917:_on_frame <- window.py:2106:_rebuild_frame
WARNING:pet.gui_stall_sampler:  [t-94ms] verify_seeky_multi.py:92:observed_frame <- window.py:1917:_on_frame <- window.py:2124:_rebuild_frame <- window.py:2270:_sync_mask <- window_optional_services.py:42:effects_coverage <- frame_edges.py:39:coverage_region
WARNING:pet.gui_stall_sampler:  [t-14ms] verify_seeky_multi.py:308:<module> <- verify_seeky_multi.py:244:main <- webm_clip.py:2499:_poll <- webm_clip.py:2750:_process_frame
WARNING:root:GUI 卡顿 129ms state=IDLE anim=待机呼吸休闲 physics=None
WARNING:pet.gui_stall_sampler:GUI 冻结现场（129ms，3 个采样点，旧→新）：
WARNING:pet.gui_stall_sampler:  [t-157ms] webm_clip.py:2499:_poll <- webm_clip.py:2750:_process_frame <- window_optional_services.py:62:<lambda> <- verify_seeky_multi.py:92:observed_frame <- window.py:1917:_on_frame <- window.py:2106:_rebuild_frame
WARNING:pet.gui_stall_sampler:  [t-95ms] verify_seeky_multi.py:92:observed_frame <- window.py:1917:_on_frame <- window.py:2124:_rebuild_frame <- window.py:2270:_sync_mask <- window_optional_services.py:42:effects_coverage <- frame_edges.py:39:coverage_region
WARNING:pet.gui_stall_sampler:  [t-14ms] verify_seeky_multi.py:308:<module> <- verify_seeky_multi.py:244:main <- webm_clip.py:2499:_poll <- webm_clip.py:2750:_process_frame
WARNING:root:GUI 卡顿 129ms state=IDLE anim=待机呼吸休闲 physics=None
WARNING:pet.gui_stall_sampler:GUI 冻结现场（129ms，3 个采样点，旧→新）：
WARNING:pet.gui_stall_sampler:  [t-157ms] webm_clip.py:2499:_poll <- webm_clip.py:2750:_process_frame <- window_optional_services.py:62:<lambda> <- verify_seeky_multi.py:92:observed_frame <- window.py:1917:_on_frame <- window.py:2106:_rebuild_frame
WARNING:pet.gui_stall_sampler:  [t-95ms] verify_seeky_multi.py:92:observed_frame <- window.py:1917:_on_frame <- window.py:2124:_rebuild_frame <- window.py:2270:_sync_mask <- window_optional_services.py:42:effects_coverage <- frame_edges.py:39:coverage_region
WARNING:pet.gui_stall_sampler:  [t-15ms] verify_seeky_multi.py:308:<module> <- verify_seeky_multi.py:244:main <- webm_clip.py:2499:_poll <- webm_clip.py:2750:_process_frame
WARNING:root:GUI 卡顿 109ms state=IDLE anim=待机呼吸休闲 physics=None
WARNING:pet.gui_stall_sampler:GUI 冻结现场（109ms，2 个采样点，旧→新）：
WARNING:pet.gui_stall_sampler:  [t-108ms] verify_seeky_multi.py:308:<module> <- verify_seeky_multi.py:244:main
WARNING:pet.gui_stall_sampler:  [t-26ms] webm_clip.py:2499:_poll <- webm_clip.py:2750:_process_frame <- window_optional_services.py:62:<lambda> <- verify_seeky_multi.py:92:observed_frame <- window.py:1917:_on_frame <- window.py:2106:_rebuild_frame
WARNING:root:GUI 卡顿 110ms state=IDLE anim=待机呼吸休闲 physics=None
WARNING:pet.gui_stall_sampler:GUI 冻结现场（110ms，2 个采样点，旧→新）：
WARNING:pet.gui_stall_sampler:  [t-109ms] verify_seeky_multi.py:308:<module> <- verify_seeky_multi.py:244:main
WARNING:pet.gui_stall_sampler:  [t-27ms] webm_clip.py:2499:_poll <- webm_clip.py:2750:_process_frame <- window_optional_services.py:62:<lambda> <- verify_seeky_multi.py:92:observed_frame <- window.py:1917:_on_frame <- window.py:2106:_rebuild_frame
WARNING:root:GUI 卡顿 110ms state=IDLE anim=待机呼吸休闲 physics=None
WARNING:pet.gui_stall_sampler:GUI 冻结现场（110ms，2 个采样点，旧→新）：
WARNING:pet.gui_stall_sampler:  [t-109ms] verify_seeky_multi.py:308:<module> <- verify_seeky_multi.py:244:main
WARNING:pet.gui_stall_sampler:  [t-27ms] webm_clip.py:2499:_poll <- webm_clip.py:2750:_process_frame <- window_optional_services.py:62:<lambda> <- verify_seeky_multi.py:92:observed_frame <- window.py:1917:_on_frame <- window.py:2106:_rebuild_frame
WARNING:root:GUI 卡顿 132ms state=IDLE anim=待机呼吸休闲 physics=None
WARNING:pet.gui_stall_sampler:GUI 冻结现场（132ms，3 个采样点，旧→新）：
WARNING:pet.gui_stall_sampler:  [t-181ms] webm_clip.py:2499:_poll <- webm_clip.py:2750:_process_frame <- window_optional_services.py:62:<lambda> <- verify_seeky_multi.py:92:observed_frame <- window.py:1917:_on_frame <- window.py:2106:_rebuild_frame
WARNING:pet.gui_stall_sampler:  [t-103ms] webm_clip.py:2750:_process_frame <- window_optional_services.py:62:<lambda> <- verify_seeky_multi.py:92:observed_frame <- window.py:1917:_on_frame <- window.py:2106:_rebuild_frame <- window.py:2005:_frame_signature
WARNING:pet.gui_stall_sampler:  [t-20ms] webm_clip.py:2499:_poll <- webm_clip.py:2750:_process_frame <- window_optional_services.py:62:<lambda> <- verify_seeky_multi.py:92:observed_frame <- window.py:1917:_on_frame <- window.py:2106:_rebuild_frame
WARNING:root:GUI 卡顿 133ms state=IDLE anim=待机呼吸休闲 physics=None
WARNING:pet.gui_stall_sampler:GUI 冻结现场（133ms，3 个采样点，旧→新）：
WARNING:pet.gui_stall_sampler:  [t-181ms] webm_clip.py:2499:_poll <- webm_clip.py:2750:_process_frame <- window_optional_services.py:62:<lambda> <- verify_seeky_multi.py:92:observed_frame <- window.py:1917:_on_frame <- window.py:2106:_rebuild_frame
WARNING:pet.gui_stall_sampler:  [t-104ms] webm_clip.py:2750:_process_frame <- window_optional_services.py:62:<lambda> <- verify_seeky_multi.py:92:observed_frame <- window.py:1917:_on_frame <- window.py:2106:_rebuild_frame <- window.py:2005:_frame_signature
WARNING:pet.gui_stall_sampler:  [t-20ms] webm_clip.py:2499:_poll <- webm_clip.py:2750:_process_frame <- window_optional_services.py:62:<lambda> <- verify_seeky_multi.py:92:observed_frame <- window.py:1917:_on_frame <- window.py:2106:_rebuild_frame
WARNING:root:GUI 卡顿 134ms state=IDLE anim=待机呼吸休闲 physics=None
WARNING:pet.gui_stall_sampler:GUI 冻结现场（134ms，3 个采样点，旧→新）：
WARNING:pet.gui_stall_sampler:  [t-183ms] webm_clip.py:2499:_poll <- webm_clip.py:2750:_process_frame <- window_optional_services.py:62:<lambda> <- verify_seeky_multi.py:92:observed_frame <- window.py:1917:_on_frame <- window.py:2106:_rebuild_frame
WARNING:pet.gui_stall_sampler:  [t-105ms] webm_clip.py:2750:_process_frame <- window_optional_services.py:62:<lambda> <- verify_seeky_multi.py:92:observed_frame <- window.py:1917:_on_frame <- window.py:2106:_rebuild_frame <- window.py:2005:_frame_signature
WARNING:pet.gui_stall_sampler:  [t-21ms] webm_clip.py:2499:_poll <- webm_clip.py:2750:_process_frame <- window_optional_services.py:62:<lambda> <- verify_seeky_multi.py:92:observed_frame <- window.py:1917:_on_frame <- window.py:2106:_rebuild_frame
WARNING:root:GUI 卡顿 104ms state=IDLE anim=待机呼吸休闲 physics=None
WARNING:pet.gui_stall_sampler:GUI 冻结现场（104ms，3 个采样点，旧→新）：
WARNING:pet.gui_stall_sampler:  [t-123ms] webm_clip.py:2499:_poll <- webm_clip.py:2750:_process_frame <- window_optional_services.py:62:<lambda> <- verify_seeky_multi.py:92:observed_frame <- window.py:1917:_on_frame <- window.py:2106:_rebuild_frame
WARNING:pet.gui_stall_sampler:  [t-65ms] verify_seeky_multi.py:308:<module> <- verify_seeky_multi.py:244:main <- webm_clip.py:2499:_poll <- webm_clip.py:2724:_process_frame
WARNING:pet.gui_stall_sampler:  [t-9ms] verify_seeky_multi.py:92:observed_frame <- window.py:1919:_on_frame <- window.py:2126:_rebuild_frame <- window.py:2291:_sync_mask <- window_optional_services.py:44:effects_coverage <- frame_edges.py:39:coverage_region
WARNING:root:GUI 卡顿 104ms state=IDLE anim=待机呼吸休闲 physics=None
WARNING:pet.gui_stall_sampler:GUI 冻结现场（104ms，3 个采样点，旧→新）：
WARNING:pet.gui_stall_sampler:  [t-124ms] webm_clip.py:2499:_poll <- webm_clip.py:2750:_process_frame <- window_optional_services.py:62:<lambda> <- verify_seeky_multi.py:92:observed_frame <- window.py:1917:_on_frame <- window.py:2106:_rebuild_frame
WARNING:pet.gui_stall_sampler:  [t-66ms] verify_seeky_multi.py:308:<module> <- verify_seeky_multi.py:244:main <- webm_clip.py:2499:_poll <- webm_clip.py:2724:_process_frame
WARNING:pet.gui_stall_sampler:  [t-9ms] verify_seeky_multi.py:92:observed_frame <- window.py:1919:_on_frame <- window.py:2126:_rebuild_frame <- window.py:2291:_sync_mask <- window_optional_services.py:44:effects_coverage <- frame_edges.py:39:coverage_region
WARNING:root:GUI 卡顿 103ms state=IDLE anim=待机呼吸休闲 physics=None
WARNING:pet.gui_stall_sampler:GUI 冻结现场（103ms，3 个采样点，旧→新）：
WARNING:pet.gui_stall_sampler:  [t-124ms] webm_clip.py:2499:_poll <- webm_clip.py:2750:_process_frame <- window_optional_services.py:62:<lambda> <- verify_seeky_multi.py:92:observed_frame <- window.py:1917:_on_frame <- window.py:2106:_rebuild_frame
WARNING:pet.gui_stall_sampler:  [t-66ms] verify_seeky_multi.py:308:<module> <- verify_seeky_multi.py:244:main <- webm_clip.py:2499:_poll <- webm_clip.py:2724:_process_frame
WARNING:pet.gui_stall_sampler:  [t-9ms] verify_seeky_multi.py:92:observed_frame <- window.py:1919:_on_frame <- window.py:2126:_rebuild_frame <- window.py:2291:_sync_mask <- window_optional_services.py:44:effects_coverage <- frame_edges.py:39:coverage_region
WARNING:root:GUI 卡顿 108ms state=IDLE anim=待机呼吸休闲 physics=None
WARNING:pet.gui_stall_sampler:GUI 冻结现场（108ms，2 个采样点，旧→新）：
WARNING:pet.gui_stall_sampler:  [t-158ms] verify_seeky_multi.py:92:observed_frame <- window.py:1919:_on_frame <- window.py:2126:_rebuild_frame <- window.py:2291:_sync_mask <- window_optional_services.py:44:effects_coverage <- frame_edges.py:39:coverage_region
WARNING:pet.gui_stall_sampler:  [t-48ms] verify_seeky_multi.py:308:<module> <- verify_seeky_multi.py:244:main <- webm_clip.py:2499:_poll <- webm_clip.py:2750:_process_frame
WARNING:root:GUI 卡顿 109ms state=IDLE anim=待机呼吸休闲 physics=None
WARNING:pet.gui_stall_sampler:GUI 冻结现场（109ms，2 个采样点，旧→新）：
WARNING:pet.gui_stall_sampler:  [t-158ms] verify_seeky_multi.py:92:observed_frame <- window.py:1919:_on_frame <- window.py:2126:_rebuild_frame <- window.py:2291:_sync_mask <- window_optional_services.py:44:effects_coverage <- frame_edges.py:39:coverage_region
WARNING:pet.gui_stall_sampler:  [t-48ms] verify_seeky_multi.py:308:<module> <- verify_seeky_multi.py:244:main <- webm_clip.py:2499:_poll <- webm_clip.py:2750:_process_frame
WARNING:root:GUI 卡顿 109ms state=IDLE anim=待机呼吸休闲 physics=None
WARNING:pet.gui_stall_sampler:GUI 冻结现场（109ms，2 个采样点，旧→新）：
WARNING:pet.gui_stall_sampler:  [t-158ms] verify_seeky_multi.py:92:observed_frame <- window.py:1919:_on_frame <- window.py:2126:_rebuild_frame <- window.py:2291:_sync_mask <- window_optional_services.py:44:effects_coverage <- frame_edges.py:39:coverage_region
WARNING:pet.gui_stall_sampler:  [t-49ms] verify_seeky_multi.py:308:<module> <- verify_seeky_multi.py:244:main <- webm_clip.py:2499:_poll <- webm_clip.py:2750:_process_frame
WARNING:root:GUI 卡顿 102ms state=IDLE anim=待机呼吸休闲 physics=None
WARNING:pet.gui_stall_sampler:GUI 冻结现场（102ms，2 个采样点，旧→新）：
WARNING:pet.gui_stall_sampler:  [t-150ms] verify_seeky_multi.py:308:<module> <- verify_seeky_multi.py:244:main <- webm_clip.py:2499:_poll <- webm_clip.py:2750:_process_frame
WARNING:pet.gui_stall_sampler:  [t-31ms] webm_clip.py:2499:_poll <- webm_clip.py:2750:_process_frame <- window_optional_services.py:62:<lambda> <- verify_seeky_multi.py:92:observed_frame <- window.py:1917:_on_frame <- window.py:2124:_rebuild_frame
WARNING:root:GUI 卡顿 102ms state=IDLE anim=待机呼吸休闲 physics=None
WARNING:pet.gui_stall_sampler:GUI 冻结现场（102ms，2 个采样点，旧→新）：
WARNING:pet.gui_stall_sampler:  [t-150ms] verify_seeky_multi.py:308:<module> <- verify_seeky_multi.py:244:main <- webm_clip.py:2499:_poll <- webm_clip.py:2750:_process_frame
WARNING:pet.gui_stall_sampler:  [t-32ms] webm_clip.py:2499:_poll <- webm_clip.py:2750:_process_frame <- window_optional_services.py:62:<lambda> <- verify_seeky_multi.py:92:observed_frame <- window.py:1917:_on_frame <- window.py:2124:_rebuild_frame
WARNING:root:GUI 卡顿 102ms state=IDLE anim=待机呼吸休闲 physics=None
WARNING:pet.gui_stall_sampler:GUI 冻结现场（102ms，2 个采样点，旧→新）：
WARNING:pet.gui_stall_sampler:  [t-151ms] verify_seeky_multi.py:308:<module> <- verify_seeky_multi.py:244:main <- webm_clip.py:2499:_poll <- webm_clip.py:2750:_process_frame
WARNING:pet.gui_stall_sampler:  [t-32ms] webm_clip.py:2499:_poll <- webm_clip.py:2750:_process_frame <- window_optional_services.py:62:<lambda> <- verify_seeky_multi.py:92:observed_frame <- window.py:1917:_on_frame <- window.py:2124:_rebuild_frame
WARNING:root:GUI 卡顿 113ms state=IDLE anim=待机呼吸休闲 physics=None
WARNING:pet.gui_stall_sampler:GUI 冻结现场（113ms，2 个采样点，旧→新）：
WARNING:pet.gui_stall_sampler:  [t-110ms] verify_seeky_multi.py:308:<module> <- verify_seeky_multi.py:244:main
WARNING:pet.gui_stall_sampler:  [t-51ms] verify_seeky_multi.py:308:<module> <- verify_seeky_multi.py:244:main <- webm_clip.py:2499:_poll <- webm_clip.py:2724:_process_frame
WARNING:root:GUI 卡顿 111ms state=IDLE anim=待机呼吸休闲 physics=None
WARNING:pet.gui_stall_sampler:GUI 冻结现场（111ms，2 个采样点，旧→新）：
WARNING:pet.gui_stall_sampler:  [t-111ms] verify_seeky_multi.py:308:<module> <- verify_seeky_multi.py:244:main
WARNING:pet.gui_stall_sampler:  [t-51ms] verify_seeky_multi.py:308:<module> <- verify_seeky_multi.py:244:main <- webm_clip.py:2499:_poll <- webm_clip.py:2724:_process_frame
WARNING:root:GUI 卡顿 111ms state=IDLE anim=待机呼吸休闲 physics=None
WARNING:pet.gui_stall_sampler:GUI 冻结现场（111ms，2 个采样点，旧→新）：
WARNING:pet.gui_stall_sampler:  [t-111ms] verify_seeky_multi.py:308:<module> <- verify_seeky_multi.py:244:main
WARNING:pet.gui_stall_sampler:  [t-51ms] verify_seeky_multi.py:308:<module> <- verify_seeky_multi.py:244:main <- webm_clip.py:2499:_poll <- webm_clip.py:2724:_process_frame
WARNING:root:GUI 卡顿 109ms state=IDLE anim=待机呼吸休闲 physics=None
WARNING:pet.gui_stall_sampler:GUI 冻结现场（109ms，2 个采样点，旧→新）：
WARNING:pet.gui_stall_sampler:  [t-121ms] verify_seeky_multi.py:92:observed_frame <- window.py:1917:_on_frame <- window.py:2124:_rebuild_frame <- window.py:2270:_sync_mask <- window_optional_services.py:42:effects_coverage <- frame_edges.py:27:coverage_region
WARNING:pet.gui_stall_sampler:  [t-10ms] webm_clip.py:2499:_poll <- webm_clip.py:2750:_process_frame <- window_optional_services.py:62:<lambda> <- verify_seeky_multi.py:92:observed_frame <- window.py:1919:_on_frame <- window.py:2126:_rebuild_frame
WARNING:root:GUI 卡顿 110ms state=IDLE anim=待机呼吸休闲 physics=None
WARNING:pet.gui_stall_sampler:GUI 冻结现场（110ms，2 个采样点，旧→新）：
WARNING:pet.gui_stall_sampler:  [t-122ms] verify_seeky_multi.py:92:observed_frame <- window.py:1917:_on_frame <- window.py:2124:_rebuild_frame <- window.py:2270:_sync_mask <- window_optional_services.py:42:effects_coverage <- frame_edges.py:27:coverage_region
WARNING:pet.gui_stall_sampler:  [t-11ms] webm_clip.py:2499:_poll <- webm_clip.py:2750:_process_frame <- window_optional_services.py:62:<lambda> <- verify_seeky_multi.py:92:observed_frame <- window.py:1919:_on_frame <- window.py:2126:_rebuild_frame
WARNING:root:GUI 卡顿 111ms state=IDLE anim=待机呼吸休闲 physics=None
WARNING:pet.gui_stall_sampler:GUI 冻结现场（111ms，2 个采样点，旧→新）：
WARNING:pet.gui_stall_sampler:  [t-123ms] verify_seeky_multi.py:92:observed_frame <- window.py:1917:_on_frame <- window.py:2124:_rebuild_frame <- window.py:2270:_sync_mask <- window_optional_services.py:42:effects_coverage <- frame_edges.py:27:coverage_region
WARNING:pet.gui_stall_sampler:  [t-11ms] webm_clip.py:2499:_poll <- webm_clip.py:2750:_process_frame <- window_optional_services.py:62:<lambda> <- verify_seeky_multi.py:92:observed_frame <- window.py:1919:_on_frame <- window.py:2126:_rebuild_frame
WARNING:root:GUI 卡顿 185ms state=IDLE anim=待机呼吸休闲 physics=None
WARNING:pet.gui_stall_sampler:GUI 冻结现场（185ms，1 个采样点，旧→新）：
WARNING:pet.gui_stall_sampler:  [t-48ms] webm_clip.py:2499:_poll <- webm_clip.py:2750:_process_frame <- window_optional_services.py:62:<lambda> <- verify_seeky_multi.py:92:observed_frame <- window.py:1919:_on_frame <- window.py:2126:_rebuild_frame
WARNING:root:GUI 卡顿 185ms state=IDLE anim=待机呼吸休闲 physics=None
WARNING:pet.gui_stall_sampler:GUI 冻结现场（185ms，1 个采样点，旧→新）：
WARNING:pet.gui_stall_sampler:  [t-49ms] webm_clip.py:2499:_poll <- webm_clip.py:2750:_process_frame <- window_optional_services.py:62:<lambda> <- verify_seeky_multi.py:92:observed_frame <- window.py:1919:_on_frame <- window.py:2126:_rebuild_frame
WARNING:root:GUI 卡顿 186ms state=IDLE anim=待机呼吸休闲 physics=None
WARNING:pet.gui_stall_sampler:GUI 冻结现场（186ms，1 个采样点，旧→新）：
WARNING:pet.gui_stall_sampler:  [t-49ms] webm_clip.py:2499:_poll <- webm_clip.py:2750:_process_frame <- window_optional_services.py:62:<lambda> <- verify_seeky_multi.py:92:observed_frame <- window.py:1919:_on_frame <- window.py:2126:_rebuild_frame
WARNING:root:GUI 卡顿 128ms state=IDLE anim=待机呼吸休闲 physics=None
WARNING:pet.gui_stall_sampler:GUI 冻结现场（128ms，3 个采样点，旧→新）：
WARNING:pet.gui_stall_sampler:  [t-176ms] webm_clip.py:2499:_poll <- webm_clip.py:2750:_process_frame <- window_optional_services.py:62:<lambda> <- verify_seeky_multi.py:92:observed_frame <- window.py:1919:_on_frame <- window.py:2126:_rebuild_frame
WARNING:pet.gui_stall_sampler:  [t-96ms] webm_clip.py:2750:_process_frame <- window_optional_services.py:62:<lambda> <- verify_seeky_multi.py:92:observed_frame <- window.py:1917:_on_frame <- window.py:2068:_rebuild_frame <- window.py:1993:_frame_signature
WARNING:pet.gui_stall_sampler:  [t-33ms] window_optional_services.py:62:<lambda> <- verify_seeky_multi.py:92:observed_frame <- window.py:1919:_on_frame <- window.py:2126:_rebuild_frame <- window.py:2291:_sync_mask <- window_optional_services.py:44:effects_coverage
WARNING:root:GUI 卡顿 128ms state=IDLE anim=待机呼吸休闲 physics=None
WARNING:pet.gui_stall_sampler:GUI 冻结现场（128ms，3 个采样点，旧→新）：
WARNING:pet.gui_stall_sampler:  [t-177ms] webm_clip.py:2499:_poll <- webm_clip.py:2750:_process_frame <- window_optional_services.py:62:<lambda> <- verify_seeky_multi.py:92:observed_frame <- window.py:1919:_on_frame <- window.py:2126:_rebuild_frame
WARNING:pet.gui_stall_sampler:  [t-97ms] webm_clip.py:2750:_process_frame <- window_optional_services.py:62:<lambda> <- verify_seeky_multi.py:92:observed_frame <- window.py:1917:_on_frame <- window.py:2068:_rebuild_frame <- window.py:1993:_frame_signature
WARNING:pet.gui_stall_sampler:  [t-34ms] window_optional_services.py:62:<lambda> <- verify_seeky_multi.py:92:observed_frame <- window.py:1919:_on_frame <- window.py:2126:_rebuild_frame <- window.py:2291:_sync_mask <- window_optional_services.py:44:effects_coverage
WARNING:root:GUI 卡顿 128ms state=IDLE anim=待机呼吸休闲 physics=None
WARNING:pet.gui_stall_sampler:GUI 冻结现场（128ms，3 个采样点，旧→新）：
WARNING:pet.gui_stall_sampler:  [t-177ms] webm_clip.py:2499:_poll <- webm_clip.py:2750:_process_frame <- window_optional_services.py:62:<lambda> <- verify_seeky_multi.py:92:observed_frame <- window.py:1919:_on_frame <- window.py:2126:_rebuild_frame
WARNING:pet.gui_stall_sampler:  [t-97ms] webm_clip.py:2750:_process_frame <- window_optional_services.py:62:<lambda> <- verify_seeky_multi.py:92:observed_frame <- window.py:1917:_on_frame <- window.py:2068:_rebuild_frame <- window.py:1993:_frame_signature
WARNING:pet.gui_stall_sampler:  [t-34ms] window_optional_services.py:62:<lambda> <- verify_seeky_multi.py:92:observed_frame <- window.py:1919:_on_frame <- window.py:2126:_rebuild_frame <- window.py:2291:_sync_mask <- window_optional_services.py:44:effects_coverage
WARNING:root:GUI 卡顿 101ms state=IDLE anim=待机呼吸休闲 physics=None
WARNING:pet.gui_stall_sampler:GUI 冻结现场（101ms，2 个采样点，旧→新）：
WARNING:pet.gui_stall_sampler:  [t-135ms] window_optional_services.py:62:<lambda> <- verify_seeky_multi.py:92:observed_frame <- window.py:1919:_on_frame <- window.py:2126:_rebuild_frame <- window.py:2291:_sync_mask <- window_optional_services.py:44:effects_coverage
WARNING:pet.gui_stall_sampler:  [t-51ms] webm_clip.py:2499:_poll <- webm_clip.py:2750:_process_frame <- window_optional_services.py:62:<lambda> <- verify_seeky_multi.py:92:observed_frame <- window.py:1917:_on_frame <- window.py:2124:_rebuild_frame
WARNING:root:GUI 卡顿 101ms state=IDLE anim=待机呼吸休闲 physics=None
WARNING:pet.gui_stall_sampler:GUI 冻结现场（101ms，2 个采样点，旧→新）：
WARNING:pet.gui_stall_sampler:  [t-135ms] window_optional_services.py:62:<lambda> <- verify_seeky_multi.py:92:observed_frame <- window.py:1919:_on_frame <- window.py:2126:_rebuild_frame <- window.py:2291:_sync_mask <- window_optional_services.py:44:effects_coverage
WARNING:pet.gui_stall_sampler:  [t-52ms] webm_clip.py:2499:_poll <- webm_clip.py:2750:_process_frame <- window_optional_services.py:62:<lambda> <- verify_seeky_multi.py:92:observed_frame <- window.py:1917:_on_frame <- window.py:2124:_rebuild_frame
WARNING:root:GUI 卡顿 101ms state=IDLE anim=待机呼吸休闲 physics=None
WARNING:pet.gui_stall_sampler:GUI 冻结现场（101ms，2 个采样点，旧→新）：
WARNING:pet.gui_stall_sampler:  [t-135ms] window_optional_services.py:62:<lambda> <- verify_seeky_multi.py:92:observed_frame <- window.py:1919:_on_frame <- window.py:2126:_rebuild_frame <- window.py:2291:_sync_mask <- window_optional_services.py:44:effects_coverage
WARNING:pet.gui_stall_sampler:  [t-52ms] webm_clip.py:2499:_poll <- webm_clip.py:2750:_process_frame <- window_optional_services.py:62:<lambda> <- verify_seeky_multi.py:92:observed_frame <- window.py:1917:_on_frame <- window.py:2124:_rebuild_frame
WARNING:root:GUI 卡顿 106ms state=IDLE anim=待机呼吸休闲 physics=None
WARNING:pet.gui_stall_sampler:GUI 冻结现场（106ms，3 个采样点，旧→新）：
WARNING:pet.gui_stall_sampler:  [t-142ms] verify_seeky_multi.py:308:<module> <- verify_seeky_multi.py:244:main
WARNING:pet.gui_stall_sampler:  [t-75ms] webm_clip.py:2499:_poll <- webm_clip.py:2750:_process_frame <- window_optional_services.py:62:<lambda> <- verify_seeky_multi.py:92:observed_frame <- window.py:1917:_on_frame <- window.py:2106:_rebuild_frame
WARNING:pet.gui_stall_sampler:  [t-10ms] webm_clip.py:2499:_poll <- webm_clip.py:2750:_process_frame <- window_optional_services.py:62:<lambda> <- verify_seeky_multi.py:92:observed_frame <- window.py:1917:_on_frame <- window.py:2124:_rebuild_frame
WARNING:root:GUI 卡顿 107ms state=IDLE anim=待机呼吸休闲 physics=None
WARNING:pet.gui_stall_sampler:GUI 冻结现场（107ms，3 个采样点，旧→新）：
WARNING:pet.gui_stall_sampler:  [t-143ms] verify_seeky_multi.py:308:<module> <- verify_seeky_multi.py:244:main
WARNING:pet.gui_stall_sampler:  [t-76ms] webm_clip.py:2499:_poll <- webm_clip.py:2750:_process_frame <- window_optional_services.py:62:<lambda> <- verify_seeky_multi.py:92:observed_frame <- window.py:1917:_on_frame <- window.py:2106:_rebuild_frame
WARNING:pet.gui_stall_sampler:  [t-10ms] webm_clip.py:2499:_poll <- webm_clip.py:2750:_process_frame <- window_optional_services.py:62:<lambda> <- verify_seeky_multi.py:92:observed_frame <- window.py:1917:_on_frame <- window.py:2124:_rebuild_frame
WARNING:root:GUI 卡顿 107ms state=IDLE anim=待机呼吸休闲 physics=None
WARNING:pet.gui_stall_sampler:GUI 冻结现场（107ms，3 个采样点，旧→新）：
WARNING:pet.gui_stall_sampler:  [t-143ms] verify_seeky_multi.py:308:<module> <- verify_seeky_multi.py:244:main
WARNING:pet.gui_stall_sampler:  [t-76ms] webm_clip.py:2499:_poll <- webm_clip.py:2750:_process_frame <- window_optional_services.py:62:<lambda> <- verify_seeky_multi.py:92:observed_frame <- window.py:1917:_on_frame <- window.py:2106:_rebuild_frame
WARNING:pet.gui_stall_sampler:  [t-11ms] webm_clip.py:2499:_poll <- webm_clip.py:2750:_process_frame <- window_optional_services.py:62:<lambda> <- verify_seeky_multi.py:92:observed_frame <- window.py:1917:_on_frame <- window.py:2124:_rebuild_frame
WARNING:root:GUI 卡顿 147ms state=IDLE anim=待机呼吸休闲 physics=None
WARNING:pet.gui_stall_sampler:GUI 冻结现场（147ms，2 个采样点，旧→新）：
WARNING:pet.gui_stall_sampler:  [t-166ms] verify_seeky_multi.py:308:<module> <- verify_seeky_multi.py:244:main
WARNING:pet.gui_stall_sampler:  [t-25ms] webm_clip.py:2499:_poll <- webm_clip.py:2750:_process_frame <- window_optional_services.py:62:<lambda> <- verify_seeky_multi.py:92:observed_frame <- window.py:1917:_on_frame <- window.py:2106:_rebuild_frame
WARNING:root:GUI 卡顿 148ms state=IDLE anim=待机呼吸休闲 physics=None
WARNING:pet.gui_stall_sampler:GUI 冻结现场（148ms，2 个采样点，旧→新）：
WARNING:pet.gui_stall_sampler:  [t-166ms] verify_seeky_multi.py:308:<module> <- verify_seeky_multi.py:244:main
WARNING:pet.gui_stall_sampler:  [t-26ms] webm_clip.py:2499:_poll <- webm_clip.py:2750:_process_frame <- window_optional_services.py:62:<lambda> <- verify_seeky_multi.py:92:observed_frame <- window.py:1917:_on_frame <- window.py:2106:_rebuild_frame
WARNING:root:GUI 卡顿 149ms state=IDLE anim=待机呼吸休闲 physics=None
WARNING:pet.gui_stall_sampler:GUI 冻结现场（149ms，2 个采样点，旧→新）：
WARNING:pet.gui_stall_sampler:  [t-167ms] verify_seeky_multi.py:308:<module> <- verify_seeky_multi.py:244:main
WARNING:pet.gui_stall_sampler:  [t-26ms] webm_clip.py:2499:_poll <- webm_clip.py:2750:_process_frame <- window_optional_services.py:62:<lambda> <- verify_seeky_multi.py:92:observed_frame <- window.py:1917:_on_frame <- window.py:2106:_rebuild_frame
WARNING:root:GUI 卡顿 114ms state=IDLE anim=待机呼吸休闲 physics=None
WARNING:pet.gui_stall_sampler:GUI 冻结现场（114ms，3 个采样点，旧→新）：
WARNING:pet.gui_stall_sampler:  [t-140ms] webm_clip.py:2499:_poll <- webm_clip.py:2750:_process_frame <- window_optional_services.py:62:<lambda> <- verify_seeky_multi.py:92:observed_frame <- window.py:1917:_on_frame <- window.py:2106:_rebuild_frame
WARNING:pet.gui_stall_sampler:  [t-64ms] webm_clip.py:2499:_poll <- webm_clip.py:2750:_process_frame <- window_optional_services.py:62:<lambda> <- verify_seeky_multi.py:92:observed_frame <- window.py:1917:_on_frame <- window.py:2124:_rebuild_frame
WARNING:pet.gui_stall_sampler:  [t-6ms] verify_seeky_multi.py:308:<module> <- verify_seeky_multi.py:244:main
WARNING:root:GUI 卡顿 114ms state=IDLE anim=待机呼吸休闲 physics=None
WARNING:pet.gui_stall_sampler:GUI 冻结现场（114ms，3 个采样点，旧→新）：
WARNING:pet.gui_stall_sampler:  [t-140ms] webm_clip.py:2499:_poll <- webm_clip.py:2750:_process_frame <- window_optional_services.py:62:<lambda> <- verify_seeky_multi.py:92:observed_frame <- window.py:1917:_on_frame <- window.py:2106:_rebuild_frame
WARNING:pet.gui_stall_sampler:  [t-64ms] webm_clip.py:2499:_poll <- webm_clip.py:2750:_process_frame <- window_optional_services.py:62:<lambda> <- verify_seeky_multi.py:92:observed_frame <- window.py:1917:_on_frame <- window.py:2124:_rebuild_frame
WARNING:pet.gui_stall_sampler:  [t-7ms] verify_seeky_multi.py:308:<module> <- verify_seeky_multi.py:244:main
WARNING:root:GUI 卡顿 115ms state=IDLE anim=待机呼吸休闲 physics=None
WARNING:pet.gui_stall_sampler:GUI 冻结现场（115ms，3 个采样点，旧→新）：
WARNING:pet.gui_stall_sampler:  [t-141ms] webm_clip.py:2499:_poll <- webm_clip.py:2750:_process_frame <- window_optional_services.py:62:<lambda> <- verify_seeky_multi.py:92:observed_frame <- window.py:1917:_on_frame <- window.py:2106:_rebuild_frame
WARNING:pet.gui_stall_sampler:  [t-65ms] webm_clip.py:2499:_poll <- webm_clip.py:2750:_process_frame <- window_optional_services.py:62:<lambda> <- verify_seeky_multi.py:92:observed_frame <- window.py:1917:_on_frame <- window.py:2124:_rebuild_frame
WARNING:pet.gui_stall_sampler:  [t-8ms] verify_seeky_multi.py:308:<module> <- verify_seeky_multi.py:244:main
WARNING:root:GUI 卡顿 100ms state=IDLE anim=待机呼吸休闲 physics=None
WARNING:pet.gui_stall_sampler:GUI 冻结现场（100ms，2 个采样点，旧→新）：
WARNING:pet.gui_stall_sampler:  [t-107ms] verify_seeky_multi.py:308:<module> <- verify_seeky_multi.py:244:main
WARNING:pet.gui_stall_sampler:  [t-24ms] window_optional_services.py:62:<lambda> <- verify_seeky_multi.py:92:observed_frame <- window.py:1917:_on_frame <- window.py:2124:_rebuild_frame <- window.py:2270:_sync_mask <- window_optional_services.py:42:effects_coverage
WARNING:root:GUI 卡顿 101ms state=IDLE anim=待机呼吸休闲 physics=None
WARNING:pet.gui_stall_sampler:GUI 冻结现场（101ms，2 个采样点，旧→新）：
WARNING:pet.gui_stall_sampler:  [t-108ms] verify_seeky_multi.py:308:<module> <- verify_seeky_multi.py:244:main
WARNING:pet.gui_stall_sampler:  [t-25ms] window_optional_services.py:62:<lambda> <- verify_seeky_multi.py:92:observed_frame <- window.py:1917:_on_frame <- window.py:2124:_rebuild_frame <- window.py:2270:_sync_mask <- window_optional_services.py:42:effects_coverage
WARNING:root:GUI 卡顿 101ms state=IDLE anim=待机呼吸休闲 physics=None
WARNING:pet.gui_stall_sampler:GUI 冻结现场（101ms，2 个采样点，旧→新）：
WARNING:pet.gui_stall_sampler:  [t-108ms] verify_seeky_multi.py:308:<module> <- verify_seeky_multi.py:244:main
WARNING:pet.gui_stall_sampler:  [t-25ms] window_optional_services.py:62:<lambda> <- verify_seeky_multi.py:92:observed_frame <- window.py:1917:_on_frame <- window.py:2124:_rebuild_frame <- window.py:2270:_sync_mask <- window_optional_services.py:42:effects_coverage
WARNING:root:GUI 卡顿 101ms state=IDLE anim=待机呼吸休闲 physics=None
WARNING:pet.gui_stall_sampler:GUI 冻结现场（101ms，2 个采样点，旧→新）：
WARNING:pet.gui_stall_sampler:  [t-108ms] verify_seeky_multi.py:308:<module> <- verify_seeky_multi.py:244:main
WARNING:pet.gui_stall_sampler:  [t-33ms] webm_clip.py:2499:_poll <- webm_clip.py:2750:_process_frame <- window_optional_services.py:62:<lambda> <- verify_seeky_multi.py:92:observed_frame <- window.py:1917:_on_frame <- window.py:2106:_rebuild_frame
WARNING:root:GUI 卡顿 102ms state=IDLE anim=待机呼吸休闲 physics=None
WARNING:pet.gui_stall_sampler:GUI 冻结现场（102ms，2 个采样点，旧→新）：
WARNING:pet.gui_stall_sampler:  [t-108ms] verify_seeky_multi.py:308:<module> <- verify_seeky_multi.py:244:main
WARNING:pet.gui_stall_sampler:  [t-33ms] webm_clip.py:2499:_poll <- webm_clip.py:2750:_process_frame <- window_optional_services.py:62:<lambda> <- verify_seeky_multi.py:92:observed_frame <- window.py:1917:_on_frame <- window.py:2106:_rebuild_frame
WARNING:root:GUI 卡顿 102ms state=IDLE anim=待机呼吸休闲 physics=None
WARNING:pet.gui_stall_sampler:GUI 冻结现场（102ms，2 个采样点，旧→新）：
WARNING:pet.gui_stall_sampler:  [t-109ms] verify_seeky_multi.py:308:<module> <- verify_seeky_multi.py:244:main
WARNING:pet.gui_stall_sampler:  [t-34ms] webm_clip.py:2499:_poll <- webm_clip.py:2750:_process_frame <- window_optional_services.py:62:<lambda> <- verify_seeky_multi.py:92:observed_frame <- window.py:1917:_on_frame <- window.py:2106:_rebuild_frame
WARNING:root:GUI 卡顿 127ms state=IDLE anim=待机呼吸休闲 physics=None
WARNING:pet.gui_stall_sampler:GUI 冻结现场（127ms，2 个采样点，旧→新）：
WARNING:pet.gui_stall_sampler:  [t-136ms] verify_seeky_multi.py:308:<module> <- verify_seeky_multi.py:244:main
WARNING:pet.gui_stall_sampler:  [t-41ms] webm_clip.py:2499:_poll <- webm_clip.py:2750:_process_frame <- window_optional_services.py:62:<lambda> <- verify_seeky_multi.py:92:observed_frame <- window.py:1917:_on_frame <- window.py:2106:_rebuild_frame
WARNING:root:GUI 卡顿 128ms state=IDLE anim=待机呼吸休闲 physics=None
WARNING:pet.gui_stall_sampler:GUI 冻结现场（128ms，2 个采样点，旧→新）：
WARNING:pet.gui_stall_sampler:  [t-137ms] verify_seeky_multi.py:308:<module> <- verify_seeky_multi.py:244:main
WARNING:pet.gui_stall_sampler:  [t-42ms] webm_clip.py:2499:_poll <- webm_clip.py:2750:_process_frame <- window_optional_services.py:62:<lambda> <- verify_seeky_multi.py:92:observed_frame <- window.py:1917:_on_frame <- window.py:2106:_rebuild_frame
WARNING:root:GUI 卡顿 129ms state=IDLE anim=待机呼吸休闲 physics=None
WARNING:pet.gui_stall_sampler:GUI 冻结现场（129ms，2 个采样点，旧→新）：
WARNING:pet.gui_stall_sampler:  [t-137ms] verify_seeky_multi.py:308:<module> <- verify_seeky_multi.py:244:main
WARNING:pet.gui_stall_sampler:  [t-42ms] webm_clip.py:2499:_poll <- webm_clip.py:2750:_process_frame <- window_optional_services.py:62:<lambda> <- verify_seeky_multi.py:92:observed_frame <- window.py:1917:_on_frame <- window.py:2106:_rebuild_frame
WARNING:root:GUI 卡顿 119ms state=IDLE anim=待机呼吸休闲 physics=None
WARNING:pet.gui_stall_sampler:GUI 冻结现场（119ms，2 个采样点，旧→新）：
WARNING:pet.gui_stall_sampler:  [t-139ms] verify_seeky_multi.py:308:<module> <- verify_seeky_multi.py:244:main
WARNING:pet.gui_stall_sampler:  [t-47ms] verify_seeky_multi.py:308:<module> <- verify_seeky_multi.py:244:main <- webm_clip.py:2499:_poll <- webm_clip.py:2723:_process_frame
WARNING:root:GUI 卡顿 119ms state=IDLE anim=待机呼吸休闲 physics=None
WARNING:pet.gui_stall_sampler:GUI 冻结现场（119ms，2 个采样点，旧→新）：
WARNING:pet.gui_stall_sampler:  [t-140ms] verify_seeky_multi.py:308:<module> <- verify_seeky_multi.py:244:main
WARNING:pet.gui_stall_sampler:  [t-48ms] verify_seeky_multi.py:308:<module> <- verify_seeky_multi.py:244:main <- webm_clip.py:2499:_poll <- webm_clip.py:2723:_process_frame
WARNING:root:GUI 卡顿 120ms state=IDLE anim=待机呼吸休闲 physics=None
WARNING:pet.gui_stall_sampler:GUI 冻结现场（120ms，2 个采样点，旧→新）：
WARNING:pet.gui_stall_sampler:  [t-140ms] verify_seeky_multi.py:308:<module> <- verify_seeky_multi.py:244:main
WARNING:pet.gui_stall_sampler:  [t-48ms] verify_seeky_multi.py:308:<module> <- verify_seeky_multi.py:244:main <- webm_clip.py:2499:_poll <- webm_clip.py:2723:_process_frame
WARNING:root:GUI 卡顿 115ms state=IDLE anim=待机呼吸休闲 physics=None
WARNING:pet.gui_stall_sampler:GUI 冻结现场（115ms，2 个采样点，旧→新）：
WARNING:pet.gui_stall_sampler:  [t-162ms] verify_seeky_multi.py:308:<module> <- verify_seeky_multi.py:244:main <- webm_clip.py:2499:_poll <- webm_clip.py:2723:_process_frame
WARNING:pet.gui_stall_sampler:  [t-39ms] webm_clip.py:2750:_process_frame <- window_optional_services.py:62:<lambda> <- verify_seeky_multi.py:92:observed_frame <- window.py:1917:_on_frame <- window.py:2068:_rebuild_frame <- window.py:1990:_frame_signature
WARNING:root:GUI 卡顿 115ms state=IDLE anim=待机呼吸休闲 physics=None
WARNING:pet.gui_stall_sampler:GUI 冻结现场（115ms，2 个采样点，旧→新）：
WARNING:pet.gui_stall_sampler:  [t-163ms] verify_seeky_multi.py:308:<module> <- verify_seeky_multi.py:244:main <- webm_clip.py:2499:_poll <- webm_clip.py:2723:_process_frame
WARNING:pet.gui_stall_sampler:  [t-40ms] webm_clip.py:2750:_process_frame <- window_optional_services.py:62:<lambda> <- verify_seeky_multi.py:92:observed_frame <- window.py:1917:_on_frame <- window.py:2068:_rebuild_frame <- window.py:1990:_frame_signature
WARNING:root:GUI 卡顿 115ms state=IDLE anim=待机呼吸休闲 physics=None
WARNING:pet.gui_stall_sampler:GUI 冻结现场（115ms，2 个采样点，旧→新）：
WARNING:pet.gui_stall_sampler:  [t-163ms] verify_seeky_multi.py:308:<module> <- verify_seeky_multi.py:244:main <- webm_clip.py:2499:_poll <- webm_clip.py:2723:_process_frame
WARNING:pet.gui_stall_sampler:  [t-40ms] webm_clip.py:2750:_process_frame <- window_optional_services.py:62:<lambda> <- verify_seeky_multi.py:92:observed_frame <- window.py:1917:_on_frame <- window.py:2068:_rebuild_frame <- window.py:1990:_frame_signature
WARNING:root:GUI 卡顿 128ms state=IDLE anim=待机呼吸休闲 physics=None
WARNING:pet.gui_stall_sampler:GUI 冻结现场（128ms，2 个采样点，旧→新）：
WARNING:pet.gui_stall_sampler:  [t-134ms] verify_seeky_multi.py:308:<module> <- verify_seeky_multi.py:244:main
WARNING:pet.gui_stall_sampler:  [t-55ms] webm_clip.py:2499:_poll <- webm_clip.py:2750:_process_frame <- window_optional_services.py:62:<lambda> <- verify_seeky_multi.py:92:observed_frame <- window.py:1917:_on_frame <- window.py:2106:_rebuild_frame
WARNING:root:GUI 卡顿 129ms state=IDLE anim=待机呼吸休闲 physics=None
WARNING:pet.gui_stall_sampler:GUI 冻结现场（129ms，2 个采样点，旧→新）：
WARNING:pet.gui_stall_sampler:  [t-135ms] verify_seeky_multi.py:308:<module> <- verify_seeky_multi.py:244:main
WARNING:pet.gui_stall_sampler:  [t-56ms] webm_clip.py:2499:_poll <- webm_clip.py:2750:_process_frame <- window_optional_services.py:62:<lambda> <- verify_seeky_multi.py:92:observed_frame <- window.py:1917:_on_frame <- window.py:2106:_rebuild_frame
WARNING:root:GUI 卡顿 130ms state=IDLE anim=待机呼吸休闲 physics=None
WARNING:pet.gui_stall_sampler:GUI 冻结现场（130ms，3 个采样点，旧→新）：
WARNING:pet.gui_stall_sampler:  [t-135ms] verify_seeky_multi.py:308:<module> <- verify_seeky_multi.py:244:main
WARNING:pet.gui_stall_sampler:  [t-57ms] webm_clip.py:2499:_poll <- webm_clip.py:2750:_process_frame <- window_optional_services.py:62:<lambda> <- verify_seeky_multi.py:92:observed_frame <- window.py:1917:_on_frame <- window.py:2106:_rebuild_frame
WARNING:pet.gui_stall_sampler:  [t-0ms] __init__.py:1531:warning <- __init__.py:1664:_log <- __init__.py:1680:handle <- __init__.py:1736:callHandlers <- __init__.py:1026:handle <- __init__.py:1153:emit
WARNING:root:GUI 卡顿 109ms state=IDLE anim=待机呼吸休闲 physics=None
WARNING:pet.gui_stall_sampler:GUI 冻结现场（109ms，2 个采样点，旧→新）：
WARNING:pet.gui_stall_sampler:  [t-107ms] __init__.py:1531:warning <- __init__.py:1664:_log <- __init__.py:1680:handle <- __init__.py:1736:callHandlers <- __init__.py:1026:handle <- __init__.py:1153:emit
WARNING:pet.gui_stall_sampler:  [t-39ms] webm_clip.py:2499:_poll <- webm_clip.py:2750:_process_frame <- window_optional_services.py:62:<lambda> <- verify_seeky_multi.py:92:observed_frame <- window.py:1917:_on_frame <- window.py:2119:_rebuild_frame
WARNING:root:GUI 卡顿 108ms state=IDLE anim=待机呼吸休闲 physics=None
WARNING:pet.gui_stall_sampler:GUI 冻结现场（108ms，2 个采样点，旧→新）：
WARNING:pet.gui_stall_sampler:  [t-108ms] __init__.py:1531:warning <- __init__.py:1664:_log <- __init__.py:1680:handle <- __init__.py:1736:callHandlers <- __init__.py:1026:handle <- __init__.py:1153:emit
WARNING:pet.gui_stall_sampler:  [t-40ms] webm_clip.py:2499:_poll <- webm_clip.py:2750:_process_frame <- window_optional_services.py:62:<lambda> <- verify_seeky_multi.py:92:observed_frame <- window.py:1917:_on_frame <- window.py:2119:_rebuild_frame
WARNING:root:GUI 卡顿 108ms state=IDLE anim=待机呼吸休闲 physics=None
WARNING:pet.gui_stall_sampler:GUI 冻结现场（108ms，2 个采样点，旧→新）：
WARNING:pet.gui_stall_sampler:  [t-108ms] __init__.py:1531:warning <- __init__.py:1664:_log <- __init__.py:1680:handle <- __init__.py:1736:callHandlers <- __init__.py:1026:handle <- __init__.py:1153:emit
WARNING:pet.gui_stall_sampler:  [t-41ms] webm_clip.py:2499:_poll <- webm_clip.py:2750:_process_frame <- window_optional_services.py:62:<lambda> <- verify_seeky_multi.py:92:observed_frame <- window.py:1917:_on_frame <- window.py:2119:_rebuild_frame
WARNING:root:GUI 卡顿 119ms state=IDLE anim=待机呼吸休闲 physics=None
WARNING:pet.gui_stall_sampler:GUI 冻结现场（119ms，2 个采样点，旧→新）：
WARNING:pet.gui_stall_sampler:  [t-138ms] verify_seeky_multi.py:308:<module> <- verify_seeky_multi.py:244:main
WARNING:pet.gui_stall_sampler:  [t-40ms] webm_clip.py:2499:_poll <- webm_clip.py:2750:_process_frame <- window_optional_services.py:62:<lambda> <- verify_seeky_multi.py:92:observed_frame <- window.py:1917:_on_frame <- window.py:2124:_rebuild_frame
WARNING:root:GUI 卡顿 121ms state=IDLE anim=待机呼吸休闲 physics=None
WARNING:pet.gui_stall_sampler:GUI 冻结现场（121ms，2 个采样点，旧→新）：
WARNING:pet.gui_stall_sampler:  [t-138ms] verify_seeky_multi.py:308:<module> <- verify_seeky_multi.py:244:main
WARNING:pet.gui_stall_sampler:  [t-40ms] webm_clip.py:2499:_poll <- webm_clip.py:2750:_process_frame <- window_optional_services.py:62:<lambda> <- verify_seeky_multi.py:92:observed_frame <- window.py:1917:_on_frame <- window.py:2124:_rebuild_frame
WARNING:root:GUI 卡顿 121ms state=IDLE anim=待机呼吸休闲 physics=None
WARNING:pet.gui_stall_sampler:GUI 冻结现场（121ms，2 个采样点，旧→新）：
WARNING:pet.gui_stall_sampler:  [t-139ms] verify_seeky_multi.py:308:<module> <- verify_seeky_multi.py:244:main
WARNING:pet.gui_stall_sampler:  [t-41ms] webm_clip.py:2499:_poll <- webm_clip.py:2750:_process_frame <- window_optional_services.py:62:<lambda> <- verify_seeky_multi.py:92:observed_frame <- window.py:1917:_on_frame <- window.py:2124:_rebuild_frame
WARNING:root:GUI 卡顿 396ms state=IDLE anim=待机呼吸休闲 physics=None
WARNING:pet.gui_stall_sampler:GUI 冻结现场（396ms，3 个采样点，旧→新）：
WARNING:pet.gui_stall_sampler:  [t-435ms] webm_clip.py:2499:_poll <- webm_clip.py:2750:_process_frame <- window_optional_services.py:62:<lambda> <- verify_seeky_multi.py:92:observed_frame <- window.py:1917:_on_frame <- window.py:2124:_rebuild_frame
WARNING:pet.gui_stall_sampler:  [t-132ms] webm_clip.py:2499:_poll <- webm_clip.py:2750:_process_frame <- window_optional_services.py:62:<lambda> <- verify_seeky_multi.py:92:observed_frame <- window.py:1917:_on_frame <- window.py:2106:_rebuild_frame
WARNING:pet.gui_stall_sampler:  [t-22ms] webm_clip.py:2750:_process_frame <- window_optional_services.py:62:<lambda> <- verify_seeky_multi.py:92:observed_frame <- window.py:1917:_on_frame <- window.py:2068:_rebuild_frame <- window.py:1990:_frame_signature
WARNING:root:GUI 卡顿 398ms state=IDLE anim=待机呼吸休闲 physics=None
WARNING:pet.gui_stall_sampler:GUI 冻结现场（398ms，3 个采样点，旧→新）：
WARNING:pet.gui_stall_sampler:  [t-439ms] webm_clip.py:2499:_poll <- webm_clip.py:2750:_process_frame <- window_optional_services.py:62:<lambda> <- verify_seeky_multi.py:92:observed_frame <- window.py:1917:_on_frame <- window.py:2124:_rebuild_frame
WARNING:pet.gui_stall_sampler:  [t-136ms] webm_clip.py:2499:_poll <- webm_clip.py:2750:_process_frame <- window_optional_services.py:62:<lambda> <- verify_seeky_multi.py:92:observed_frame <- window.py:1917:_on_frame <- window.py:2106:_rebuild_frame
WARNING:pet.gui_stall_sampler:  [t-25ms] webm_clip.py:2750:_process_frame <- window_optional_services.py:62:<lambda> <- verify_seeky_multi.py:92:observed_frame <- window.py:1917:_on_frame <- window.py:2068:_rebuild_frame <- window.py:1990:_frame_signature
WARNING:root:GUI 卡顿 399ms state=IDLE anim=待机呼吸休闲 physics=None
WARNING:pet.gui_stall_sampler:GUI 冻结现场（399ms，3 个采样点，旧→新）：
WARNING:pet.gui_stall_sampler:  [t-440ms] webm_clip.py:2499:_poll <- webm_clip.py:2750:_process_frame <- window_optional_services.py:62:<lambda> <- verify_seeky_multi.py:92:observed_frame <- window.py:1917:_on_frame <- window.py:2124:_rebuild_frame
WARNING:pet.gui_stall_sampler:  [t-137ms] webm_clip.py:2499:_poll <- webm_clip.py:2750:_process_frame <- window_optional_services.py:62:<lambda> <- verify_seeky_multi.py:92:observed_frame <- window.py:1917:_on_frame <- window.py:2106:_rebuild_frame
WARNING:pet.gui_stall_sampler:  [t-26ms] webm_clip.py:2750:_process_frame <- window_optional_services.py:62:<lambda> <- verify_seeky_multi.py:92:observed_frame <- window.py:1917:_on_frame <- window.py:2068:_rebuild_frame <- window.py:1990:_frame_signature
WARNING:root:GUI 卡顿 186ms state=IDLE anim=待机呼吸休闲 physics=None
WARNING:pet.gui_stall_sampler:GUI 冻结现场（186ms，2 个采样点，旧→新）：
WARNING:pet.gui_stall_sampler:  [t-187ms] verify_seeky_multi.py:308:<module> <- verify_seeky_multi.py:244:main
WARNING:pet.gui_stall_sampler:  [t-48ms] webm_clip.py:2750:_process_frame <- window_optional_services.py:62:<lambda> <- verify_seeky_multi.py:92:observed_frame <- window.py:1917:_on_frame <- window.py:2068:_rebuild_frame <- window.py:1990:_frame_signature
WARNING:root:GUI 卡顿 187ms state=IDLE anim=待机呼吸休闲 physics=None
WARNING:pet.gui_stall_sampler:GUI 冻结现场（187ms，2 个采样点，旧→新）：
WARNING:pet.gui_stall_sampler:  [t-188ms] verify_seeky_multi.py:308:<module> <- verify_seeky_multi.py:244:main
WARNING:pet.gui_stall_sampler:  [t-49ms] webm_clip.py:2750:_process_frame <- window_optional_services.py:62:<lambda> <- verify_seeky_multi.py:92:observed_frame <- window.py:1917:_on_frame <- window.py:2068:_rebuild_frame <- window.py:1990:_frame_signature
WARNING:root:GUI 卡顿 187ms state=IDLE anim=待机呼吸休闲 physics=None
WARNING:pet.gui_stall_sampler:GUI 冻结现场（187ms，2 个采样点，旧→新）：
WARNING:pet.gui_stall_sampler:  [t-188ms] verify_seeky_multi.py:308:<module> <- verify_seeky_multi.py:244:main
WARNING:pet.gui_stall_sampler:  [t-49ms] webm_clip.py:2750:_process_frame <- window_optional_services.py:62:<lambda> <- verify_seeky_multi.py:92:observed_frame <- window.py:1917:_on_frame <- window.py:2068:_rebuild_frame <- window.py:1990:_frame_signature
WARNING:root:GUI 卡顿 152ms state=IDLE anim=待机呼吸休闲 physics=None
WARNING:pet.gui_stall_sampler:GUI 冻结现场（152ms，3 个采样点，旧→新）：
WARNING:pet.gui_stall_sampler:  [t-167ms] verify_seeky_multi.py:308:<module> <- verify_seeky_multi.py:244:main
WARNING:pet.gui_stall_sampler:  [t-93ms] window_optional_services.py:62:<lambda> <- verify_seeky_multi.py:92:observed_frame <- window.py:1917:_on_frame <- window.py:2124:_rebuild_frame <- window.py:2270:_sync_mask <- window_optional_services.py:42:effects_coverage
WARNING:pet.gui_stall_sampler:  [t-16ms] verify_seeky_multi.py:308:<module> <- verify_seeky_multi.py:244:main
WARNING:root:GUI 卡顿 153ms state=IDLE anim=待机呼吸休闲 physics=None
WARNING:pet.gui_stall_sampler:GUI 冻结现场（153ms，3 个采样点，旧→新）：
WARNING:pet.gui_stall_sampler:  [t-168ms] verify_seeky_multi.py:308:<module> <- verify_seeky_multi.py:244:main
WARNING:pet.gui_stall_sampler:  [t-94ms] window_optional_services.py:62:<lambda> <- verify_seeky_multi.py:92:observed_frame <- window.py:1917:_on_frame <- window.py:2124:_rebuild_frame <- window.py:2270:_sync_mask <- window_optional_services.py:42:effects_coverage
WARNING:pet.gui_stall_sampler:  [t-17ms] verify_seeky_multi.py:308:<module> <- verify_seeky_multi.py:244:main
WARNING:root:GUI 卡顿 154ms state=IDLE anim=待机呼吸休闲 physics=None
WARNING:pet.gui_stall_sampler:GUI 冻结现场（154ms，3 个采样点，旧→新）：
WARNING:pet.gui_stall_sampler:  [t-169ms] verify_seeky_multi.py:308:<module> <- verify_seeky_multi.py:244:main
WARNING:pet.gui_stall_sampler:  [t-95ms] window_optional_services.py:62:<lambda> <- verify_seeky_multi.py:92:observed_frame <- window.py:1917:_on_frame <- window.py:2124:_rebuild_frame <- window.py:2270:_sync_mask <- window_optional_services.py:42:effects_coverage
WARNING:pet.gui_stall_sampler:  [t-18ms] verify_seeky_multi.py:308:<module> <- verify_seeky_multi.py:244:main
WARNING:root:GUI 卡顿 193ms state=IDLE anim=待机呼吸休闲 physics=None
WARNING:pet.gui_stall_sampler:GUI 冻结现场（193ms，1 个采样点，旧→新）：
WARNING:pet.gui_stall_sampler:  [t-58ms] verify_seeky_multi.py:308:<module> <- verify_seeky_multi.py:244:main <- webm_clip.py:2499:_poll <- webm_clip.py:2724:_process_frame
WARNING:root:GUI 卡顿 194ms state=IDLE anim=待机呼吸休闲 physics=None
WARNING:pet.gui_stall_sampler:GUI 冻结现场（194ms，1 个采样点，旧→新）：
WARNING:pet.gui_stall_sampler:  [t-59ms] verify_seeky_multi.py:308:<module> <- verify_seeky_multi.py:244:main <- webm_clip.py:2499:_poll <- webm_clip.py:2724:_process_frame
WARNING:root:GUI 卡顿 194ms state=IDLE anim=待机呼吸休闲 physics=None
WARNING:pet.gui_stall_sampler:GUI 冻结现场（194ms，1 个采样点，旧→新）：
WARNING:pet.gui_stall_sampler:  [t-59ms] verify_seeky_multi.py:308:<module> <- verify_seeky_multi.py:244:main <- webm_clip.py:2499:_poll <- webm_clip.py:2724:_process_frame
WARNING:root:GUI 卡顿 172ms state=IDLE anim=待机呼吸休闲 physics=None
WARNING:pet.gui_stall_sampler:GUI 冻结现场（172ms，3 个采样点，旧→新）：
WARNING:pet.gui_stall_sampler:  [t-202ms] verify_seeky_multi.py:308:<module> <- verify_seeky_multi.py:244:main
WARNING:pet.gui_stall_sampler:  [t-102ms] verify_seeky_multi.py:308:<module> <- verify_seeky_multi.py:244:main <- webm_clip.py:2499:_poll <- webm_clip.py:2724:_process_frame
WARNING:pet.gui_stall_sampler:  [t-20ms] webm_clip.py:2499:_poll <- webm_clip.py:2750:_process_frame <- window_optional_services.py:62:<lambda> <- verify_seeky_multi.py:92:observed_frame <- window.py:1917:_on_frame <- window.py:2106:_rebuild_frame
WARNING:root:GUI 卡顿 174ms state=IDLE anim=待机呼吸休闲 physics=None
WARNING:pet.gui_stall_sampler:GUI 冻结现场（174ms，3 个采样点，旧→新）：
WARNING:pet.gui_stall_sampler:  [t-203ms] verify_seeky_multi.py:308:<module> <- verify_seeky_multi.py:244:main
WARNING:pet.gui_stall_sampler:  [t-103ms] verify_seeky_multi.py:308:<module> <- verify_seeky_multi.py:244:main <- webm_clip.py:2499:_poll <- webm_clip.py:2724:_process_frame
WARNING:pet.gui_stall_sampler:  [t-21ms] webm_clip.py:2499:_poll <- webm_clip.py:2750:_process_frame <- window_optional_services.py:62:<lambda> <- verify_seeky_multi.py:92:observed_frame <- window.py:1917:_on_frame <- window.py:2106:_rebuild_frame
WARNING:root:GUI 卡顿 174ms state=IDLE anim=待机呼吸休闲 physics=None
WARNING:pet.gui_stall_sampler:GUI 冻结现场（174ms，3 个采样点，旧→新）：
WARNING:pet.gui_stall_sampler:  [t-204ms] verify_seeky_multi.py:308:<module> <- verify_seeky_multi.py:244:main
WARNING:pet.gui_stall_sampler:  [t-104ms] verify_seeky_multi.py:308:<module> <- verify_seeky_multi.py:244:main <- webm_clip.py:2499:_poll <- webm_clip.py:2724:_process_frame
WARNING:pet.gui_stall_sampler:  [t-21ms] webm_clip.py:2499:_poll <- webm_clip.py:2750:_process_frame <- window_optional_services.py:62:<lambda> <- verify_seeky_multi.py:92:observed_frame <- window.py:1917:_on_frame <- window.py:2106:_rebuild_frame
WARNING:root:GUI 卡顿 155ms state=IDLE anim=待机呼吸休闲 physics=None
WARNING:pet.gui_stall_sampler:GUI 冻结现场（155ms，2 个采样点，旧→新）：
WARNING:pet.gui_stall_sampler:  [t-76ms] webm_clip.py:2499:_poll <- webm_clip.py:2750:_process_frame <- window_optional_services.py:62:<lambda> <- verify_seeky_multi.py:92:observed_frame <- window.py:1917:_on_frame <- window.py:2106:_rebuild_frame
WARNING:pet.gui_stall_sampler:  [t-13ms] verify_seeky_multi.py:308:<module> <- verify_seeky_multi.py:244:main
WARNING:root:GUI 卡顿 156ms state=IDLE anim=待机呼吸休闲 physics=None
WARNING:pet.gui_stall_sampler:GUI 冻结现场（156ms，2 个采样点，旧→新）：
WARNING:pet.gui_stall_sampler:  [t-81ms] webm_clip.py:2499:_poll <- webm_clip.py:2750:_process_frame <- window_optional_services.py:62:<lambda> <- verify_seeky_multi.py:92:observed_frame <- window.py:1917:_on_frame <- window.py:2106:_rebuild_frame
WARNING:pet.gui_stall_sampler:  [t-18ms] verify_seeky_multi.py:308:<module> <- verify_seeky_multi.py:244:main
WARNING:root:GUI 卡顿 161ms state=IDLE anim=待机呼吸休闲 physics=None
WARNING:pet.gui_stall_sampler:GUI 冻结现场（161ms，2 个采样点，旧→新）：
WARNING:pet.gui_stall_sampler:  [t-82ms] webm_clip.py:2499:_poll <- webm_clip.py:2750:_process_frame <- window_optional_services.py:62:<lambda> <- verify_seeky_multi.py:92:observed_frame <- window.py:1917:_on_frame <- window.py:2106:_rebuild_frame
WARNING:pet.gui_stall_sampler:  [t-19ms] verify_seeky_multi.py:308:<module> <- verify_seeky_multi.py:244:main
WARNING:root:GUI 卡顿 139ms state=IDLE anim=待机呼吸休闲 physics=None
WARNING:pet.gui_stall_sampler:GUI 冻结现场（139ms，2 个采样点，旧→新）：
WARNING:pet.gui_stall_sampler:  [t-100ms] webm_clip.py:2499:_poll <- webm_clip.py:2750:_process_frame <- window_optional_services.py:62:<lambda> <- verify_seeky_multi.py:92:observed_frame <- window.py:1917:_on_frame <- window.py:2106:_rebuild_frame
WARNING:root:GUI 卡顿 140ms state=IDLE anim=待机呼吸休闲 physics=None
WARNING:pet.gui_stall_sampler:GUI 冻结现场（140ms，2 个采样点，旧→新）：
WARNING:pet.gui_stall_sampler:  [t-101ms] webm_clip.py:2499:_poll <- webm_clip.py:2750:_process_frame <- window_optional_services.py:62:<lambda> <- verify_seeky_multi.py:92:observed_frame <- window.py:1917:_on_frame <- window.py:2106:_rebuild_frame
WARNING:root:GUI 卡顿 140ms state=IDLE anim=待机呼吸休闲 physics=None
WARNING:pet.gui_stall_sampler:GUI 冻结现场（140ms，2 个采样点，旧→新）：
WARNING:pet.gui_stall_sampler:  [t-101ms] webm_clip.py:2499:_poll <- webm_clip.py:2750:_process_frame <- window_optional_services.py:62:<lambda> <- verify_seeky_multi.py:92:observed_frame <- window.py:1917:_on_frame <- window.py:2106:_rebuild_frame
WARNING:root:GUI 卡顿 146ms state=IDLE anim=待机呼吸休闲 physics=None
WARNING:pet.gui_stall_sampler:GUI 冻结现场（146ms，2 个采样点，旧→新）：
WARNING:pet.gui_stall_sampler:  [t-171ms] verify_seeky_multi.py:308:<module> <- verify_seeky_multi.py:244:main
WARNING:pet.gui_stall_sampler:  [t-55ms] webm_clip.py:2499:_poll <- webm_clip.py:2750:_process_frame <- window_optional_services.py:62:<lambda> <- verify_seeky_multi.py:92:observed_frame <- window.py:1917:_on_frame <- window.py:2106:_rebuild_frame
WARNING:root:GUI 卡顿 147ms state=IDLE anim=待机呼吸休闲 physics=None
WARNING:pet.gui_stall_sampler:GUI 冻结现场（147ms，2 个采样点，旧→新）：
WARNING:pet.gui_stall_sampler:  [t-171ms] verify_seeky_multi.py:308:<module> <- verify_seeky_multi.py:244:main
WARNING:pet.gui_stall_sampler:  [t-55ms] webm_clip.py:2499:_poll <- webm_clip.py:2750:_process_frame <- window_optional_services.py:62:<lambda> <- verify_seeky_multi.py:92:observed_frame <- window.py:1917:_on_frame <- window.py:2106:_rebuild_frame
WARNING:root:GUI 卡顿 147ms state=IDLE anim=待机呼吸休闲 physics=None
WARNING:pet.gui_stall_sampler:GUI 冻结现场（147ms，2 个采样点，旧→新）：
WARNING:pet.gui_stall_sampler:  [t-172ms] verify_seeky_multi.py:308:<module> <- verify_seeky_multi.py:244:main
WARNING:pet.gui_stall_sampler:  [t-56ms] webm_clip.py:2499:_poll <- webm_clip.py:2750:_process_frame <- window_optional_services.py:62:<lambda> <- verify_seeky_multi.py:92:observed_frame <- window.py:1917:_on_frame <- window.py:2106:_rebuild_frame
WARNING:root:GUI 卡顿 114ms state=IDLE anim=待机呼吸休闲 physics=None
WARNING:pet.gui_stall_sampler:GUI 冻结现场（114ms，2 个采样点，旧→新）：
WARNING:pet.gui_stall_sampler:  [t-149ms] verify_seeky_multi.py:308:<module> <- verify_seeky_multi.py:244:main
WARNING:pet.gui_stall_sampler:  [t-26ms] webm_clip.py:2499:_poll <- webm_clip.py:2750:_process_frame <- window_optional_services.py:62:<lambda> <- verify_seeky_multi.py:92:observed_frame <- window.py:1917:_on_frame <- window.py:2119:_rebuild_frame
WARNING:root:GUI 卡顿 115ms state=IDLE anim=待机呼吸休闲 physics=None
WARNING:pet.gui_stall_sampler:GUI 冻结现场（115ms，2 个采样点，旧→新）：
WARNING:pet.gui_stall_sampler:  [t-151ms] verify_seeky_multi.py:308:<module> <- verify_seeky_multi.py:244:main
WARNING:pet.gui_stall_sampler:  [t-28ms] webm_clip.py:2499:_poll <- webm_clip.py:2750:_process_frame <- window_optional_services.py:62:<lambda> <- verify_seeky_multi.py:92:observed_frame <- window.py:1917:_on_frame <- window.py:2119:_rebuild_frame
WARNING:root:GUI 卡顿 116ms state=IDLE anim=待机呼吸休闲 physics=None
WARNING:pet.gui_stall_sampler:GUI 冻结现场（116ms，2 个采样点，旧→新）：
WARNING:pet.gui_stall_sampler:  [t-151ms] verify_seeky_multi.py:308:<module> <- verify_seeky_multi.py:244:main
WARNING:pet.gui_stall_sampler:  [t-28ms] webm_clip.py:2499:_poll <- webm_clip.py:2750:_process_frame <- window_optional_services.py:62:<lambda> <- verify_seeky_multi.py:92:observed_frame <- window.py:1917:_on_frame <- window.py:2119:_rebuild_frame
WARNING:root:GUI 卡顿 134ms state=IDLE anim=待机呼吸休闲 physics=None
WARNING:pet.gui_stall_sampler:GUI 冻结现场（134ms，2 个采样点，旧→新）：
WARNING:pet.gui_stall_sampler:  [t-161ms] webm_clip.py:2499:_poll <- webm_clip.py:2750:_process_frame <- window_optional_services.py:62:<lambda> <- verify_seeky_multi.py:92:observed_frame <- window.py:1917:_on_frame <- window.py:2119:_rebuild_frame
WARNING:pet.gui_stall_sampler:  [t-59ms] webm_clip.py:2499:_poll <- webm_clip.py:2750:_process_frame <- window_optional_services.py:62:<lambda> <- verify_seeky_multi.py:92:observed_frame <- window.py:1917:_on_frame <- window.py:2124:_rebuild_frame
WARNING:root:GUI 卡顿 134ms state=IDLE anim=待机呼吸休闲 physics=None
WARNING:pet.gui_stall_sampler:GUI 冻结现场（134ms，2 个采样点，旧→新）：
WARNING:pet.gui_stall_sampler:  [t-161ms] webm_clip.py:2499:_poll <- webm_clip.py:2750:_process_frame <- window_optional_services.py:62:<lambda> <- verify_seeky_multi.py:92:observed_frame <- window.py:1917:_on_frame <- window.py:2119:_rebuild_frame
WARNING:pet.gui_stall_sampler:  [t-60ms] webm_clip.py:2499:_poll <- webm_clip.py:2750:_process_frame <- window_optional_services.py:62:<lambda> <- verify_seeky_multi.py:92:observed_frame <- window.py:1917:_on_frame <- window.py:2124:_rebuild_frame
WARNING:root:GUI 卡顿 133ms state=IDLE anim=待机呼吸休闲 physics=None
WARNING:pet.gui_stall_sampler:GUI 冻结现场（133ms，2 个采样点，旧→新）：
WARNING:pet.gui_stall_sampler:  [t-161ms] webm_clip.py:2499:_poll <- webm_clip.py:2750:_process_frame <- window_optional_services.py:62:<lambda> <- verify_seeky_multi.py:92:observed_frame <- window.py:1917:_on_frame <- window.py:2119:_rebuild_frame
WARNING:pet.gui_stall_sampler:  [t-60ms] webm_clip.py:2499:_poll <- webm_clip.py:2750:_process_frame <- window_optional_services.py:62:<lambda> <- verify_seeky_multi.py:92:observed_frame <- window.py:1917:_on_frame <- window.py:2124:_rebuild_frame
WARNING:root:GUI 卡顿 186ms state=IDLE anim=待机呼吸休闲 physics=None
WARNING:pet.gui_stall_sampler:GUI 冻结现场（186ms，3 个采样点，旧→新）：
WARNING:pet.gui_stall_sampler:  [t-225ms] verify_seeky_multi.py:308:<module> <- verify_seeky_multi.py:244:main
WARNING:pet.gui_stall_sampler:  [t-150ms] webm_clip.py:2499:_poll <- webm_clip.py:2750:_process_frame <- window_optional_services.py:62:<lambda> <- verify_seeky_multi.py:92:observed_frame <- window.py:1917:_on_frame <- window.py:2106:_rebuild_frame
WARNING:pet.gui_stall_sampler:  [t-30ms] verify_seeky_multi.py:92:observed_frame <- window.py:1917:_on_frame <- window.py:2124:_rebuild_frame <- window.py:2270:_sync_mask <- window_optional_services.py:42:effects_coverage <- frame_edges.py:26:coverage_region
WARNING:root:GUI 卡顿 187ms state=IDLE anim=待机呼吸休闲 physics=None
WARNING:pet.gui_stall_sampler:GUI 冻结现场（187ms，3 个采样点，旧→新）：
WARNING:pet.gui_stall_sampler:  [t-226ms] verify_seeky_multi.py:308:<module> <- verify_seeky_multi.py:244:main
WARNING:pet.gui_stall_sampler:  [t-151ms] webm_clip.py:2499:_poll <- webm_clip.py:2750:_process_frame <- window_optional_services.py:62:<lambda> <- verify_seeky_multi.py:92:observed_frame <- window.py:1917:_on_frame <- window.py:2106:_rebuild_frame
WARNING:pet.gui_stall_sampler:  [t-31ms] verify_seeky_multi.py:92:observed_frame <- window.py:1917:_on_frame <- window.py:2124:_rebuild_frame <- window.py:2270:_sync_mask <- window_optional_services.py:42:effects_coverage <- frame_edges.py:26:coverage_region
WARNING:root:GUI 卡顿 187ms state=IDLE anim=待机呼吸休闲 physics=None
WARNING:pet.gui_stall_sampler:GUI 冻结现场（187ms，3 个采样点，旧→新）：
WARNING:pet.gui_stall_sampler:  [t-227ms] verify_seeky_multi.py:308:<module> <- verify_seeky_multi.py:244:main
WARNING:pet.gui_stall_sampler:  [t-151ms] webm_clip.py:2499:_poll <- webm_clip.py:2750:_process_frame <- window_optional_services.py:62:<lambda> <- verify_seeky_multi.py:92:observed_frame <- window.py:1917:_on_frame <- window.py:2106:_rebuild_frame
WARNING:pet.gui_stall_sampler:  [t-31ms] verify_seeky_multi.py:92:observed_frame <- window.py:1917:_on_frame <- window.py:2124:_rebuild_frame <- window.py:2270:_sync_mask <- window_optional_services.py:42:effects_coverage <- frame_edges.py:26:coverage_region
WARNING:root:GUI 卡顿 110ms state=IDLE anim=待机呼吸休闲 physics=None
WARNING:pet.gui_stall_sampler:GUI 冻结现场（110ms，2 个采样点，旧→新）：
WARNING:pet.gui_stall_sampler:  [t-113ms] verify_seeky_multi.py:308:<module> <- verify_seeky_multi.py:244:main
WARNING:pet.gui_stall_sampler:  [t-27ms] webm_clip.py:2499:_poll <- webm_clip.py:2750:_process_frame <- window_optional_services.py:62:<lambda> <- verify_seeky_multi.py:92:observed_frame <- window.py:1917:_on_frame <- window.py:2099:_rebuild_frame
WARNING:root:GUI 卡顿 110ms state=IDLE anim=待机呼吸休闲 physics=None
WARNING:pet.gui_stall_sampler:GUI 冻结现场（110ms，2 个采样点，旧→新）：
WARNING:pet.gui_stall_sampler:  [t-113ms] verify_seeky_multi.py:308:<module> <- verify_seeky_multi.py:244:main
WARNING:pet.gui_stall_sampler:  [t-27ms] webm_clip.py:2499:_poll <- webm_clip.py:2750:_process_frame <- window_optional_services.py:62:<lambda> <- verify_seeky_multi.py:92:observed_frame <- window.py:1917:_on_frame <- window.py:2099:_rebuild_frame
WARNING:root:GUI 卡顿 111ms state=IDLE anim=待机呼吸休闲 physics=None
WARNING:pet.gui_stall_sampler:GUI 冻结现场（111ms，2 个采样点，旧→新）：
WARNING:pet.gui_stall_sampler:  [t-113ms] verify_seeky_multi.py:308:<module> <- verify_seeky_multi.py:244:main
WARNING:pet.gui_stall_sampler:  [t-27ms] webm_clip.py:2499:_poll <- webm_clip.py:2750:_process_frame <- window_optional_services.py:62:<lambda> <- verify_seeky_multi.py:92:observed_frame <- window.py:1917:_on_frame <- window.py:2099:_rebuild_frame
WARNING:root:GUI 卡顿 187ms state=IDLE anim=待机呼吸休闲 physics=None
WARNING:pet.gui_stall_sampler:GUI 冻结现场（187ms，3 个采样点，旧→新）：
WARNING:pet.gui_stall_sampler:  [t-212ms] verify_seeky_multi.py:308:<module> <- verify_seeky_multi.py:244:main
WARNING:pet.gui_stall_sampler:  [t-81ms] webm_clip.py:2499:_poll <- webm_clip.py:2750:_process_frame <- window_optional_services.py:62:<lambda> <- verify_seeky_multi.py:92:observed_frame <- window.py:1917:_on_frame <- window.py:2099:_rebuild_frame
WARNING:pet.gui_stall_sampler:  [t-11ms] verify_seeky_multi.py:308:<module> <- verify_seeky_multi.py:244:main
WARNING:root:GUI 卡顿 188ms state=IDLE anim=待机呼吸休闲 physics=None
WARNING:pet.gui_stall_sampler:GUI 冻结现场（188ms，3 个采样点，旧→新）：
WARNING:pet.gui_stall_sampler:  [t-213ms] verify_seeky_multi.py:308:<module> <- verify_seeky_multi.py:244:main
WARNING:pet.gui_stall_sampler:  [t-82ms] webm_clip.py:2499:_poll <- webm_clip.py:2750:_process_frame <- window_optional_services.py:62:<lambda> <- verify_seeky_multi.py:92:observed_frame <- window.py:1917:_on_frame <- window.py:2099:_rebuild_frame
WARNING:pet.gui_stall_sampler:  [t-12ms] verify_seeky_multi.py:308:<module> <- verify_seeky_multi.py:244:main
WARNING:root:GUI 卡顿 189ms state=IDLE anim=待机呼吸休闲 physics=None
WARNING:pet.gui_stall_sampler:GUI 冻结现场（189ms，3 个采样点，旧→新）：
WARNING:pet.gui_stall_sampler:  [t-214ms] verify_seeky_multi.py:308:<module> <- verify_seeky_multi.py:244:main
WARNING:pet.gui_stall_sampler:  [t-82ms] webm_clip.py:2499:_poll <- webm_clip.py:2750:_process_frame <- window_optional_services.py:62:<lambda> <- verify_seeky_multi.py:92:observed_frame <- window.py:1917:_on_frame <- window.py:2099:_rebuild_frame
WARNING:pet.gui_stall_sampler:  [t-13ms] verify_seeky_multi.py:308:<module> <- verify_seeky_multi.py:244:main
WARNING:root:GUI 卡顿 207ms state=IDLE anim=待机呼吸休闲 physics=None
WARNING:pet.gui_stall_sampler:GUI 冻结现场（207ms，3 个采样点，旧→新）：
WARNING:pet.gui_stall_sampler:  [t-219ms] verify_seeky_multi.py:308:<module> <- verify_seeky_multi.py:244:main
WARNING:pet.gui_stall_sampler:  [t-105ms] webm_clip.py:2499:_poll <- webm_clip.py:2750:_process_frame <- window_optional_services.py:62:<lambda> <- verify_seeky_multi.py:92:observed_frame <- window.py:1917:_on_frame <- window.py:2099:_rebuild_frame
WARNING:pet.gui_stall_sampler:  [t-30ms] verify_seeky_multi.py:92:observed_frame <- window.py:1917:_on_frame <- window.py:2124:_rebuild_frame <- window.py:2270:_sync_mask <- window_optional_services.py:42:effects_coverage <- frame_edges.py:27:coverage_region
WARNING:root:GUI 卡顿 209ms state=IDLE anim=待机呼吸休闲 physics=None
WARNING:pet.gui_stall_sampler:GUI 冻结现场（209ms，3 个采样点，旧→新）：
WARNING:pet.gui_stall_sampler:  [t-221ms] verify_seeky_multi.py:308:<module> <- verify_seeky_multi.py:244:main
WARNING:pet.gui_stall_sampler:  [t-107ms] webm_clip.py:2499:_poll <- webm_clip.py:2750:_process_frame <- window_optional_services.py:62:<lambda> <- verify_seeky_multi.py:92:observed_frame <- window.py:1917:_on_frame <- window.py:2099:_rebuild_frame
WARNING:pet.gui_stall_sampler:  [t-32ms] verify_seeky_multi.py:92:observed_frame <- window.py:1917:_on_frame <- window.py:2124:_rebuild_frame <- window.py:2270:_sync_mask <- window_optional_services.py:42:effects_coverage <- frame_edges.py:27:coverage_region
WARNING:root:GUI 卡顿 209ms state=IDLE anim=待机呼吸休闲 physics=None
WARNING:pet.gui_stall_sampler:GUI 冻结现场（209ms，3 个采样点，旧→新）：
WARNING:pet.gui_stall_sampler:  [t-222ms] verify_seeky_multi.py:308:<module> <- verify_seeky_multi.py:244:main
WARNING:pet.gui_stall_sampler:  [t-108ms] webm_clip.py:2499:_poll <- webm_clip.py:2750:_process_frame <- window_optional_services.py:62:<lambda> <- verify_seeky_multi.py:92:observed_frame <- window.py:1917:_on_frame <- window.py:2099:_rebuild_frame
WARNING:pet.gui_stall_sampler:  [t-33ms] verify_seeky_multi.py:92:observed_frame <- window.py:1917:_on_frame <- window.py:2124:_rebuild_frame <- window.py:2270:_sync_mask <- window_optional_services.py:42:effects_coverage <- frame_edges.py:27:coverage_region
WARNING:root:GUI 卡顿 189ms state=IDLE anim=待机呼吸休闲 physics=None
WARNING:pet.gui_stall_sampler:GUI 冻结现场（189ms，4 个采样点，旧→新）：
WARNING:pet.gui_stall_sampler:  [t-232ms] verify_seeky_multi.py:308:<module> <- verify_seeky_multi.py:244:main
WARNING:pet.gui_stall_sampler:  [t-169ms] verify_seeky_multi.py:308:<module> <- verify_seeky_multi.py:244:main <- webm_clip.py:2499:_poll <- webm_clip.py:2724:_process_frame
WARNING:pet.gui_stall_sampler:  [t-13ms] webm_clip.py:2499:_poll <- webm_clip.py:2750:_process_frame <- window_optional_services.py:62:<lambda> <- verify_seeky_multi.py:92:observed_frame <- window.py:1917:_on_frame <- window.py:2119:_rebuild_frame
WARNING:root:GUI 卡顿 190ms state=IDLE anim=待机呼吸休闲 physics=None
WARNING:pet.gui_stall_sampler:GUI 冻结现场（190ms，4 个采样点，旧→新）：
WARNING:pet.gui_stall_sampler:  [t-233ms] verify_seeky_multi.py:308:<module> <- verify_seeky_multi.py:244:main
WARNING:pet.gui_stall_sampler:  [t-169ms] verify_seeky_multi.py:308:<module> <- verify_seeky_multi.py:244:main <- webm_clip.py:2499:_poll <- webm_clip.py:2724:_process_frame
WARNING:pet.gui_stall_sampler:  [t-14ms] webm_clip.py:2499:_poll <- webm_clip.py:2750:_process_frame <- window_optional_services.py:62:<lambda> <- verify_seeky_multi.py:92:observed_frame <- window.py:1917:_on_frame <- window.py:2119:_rebuild_frame
WARNING:root:GUI 卡顿 190ms state=IDLE anim=待机呼吸休闲 physics=None
WARNING:pet.gui_stall_sampler:GUI 冻结现场（190ms，4 个采样点，旧→新）：
WARNING:pet.gui_stall_sampler:  [t-233ms] verify_seeky_multi.py:308:<module> <- verify_seeky_multi.py:244:main
WARNING:pet.gui_stall_sampler:  [t-170ms] verify_seeky_multi.py:308:<module> <- verify_seeky_multi.py:244:main <- webm_clip.py:2499:_poll <- webm_clip.py:2724:_process_frame
WARNING:pet.gui_stall_sampler:  [t-14ms] webm_clip.py:2499:_poll <- webm_clip.py:2750:_process_frame <- window_optional_services.py:62:<lambda> <- verify_seeky_multi.py:92:observed_frame <- window.py:1917:_on_frame <- window.py:2119:_rebuild_frame
WARNING:root:GUI 卡顿 125ms state=IDLE anim=待机呼吸休闲 physics=None
WARNING:pet.gui_stall_sampler:GUI 冻结现场（125ms，2 个采样点，旧→新）：
WARNING:pet.gui_stall_sampler:  [t-82ms] webm_clip.py:2750:_process_frame <- window_optional_services.py:62:<lambda> <- verify_seeky_multi.py:92:observed_frame <- window.py:1917:_on_frame <- window.py:2068:_rebuild_frame <- window.py:1990:_frame_signature
WARNING:pet.gui_stall_sampler:  [t-13ms] webm_clip.py:2499:_poll <- webm_clip.py:2750:_process_frame <- window_optional_services.py:62:<lambda> <- verify_seeky_multi.py:92:observed_frame <- window.py:1917:_on_frame <- window.py:2106:_rebuild_frame
WARNING:root:GUI 卡顿 127ms state=IDLE anim=待机呼吸休闲 physics=None
WARNING:pet.gui_stall_sampler:GUI 冻结现场（127ms，2 个采样点，旧→新）：
WARNING:pet.gui_stall_sampler:  [t-83ms] webm_clip.py:2750:_process_frame <- window_optional_services.py:62:<lambda> <- verify_seeky_multi.py:92:observed_frame <- window.py:1917:_on_frame <- window.py:2068:_rebuild_frame <- window.py:1990:_frame_signature
WARNING:pet.gui_stall_sampler:  [t-15ms] webm_clip.py:2499:_poll <- webm_clip.py:2750:_process_frame <- window_optional_services.py:62:<lambda> <- verify_seeky_multi.py:92:observed_frame <- window.py:1917:_on_frame <- window.py:2106:_rebuild_frame
WARNING:root:GUI 卡顿 127ms state=IDLE anim=待机呼吸休闲 physics=None
WARNING:pet.gui_stall_sampler:GUI 冻结现场（127ms，2 个采样点，旧→新）：
WARNING:pet.gui_stall_sampler:  [t-84ms] webm_clip.py:2750:_process_frame <- window_optional_services.py:62:<lambda> <- verify_seeky_multi.py:92:observed_frame <- window.py:1917:_on_frame <- window.py:2068:_rebuild_frame <- window.py:1990:_frame_signature
WARNING:pet.gui_stall_sampler:  [t-15ms] webm_clip.py:2499:_poll <- webm_clip.py:2750:_process_frame <- window_optional_services.py:62:<lambda> <- verify_seeky_multi.py:92:observed_frame <- window.py:1917:_on_frame <- window.py:2106:_rebuild_frame
WARNING:root:GUI 卡顿 152ms state=IDLE anim=待机呼吸休闲 physics=None
WARNING:pet.gui_stall_sampler:GUI 冻结现场（152ms，2 个采样点，旧→新）：
WARNING:pet.gui_stall_sampler:  [t-165ms] webm_clip.py:2499:_poll <- webm_clip.py:2750:_process_frame <- window_optional_services.py:62:<lambda> <- verify_seeky_multi.py:92:observed_frame <- window.py:1917:_on_frame <- window.py:2106:_rebuild_frame
WARNING:pet.gui_stall_sampler:  [t-59ms] webm_clip.py:2499:_poll <- webm_clip.py:2750:_process_frame <- window_optional_services.py:62:<lambda> <- verify_seeky_multi.py:92:observed_frame <- window.py:1917:_on_frame <- window.py:2124:_rebuild_frame
WARNING:root:GUI 卡顿 151ms state=IDLE anim=待机呼吸休闲 physics=None
WARNING:pet.gui_stall_sampler:GUI 冻结现场（151ms，2 个采样点，旧→新）：
WARNING:pet.gui_stall_sampler:  [t-166ms] webm_clip.py:2499:_poll <- webm_clip.py:2750:_process_frame <- window_optional_services.py:62:<lambda> <- verify_seeky_multi.py:92:observed_frame <- window.py:1917:_on_frame <- window.py:2106:_rebuild_frame
WARNING:pet.gui_stall_sampler:  [t-60ms] webm_clip.py:2499:_poll <- webm_clip.py:2750:_process_frame <- window_optional_services.py:62:<lambda> <- verify_seeky_multi.py:92:observed_frame <- window.py:1917:_on_frame <- window.py:2124:_rebuild_frame
WARNING:root:GUI 卡顿 151ms state=IDLE anim=待机呼吸休闲 physics=None
WARNING:pet.gui_stall_sampler:GUI 冻结现场（151ms，2 个采样点，旧→新）：
WARNING:pet.gui_stall_sampler:  [t-166ms] webm_clip.py:2499:_poll <- webm_clip.py:2750:_process_frame <- window_optional_services.py:62:<lambda> <- verify_seeky_multi.py:92:observed_frame <- window.py:1917:_on_frame <- window.py:2106:_rebuild_frame
WARNING:pet.gui_stall_sampler:  [t-60ms] webm_clip.py:2499:_poll <- webm_clip.py:2750:_process_frame <- window_optional_services.py:62:<lambda> <- verify_seeky_multi.py:92:observed_frame <- window.py:1917:_on_frame <- window.py:2124:_rebuild_frame
WARNING:root:GUI 卡顿 128ms state=IDLE anim=待机呼吸休闲 physics=None
WARNING:pet.gui_stall_sampler:GUI 冻结现场（128ms，3 个采样点，旧→新）：
WARNING:pet.gui_stall_sampler:  [t-164ms] verify_seeky_multi.py:308:<module> <- verify_seeky_multi.py:244:main
WARNING:pet.gui_stall_sampler:  [t-70ms] verify_seeky_multi.py:92:observed_frame <- window.py:1917:_on_frame <- window.py:2124:_rebuild_frame <- window.py:2270:_sync_mask <- window_optional_services.py:42:effects_coverage <- frame_edges.py:27:coverage_region
WARNING:pet.gui_stall_sampler:  [t-10ms] verify_seeky_multi.py:308:<module> <- verify_seeky_multi.py:244:main
WARNING:root:GUI 卡顿 128ms state=IDLE anim=待机呼吸休闲 physics=None
WARNING:pet.gui_stall_sampler:GUI 冻结现场（128ms，3 个采样点，旧→新）：
WARNING:pet.gui_stall_sampler:  [t-165ms] verify_seeky_multi.py:308:<module> <- verify_seeky_multi.py:244:main
WARNING:pet.gui_stall_sampler:  [t-71ms] verify_seeky_multi.py:92:observed_frame <- window.py:1917:_on_frame <- window.py:2124:_rebuild_frame <- window.py:2270:_sync_mask <- window_optional_services.py:42:effects_coverage <- frame_edges.py:27:coverage_region
WARNING:pet.gui_stall_sampler:  [t-10ms] verify_seeky_multi.py:308:<module> <- verify_seeky_multi.py:244:main
WARNING:root:GUI 卡顿 129ms state=IDLE anim=待机呼吸休闲 physics=None
WARNING:pet.gui_stall_sampler:GUI 冻结现场（129ms，3 个采样点，旧→新）：
WARNING:pet.gui_stall_sampler:  [t-165ms] verify_seeky_multi.py:308:<module> <- verify_seeky_multi.py:244:main
WARNING:pet.gui_stall_sampler:  [t-71ms] verify_seeky_multi.py:92:observed_frame <- window.py:1917:_on_frame <- window.py:2124:_rebuild_frame <- window.py:2270:_sync_mask <- window_optional_services.py:42:effects_coverage <- frame_edges.py:27:coverage_region
WARNING:pet.gui_stall_sampler:  [t-11ms] verify_seeky_multi.py:308:<module> <- verify_seeky_multi.py:244:main
WARNING:root:GUI 卡顿 137ms state=IDLE anim=待机呼吸休闲 physics=None
WARNING:pet.gui_stall_sampler:GUI 冻结现场（137ms，3 个采样点，旧→新）：
WARNING:pet.gui_stall_sampler:  [t-147ms] verify_seeky_multi.py:308:<module> <- verify_seeky_multi.py:244:main
WARNING:pet.gui_stall_sampler:  [t-55ms] webm_clip.py:2499:_poll <- webm_clip.py:2750:_process_frame <- window_optional_services.py:62:<lambda> <- verify_seeky_multi.py:92:observed_frame <- window.py:1917:_on_frame <- window.py:2106:_rebuild_frame
WARNING:pet.gui_stall_sampler:  [t-3ms] verify_seeky_multi.py:308:<module> <- verify_seeky_multi.py:244:main
WARNING:root:GUI 卡顿 137ms state=IDLE anim=待机呼吸休闲 physics=None
WARNING:pet.gui_stall_sampler:GUI 冻结现场（137ms，3 个采样点，旧→新）：
WARNING:pet.gui_stall_sampler:  [t-148ms] verify_seeky_multi.py:308:<module> <- verify_seeky_multi.py:244:main
WARNING:pet.gui_stall_sampler:  [t-56ms] webm_clip.py:2499:_poll <- webm_clip.py:2750:_process_frame <- window_optional_services.py:62:<lambda> <- verify_seeky_multi.py:92:observed_frame <- window.py:1917:_on_frame <- window.py:2106:_rebuild_frame
WARNING:pet.gui_stall_sampler:  [t-3ms] verify_seeky_multi.py:308:<module> <- verify_seeky_multi.py:244:main
WARNING:root:GUI 卡顿 137ms state=IDLE anim=待机呼吸休闲 physics=None
WARNING:pet.gui_stall_sampler:GUI 冻结现场（137ms，3 个采样点，旧→新）：
WARNING:pet.gui_stall_sampler:  [t-148ms] verify_seeky_multi.py:308:<module> <- verify_seeky_multi.py:244:main
WARNING:pet.gui_stall_sampler:  [t-56ms] webm_clip.py:2499:_poll <- webm_clip.py:2750:_process_frame <- window_optional_services.py:62:<lambda> <- verify_seeky_multi.py:92:observed_frame <- window.py:1917:_on_frame <- window.py:2106:_rebuild_frame
WARNING:pet.gui_stall_sampler:  [t-4ms] verify_seeky_multi.py:308:<module> <- verify_seeky_multi.py:244:main
WARNING:root:GUI 卡顿 120ms state=IDLE anim=待机呼吸休闲 physics=None
WARNING:pet.gui_stall_sampler:GUI 冻结现场（120ms，2 个采样点，旧→新）：
WARNING:pet.gui_stall_sampler:  [t-123ms] verify_seeky_multi.py:308:<module> <- verify_seeky_multi.py:244:main
WARNING:pet.gui_stall_sampler:  [t-50ms] verify_seeky_multi.py:92:observed_frame <- window.py:1917:_on_frame <- window.py:2124:_rebuild_frame <- window.py:2270:_sync_mask <- window_optional_services.py:42:effects_coverage <- frame_edges.py:27:coverage_region
WARNING:root:GUI 卡顿 120ms state=IDLE anim=待机呼吸休闲 physics=None
WARNING:pet.gui_stall_sampler:GUI 冻结现场（120ms，2 个采样点，旧→新）：
WARNING:pet.gui_stall_sampler:  [t-124ms] verify_seeky_multi.py:308:<module> <- verify_seeky_multi.py:244:main
WARNING:pet.gui_stall_sampler:  [t-50ms] verify_seeky_multi.py:92:observed_frame <- window.py:1917:_on_frame <- window.py:2124:_rebuild_frame <- window.py:2270:_sync_mask <- window_optional_services.py:42:effects_coverage <- frame_edges.py:27:coverage_region
WARNING:root:GUI 卡顿 120ms state=IDLE anim=待机呼吸休闲 physics=None
WARNING:pet.gui_stall_sampler:GUI 冻结现场（120ms，2 个采样点，旧→新）：
WARNING:pet.gui_stall_sampler:  [t-124ms] verify_seeky_multi.py:308:<module> <- verify_seeky_multi.py:244:main
WARNING:pet.gui_stall_sampler:  [t-51ms] verify_seeky_multi.py:92:observed_frame <- window.py:1917:_on_frame <- window.py:2124:_rebuild_frame <- window.py:2270:_sync_mask <- window_optional_services.py:42:effects_coverage <- frame_edges.py:27:coverage_region
WARNING:root:GUI 卡顿 172ms state=IDLE anim=待机呼吸休闲 physics=None
WARNING:pet.gui_stall_sampler:GUI 冻结现场（172ms，3 个采样点，旧→新）：
WARNING:pet.gui_stall_sampler:  [t-203ms] verify_seeky_multi.py:308:<module> <- verify_seeky_multi.py:244:main
WARNING:pet.gui_stall_sampler:  [t-70ms] webm_clip.py:2499:_poll <- webm_clip.py:2750:_process_frame <- window_optional_services.py:62:<lambda> <- verify_seeky_multi.py:92:observed_frame <- window.py:1917:_on_frame <- window.py:2106:_rebuild_frame
WARNING:pet.gui_stall_sampler:  [t-10ms] verify_seeky_multi.py:92:observed_frame <- window.py:1917:_on_frame <- window.py:2124:_rebuild_frame <- window.py:2270:_sync_mask <- window_optional_services.py:42:effects_coverage <- frame_edges.py:27:coverage_region
WARNING:root:GUI 卡顿 172ms state=IDLE anim=待机呼吸休闲 physics=None
WARNING:pet.gui_stall_sampler:GUI 冻结现场（172ms，3 个采样点，旧→新）：
WARNING:pet.gui_stall_sampler:  [t-204ms] verify_seeky_multi.py:308:<module> <- verify_seeky_multi.py:244:main
WARNING:pet.gui_stall_sampler:  [t-71ms] webm_clip.py:2499:_poll <- webm_clip.py:2750:_process_frame <- window_optional_services.py:62:<lambda> <- verify_seeky_multi.py:92:observed_frame <- window.py:1917:_on_frame <- window.py:2106:_rebuild_frame
WARNING:pet.gui_stall_sampler:  [t-10ms] verify_seeky_multi.py:92:observed_frame <- window.py:1917:_on_frame <- window.py:2124:_rebuild_frame <- window.py:2270:_sync_mask <- window_optional_services.py:42:effects_coverage <- frame_edges.py:27:coverage_region
WARNING:root:GUI 卡顿 173ms state=IDLE anim=待机呼吸休闲 physics=None
WARNING:pet.gui_stall_sampler:GUI 冻结现场（173ms，3 个采样点，旧→新）：
WARNING:pet.gui_stall_sampler:  [t-204ms] verify_seeky_multi.py:308:<module> <- verify_seeky_multi.py:244:main
WARNING:pet.gui_stall_sampler:  [t-71ms] webm_clip.py:2499:_poll <- webm_clip.py:2750:_process_frame <- window_optional_services.py:62:<lambda> <- verify_seeky_multi.py:92:observed_frame <- window.py:1917:_on_frame <- window.py:2106:_rebuild_frame
WARNING:pet.gui_stall_sampler:  [t-11ms] verify_seeky_multi.py:92:observed_frame <- window.py:1917:_on_frame <- window.py:2124:_rebuild_frame <- window.py:2270:_sync_mask <- window_optional_services.py:42:effects_coverage <- frame_edges.py:27:coverage_region
WARNING:root:GUI 卡顿 135ms state=IDLE anim=待机呼吸休闲 physics=None
WARNING:pet.gui_stall_sampler:GUI 冻结现场（135ms，2 个采样点，旧→新）：
WARNING:pet.gui_stall_sampler:  [t-145ms] verify_seeky_multi.py:92:observed_frame <- window.py:1917:_on_frame <- window.py:2124:_rebuild_frame <- window.py:2270:_sync_mask <- window_optional_services.py:42:effects_coverage <- frame_edges.py:27:coverage_region
WARNING:pet.gui_stall_sampler:  [t-62ms] verify_seeky_multi.py:308:<module> <- verify_seeky_multi.py:244:main <- webm_clip.py:2499:_poll <- webm_clip.py:2750:_process_frame
WARNING:root:GUI 卡顿 134ms state=IDLE anim=待机呼吸休闲 physics=None
WARNING:pet.gui_stall_sampler:GUI 冻结现场（134ms，2 个采样点，旧→新）：
WARNING:pet.gui_stall_sampler:  [t-145ms] verify_seeky_multi.py:92:observed_frame <- window.py:1917:_on_frame <- window.py:2124:_rebuild_frame <- window.py:2270:_sync_mask <- window_optional_services.py:42:effects_coverage <- frame_edges.py:27:coverage_region
WARNING:pet.gui_stall_sampler:  [t-63ms] verify_seeky_multi.py:308:<module> <- verify_seeky_multi.py:244:main <- webm_clip.py:2499:_poll <- webm_clip.py:2750:_process_frame
WARNING:root:GUI 卡顿 134ms state=IDLE anim=待机呼吸休闲 physics=None
WARNING:pet.gui_stall_sampler:GUI 冻结现场（134ms，2 个采样点，旧→新）：
WARNING:pet.gui_stall_sampler:  [t-145ms] verify_seeky_multi.py:92:observed_frame <- window.py:1917:_on_frame <- window.py:2124:_rebuild_frame <- window.py:2270:_sync_mask <- window_optional_services.py:42:effects_coverage <- frame_edges.py:27:coverage_region
WARNING:pet.gui_stall_sampler:  [t-63ms] verify_seeky_multi.py:308:<module> <- verify_seeky_multi.py:244:main <- webm_clip.py:2499:_poll <- webm_clip.py:2750:_process_frame
WARNING:root:GUI 卡顿 104ms state=IDLE anim=待机呼吸休闲 physics=None
WARNING:pet.gui_stall_sampler:GUI 冻结现场（104ms，2 个采样点，旧→新）：
WARNING:pet.gui_stall_sampler:  [t-120ms] window_optional_services.py:62:<lambda> <- verify_seeky_multi.py:92:observed_frame <- window.py:1917:_on_frame <- window.py:2124:_rebuild_frame <- window.py:2270:_sync_mask <- window_optional_services.py:42:effects_coverage
WARNING:pet.gui_stall_sampler:  [t-29ms] webm_clip.py:2499:_poll <- webm_clip.py:2750:_process_frame <- window_optional_services.py:62:<lambda> <- verify_seeky_multi.py:92:observed_frame <- window.py:1917:_on_frame <- window.py:2124:_rebuild_frame
WARNING:root:GUI 卡顿 105ms state=IDLE anim=待机呼吸休闲 physics=None
WARNING:pet.gui_stall_sampler:GUI 冻结现场（105ms，2 个采样点，旧→新）：
WARNING:pet.gui_stall_sampler:  [t-120ms] window_optional_services.py:62:<lambda> <- verify_seeky_multi.py:92:observed_frame <- window.py:1917:_on_frame <- window.py:2124:_rebuild_frame <- window.py:2270:_sync_mask <- window_optional_services.py:42:effects_coverage
WARNING:pet.gui_stall_sampler:  [t-29ms] webm_clip.py:2499:_poll <- webm_clip.py:2750:_process_frame <- window_optional_services.py:62:<lambda> <- verify_seeky_multi.py:92:observed_frame <- window.py:1917:_on_frame <- window.py:2124:_rebuild_frame
WARNING:root:GUI 卡顿 105ms state=IDLE anim=待机呼吸休闲 physics=None
WARNING:pet.gui_stall_sampler:GUI 冻结现场（105ms，2 个采样点，旧→新）：
WARNING:pet.gui_stall_sampler:  [t-120ms] window_optional_services.py:62:<lambda> <- verify_seeky_multi.py:92:observed_frame <- window.py:1917:_on_frame <- window.py:2124:_rebuild_frame <- window.py:2270:_sync_mask <- window_optional_services.py:42:effects_coverage
WARNING:pet.gui_stall_sampler:  [t-30ms] webm_clip.py:2499:_poll <- webm_clip.py:2750:_process_frame <- window_optional_services.py:62:<lambda> <- verify_seeky_multi.py:92:observed_frame <- window.py:1917:_on_frame <- window.py:2124:_rebuild_frame
WARNING:root:GUI 卡顿 136ms state=IDLE anim=待机呼吸休闲 physics=None
WARNING:pet.gui_stall_sampler:GUI 冻结现场（136ms，3 个采样点，旧→新）：
WARNING:pet.gui_stall_sampler:  [t-152ms] verify_seeky_multi.py:308:<module> <- verify_seeky_multi.py:244:main
WARNING:pet.gui_stall_sampler:  [t-68ms] webm_clip.py:2750:_process_frame <- window_optional_services.py:62:<lambda> <- verify_seeky_multi.py:92:observed_frame <- window.py:1917:_on_frame <- window.py:2068:_rebuild_frame <- window.py:1990:_frame_signature
WARNING:pet.gui_stall_sampler:  [t-9ms] verify_seeky_multi.py:308:<module> <- verify_seeky_multi.py:244:main
WARNING:root:GUI 卡顿 137ms state=IDLE anim=待机呼吸休闲 physics=None
WARNING:pet.gui_stall_sampler:GUI 冻结现场（137ms，3 个采样点，旧→新）：
WARNING:pet.gui_stall_sampler:  [t-153ms] verify_seeky_multi.py:308:<module> <- verify_seeky_multi.py:244:main
WARNING:pet.gui_stall_sampler:  [t-69ms] webm_clip.py:2750:_process_frame <- window_optional_services.py:62:<lambda> <- verify_seeky_multi.py:92:observed_frame <- window.py:1917:_on_frame <- window.py:2068:_rebuild_frame <- window.py:1990:_frame_signature
WARNING:pet.gui_stall_sampler:  [t-9ms] verify_seeky_multi.py:308:<module> <- verify_seeky_multi.py:244:main
WARNING:root:GUI 卡顿 137ms state=IDLE anim=待机呼吸休闲 physics=None
WARNING:pet.gui_stall_sampler:GUI 冻结现场（137ms，3 个采样点，旧→新）：
WARNING:pet.gui_stall_sampler:  [t-153ms] verify_seeky_multi.py:308:<module> <- verify_seeky_multi.py:244:main
WARNING:pet.gui_stall_sampler:  [t-69ms] webm_clip.py:2750:_process_frame <- window_optional_services.py:62:<lambda> <- verify_seeky_multi.py:92:observed_frame <- window.py:1917:_on_frame <- window.py:2068:_rebuild_frame <- window.py:1990:_frame_signature
WARNING:pet.gui_stall_sampler:  [t-10ms] verify_seeky_multi.py:308:<module> <- verify_seeky_multi.py:244:main
WARNING:root:GUI 卡顿 105ms state=IDLE anim=待机呼吸休闲 physics=None
WARNING:pet.gui_stall_sampler:GUI 冻结现场（105ms，2 个采样点，旧→新）：
WARNING:pet.gui_stall_sampler:  [t-114ms] verify_seeky_multi.py:308:<module> <- verify_seeky_multi.py:244:main
WARNING:pet.gui_stall_sampler:  [t-41ms] webm_clip.py:2499:_poll <- webm_clip.py:2750:_process_frame <- window_optional_services.py:62:<lambda> <- verify_seeky_multi.py:92:observed_frame <- window.py:1917:_on_frame <- window.py:2106:_rebuild_frame
WARNING:root:GUI 卡顿 105ms state=IDLE anim=待机呼吸休闲 physics=None
WARNING:pet.gui_stall_sampler:GUI 冻结现场（105ms，2 个采样点，旧→新）：
WARNING:pet.gui_stall_sampler:  [t-114ms] verify_seeky_multi.py:308:<module> <- verify_seeky_multi.py:244:main
WARNING:pet.gui_stall_sampler:  [t-41ms] webm_clip.py:2499:_poll <- webm_clip.py:2750:_process_frame <- window_optional_services.py:62:<lambda> <- verify_seeky_multi.py:92:observed_frame <- window.py:1917:_on_frame <- window.py:2106:_rebuild_frame
WARNING:root:GUI 卡顿 105ms state=IDLE anim=待机呼吸休闲 physics=None
WARNING:pet.gui_stall_sampler:GUI 冻结现场（105ms，2 个采样点，旧→新）：
WARNING:pet.gui_stall_sampler:  [t-115ms] verify_seeky_multi.py:308:<module> <- verify_seeky_multi.py:244:main
WARNING:pet.gui_stall_sampler:  [t-41ms] webm_clip.py:2499:_poll <- webm_clip.py:2750:_process_frame <- window_optional_services.py:62:<lambda> <- verify_seeky_multi.py:92:observed_frame <- window.py:1917:_on_frame <- window.py:2106:_rebuild_frame
WARNING:root:GUI 卡顿 108ms state=IDLE anim=待机呼吸休闲 physics=None
WARNING:pet.gui_stall_sampler:GUI 冻结现场（108ms，3 个采样点，旧→新）：
WARNING:pet.gui_stall_sampler:  [t-149ms] webm_clip.py:2499:_poll <- webm_clip.py:2750:_process_frame <- window_optional_services.py:62:<lambda> <- verify_seeky_multi.py:92:observed_frame <- window.py:1917:_on_frame <- window.py:2106:_rebuild_frame
WARNING:pet.gui_stall_sampler:  [t-64ms] webm_clip.py:2499:_poll <- webm_clip.py:2750:_process_frame <- window_optional_services.py:62:<lambda> <- verify_seeky_multi.py:92:observed_frame <- window.py:1917:_on_frame <- window.py:2124:_rebuild_frame
WARNING:pet.gui_stall_sampler:  [t-4ms] verify_seeky_multi.py:308:<module> <- verify_seeky_multi.py:244:main
WARNING:root:GUI 卡顿 109ms state=IDLE anim=待机呼吸休闲 physics=None
WARNING:pet.gui_stall_sampler:GUI 冻结现场（109ms，3 个采样点，旧→新）：
WARNING:pet.gui_stall_sampler:  [t-150ms] webm_clip.py:2499:_poll <- webm_clip.py:2750:_process_frame <- window_optional_services.py:62:<lambda> <- verify_seeky_multi.py:92:observed_frame <- window.py:1917:_on_frame <- window.py:2106:_rebuild_frame
WARNING:pet.gui_stall_sampler:  [t-65ms] webm_clip.py:2499:_poll <- webm_clip.py:2750:_process_frame <- window_optional_services.py:62:<lambda> <- verify_seeky_multi.py:92:observed_frame <- window.py:1917:_on_frame <- window.py:2124:_rebuild_frame
WARNING:pet.gui_stall_sampler:  [t-5ms] verify_seeky_multi.py:308:<module> <- verify_seeky_multi.py:244:main
WARNING:root:GUI 卡顿 109ms state=IDLE anim=待机呼吸休闲 physics=None
WARNING:pet.gui_stall_sampler:GUI 冻结现场（109ms，3 个采样点，旧→新）：
WARNING:pet.gui_stall_sampler:  [t-151ms] webm_clip.py:2499:_poll <- webm_clip.py:2750:_process_frame <- window_optional_services.py:62:<lambda> <- verify_seeky_multi.py:92:observed_frame <- window.py:1917:_on_frame <- window.py:2106:_rebuild_frame
WARNING:pet.gui_stall_sampler:  [t-66ms] webm_clip.py:2499:_poll <- webm_clip.py:2750:_process_frame <- window_optional_services.py:62:<lambda> <- verify_seeky_multi.py:92:observed_frame <- window.py:1917:_on_frame <- window.py:2124:_rebuild_frame
WARNING:pet.gui_stall_sampler:  [t-6ms] verify_seeky_multi.py:308:<module> <- verify_seeky_multi.py:244:main
WARNING:root:GUI 卡顿 104ms state=IDLE anim=待机呼吸休闲 physics=None
WARNING:pet.gui_stall_sampler:GUI 冻结现场（104ms，3 个采样点，旧→新）：
WARNING:pet.gui_stall_sampler:  [t-148ms] verify_seeky_multi.py:308:<module> <- verify_seeky_multi.py:244:main
WARNING:pet.gui_stall_sampler:  [t-55ms] verify_seeky_multi.py:92:observed_frame <- window.py:1917:_on_frame <- window.py:2124:_rebuild_frame <- window.py:2270:_sync_mask <- window_optional_services.py:42:effects_coverage <- frame_edges.py:27:coverage_region
WARNING:pet.gui_stall_sampler:  [t-1ms] verify_seeky_multi.py:308:<module> <- verify_seeky_multi.py:244:main
WARNING:root:GUI 卡顿 104ms state=IDLE anim=待机呼吸休闲 physics=None
WARNING:pet.gui_stall_sampler:GUI 冻结现场（104ms，3 个采样点，旧→新）：
WARNING:pet.gui_stall_sampler:  [t-149ms] verify_seeky_multi.py:308:<module> <- verify_seeky_multi.py:244:main
WARNING:pet.gui_stall_sampler:  [t-56ms] verify_seeky_multi.py:92:observed_frame <- window.py:1917:_on_frame <- window.py:2124:_rebuild_frame <- window.py:2270:_sync_mask <- window_optional_services.py:42:effects_coverage <- frame_edges.py:27:coverage_region
WARNING:pet.gui_stall_sampler:  [t-1ms] verify_seeky_multi.py:308:<module> <- verify_seeky_multi.py:244:main
WARNING:root:GUI 卡顿 105ms state=IDLE anim=待机呼吸休闲 physics=None
WARNING:pet.gui_stall_sampler:GUI 冻结现场（105ms，3 个采样点，旧→新）：
WARNING:pet.gui_stall_sampler:  [t-149ms] verify_seeky_multi.py:308:<module> <- verify_seeky_multi.py:244:main
WARNING:pet.gui_stall_sampler:  [t-56ms] verify_seeky_multi.py:92:observed_frame <- window.py:1917:_on_frame <- window.py:2124:_rebuild_frame <- window.py:2270:_sync_mask <- window_optional_services.py:42:effects_coverage <- frame_edges.py:27:coverage_region
WARNING:pet.gui_stall_sampler:  [t-2ms] verify_seeky_multi.py:308:<module> <- verify_seeky_multi.py:244:main
WARNING:root:GUI 卡顿 105ms state=IDLE anim=待机呼吸休闲 physics=None
WARNING:pet.gui_stall_sampler:GUI 冻结现场（105ms，2 个采样点，旧→新）：
WARNING:pet.gui_stall_sampler:  [t-127ms] webm_clip.py:2499:_poll <- webm_clip.py:2750:_process_frame <- window_optional_services.py:62:<lambda> <- verify_seeky_multi.py:92:observed_frame <- window.py:1917:_on_frame <- window.py:2124:_rebuild_frame
WARNING:pet.gui_stall_sampler:  [t-22ms] window_optional_services.py:62:<lambda> <- verify_seeky_multi.py:92:observed_frame <- window.py:1917:_on_frame <- window.py:2124:_rebuild_frame <- window.py:2270:_sync_mask <- window_optional_services.py:42:effects_coverage
WARNING:root:GUI 卡顿 106ms state=IDLE anim=待机呼吸休闲 physics=None
WARNING:pet.gui_stall_sampler:GUI 冻结现场（106ms，2 个采样点，旧→新）：
WARNING:pet.gui_stall_sampler:  [t-128ms] webm_clip.py:2499:_poll <- webm_clip.py:2750:_process_frame <- window_optional_services.py:62:<lambda> <- verify_seeky_multi.py:92:observed_frame <- window.py:1917:_on_frame <- window.py:2124:_rebuild_frame
WARNING:pet.gui_stall_sampler:  [t-23ms] window_optional_services.py:62:<lambda> <- verify_seeky_multi.py:92:observed_frame <- window.py:1917:_on_frame <- window.py:2124:_rebuild_frame <- window.py:2270:_sync_mask <- window_optional_services.py:42:effects_coverage
WARNING:root:GUI 卡顿 107ms state=IDLE anim=待机呼吸休闲 physics=None
WARNING:pet.gui_stall_sampler:GUI 冻结现场（107ms，2 个采样点，旧→新）：
WARNING:pet.gui_stall_sampler:  [t-128ms] webm_clip.py:2499:_poll <- webm_clip.py:2750:_process_frame <- window_optional_services.py:62:<lambda> <- verify_seeky_multi.py:92:observed_frame <- window.py:1917:_on_frame <- window.py:2124:_rebuild_frame
WARNING:pet.gui_stall_sampler:  [t-23ms] window_optional_services.py:62:<lambda> <- verify_seeky_multi.py:92:observed_frame <- window.py:1917:_on_frame <- window.py:2124:_rebuild_frame <- window.py:2270:_sync_mask <- window_optional_services.py:42:effects_coverage
WARNING:root:GUI 卡顿 121ms state=IDLE anim=待机呼吸休闲 physics=None
WARNING:pet.gui_stall_sampler:GUI 冻结现场（121ms，1 个采样点，旧→新）：
WARNING:pet.gui_stall_sampler:  [t-39ms] webm_clip.py:2499:_poll <- webm_clip.py:2750:_process_frame <- window_optional_services.py:62:<lambda> <- verify_seeky_multi.py:92:observed_frame <- window.py:1917:_on_frame <- window.py:2119:_rebuild_frame
WARNING:root:GUI 卡顿 143ms state=IDLE anim=待机呼吸休闲 physics=None
WARNING:pet.gui_stall_sampler:GUI 冻结现场（143ms，1 个采样点，旧→新）：
WARNING:pet.gui_stall_sampler:  [t-61ms] webm_clip.py:2499:_poll <- webm_clip.py:2750:_process_frame <- window_optional_services.py:62:<lambda> <- verify_seeky_multi.py:92:observed_frame <- window.py:1917:_on_frame <- window.py:2119:_rebuild_frame
WARNING:root:GUI 卡顿 145ms state=IDLE anim=待机呼吸休闲 physics=None
WARNING:pet.gui_stall_sampler:GUI 冻结现场（145ms，1 个采样点，旧→新）：
WARNING:pet.gui_stall_sampler:  [t-62ms] webm_clip.py:2499:_poll <- webm_clip.py:2750:_process_frame <- window_optional_services.py:62:<lambda> <- verify_seeky_multi.py:92:observed_frame <- window.py:1917:_on_frame <- window.py:2119:_rebuild_frame
WARNING:root:GUI 卡顿 133ms state=IDLE anim=待机呼吸休闲 physics=None
WARNING:pet.gui_stall_sampler:GUI 冻结现场（133ms，3 个采样点，旧→新）：
WARNING:pet.gui_stall_sampler:  [t-171ms] webm_clip.py:2499:_poll <- webm_clip.py:2750:_process_frame <- window_optional_services.py:62:<lambda> <- verify_seeky_multi.py:92:observed_frame <- window.py:1917:_on_frame <- window.py:2119:_rebuild_frame
WARNING:pet.gui_stall_sampler:  [t-95ms] verify_seeky_multi.py:308:<module> <- verify_seeky_multi.py:244:main
WARNING:pet.gui_stall_sampler:  [t-34ms] window_optional_services.py:62:<lambda> <- verify_seeky_multi.py:92:observed_frame <- window.py:1917:_on_frame <- window.py:2124:_rebuild_frame <- window.py:2270:_sync_mask <- window_optional_services.py:42:effects_coverage
WARNING:root:GUI 卡顿 112ms state=IDLE anim=待机呼吸休闲 physics=None
WARNING:pet.gui_stall_sampler:GUI 冻结现场（112ms，2 个采样点，旧→新）：
WARNING:pet.gui_stall_sampler:  [t-96ms] verify_seeky_multi.py:308:<module> <- verify_seeky_multi.py:244:main
WARNING:pet.gui_stall_sampler:  [t-35ms] window_optional_services.py:62:<lambda> <- verify_seeky_multi.py:92:observed_frame <- window.py:1917:_on_frame <- window.py:2124:_rebuild_frame <- window.py:2270:_sync_mask <- window_optional_services.py:42:effects_coverage
WARNING:root:GUI 卡顿 110ms state=IDLE anim=待机呼吸休闲 physics=None
WARNING:pet.gui_stall_sampler:GUI 冻结现场（110ms，2 个采样点，旧→新）：
WARNING:pet.gui_stall_sampler:  [t-96ms] verify_seeky_multi.py:308:<module> <- verify_seeky_multi.py:244:main
WARNING:pet.gui_stall_sampler:  [t-35ms] window_optional_services.py:62:<lambda> <- verify_seeky_multi.py:92:observed_frame <- window.py:1917:_on_frame <- window.py:2124:_rebuild_frame <- window.py:2270:_sync_mask <- window_optional_services.py:42:effects_coverage
WARNING:root:GUI 卡顿 241ms state=IDLE anim=待机呼吸休闲 physics=None
WARNING:pet.gui_stall_sampler:GUI 冻结现场（241ms，3 个采样点，旧→新）：
WARNING:pet.gui_stall_sampler:  [t-277ms] window_optional_services.py:62:<lambda> <- verify_seeky_multi.py:92:observed_frame <- window.py:1917:_on_frame <- window.py:2124:_rebuild_frame <- window.py:2270:_sync_mask <- window_optional_services.py:42:effects_coverage
WARNING:pet.gui_stall_sampler:  [t-72ms] webm_clip.py:2499:_poll <- webm_clip.py:2750:_process_frame <- window_optional_services.py:62:<lambda> <- verify_seeky_multi.py:92:observed_frame <- window.py:1919:_on_frame <- window.py:2126:_rebuild_frame
WARNING:pet.gui_stall_sampler:  [t-4ms] verify_seeky_multi.py:308:<module> <- verify_seeky_multi.py:244:main
WARNING:root:GUI 卡顿 243ms state=IDLE anim=待机呼吸休闲 physics=None
WARNING:pet.gui_stall_sampler:GUI 冻结现场（243ms，3 个采样点，旧→新）：
WARNING:pet.gui_stall_sampler:  [t-277ms] window_optional_services.py:62:<lambda> <- verify_seeky_multi.py:92:observed_frame <- window.py:1917:_on_frame <- window.py:2124:_rebuild_frame <- window.py:2270:_sync_mask <- window_optional_services.py:42:effects_coverage
WARNING:pet.gui_stall_sampler:  [t-73ms] webm_clip.py:2499:_poll <- webm_clip.py:2750:_process_frame <- window_optional_services.py:62:<lambda> <- verify_seeky_multi.py:92:observed_frame <- window.py:1919:_on_frame <- window.py:2126:_rebuild_frame
WARNING:pet.gui_stall_sampler:  [t-5ms] verify_seeky_multi.py:308:<module> <- verify_seeky_multi.py:244:main
WARNING:root:GUI 卡顿 244ms state=IDLE anim=待机呼吸休闲 physics=None
WARNING:pet.gui_stall_sampler:GUI 冻结现场（244ms，3 个采样点，旧→新）：
WARNING:pet.gui_stall_sampler:  [t-278ms] window_optional_services.py:62:<lambda> <- verify_seeky_multi.py:92:observed_frame <- window.py:1917:_on_frame <- window.py:2124:_rebuild_frame <- window.py:2270:_sync_mask <- window_optional_services.py:42:effects_coverage
WARNING:pet.gui_stall_sampler:  [t-73ms] webm_clip.py:2499:_poll <- webm_clip.py:2750:_process_frame <- window_optional_services.py:62:<lambda> <- verify_seeky_multi.py:92:observed_frame <- window.py:1919:_on_frame <- window.py:2126:_rebuild_frame
WARNING:pet.gui_stall_sampler:  [t-6ms] verify_seeky_multi.py:308:<module> <- verify_seeky_multi.py:244:main
WARNING:root:GUI 卡顿 230ms state=IDLE anim=待机呼吸休闲 physics=None
WARNING:pet.gui_stall_sampler:GUI 冻结现场（230ms，4 个采样点，旧→新）：
WARNING:pet.gui_stall_sampler:  [t-274ms] verify_seeky_multi.py:308:<module> <- verify_seeky_multi.py:244:main
WARNING:pet.gui_stall_sampler:  [t-207ms] verify_seeky_multi.py:308:<module> <- verify_seeky_multi.py:244:main <- webm_clip.py:2499:_poll <- webm_clip.py:2724:_process_frame
WARNING:pet.gui_stall_sampler:  [t-6ms] verify_seeky_multi.py:308:<module> <- verify_seeky_multi.py:244:main
WARNING:root:GUI 卡顿 231ms state=IDLE anim=待机呼吸休闲 physics=None
WARNING:pet.gui_stall_sampler:GUI 冻结现场（231ms，4 个采样点，旧→新）：
WARNING:pet.gui_stall_sampler:  [t-275ms] verify_seeky_multi.py:308:<module> <- verify_seeky_multi.py:244:main
WARNING:pet.gui_stall_sampler:  [t-208ms] verify_seeky_multi.py:308:<module> <- verify_seeky_multi.py:244:main <- webm_clip.py:2499:_poll <- webm_clip.py:2724:_process_frame
WARNING:pet.gui_stall_sampler:  [t-7ms] verify_seeky_multi.py:308:<module> <- verify_seeky_multi.py:244:main
WARNING:root:GUI 卡顿 232ms state=IDLE anim=待机呼吸休闲 physics=None
WARNING:pet.gui_stall_sampler:GUI 冻结现场（232ms，4 个采样点，旧→新）：
WARNING:pet.gui_stall_sampler:  [t-276ms] verify_seeky_multi.py:308:<module> <- verify_seeky_multi.py:244:main
WARNING:pet.gui_stall_sampler:  [t-208ms] verify_seeky_multi.py:308:<module> <- verify_seeky_multi.py:244:main <- webm_clip.py:2499:_poll <- webm_clip.py:2724:_process_frame
WARNING:pet.gui_stall_sampler:  [t-7ms] verify_seeky_multi.py:308:<module> <- verify_seeky_multi.py:244:main
WARNING:root:GUI 卡顿 173ms state=IDLE anim=待机呼吸休闲 physics=None
WARNING:pet.gui_stall_sampler:GUI 冻结现场（173ms，3 个采样点，旧→新）：
WARNING:pet.gui_stall_sampler:  [t-221ms] verify_seeky_multi.py:308:<module> <- verify_seeky_multi.py:244:main
WARNING:pet.gui_stall_sampler:  [t-94ms] webm_clip.py:2499:_poll <- webm_clip.py:2750:_process_frame <- window_optional_services.py:62:<lambda> <- verify_seeky_multi.py:92:observed_frame <- window.py:1917:_on_frame <- window.py:2106:_rebuild_frame
WARNING:pet.gui_stall_sampler:  [t-16ms] webm_clip.py:2499:_poll <- webm_clip.py:2750:_process_frame <- window_optional_services.py:62:<lambda> <- verify_seeky_multi.py:92:observed_frame <- window.py:1917:_on_frame <- window.py:2124:_rebuild_frame
WARNING:root:GUI 卡顿 175ms state=IDLE anim=待机呼吸休闲 physics=None
WARNING:pet.gui_stall_sampler:GUI 冻结现场（175ms，3 个采样点，旧→新）：
WARNING:pet.gui_stall_sampler:  [t-223ms] verify_seeky_multi.py:308:<module> <- verify_seeky_multi.py:244:main
WARNING:pet.gui_stall_sampler:  [t-96ms] webm_clip.py:2499:_poll <- webm_clip.py:2750:_process_frame <- window_optional_services.py:62:<lambda> <- verify_seeky_multi.py:92:observed_frame <- window.py:1917:_on_frame <- window.py:2106:_rebuild_frame
WARNING:pet.gui_stall_sampler:  [t-17ms] webm_clip.py:2499:_poll <- webm_clip.py:2750:_process_frame <- window_optional_services.py:62:<lambda> <- verify_seeky_multi.py:92:observed_frame <- window.py:1917:_on_frame <- window.py:2124:_rebuild_frame
WARNING:root:GUI 卡顿 176ms state=IDLE anim=待机呼吸休闲 physics=None
WARNING:pet.gui_stall_sampler:GUI 冻结现场（176ms，3 个采样点，旧→新）：
WARNING:pet.gui_stall_sampler:  [t-224ms] verify_seeky_multi.py:308:<module> <- verify_seeky_multi.py:244:main
WARNING:pet.gui_stall_sampler:  [t-97ms] webm_clip.py:2499:_poll <- webm_clip.py:2750:_process_frame <- window_optional_services.py:62:<lambda> <- verify_seeky_multi.py:92:observed_frame <- window.py:1917:_on_frame <- window.py:2106:_rebuild_frame
WARNING:pet.gui_stall_sampler:  [t-18ms] webm_clip.py:2499:_poll <- webm_clip.py:2750:_process_frame <- window_optional_services.py:62:<lambda> <- verify_seeky_multi.py:92:observed_frame <- window.py:1917:_on_frame <- window.py:2124:_rebuild_frame
WARNING:root:GUI 卡顿 164ms state=IDLE anim=待机呼吸休闲 physics=None
WARNING:pet.gui_stall_sampler:GUI 冻结现场（164ms，2 个采样点，旧→新）：
WARNING:pet.gui_stall_sampler:  [t-129ms] verify_seeky_multi.py:308:<module> <- verify_seeky_multi.py:244:main <- webm_clip.py:2499:_poll <- webm_clip.py:2724:_process_frame
WARNING:root:GUI 卡顿 165ms state=IDLE anim=待机呼吸休闲 physics=None
WARNING:pet.gui_stall_sampler:GUI 冻结现场（165ms，2 个采样点，旧→新）：
WARNING:pet.gui_stall_sampler:  [t-130ms] verify_seeky_multi.py:308:<module> <- verify_seeky_multi.py:244:main <- webm_clip.py:2499:_poll <- webm_clip.py:2724:_process_frame
WARNING:root:GUI 卡顿 166ms state=IDLE anim=待机呼吸休闲 physics=None
WARNING:pet.gui_stall_sampler:GUI 冻结现场（166ms，2 个采样点，旧→新）：
WARNING:pet.gui_stall_sampler:  [t-130ms] verify_seeky_multi.py:308:<module> <- verify_seeky_multi.py:244:main <- webm_clip.py:2499:_poll <- webm_clip.py:2724:_process_frame
WARNING:root:GUI 卡顿 122ms state=IDLE anim=待机呼吸休闲 physics=None
WARNING:pet.gui_stall_sampler:GUI 冻结现场（122ms，3 个采样点，旧→新）：
WARNING:pet.gui_stall_sampler:  [t-132ms] verify_seeky_multi.py:308:<module> <- verify_seeky_multi.py:244:main
WARNING:pet.gui_stall_sampler:  [t-71ms] verify_seeky_multi.py:308:<module> <- verify_seeky_multi.py:244:main <- webm_clip.py:2499:_poll <- webm_clip.py:2724:_process_frame
WARNING:pet.gui_stall_sampler:  [t-4ms] verify_seeky_multi.py:308:<module> <- verify_seeky_multi.py:244:main
WARNING:root:GUI 卡顿 122ms state=IDLE anim=待机呼吸休闲 physics=None
WARNING:pet.gui_stall_sampler:GUI 冻结现场（122ms，3 个采样点，旧→新）：
WARNING:pet.gui_stall_sampler:  [t-132ms] verify_seeky_multi.py:308:<module> <- verify_seeky_multi.py:244:main
WARNING:pet.gui_stall_sampler:  [t-71ms] verify_seeky_multi.py:308:<module> <- verify_seeky_multi.py:244:main <- webm_clip.py:2499:_poll <- webm_clip.py:2724:_process_frame
WARNING:pet.gui_stall_sampler:  [t-4ms] verify_seeky_multi.py:308:<module> <- verify_seeky_multi.py:244:main
WARNING:root:GUI 卡顿 123ms state=IDLE anim=待机呼吸休闲 physics=None
WARNING:pet.gui_stall_sampler:GUI 冻结现场（123ms，3 个采样点，旧→新）：
WARNING:pet.gui_stall_sampler:  [t-133ms] verify_seeky_multi.py:308:<module> <- verify_seeky_multi.py:244:main
WARNING:pet.gui_stall_sampler:  [t-72ms] verify_seeky_multi.py:308:<module> <- verify_seeky_multi.py:244:main <- webm_clip.py:2499:_poll <- webm_clip.py:2724:_process_frame
WARNING:pet.gui_stall_sampler:  [t-5ms] verify_seeky_multi.py:308:<module> <- verify_seeky_multi.py:244:main
WARNING:root:GUI 卡顿 110ms state=IDLE anim=待机呼吸休闲 physics=None
WARNING:pet.gui_stall_sampler:GUI 冻结现场（110ms，3 个采样点，旧→新）：
WARNING:pet.gui_stall_sampler:  [t-154ms] verify_seeky_multi.py:308:<module> <- verify_seeky_multi.py:244:main
WARNING:pet.gui_stall_sampler:  [t-70ms] webm_clip.py:2499:_poll <- webm_clip.py:2750:_process_frame <- window_optional_services.py:62:<lambda> <- verify_seeky_multi.py:92:observed_frame <- window.py:1917:_on_frame <- window.py:2106:_rebuild_frame
WARNING:pet.gui_stall_sampler:  [t-12ms] window_optional_services.py:62:<lambda> <- verify_seeky_multi.py:92:observed_frame <- window.py:1917:_on_frame <- window.py:2124:_rebuild_frame <- window.py:2270:_sync_mask <- window_optional_services.py:42:effects_coverage
WARNING:root:GUI 卡顿 111ms state=IDLE anim=待机呼吸休闲 physics=None
WARNING:pet.gui_stall_sampler:GUI 冻结现场（111ms，3 个采样点，旧→新）：
WARNING:pet.gui_stall_sampler:  [t-155ms] verify_seeky_multi.py:308:<module> <- verify_seeky_multi.py:244:main
WARNING:pet.gui_stall_sampler:  [t-71ms] webm_clip.py:2499:_poll <- webm_clip.py:2750:_process_frame <- window_optional_services.py:62:<lambda> <- verify_seeky_multi.py:92:observed_frame <- window.py:1917:_on_frame <- window.py:2106:_rebuild_frame
WARNING:pet.gui_stall_sampler:  [t-13ms] window_optional_services.py:62:<lambda> <- verify_seeky_multi.py:92:observed_frame <- window.py:1917:_on_frame <- window.py:2124:_rebuild_frame <- window.py:2270:_sync_mask <- window_optional_services.py:42:effects_coverage
WARNING:root:GUI 卡顿 111ms state=IDLE anim=待机呼吸休闲 physics=None
WARNING:pet.gui_stall_sampler:GUI 冻结现场（111ms，3 个采样点，旧→新）：
WARNING:pet.gui_stall_sampler:  [t-155ms] verify_seeky_multi.py:308:<module> <- verify_seeky_multi.py:244:main
WARNING:pet.gui_stall_sampler:  [t-71ms] webm_clip.py:2499:_poll <- webm_clip.py:2750:_process_frame <- window_optional_services.py:62:<lambda> <- verify_seeky_multi.py:92:observed_frame <- window.py:1917:_on_frame <- window.py:2106:_rebuild_frame
WARNING:pet.gui_stall_sampler:  [t-13ms] window_optional_services.py:62:<lambda> <- verify_seeky_multi.py:92:observed_frame <- window.py:1917:_on_frame <- window.py:2124:_rebuild_frame <- window.py:2270:_sync_mask <- window_optional_services.py:42:effects_coverage
WARNING:root:GUI 卡顿 100ms state=IDLE anim=待机呼吸休闲 physics=None
WARNING:pet.gui_stall_sampler:GUI 冻结现场（100ms，2 个采样点，旧→新）：
WARNING:pet.gui_stall_sampler:  [t-119ms] verify_seeky_multi.py:308:<module> <- verify_seeky_multi.py:244:main
WARNING:pet.gui_stall_sampler:  [t-36ms] verify_seeky_multi.py:308:<module> <- verify_seeky_multi.py:244:main <- webm_clip.py:2499:_poll <- webm_clip.py:2724:_process_frame
WARNING:root:GUI 卡顿 101ms state=IDLE anim=待机呼吸休闲 physics=None
WARNING:pet.gui_stall_sampler:GUI 冻结现场（101ms，2 个采样点，旧→新）：
WARNING:pet.gui_stall_sampler:  [t-119ms] verify_seeky_multi.py:308:<module> <- verify_seeky_multi.py:244:main
WARNING:pet.gui_stall_sampler:  [t-37ms] verify_seeky_multi.py:308:<module> <- verify_seeky_multi.py:244:main <- webm_clip.py:2499:_poll <- webm_clip.py:2724:_process_frame
WARNING:root:GUI 卡顿 102ms state=IDLE anim=待机呼吸休闲 physics=None
WARNING:pet.gui_stall_sampler:GUI 冻结现场（102ms，2 个采样点，旧→新）：
WARNING:pet.gui_stall_sampler:  [t-120ms] verify_seeky_multi.py:308:<module> <- verify_seeky_multi.py:244:main
WARNING:pet.gui_stall_sampler:  [t-37ms] verify_seeky_multi.py:308:<module> <- verify_seeky_multi.py:244:main <- webm_clip.py:2499:_poll <- webm_clip.py:2724:_process_frame
WARNING:root:GUI 卡顿 111ms state=IDLE anim=待机呼吸休闲 physics=None
WARNING:pet.gui_stall_sampler:GUI 冻结现场（111ms，2 个采样点，旧→新）：
WARNING:pet.gui_stall_sampler:  [t-146ms] verify_seeky_multi.py:308:<module> <- verify_seeky_multi.py:244:main
WARNING:pet.gui_stall_sampler:  [t-51ms] webm_clip.py:2499:_poll <- webm_clip.py:2750:_process_frame <- window_optional_services.py:62:<lambda> <- verify_seeky_multi.py:92:observed_frame <- window.py:1917:_on_frame <- window.py:2106:_rebuild_frame
WARNING:root:GUI 卡顿 112ms state=IDLE anim=待机呼吸休闲 physics=None
WARNING:pet.gui_stall_sampler:GUI 冻结现场（112ms，2 个采样点，旧→新）：
WARNING:pet.gui_stall_sampler:  [t-147ms] verify_seeky_multi.py:308:<module> <- verify_seeky_multi.py:244:main
WARNING:pet.gui_stall_sampler:  [t-52ms] webm_clip.py:2499:_poll <- webm_clip.py:2750:_process_frame <- window_optional_services.py:62:<lambda> <- verify_seeky_multi.py:92:observed_frame <- window.py:1917:_on_frame <- window.py:2106:_rebuild_frame
WARNING:root:GUI 卡顿 113ms state=IDLE anim=待机呼吸休闲 physics=None
WARNING:pet.gui_stall_sampler:GUI 冻结现场（113ms，2 个采样点，旧→新）：
WARNING:pet.gui_stall_sampler:  [t-147ms] verify_seeky_multi.py:308:<module> <- verify_seeky_multi.py:244:main
WARNING:pet.gui_stall_sampler:  [t-52ms] webm_clip.py:2499:_poll <- webm_clip.py:2750:_process_frame <- window_optional_services.py:62:<lambda> <- verify_seeky_multi.py:92:observed_frame <- window.py:1917:_on_frame <- window.py:2106:_rebuild_frame
WARNING:root:GUI 卡顿 100ms state=IDLE anim=待机呼吸休闲 physics=None
WARNING:pet.gui_stall_sampler:GUI 冻结现场（100ms，2 个采样点，旧→新）：
WARNING:pet.gui_stall_sampler:  [t-129ms] verify_seeky_multi.py:308:<module> <- verify_seeky_multi.py:244:main
WARNING:pet.gui_stall_sampler:  [t-35ms] webm_clip.py:2499:_poll <- webm_clip.py:2750:_process_frame <- window_optional_services.py:62:<lambda> <- verify_seeky_multi.py:92:observed_frame <- window.py:1917:_on_frame <- window.py:2121:_rebuild_frame
WARNING:root:GUI 卡顿 101ms state=IDLE anim=待机呼吸休闲 physics=None
WARNING:pet.gui_stall_sampler:GUI 冻结现场（101ms，2 个采样点，旧→新）：
WARNING:pet.gui_stall_sampler:  [t-129ms] verify_seeky_multi.py:308:<module> <- verify_seeky_multi.py:244:main
WARNING:pet.gui_stall_sampler:  [t-36ms] webm_clip.py:2499:_poll <- webm_clip.py:2750:_process_frame <- window_optional_services.py:62:<lambda> <- verify_seeky_multi.py:92:observed_frame <- window.py:1917:_on_frame <- window.py:2121:_rebuild_frame
WARNING:root:GUI 卡顿 101ms state=IDLE anim=待机呼吸休闲 physics=None
WARNING:pet.gui_stall_sampler:GUI 冻结现场（101ms，2 个采样点，旧→新）：
WARNING:pet.gui_stall_sampler:  [t-130ms] verify_seeky_multi.py:308:<module> <- verify_seeky_multi.py:244:main
WARNING:pet.gui_stall_sampler:  [t-36ms] webm_clip.py:2499:_poll <- webm_clip.py:2750:_process_frame <- window_optional_services.py:62:<lambda> <- verify_seeky_multi.py:92:observed_frame <- window.py:1917:_on_frame <- window.py:2121:_rebuild_frame
WARNING:root:GUI 卡顿 140ms state=IDLE anim=待机呼吸休闲 physics=None
WARNING:pet.gui_stall_sampler:GUI 冻结现场（140ms，3 个采样点，旧→新）：
WARNING:pet.gui_stall_sampler:  [t-167ms] verify_seeky_multi.py:308:<module> <- verify_seeky_multi.py:244:main
WARNING:pet.gui_stall_sampler:  [t-68ms] verify_seeky_multi.py:92:observed_frame <- window.py:1917:_on_frame <- window.py:2124:_rebuild_frame <- window.py:2270:_sync_mask <- window_optional_services.py:42:effects_coverage <- frame_edges.py:39:coverage_region
WARNING:pet.gui_stall_sampler:  [t-12ms] window_optional_services.py:62:<lambda> <- verify_seeky_multi.py:92:observed_frame <- window.py:1919:_on_frame <- window.py:2126:_rebuild_frame <- window.py:2291:_sync_mask <- window_optional_services.py:44:effects_coverage
WARNING:root:GUI 卡顿 142ms state=IDLE anim=待机呼吸休闲 physics=None
WARNING:pet.gui_stall_sampler:GUI 冻结现场（142ms，3 个采样点，旧→新）：
WARNING:pet.gui_stall_sampler:  [t-169ms] verify_seeky_multi.py:308:<module> <- verify_seeky_multi.py:244:main
WARNING:pet.gui_stall_sampler:  [t-70ms] verify_seeky_multi.py:92:observed_frame <- window.py:1917:_on_frame <- window.py:2124:_rebuild_frame <- window.py:2270:_sync_mask <- window_optional_services.py:42:effects_coverage <- frame_edges.py:39:coverage_region
WARNING:pet.gui_stall_sampler:  [t-14ms] window_optional_services.py:62:<lambda> <- verify_seeky_multi.py:92:observed_frame <- window.py:1919:_on_frame <- window.py:2126:_rebuild_frame <- window.py:2291:_sync_mask <- window_optional_services.py:44:effects_coverage
WARNING:root:GUI 卡顿 143ms state=IDLE anim=待机呼吸休闲 physics=None
WARNING:pet.gui_stall_sampler:GUI 冻结现场（143ms，3 个采样点，旧→新）：
WARNING:pet.gui_stall_sampler:  [t-169ms] verify_seeky_multi.py:308:<module> <- verify_seeky_multi.py:244:main
WARNING:pet.gui_stall_sampler:  [t-70ms] verify_seeky_multi.py:92:observed_frame <- window.py:1917:_on_frame <- window.py:2124:_rebuild_frame <- window.py:2270:_sync_mask <- window_optional_services.py:42:effects_coverage <- frame_edges.py:39:coverage_region
WARNING:pet.gui_stall_sampler:  [t-14ms] window_optional_services.py:62:<lambda> <- verify_seeky_multi.py:92:observed_frame <- window.py:1919:_on_frame <- window.py:2126:_rebuild_frame <- window.py:2291:_sync_mask <- window_optional_services.py:44:effects_coverage
WARNING:root:GUI 卡顿 109ms state=IDLE anim=待机呼吸休闲 physics=None
WARNING:pet.gui_stall_sampler:GUI 冻结现场（109ms，2 个采样点，旧→新）：
WARNING:pet.gui_stall_sampler:  [t-121ms] window_optional_services.py:62:<lambda> <- verify_seeky_multi.py:92:observed_frame <- window.py:1919:_on_frame <- window.py:2126:_rebuild_frame <- window.py:2291:_sync_mask <- window_optional_services.py:44:effects_coverage
WARNING:pet.gui_stall_sampler:  [t-33ms] webm_clip.py:2499:_poll <- webm_clip.py:2750:_process_frame <- window_optional_services.py:62:<lambda> <- verify_seeky_multi.py:92:observed_frame <- window.py:1917:_on_frame <- window.py:2124:_rebuild_frame
WARNING:root:GUI 卡顿 108ms state=IDLE anim=待机呼吸休闲 physics=None
WARNING:pet.gui_stall_sampler:GUI 冻结现场（108ms，2 个采样点，旧→新）：
WARNING:pet.gui_stall_sampler:  [t-121ms] window_optional_services.py:62:<lambda> <- verify_seeky_multi.py:92:observed_frame <- window.py:1919:_on_frame <- window.py:2126:_rebuild_frame <- window.py:2291:_sync_mask <- window_optional_services.py:44:effects_coverage
WARNING:pet.gui_stall_sampler:  [t-33ms] webm_clip.py:2499:_poll <- webm_clip.py:2750:_process_frame <- window_optional_services.py:62:<lambda> <- verify_seeky_multi.py:92:observed_frame <- window.py:1917:_on_frame <- window.py:2124:_rebuild_frame
WARNING:root:GUI 卡顿 107ms state=IDLE anim=待机呼吸休闲 physics=None
WARNING:pet.gui_stall_sampler:GUI 冻结现场（107ms，2 个采样点，旧→新）：
WARNING:pet.gui_stall_sampler:  [t-122ms] window_optional_services.py:62:<lambda> <- verify_seeky_multi.py:92:observed_frame <- window.py:1919:_on_frame <- window.py:2126:_rebuild_frame <- window.py:2291:_sync_mask <- window_optional_services.py:44:effects_coverage
WARNING:pet.gui_stall_sampler:  [t-33ms] webm_clip.py:2499:_poll <- webm_clip.py:2750:_process_frame <- window_optional_services.py:62:<lambda> <- verify_seeky_multi.py:92:observed_frame <- window.py:1917:_on_frame <- window.py:2124:_rebuild_frame
WARNING:root:GUI 卡顿 107ms state=IDLE anim=待机呼吸休闲 physics=None
WARNING:pet.gui_stall_sampler:GUI 冻结现场（107ms，2 个采样点，旧→新）：
WARNING:pet.gui_stall_sampler:  [t-148ms] verify_seeky_multi.py:308:<module> <- verify_seeky_multi.py:244:main
WARNING:pet.gui_stall_sampler:  [t-44ms] webm_clip.py:2499:_poll <- webm_clip.py:2750:_process_frame <- window_optional_services.py:62:<lambda> <- verify_seeky_multi.py:92:observed_frame <- window.py:1917:_on_frame <- window.py:2106:_rebuild_frame
WARNING:root:GUI 卡顿 108ms state=IDLE anim=待机呼吸休闲 physics=None
WARNING:pet.gui_stall_sampler:GUI 冻结现场（108ms，2 个采样点，旧→新）：
WARNING:pet.gui_stall_sampler:  [t-148ms] verify_seeky_multi.py:308:<module> <- verify_seeky_multi.py:244:main
WARNING:pet.gui_stall_sampler:  [t-45ms] webm_clip.py:2499:_poll <- webm_clip.py:2750:_process_frame <- window_optional_services.py:62:<lambda> <- verify_seeky_multi.py:92:observed_frame <- window.py:1917:_on_frame <- window.py:2106:_rebuild_frame
WARNING:root:GUI 卡顿 108ms state=IDLE anim=待机呼吸休闲 physics=None
WARNING:pet.gui_stall_sampler:GUI 冻结现场（108ms，2 个采样点，旧→新）：
WARNING:pet.gui_stall_sampler:  [t-148ms] verify_seeky_multi.py:308:<module> <- verify_seeky_multi.py:244:main
WARNING:pet.gui_stall_sampler:  [t-45ms] webm_clip.py:2499:_poll <- webm_clip.py:2750:_process_frame <- window_optional_services.py:62:<lambda> <- verify_seeky_multi.py:92:observed_frame <- window.py:1917:_on_frame <- window.py:2106:_rebuild_frame
WARNING:root:GUI 卡顿 110ms state=IDLE anim=待机呼吸休闲 physics=None
WARNING:pet.gui_stall_sampler:GUI 冻结现场（110ms，3 个采样点，旧→新）：
WARNING:pet.gui_stall_sampler:  [t-155ms] webm_clip.py:2499:_poll <- webm_clip.py:2750:_process_frame <- window_optional_services.py:62:<lambda> <- verify_seeky_multi.py:92:observed_frame <- window.py:1917:_on_frame <- window.py:2106:_rebuild_frame
WARNING:pet.gui_stall_sampler:  [t-67ms] webm_clip.py:2499:_poll <- webm_clip.py:2750:_process_frame <- window_optional_services.py:62:<lambda> <- verify_seeky_multi.py:92:observed_frame <- window.py:1917:_on_frame <- window.py:2124:_rebuild_frame
WARNING:pet.gui_stall_sampler:  [t-4ms] verify_seeky_multi.py:308:<module> <- verify_seeky_multi.py:244:main
WARNING:root:GUI 卡顿 111ms state=IDLE anim=待机呼吸休闲 physics=None
WARNING:pet.gui_stall_sampler:GUI 冻结现场（111ms，3 个采样点，旧→新）：
WARNING:pet.gui_stall_sampler:  [t-156ms] webm_clip.py:2499:_poll <- webm_clip.py:2750:_process_frame <- window_optional_services.py:62:<lambda> <- verify_seeky_multi.py:92:observed_frame <- window.py:1917:_on_frame <- window.py:2106:_rebuild_frame
WARNING:pet.gui_stall_sampler:  [t-68ms] webm_clip.py:2499:_poll <- webm_clip.py:2750:_process_frame <- window_optional_services.py:62:<lambda> <- verify_seeky_multi.py:92:observed_frame <- window.py:1917:_on_frame <- window.py:2124:_rebuild_frame
WARNING:pet.gui_stall_sampler:  [t-5ms] verify_seeky_multi.py:308:<module> <- verify_seeky_multi.py:244:main
WARNING:root:GUI 卡顿 112ms state=IDLE anim=待机呼吸休闲 physics=None
WARNING:pet.gui_stall_sampler:GUI 冻结现场（112ms，3 个采样点，旧→新）：
WARNING:pet.gui_stall_sampler:  [t-157ms] webm_clip.py:2499:_poll <- webm_clip.py:2750:_process_frame <- window_optional_services.py:62:<lambda> <- verify_seeky_multi.py:92:observed_frame <- window.py:1917:_on_frame <- window.py:2106:_rebuild_frame
WARNING:pet.gui_stall_sampler:  [t-69ms] webm_clip.py:2499:_poll <- webm_clip.py:2750:_process_frame <- window_optional_services.py:62:<lambda> <- verify_seeky_multi.py:92:observed_frame <- window.py:1917:_on_frame <- window.py:2124:_rebuild_frame
WARNING:pet.gui_stall_sampler:  [t-6ms] verify_seeky_multi.py:308:<module> <- verify_seeky_multi.py:244:main
WARNING:root:GUI 卡顿 107ms state=IDLE anim=待机呼吸休闲 physics=None
WARNING:pet.gui_stall_sampler:GUI 冻结现场（107ms，2 个采样点，旧→新）：
WARNING:pet.gui_stall_sampler:  [t-111ms] verify_seeky_multi.py:308:<module> <- verify_seeky_multi.py:244:main
WARNING:pet.gui_stall_sampler:  [t-39ms] webm_clip.py:2499:_poll <- webm_clip.py:2750:_process_frame <- window_optional_services.py:62:<lambda> <- verify_seeky_multi.py:92:observed_frame <- window.py:1917:_on_frame <- window.py:2099:_rebuild_frame
WARNING:root:GUI 卡顿 107ms state=IDLE anim=待机呼吸休闲 physics=None
WARNING:pet.gui_stall_sampler:GUI 冻结现场（107ms，2 个采样点，旧→新）：
WARNING:pet.gui_stall_sampler:  [t-112ms] verify_seeky_multi.py:308:<module> <- verify_seeky_multi.py:244:main
WARNING:pet.gui_stall_sampler:  [t-40ms] webm_clip.py:2499:_poll <- webm_clip.py:2750:_process_frame <- window_optional_services.py:62:<lambda> <- verify_seeky_multi.py:92:observed_frame <- window.py:1917:_on_frame <- window.py:2099:_rebuild_frame
WARNING:root:GUI 卡顿 106ms state=IDLE anim=待机呼吸休闲 physics=None
WARNING:pet.gui_stall_sampler:GUI 冻结现场（106ms，2 个采样点，旧→新）：
WARNING:pet.gui_stall_sampler:  [t-113ms] verify_seeky_multi.py:308:<module> <- verify_seeky_multi.py:244:main
WARNING:pet.gui_stall_sampler:  [t-40ms] webm_clip.py:2499:_poll <- webm_clip.py:2750:_process_frame <- window_optional_services.py:62:<lambda> <- verify_seeky_multi.py:92:observed_frame <- window.py:1917:_on_frame <- window.py:2099:_rebuild_frame
WARNING:root:GUI 卡顿 121ms state=IDLE anim=待机呼吸休闲 physics=None
WARNING:pet.gui_stall_sampler:GUI 冻结现场（121ms，2 个采样点，旧→新）：
WARNING:pet.gui_stall_sampler:  [t-143ms] verify_seeky_multi.py:308:<module> <- verify_seeky_multi.py:244:main
WARNING:pet.gui_stall_sampler:  [t-10ms] webm_clip.py:2750:_process_frame <- window_optional_services.py:62:<lambda> <- verify_seeky_multi.py:92:observed_frame <- window.py:1917:_on_frame <- window.py:2068:_rebuild_frame <- window.py:1990:_frame_signature
WARNING:root:GUI 卡顿 121ms state=IDLE anim=待机呼吸休闲 physics=None
WARNING:pet.gui_stall_sampler:GUI 冻结现场（121ms，2 个采样点，旧→新）：
WARNING:pet.gui_stall_sampler:  [t-144ms] verify_seeky_multi.py:308:<module> <- verify_seeky_multi.py:244:main
WARNING:pet.gui_stall_sampler:  [t-11ms] webm_clip.py:2750:_process_frame <- window_optional_services.py:62:<lambda> <- verify_seeky_multi.py:92:observed_frame <- window.py:1917:_on_frame <- window.py:2068:_rebuild_frame <- window.py:1990:_frame_signature
WARNING:root:GUI 卡顿 122ms state=IDLE anim=待机呼吸休闲 physics=None
WARNING:pet.gui_stall_sampler:GUI 冻结现场（122ms，2 个采样点，旧→新）：
WARNING:pet.gui_stall_sampler:  [t-144ms] verify_seeky_multi.py:308:<module> <- verify_seeky_multi.py:244:main
WARNING:pet.gui_stall_sampler:  [t-11ms] webm_clip.py:2750:_process_frame <- window_optional_services.py:62:<lambda> <- verify_seeky_multi.py:92:observed_frame <- window.py:1917:_on_frame <- window.py:2068:_rebuild_frame <- window.py:1990:_frame_signature
WARNING:root:GUI 卡顿 134ms state=IDLE anim=待机呼吸休闲 physics=None
WARNING:pet.gui_stall_sampler:GUI 冻结现场（134ms，3 个采样点，旧→新）：
WARNING:pet.gui_stall_sampler:  [t-169ms] window_optional_services.py:62:<lambda> <- verify_seeky_multi.py:92:observed_frame <- window.py:1917:_on_frame <- window.py:2124:_rebuild_frame <- window.py:2270:_sync_mask <- window_optional_services.py:42:effects_coverage
WARNING:pet.gui_stall_sampler:  [t-73ms] webm_clip.py:2499:_poll <- webm_clip.py:2750:_process_frame <- window_optional_services.py:62:<lambda> <- verify_seeky_multi.py:92:observed_frame <- window.py:1917:_on_frame <- window.py:2124:_rebuild_frame
WARNING:pet.gui_stall_sampler:  [t-8ms] verify_seeky_multi.py:308:<module> <- verify_seeky_multi.py:244:main
WARNING:root:GUI 卡顿 135ms state=IDLE anim=待机呼吸休闲 physics=None
WARNING:pet.gui_stall_sampler:GUI 冻结现场（135ms，3 个采样点，旧→新）：
WARNING:pet.gui_stall_sampler:  [t-169ms] window_optional_services.py:62:<lambda> <- verify_seeky_multi.py:92:observed_frame <- window.py:1917:_on_frame <- window.py:2124:_rebuild_frame <- window.py:2270:_sync_mask <- window_optional_services.py:42:effects_coverage
WARNING:pet.gui_stall_sampler:  [t-74ms] webm_clip.py:2499:_poll <- webm_clip.py:2750:_process_frame <- window_optional_services.py:62:<lambda> <- verify_seeky_multi.py:92:observed_frame <- window.py:1917:_on_frame <- window.py:2124:_rebuild_frame
WARNING:pet.gui_stall_sampler:  [t-9ms] verify_seeky_multi.py:308:<module> <- verify_seeky_multi.py:244:main
WARNING:root:GUI 卡顿 135ms state=IDLE anim=待机呼吸休闲 physics=None
WARNING:pet.gui_stall_sampler:GUI 冻结现场（135ms，3 个采样点，旧→新）：
WARNING:pet.gui_stall_sampler:  [t-170ms] window_optional_services.py:62:<lambda> <- verify_seeky_multi.py:92:observed_frame <- window.py:1917:_on_frame <- window.py:2124:_rebuild_frame <- window.py:2270:_sync_mask <- window_optional_services.py:42:effects_coverage
WARNING:pet.gui_stall_sampler:  [t-74ms] webm_clip.py:2499:_poll <- webm_clip.py:2750:_process_frame <- window_optional_services.py:62:<lambda> <- verify_seeky_multi.py:92:observed_frame <- window.py:1917:_on_frame <- window.py:2124:_rebuild_frame
WARNING:pet.gui_stall_sampler:  [t-9ms] verify_seeky_multi.py:308:<module> <- verify_seeky_multi.py:244:main
WARNING:root:GUI 卡顿 110ms state=IDLE anim=待机呼吸休闲 physics=None
WARNING:pet.gui_stall_sampler:GUI 冻结现场（110ms，2 个采样点，旧→新）：
WARNING:pet.gui_stall_sampler:  [t-120ms] verify_seeky_multi.py:92:observed_frame <- window.py:1917:_on_frame <- window.py:2124:_rebuild_frame <- window.py:2270:_sync_mask <- window_optional_services.py:42:effects_coverage <- frame_edges.py:39:coverage_region
WARNING:pet.gui_stall_sampler:  [t-47ms] verify_seeky_multi.py:92:observed_frame <- window.py:1919:_on_frame <- window.py:2126:_rebuild_frame <- window.py:2291:_sync_mask <- window_optional_services.py:44:effects_coverage <- frame_edges.py:39:coverage_region
WARNING:root:GUI 卡顿 111ms state=IDLE anim=待机呼吸休闲 physics=None
WARNING:pet.gui_stall_sampler:GUI 冻结现场（111ms，2 个采样点，旧→新）：
WARNING:pet.gui_stall_sampler:  [t-121ms] verify_seeky_multi.py:92:observed_frame <- window.py:1917:_on_frame <- window.py:2124:_rebuild_frame <- window.py:2270:_sync_mask <- window_optional_services.py:42:effects_coverage <- frame_edges.py:39:coverage_region
WARNING:pet.gui_stall_sampler:  [t-48ms] verify_seeky_multi.py:92:observed_frame <- window.py:1919:_on_frame <- window.py:2126:_rebuild_frame <- window.py:2291:_sync_mask <- window_optional_services.py:44:effects_coverage <- frame_edges.py:39:coverage_region
WARNING:root:GUI 卡顿 112ms state=IDLE anim=待机呼吸休闲 physics=None
WARNING:pet.gui_stall_sampler:GUI 冻结现场（112ms，2 个采样点，旧→新）：
WARNING:pet.gui_stall_sampler:  [t-121ms] verify_seeky_multi.py:92:observed_frame <- window.py:1917:_on_frame <- window.py:2124:_rebuild_frame <- window.py:2270:_sync_mask <- window_optional_services.py:42:effects_coverage <- frame_edges.py:39:coverage_region
WARNING:pet.gui_stall_sampler:  [t-48ms] verify_seeky_multi.py:92:observed_frame <- window.py:1919:_on_frame <- window.py:2126:_rebuild_frame <- window.py:2291:_sync_mask <- window_optional_services.py:44:effects_coverage <- frame_edges.py:39:coverage_region
WARNING:root:GUI 卡顿 126ms state=IDLE anim=待机呼吸休闲 physics=None
WARNING:pet.gui_stall_sampler:GUI 冻结现场（126ms，2 个采样点，旧→新）：
WARNING:pet.gui_stall_sampler:  [t-152ms] webm_clip.py:2499:_poll <- webm_clip.py:2750:_process_frame <- window_optional_services.py:62:<lambda> <- verify_seeky_multi.py:92:observed_frame <- window.py:1917:_on_frame <- window.py:2106:_rebuild_frame
WARNING:pet.gui_stall_sampler:  [t-45ms] webm_clip.py:2499:_poll <- webm_clip.py:2750:_process_frame <- window_optional_services.py:62:<lambda> <- verify_seeky_multi.py:92:observed_frame <- window.py:1917:_on_frame <- window.py:2124:_rebuild_frame
WARNING:root:GUI 卡顿 127ms state=IDLE anim=待机呼吸休闲 physics=None
WARNING:pet.gui_stall_sampler:GUI 冻结现场（127ms，2 个采样点，旧→新）：
WARNING:pet.gui_stall_sampler:  [t-152ms] webm_clip.py:2499:_poll <- webm_clip.py:2750:_process_frame <- window_optional_services.py:62:<lambda> <- verify_seeky_multi.py:92:observed_frame <- window.py:1917:_on_frame <- window.py:2106:_rebuild_frame
WARNING:pet.gui_stall_sampler:  [t-46ms] webm_clip.py:2499:_poll <- webm_clip.py:2750:_process_frame <- window_optional_services.py:62:<lambda> <- verify_seeky_multi.py:92:observed_frame <- window.py:1917:_on_frame <- window.py:2124:_rebuild_frame
WARNING:root:GUI 卡顿 127ms state=IDLE anim=待机呼吸休闲 physics=None
WARNING:pet.gui_stall_sampler:GUI 冻结现场（127ms，2 个采样点，旧→新）：
WARNING:pet.gui_stall_sampler:  [t-153ms] webm_clip.py:2499:_poll <- webm_clip.py:2750:_process_frame <- window_optional_services.py:62:<lambda> <- verify_seeky_multi.py:92:observed_frame <- window.py:1917:_on_frame <- window.py:2106:_rebuild_frame
WARNING:pet.gui_stall_sampler:  [t-46ms] webm_clip.py:2499:_poll <- webm_clip.py:2750:_process_frame <- window_optional_services.py:62:<lambda> <- verify_seeky_multi.py:92:observed_frame <- window.py:1917:_on_frame <- window.py:2124:_rebuild_frame
WARNING:root:GUI 卡顿 153ms state=IDLE anim=待机呼吸休闲 physics=None
WARNING:pet.gui_stall_sampler:GUI 冻结现场（153ms，3 个采样点，旧→新）：
WARNING:pet.gui_stall_sampler:  [t-190ms] webm_clip.py:2750:_process_frame <- window_optional_services.py:62:<lambda> <- verify_seeky_multi.py:92:observed_frame <- window.py:1917:_on_frame <- window.py:2068:_rebuild_frame <- window.py:1990:_frame_signature
WARNING:pet.gui_stall_sampler:  [t-103ms] webm_clip.py:2499:_poll <- webm_clip.py:2750:_process_frame <- window_optional_services.py:62:<lambda> <- verify_seeky_multi.py:92:observed_frame <- window.py:1917:_on_frame <- window.py:2124:_rebuild_frame
WARNING:pet.gui_stall_sampler:  [t-19ms] verify_seeky_multi.py:308:<module> <- verify_seeky_multi.py:244:main <- webm_clip.py:2499:_poll <- webm_clip.py:2750:_process_frame
WARNING:root:GUI 卡顿 154ms state=IDLE anim=待机呼吸休闲 physics=None
WARNING:pet.gui_stall_sampler:GUI 冻结现场（154ms，3 个采样点，旧→新）：
WARNING:pet.gui_stall_sampler:  [t-191ms] webm_clip.py:2750:_process_frame <- window_optional_services.py:62:<lambda> <- verify_seeky_multi.py:92:observed_frame <- window.py:1917:_on_frame <- window.py:2068:_rebuild_frame <- window.py:1990:_frame_signature
WARNING:pet.gui_stall_sampler:  [t-103ms] webm_clip.py:2499:_poll <- webm_clip.py:2750:_process_frame <- window_optional_services.py:62:<lambda> <- verify_seeky_multi.py:92:observed_frame <- window.py:1917:_on_frame <- window.py:2124:_rebuild_frame
WARNING:pet.gui_stall_sampler:  [t-19ms] verify_seeky_multi.py:308:<module> <- verify_seeky_multi.py:244:main <- webm_clip.py:2499:_poll <- webm_clip.py:2750:_process_frame
WARNING:root:GUI 卡顿 155ms state=IDLE anim=待机呼吸休闲 physics=None
WARNING:pet.gui_stall_sampler:GUI 冻结现场（155ms，3 个采样点，旧→新）：
WARNING:pet.gui_stall_sampler:  [t-191ms] webm_clip.py:2750:_process_frame <- window_optional_services.py:62:<lambda> <- verify_seeky_multi.py:92:observed_frame <- window.py:1917:_on_frame <- window.py:2068:_rebuild_frame <- window.py:1990:_frame_signature
WARNING:pet.gui_stall_sampler:  [t-104ms] webm_clip.py:2499:_poll <- webm_clip.py:2750:_process_frame <- window_optional_services.py:62:<lambda> <- verify_seeky_multi.py:92:observed_frame <- window.py:1917:_on_frame <- window.py:2124:_rebuild_frame
WARNING:pet.gui_stall_sampler:  [t-20ms] verify_seeky_multi.py:308:<module> <- verify_seeky_multi.py:244:main <- webm_clip.py:2499:_poll <- webm_clip.py:2750:_process_frame
WARNING:root:GUI 卡顿 127ms state=IDLE anim=待机呼吸休闲 physics=None
WARNING:pet.gui_stall_sampler:GUI 冻结现场（127ms，2 个采样点，旧→新）：
WARNING:pet.gui_stall_sampler:  [t-142ms] verify_seeky_multi.py:308:<module> <- verify_seeky_multi.py:244:main
WARNING:pet.gui_stall_sampler:  [t-34ms] webm_clip.py:2499:_poll <- webm_clip.py:2750:_process_frame <- window_optional_services.py:62:<lambda> <- verify_seeky_multi.py:92:observed_frame <- window.py:1917:_on_frame <- window.py:2124:_rebuild_frame
WARNING:root:GUI 卡顿 128ms state=IDLE anim=待机呼吸休闲 physics=None
WARNING:pet.gui_stall_sampler:GUI 冻结现场（128ms，2 个采样点，旧→新）：
WARNING:pet.gui_stall_sampler:  [t-143ms] verify_seeky_multi.py:308:<module> <- verify_seeky_multi.py:244:main
WARNING:pet.gui_stall_sampler:  [t-35ms] webm_clip.py:2499:_poll <- webm_clip.py:2750:_process_frame <- window_optional_services.py:62:<lambda> <- verify_seeky_multi.py:92:observed_frame <- window.py:1917:_on_frame <- window.py:2124:_rebuild_frame
WARNING:root:GUI 卡顿 129ms state=IDLE anim=待机呼吸休闲 physics=None
WARNING:pet.gui_stall_sampler:GUI 冻结现场（129ms，2 个采样点，旧→新）：
WARNING:pet.gui_stall_sampler:  [t-143ms] verify_seeky_multi.py:308:<module> <- verify_seeky_multi.py:244:main
WARNING:pet.gui_stall_sampler:  [t-35ms] webm_clip.py:2499:_poll <- webm_clip.py:2750:_process_frame <- window_optional_services.py:62:<lambda> <- verify_seeky_multi.py:92:observed_frame <- window.py:1917:_on_frame <- window.py:2124:_rebuild_frame
WARNING:root:GUI 卡顿 110ms state=IDLE anim=待机呼吸休闲 physics=None
WARNING:pet.gui_stall_sampler:GUI 冻结现场（110ms，3 个采样点，旧→新）：
WARNING:pet.gui_stall_sampler:  [t-132ms] verify_seeky_multi.py:308:<module> <- verify_seeky_multi.py:244:main
WARNING:pet.gui_stall_sampler:  [t-69ms] verify_seeky_multi.py:308:<module> <- verify_seeky_multi.py:244:main <- webm_clip.py:2499:_poll <- webm_clip.py:2723:_process_frame
WARNING:pet.gui_stall_sampler:  [t-9ms] verify_seeky_multi.py:308:<module> <- verify_seeky_multi.py:244:main
WARNING:root:GUI 卡顿 111ms state=IDLE anim=待机呼吸休闲 physics=None
WARNING:pet.gui_stall_sampler:GUI 冻结现场（111ms，3 个采样点，旧→新）：
WARNING:pet.gui_stall_sampler:  [t-132ms] verify_seeky_multi.py:308:<module> <- verify_seeky_multi.py:244:main
WARNING:pet.gui_stall_sampler:  [t-70ms] verify_seeky_multi.py:308:<module> <- verify_seeky_multi.py:244:main <- webm_clip.py:2499:_poll <- webm_clip.py:2723:_process_frame
WARNING:pet.gui_stall_sampler:  [t-10ms] verify_seeky_multi.py:308:<module> <- verify_seeky_multi.py:244:main
WARNING:root:GUI 卡顿 111ms state=IDLE anim=待机呼吸休闲 physics=None
WARNING:pet.gui_stall_sampler:GUI 冻结现场（111ms，3 个采样点，旧→新）：
WARNING:pet.gui_stall_sampler:  [t-133ms] verify_seeky_multi.py:308:<module> <- verify_seeky_multi.py:244:main
WARNING:pet.gui_stall_sampler:  [t-70ms] verify_seeky_multi.py:308:<module> <- verify_seeky_multi.py:244:main <- webm_clip.py:2499:_poll <- webm_clip.py:2723:_process_frame
WARNING:pet.gui_stall_sampler:  [t-10ms] verify_seeky_multi.py:308:<module> <- verify_seeky_multi.py:244:main
WARNING:root:GUI 卡顿 102ms state=IDLE anim=待机呼吸休闲 physics=None
WARNING:pet.gui_stall_sampler:GUI 冻结现场（102ms，2 个采样点，旧→新）：
WARNING:pet.gui_stall_sampler:  [t-111ms] verify_seeky_multi.py:308:<module> <- verify_seeky_multi.py:244:main
WARNING:pet.gui_stall_sampler:  [t-39ms] webm_clip.py:2499:_poll <- webm_clip.py:2750:_process_frame <- window_optional_services.py:62:<lambda> <- verify_seeky_multi.py:92:observed_frame <- window.py:1917:_on_frame <- window.py:2106:_rebuild_frame
WARNING:root:GUI 卡顿 102ms state=IDLE anim=待机呼吸休闲 physics=None
WARNING:pet.gui_stall_sampler:GUI 冻结现场（102ms，2 个采样点，旧→新）：
WARNING:pet.gui_stall_sampler:  [t-112ms] verify_seeky_multi.py:308:<module> <- verify_seeky_multi.py:244:main
WARNING:pet.gui_stall_sampler:  [t-39ms] webm_clip.py:2499:_poll <- webm_clip.py:2750:_process_frame <- window_optional_services.py:62:<lambda> <- verify_seeky_multi.py:92:observed_frame <- window.py:1917:_on_frame <- window.py:2106:_rebuild_frame
WARNING:root:GUI 卡顿 102ms state=IDLE anim=待机呼吸休闲 physics=None
WARNING:pet.gui_stall_sampler:GUI 冻结现场（102ms，2 个采样点，旧→新）：
WARNING:pet.gui_stall_sampler:  [t-112ms] verify_seeky_multi.py:308:<module> <- verify_seeky_multi.py:244:main
WARNING:pet.gui_stall_sampler:  [t-39ms] webm_clip.py:2499:_poll <- webm_clip.py:2750:_process_frame <- window_optional_services.py:62:<lambda> <- verify_seeky_multi.py:92:observed_frame <- window.py:1917:_on_frame <- window.py:2106:_rebuild_frame
WARNING:root:GUI 卡顿 103ms state=IDLE anim=待机呼吸休闲 physics=None
WARNING:pet.gui_stall_sampler:GUI 冻结现场（103ms，2 个采样点，旧→新）：
WARNING:pet.gui_stall_sampler:  [t-121ms] verify_seeky_multi.py:308:<module> <- verify_seeky_multi.py:244:main
WARNING:pet.gui_stall_sampler:  [t-31ms] webm_clip.py:2499:_poll <- webm_clip.py:2750:_process_frame <- window_optional_services.py:62:<lambda> <- verify_seeky_multi.py:92:observed_frame <- window.py:1917:_on_frame <- window.py:2106:_rebuild_frame
WARNING:root:GUI 卡顿 104ms state=IDLE anim=待机呼吸休闲 physics=None
WARNING:pet.gui_stall_sampler:GUI 冻结现场（104ms，2 个采样点，旧→新）：
WARNING:pet.gui_stall_sampler:  [t-121ms] verify_seeky_multi.py:308:<module> <- verify_seeky_multi.py:244:main
WARNING:pet.gui_stall_sampler:  [t-32ms] webm_clip.py:2499:_poll <- webm_clip.py:2750:_process_frame <- window_optional_services.py:62:<lambda> <- verify_seeky_multi.py:92:observed_frame <- window.py:1917:_on_frame <- window.py:2106:_rebuild_frame
WARNING:root:GUI 卡顿 104ms state=IDLE anim=待机呼吸休闲 physics=None
WARNING:pet.gui_stall_sampler:GUI 冻结现场（104ms，2 个采样点，旧→新）：
WARNING:pet.gui_stall_sampler:  [t-121ms] verify_seeky_multi.py:308:<module> <- verify_seeky_multi.py:244:main
WARNING:pet.gui_stall_sampler:  [t-32ms] webm_clip.py:2499:_poll <- webm_clip.py:2750:_process_frame <- window_optional_services.py:62:<lambda> <- verify_seeky_multi.py:92:observed_frame <- window.py:1917:_on_frame <- window.py:2106:_rebuild_frame
WARNING:root:GUI 卡顿 138ms state=IDLE anim=待机呼吸休闲 physics=None
WARNING:pet.gui_stall_sampler:GUI 冻结现场（138ms，2 个采样点，旧→新）：
WARNING:pet.gui_stall_sampler:  [t-170ms] webm_clip.py:2499:_poll <- webm_clip.py:2750:_process_frame <- window_optional_services.py:62:<lambda> <- verify_seeky_multi.py:92:observed_frame <- window.py:1917:_on_frame <- window.py:2106:_rebuild_frame
WARNING:pet.gui_stall_sampler:  [t-34ms] webm_clip.py:2750:_process_frame <- window_optional_services.py:62:<lambda> <- verify_seeky_multi.py:92:observed_frame <- window.py:1917:_on_frame <- window.py:2124:_rebuild_frame <- window.py:2270:_sync_mask
WARNING:root:GUI 卡顿 139ms state=IDLE anim=待机呼吸休闲 physics=None
WARNING:pet.gui_stall_sampler:GUI 冻结现场（139ms，2 个采样点，旧→新）：
WARNING:pet.gui_stall_sampler:  [t-171ms] webm_clip.py:2499:_poll <- webm_clip.py:2750:_process_frame <- window_optional_services.py:62:<lambda> <- verify_seeky_multi.py:92:observed_frame <- window.py:1917:_on_frame <- window.py:2106:_rebuild_frame
WARNING:pet.gui_stall_sampler:  [t-35ms] webm_clip.py:2750:_process_frame <- window_optional_services.py:62:<lambda> <- verify_seeky_multi.py:92:observed_frame <- window.py:1917:_on_frame <- window.py:2124:_rebuild_frame <- window.py:2270:_sync_mask
WARNING:root:GUI 卡顿 139ms state=IDLE anim=待机呼吸休闲 physics=None
WARNING:pet.gui_stall_sampler:GUI 冻结现场（139ms，2 个采样点，旧→新）：
WARNING:pet.gui_stall_sampler:  [t-171ms] webm_clip.py:2499:_poll <- webm_clip.py:2750:_process_frame <- window_optional_services.py:62:<lambda> <- verify_seeky_multi.py:92:observed_frame <- window.py:1917:_on_frame <- window.py:2106:_rebuild_frame
WARNING:pet.gui_stall_sampler:  [t-35ms] webm_clip.py:2750:_process_frame <- window_optional_services.py:62:<lambda> <- verify_seeky_multi.py:92:observed_frame <- window.py:1917:_on_frame <- window.py:2124:_rebuild_frame <- window.py:2270:_sync_mask
WARNING:root:GUI 卡顿 102ms state=IDLE anim=待机呼吸休闲 physics=None
WARNING:pet.gui_stall_sampler:GUI 冻结现场（102ms，3 个采样点，旧→新）：
WARNING:pet.gui_stall_sampler:  [t-135ms] webm_clip.py:2750:_process_frame <- window_optional_services.py:62:<lambda> <- verify_seeky_multi.py:92:observed_frame <- window.py:1917:_on_frame <- window.py:2124:_rebuild_frame <- window.py:2270:_sync_mask
WARNING:pet.gui_stall_sampler:  [t-65ms] webm_clip.py:2499:_poll <- webm_clip.py:2750:_process_frame <- window_optional_services.py:62:<lambda> <- verify_seeky_multi.py:92:observed_frame <- window.py:1917:_on_frame <- window.py:2124:_rebuild_frame
WARNING:pet.gui_stall_sampler:  [t-5ms] verify_seeky_multi.py:308:<module> <- verify_seeky_multi.py:244:main
WARNING:root:GUI 卡顿 101ms state=IDLE anim=待机呼吸休闲 physics=None
WARNING:pet.gui_stall_sampler:GUI 冻结现场（101ms，3 个采样点，旧→新）：
WARNING:pet.gui_stall_sampler:  [t-136ms] webm_clip.py:2750:_process_frame <- window_optional_services.py:62:<lambda> <- verify_seeky_multi.py:92:observed_frame <- window.py:1917:_on_frame <- window.py:2124:_rebuild_frame <- window.py:2270:_sync_mask
WARNING:pet.gui_stall_sampler:  [t-66ms] webm_clip.py:2499:_poll <- webm_clip.py:2750:_process_frame <- window_optional_services.py:62:<lambda> <- verify_seeky_multi.py:92:observed_frame <- window.py:1917:_on_frame <- window.py:2124:_rebuild_frame
WARNING:pet.gui_stall_sampler:  [t-5ms] verify_seeky_multi.py:308:<module> <- verify_seeky_multi.py:244:main
WARNING:root:GUI 卡顿 101ms state=IDLE anim=待机呼吸休闲 physics=None
WARNING:pet.gui_stall_sampler:GUI 冻结现场（101ms，3 个采样点，旧→新）：
WARNING:pet.gui_stall_sampler:  [t-136ms] webm_clip.py:2750:_process_frame <- window_optional_services.py:62:<lambda> <- verify_seeky_multi.py:92:observed_frame <- window.py:1917:_on_frame <- window.py:2124:_rebuild_frame <- window.py:2270:_sync_mask
WARNING:pet.gui_stall_sampler:  [t-66ms] webm_clip.py:2499:_poll <- webm_clip.py:2750:_process_frame <- window_optional_services.py:62:<lambda> <- verify_seeky_multi.py:92:observed_frame <- window.py:1917:_on_frame <- window.py:2124:_rebuild_frame
WARNING:pet.gui_stall_sampler:  [t-6ms] verify_seeky_multi.py:308:<module> <- verify_seeky_multi.py:244:main
WARNING:root:GUI 卡顿 108ms state=IDLE anim=待机呼吸休闲 physics=None
WARNING:pet.gui_stall_sampler:GUI 冻结现场（108ms，2 个采样点，旧→新）：
WARNING:pet.gui_stall_sampler:  [t-102ms] verify_seeky_multi.py:308:<module> <- verify_seeky_multi.py:244:main
WARNING:pet.gui_stall_sampler:  [t-11ms] webm_clip.py:2750:_process_frame <- window_optional_services.py:62:<lambda> <- verify_seeky_multi.py:92:observed_frame <- window.py:1917:_on_frame <- window.py:2124:_rebuild_frame <- window.py:2266:_sync_mask
WARNING:root:GUI 卡顿 109ms state=IDLE anim=待机呼吸休闲 physics=None
WARNING:pet.gui_stall_sampler:GUI 冻结现场（109ms，2 个采样点，旧→新）：
WARNING:pet.gui_stall_sampler:  [t-102ms] verify_seeky_multi.py:308:<module> <- verify_seeky_multi.py:244:main
WARNING:pet.gui_stall_sampler:  [t-12ms] webm_clip.py:2750:_process_frame <- window_optional_services.py:62:<lambda> <- verify_seeky_multi.py:92:observed_frame <- window.py:1917:_on_frame <- window.py:2124:_rebuild_frame <- window.py:2266:_sync_mask
WARNING:root:GUI 卡顿 109ms state=IDLE anim=待机呼吸休闲 physics=None
WARNING:pet.gui_stall_sampler:GUI 冻结现场（109ms，2 个采样点，旧→新）：
WARNING:pet.gui_stall_sampler:  [t-103ms] verify_seeky_multi.py:308:<module> <- verify_seeky_multi.py:244:main
WARNING:pet.gui_stall_sampler:  [t-12ms] webm_clip.py:2750:_process_frame <- window_optional_services.py:62:<lambda> <- verify_seeky_multi.py:92:observed_frame <- window.py:1917:_on_frame <- window.py:2124:_rebuild_frame <- window.py:2266:_sync_mask
WARNING:root:GUI 卡顿 117ms state=IDLE anim=待机呼吸休闲 physics=None
WARNING:pet.gui_stall_sampler:GUI 冻结现场（117ms，2 个采样点，旧→新）：
WARNING:pet.gui_stall_sampler:  [t-128ms] webm_clip.py:2750:_process_frame <- window_optional_services.py:62:<lambda> <- verify_seeky_multi.py:92:observed_frame <- window.py:1917:_on_frame <- window.py:2124:_rebuild_frame <- window.py:2266:_sync_mask
WARNING:pet.gui_stall_sampler:  [t-41ms] window_optional_services.py:62:<lambda> <- verify_seeky_multi.py:92:observed_frame <- window.py:1919:_on_frame <- window.py:2126:_rebuild_frame <- window.py:2291:_sync_mask <- window_optional_services.py:44:effects_coverage
WARNING:root:GUI 卡顿 117ms state=IDLE anim=待机呼吸休闲 physics=None
WARNING:pet.gui_stall_sampler:GUI 冻结现场（117ms，2 个采样点，旧→新）：
WARNING:pet.gui_stall_sampler:  [t-129ms] webm_clip.py:2750:_process_frame <- window_optional_services.py:62:<lambda> <- verify_seeky_multi.py:92:observed_frame <- window.py:1917:_on_frame <- window.py:2124:_rebuild_frame <- window.py:2266:_sync_mask
WARNING:pet.gui_stall_sampler:  [t-41ms] window_optional_services.py:62:<lambda> <- verify_seeky_multi.py:92:observed_frame <- window.py:1919:_on_frame <- window.py:2126:_rebuild_frame <- window.py:2291:_sync_mask <- window_optional_services.py:44:effects_coverage
WARNING:root:GUI 卡顿 117ms state=IDLE anim=待机呼吸休闲 physics=None
WARNING:pet.gui_stall_sampler:GUI 冻结现场（117ms，2 个采样点，旧→新）：
WARNING:pet.gui_stall_sampler:  [t-129ms] webm_clip.py:2750:_process_frame <- window_optional_services.py:62:<lambda> <- verify_seeky_multi.py:92:observed_frame <- window.py:1917:_on_frame <- window.py:2124:_rebuild_frame <- window.py:2266:_sync_mask
WARNING:pet.gui_stall_sampler:  [t-42ms] window_optional_services.py:62:<lambda> <- verify_seeky_multi.py:92:observed_frame <- window.py:1919:_on_frame <- window.py:2126:_rebuild_frame <- window.py:2291:_sync_mask <- window_optional_services.py:44:effects_coverage
WARNING:root:GUI 卡顿 106ms state=IDLE anim=待机呼吸休闲 physics=None
WARNING:pet.gui_stall_sampler:GUI 冻结现场（106ms，3 个采样点，旧→新）：
WARNING:pet.gui_stall_sampler:  [t-146ms] window_optional_services.py:62:<lambda> <- verify_seeky_multi.py:92:observed_frame <- window.py:1919:_on_frame <- window.py:2126:_rebuild_frame <- window.py:2291:_sync_mask <- window_optional_services.py:44:effects_coverage
WARNING:pet.gui_stall_sampler:  [t-61ms] webm_clip.py:2499:_poll <- webm_clip.py:2750:_process_frame <- window_optional_services.py:62:<lambda> <- verify_seeky_multi.py:92:observed_frame <- window.py:1917:_on_frame <- window.py:2124:_rebuild_frame
WARNING:pet.gui_stall_sampler:  [t-4ms] verify_seeky_multi.py:308:<module> <- verify_seeky_multi.py:244:main
WARNING:root:GUI 卡顿 105ms state=IDLE anim=待机呼吸休闲 physics=None
WARNING:pet.gui_stall_sampler:GUI 冻结现场（105ms，3 个采样点，旧→新）：
WARNING:pet.gui_stall_sampler:  [t-146ms] window_optional_services.py:62:<lambda> <- verify_seeky_multi.py:92:observed_frame <- window.py:1919:_on_frame <- window.py:2126:_rebuild_frame <- window.py:2291:_sync_mask <- window_optional_services.py:44:effects_coverage
WARNING:pet.gui_stall_sampler:  [t-62ms] webm_clip.py:2499:_poll <- webm_clip.py:2750:_process_frame <- window_optional_services.py:62:<lambda> <- verify_seeky_multi.py:92:observed_frame <- window.py:1917:_on_frame <- window.py:2124:_rebuild_frame
WARNING:pet.gui_stall_sampler:  [t-5ms] verify_seeky_multi.py:308:<module> <- verify_seeky_multi.py:244:main
WARNING:root:GUI 卡顿 105ms state=IDLE anim=待机呼吸休闲 physics=None
WARNING:pet.gui_stall_sampler:GUI 冻结现场（105ms，3 个采样点，旧→新）：
WARNING:pet.gui_stall_sampler:  [t-147ms] window_optional_services.py:62:<lambda> <- verify_seeky_multi.py:92:observed_frame <- window.py:1919:_on_frame <- window.py:2126:_rebuild_frame <- window.py:2291:_sync_mask <- window_optional_services.py:44:effects_coverage
WARNING:pet.gui_stall_sampler:  [t-62ms] webm_clip.py:2499:_poll <- webm_clip.py:2750:_process_frame <- window_optional_services.py:62:<lambda> <- verify_seeky_multi.py:92:observed_frame <- window.py:1917:_on_frame <- window.py:2124:_rebuild_frame
WARNING:pet.gui_stall_sampler:  [t-5ms] verify_seeky_multi.py:308:<module> <- verify_seeky_multi.py:244:main
WARNING:root:GUI 卡顿 126ms state=IDLE anim=待机呼吸休闲 physics=None
WARNING:pet.gui_stall_sampler:GUI 冻结现场（126ms，2 个采样点，旧→新）：
WARNING:pet.gui_stall_sampler:  [t-138ms] verify_seeky_multi.py:308:<module> <- verify_seeky_multi.py:244:main
WARNING:pet.gui_stall_sampler:  [t-15ms] webm_clip.py:2499:_poll <- webm_clip.py:2750:_process_frame <- window_optional_services.py:62:<lambda> <- verify_seeky_multi.py:92:observed_frame <- window.py:1917:_on_frame <- window.py:2124:_rebuild_frame
WARNING:root:GUI 卡顿 127ms state=IDLE anim=待机呼吸休闲 physics=None
WARNING:pet.gui_stall_sampler:GUI 冻结现场（127ms，2 个采样点，旧→新）：
WARNING:pet.gui_stall_sampler:  [t-138ms] verify_seeky_multi.py:308:<module> <- verify_seeky_multi.py:244:main
WARNING:pet.gui_stall_sampler:  [t-16ms] webm_clip.py:2499:_poll <- webm_clip.py:2750:_process_frame <- window_optional_services.py:62:<lambda> <- verify_seeky_multi.py:92:observed_frame <- window.py:1917:_on_frame <- window.py:2124:_rebuild_frame
WARNING:root:GUI 卡顿 127ms state=IDLE anim=待机呼吸休闲 physics=None
WARNING:pet.gui_stall_sampler:GUI 冻结现场（127ms，2 个采样点，旧→新）：
WARNING:pet.gui_stall_sampler:  [t-139ms] verify_seeky_multi.py:308:<module> <- verify_seeky_multi.py:244:main
WARNING:pet.gui_stall_sampler:  [t-16ms] webm_clip.py:2499:_poll <- webm_clip.py:2750:_process_frame <- window_optional_services.py:62:<lambda> <- verify_seeky_multi.py:92:observed_frame <- window.py:1917:_on_frame <- window.py:2124:_rebuild_frame
WARNING:root:GUI 卡顿 103ms state=IDLE anim=待机呼吸休闲 physics=None
WARNING:pet.gui_stall_sampler:GUI 冻结现场（103ms，2 个采样点，旧→新）：
WARNING:pet.gui_stall_sampler:  [t-117ms] webm_clip.py:2499:_poll <- webm_clip.py:2750:_process_frame <- window_optional_services.py:62:<lambda> <- verify_seeky_multi.py:92:observed_frame <- window.py:1917:_on_frame <- window.py:2124:_rebuild_frame
WARNING:pet.gui_stall_sampler:  [t-55ms] verify_seeky_multi.py:308:<module> <- verify_seeky_multi.py:244:main <- webm_clip.py:2499:_poll <- webm_clip.py:2723:_process_frame
WARNING:root:GUI 卡顿 102ms state=IDLE anim=待机呼吸休闲 physics=None
WARNING:pet.gui_stall_sampler:GUI 冻结现场（102ms，2 个采样点，旧→新）：
WARNING:pet.gui_stall_sampler:  [t-117ms] webm_clip.py:2499:_poll <- webm_clip.py:2750:_process_frame <- window_optional_services.py:62:<lambda> <- verify_seeky_multi.py:92:observed_frame <- window.py:1917:_on_frame <- window.py:2124:_rebuild_frame
WARNING:pet.gui_stall_sampler:  [t-55ms] verify_seeky_multi.py:308:<module> <- verify_seeky_multi.py:244:main <- webm_clip.py:2499:_poll <- webm_clip.py:2723:_process_frame
WARNING:root:GUI 卡顿 102ms state=IDLE anim=待机呼吸休闲 physics=None
WARNING:pet.gui_stall_sampler:GUI 冻结现场（102ms，2 个采样点，旧→新）：
WARNING:pet.gui_stall_sampler:  [t-118ms] webm_clip.py:2499:_poll <- webm_clip.py:2750:_process_frame <- window_optional_services.py:62:<lambda> <- verify_seeky_multi.py:92:observed_frame <- window.py:1917:_on_frame <- window.py:2124:_rebuild_frame
WARNING:pet.gui_stall_sampler:  [t-56ms] verify_seeky_multi.py:308:<module> <- verify_seeky_multi.py:244:main <- webm_clip.py:2499:_poll <- webm_clip.py:2723:_process_frame
WARNING:root:GUI 卡顿 136ms state=IDLE anim=待机呼吸休闲 physics=None
WARNING:pet.gui_stall_sampler:GUI 冻结现场（136ms，3 个采样点，旧→新）：
WARNING:pet.gui_stall_sampler:  [t-155ms] verify_seeky_multi.py:92:observed_frame <- window.py:1917:_on_frame <- window.py:2124:_rebuild_frame <- window.py:2270:_sync_mask <- window_optional_services.py:42:effects_coverage <- frame_edges.py:37:coverage_region
WARNING:pet.gui_stall_sampler:  [t-62ms] webm_clip.py:2750:_process_frame <- window_optional_services.py:62:<lambda> <- verify_seeky_multi.py:92:observed_frame <- window.py:1917:_on_frame <- window.py:2106:_rebuild_frame <- window.py:2005:_frame_signature
WARNING:pet.gui_stall_sampler:  [t-7ms] verify_seeky_multi.py:308:<module> <- verify_seeky_multi.py:244:main
WARNING:root:GUI 卡顿 137ms state=IDLE anim=待机呼吸休闲 physics=None
WARNING:pet.gui_stall_sampler:GUI 冻结现场（137ms，3 个采样点，旧→新）：
WARNING:pet.gui_stall_sampler:  [t-156ms] verify_seeky_multi.py:92:observed_frame <- window.py:1917:_on_frame <- window.py:2124:_rebuild_frame <- window.py:2270:_sync_mask <- window_optional_services.py:42:effects_coverage <- frame_edges.py:37:coverage_region
WARNING:pet.gui_stall_sampler:  [t-63ms] webm_clip.py:2750:_process_frame <- window_optional_services.py:62:<lambda> <- verify_seeky_multi.py:92:observed_frame <- window.py:1917:_on_frame <- window.py:2106:_rebuild_frame <- window.py:2005:_frame_signature
WARNING:pet.gui_stall_sampler:  [t-7ms] verify_seeky_multi.py:308:<module> <- verify_seeky_multi.py:244:main
WARNING:root:GUI 卡顿 137ms state=IDLE anim=待机呼吸休闲 physics=None
WARNING:pet.gui_stall_sampler:GUI 冻结现场（137ms，3 个采样点，旧→新）：
WARNING:pet.gui_stall_sampler:  [t-156ms] verify_seeky_multi.py:92:observed_frame <- window.py:1917:_on_frame <- window.py:2124:_rebuild_frame <- window.py:2270:_sync_mask <- window_optional_services.py:42:effects_coverage <- frame_edges.py:37:coverage_region
WARNING:pet.gui_stall_sampler:  [t-63ms] webm_clip.py:2750:_process_frame <- window_optional_services.py:62:<lambda> <- verify_seeky_multi.py:92:observed_frame <- window.py:1917:_on_frame <- window.py:2106:_rebuild_frame <- window.py:2005:_frame_signature
WARNING:pet.gui_stall_sampler:  [t-8ms] verify_seeky_multi.py:308:<module> <- verify_seeky_multi.py:244:main
WARNING:root:GUI 卡顿 110ms state=IDLE anim=待机呼吸休闲 physics=None
WARNING:pet.gui_stall_sampler:GUI 冻结现场（110ms，2 个采样点，旧→新）：
WARNING:pet.gui_stall_sampler:  [t-138ms] webm_clip.py:2499:_poll <- webm_clip.py:2750:_process_frame <- window_optional_services.py:62:<lambda> <- verify_seeky_multi.py:92:observed_frame <- window.py:1917:_on_frame <- window.py:2119:_rebuild_frame
WARNING:pet.gui_stall_sampler:  [t-31ms] webm_clip.py:2499:_poll <- webm_clip.py:2750:_process_frame <- window_optional_services.py:62:<lambda> <- verify_seeky_multi.py:92:observed_frame <- window.py:1917:_on_frame <- window.py:2114:_rebuild_frame
WARNING:root:GUI 卡顿 111ms state=IDLE anim=待机呼吸休闲 physics=None
WARNING:pet.gui_stall_sampler:GUI 冻结现场（111ms，2 个采样点，旧→新）：
WARNING:pet.gui_stall_sampler:  [t-138ms] webm_clip.py:2499:_poll <- webm_clip.py:2750:_process_frame <- window_optional_services.py:62:<lambda> <- verify_seeky_multi.py:92:observed_frame <- window.py:1917:_on_frame <- window.py:2119:_rebuild_frame
WARNING:pet.gui_stall_sampler:  [t-31ms] webm_clip.py:2499:_poll <- webm_clip.py:2750:_process_frame <- window_optional_services.py:62:<lambda> <- verify_seeky_multi.py:92:observed_frame <- window.py:1917:_on_frame <- window.py:2114:_rebuild_frame
WARNING:root:GUI 卡顿 111ms state=IDLE anim=待机呼吸休闲 physics=None
WARNING:pet.gui_stall_sampler:GUI 冻结现场（111ms，2 个采样点，旧→新）：
WARNING:pet.gui_stall_sampler:  [t-138ms] webm_clip.py:2499:_poll <- webm_clip.py:2750:_process_frame <- window_optional_services.py:62:<lambda> <- verify_seeky_multi.py:92:observed_frame <- window.py:1917:_on_frame <- window.py:2119:_rebuild_frame
WARNING:pet.gui_stall_sampler:  [t-32ms] webm_clip.py:2499:_poll <- webm_clip.py:2750:_process_frame <- window_optional_services.py:62:<lambda> <- verify_seeky_multi.py:92:observed_frame <- window.py:1917:_on_frame <- window.py:2114:_rebuild_frame
WARNING:root:GUI 卡顿 191ms state=IDLE anim=待机呼吸休闲 physics=None
WARNING:pet.gui_stall_sampler:GUI 冻结现场（191ms，3 个采样点，旧→新）：
WARNING:pet.gui_stall_sampler:  [t-214ms] verify_seeky_multi.py:308:<module> <- verify_seeky_multi.py:244:main
WARNING:pet.gui_stall_sampler:  [t-127ms] webm_clip.py:2499:_poll <- webm_clip.py:2750:_process_frame <- window_optional_services.py:62:<lambda> <- verify_seeky_multi.py:92:observed_frame <- window.py:1917:_on_frame <- window.py:2124:_rebuild_frame
WARNING:pet.gui_stall_sampler:  [t-14ms] webm_clip.py:2499:_poll <- webm_clip.py:2750:_process_frame <- window_optional_services.py:62:<lambda> <- verify_seeky_multi.py:92:observed_frame <- window.py:1917:_on_frame <- window.py:2106:_rebuild_frame
WARNING:root:GUI 卡顿 192ms state=IDLE anim=待机呼吸休闲 physics=None
WARNING:pet.gui_stall_sampler:GUI 冻结现场（192ms，3 个采样点，旧→新）：
WARNING:pet.gui_stall_sampler:  [t-215ms] verify_seeky_multi.py:308:<module> <- verify_seeky_multi.py:244:main
WARNING:pet.gui_stall_sampler:  [t-127ms] webm_clip.py:2499:_poll <- webm_clip.py:2750:_process_frame <- window_optional_services.py:62:<lambda> <- verify_seeky_multi.py:92:observed_frame <- window.py:1917:_on_frame <- window.py:2124:_rebuild_frame
WARNING:pet.gui_stall_sampler:  [t-14ms] webm_clip.py:2499:_poll <- webm_clip.py:2750:_process_frame <- window_optional_services.py:62:<lambda> <- verify_seeky_multi.py:92:observed_frame <- window.py:1917:_on_frame <- window.py:2106:_rebuild_frame
WARNING:root:GUI 卡顿 192ms state=IDLE anim=待机呼吸休闲 physics=None
WARNING:pet.gui_stall_sampler:GUI 冻结现场（192ms，3 个采样点，旧→新）：
WARNING:pet.gui_stall_sampler:  [t-215ms] verify_seeky_multi.py:308:<module> <- verify_seeky_multi.py:244:main
WARNING:pet.gui_stall_sampler:  [t-127ms] webm_clip.py:2499:_poll <- webm_clip.py:2750:_process_frame <- window_optional_services.py:62:<lambda> <- verify_seeky_multi.py:92:observed_frame <- window.py:1917:_on_frame <- window.py:2124:_rebuild_frame
WARNING:pet.gui_stall_sampler:  [t-15ms] webm_clip.py:2499:_poll <- webm_clip.py:2750:_process_frame <- window_optional_services.py:62:<lambda> <- verify_seeky_multi.py:92:observed_frame <- window.py:1917:_on_frame <- window.py:2106:_rebuild_frame
WARNING:root:GUI 卡顿 124ms state=IDLE anim=待机呼吸休闲 physics=None
WARNING:pet.gui_stall_sampler:GUI 冻结现场（124ms，2 个采样点，旧→新）：
WARNING:pet.gui_stall_sampler:  [t-138ms] webm_clip.py:2499:_poll <- webm_clip.py:2750:_process_frame <- window_optional_services.py:62:<lambda> <- verify_seeky_multi.py:92:observed_frame <- window.py:1917:_on_frame <- window.py:2106:_rebuild_frame
WARNING:pet.gui_stall_sampler:  [t-31ms] webm_clip.py:2499:_poll <- webm_clip.py:2750:_process_frame <- window_optional_services.py:62:<lambda> <- verify_seeky_multi.py:92:observed_frame <- window.py:1917:_on_frame <- window.py:2124:_rebuild_frame
WARNING:root:GUI 卡顿 124ms state=IDLE anim=待机呼吸休闲 physics=None
WARNING:pet.gui_stall_sampler:GUI 冻结现场（124ms，2 个采样点，旧→新）：
WARNING:pet.gui_stall_sampler:  [t-138ms] webm_clip.py:2499:_poll <- webm_clip.py:2750:_process_frame <- window_optional_services.py:62:<lambda> <- verify_seeky_multi.py:92:observed_frame <- window.py:1917:_on_frame <- window.py:2106:_rebuild_frame
WARNING:pet.gui_stall_sampler:  [t-32ms] webm_clip.py:2499:_poll <- webm_clip.py:2750:_process_frame <- window_optional_services.py:62:<lambda> <- verify_seeky_multi.py:92:observed_frame <- window.py:1917:_on_frame <- window.py:2124:_rebuild_frame
WARNING:root:GUI 卡顿 124ms state=IDLE anim=待机呼吸休闲 physics=None
WARNING:pet.gui_stall_sampler:GUI 冻结现场（124ms，2 个采样点，旧→新）：
WARNING:pet.gui_stall_sampler:  [t-139ms] webm_clip.py:2499:_poll <- webm_clip.py:2750:_process_frame <- window_optional_services.py:62:<lambda> <- verify_seeky_multi.py:92:observed_frame <- window.py:1917:_on_frame <- window.py:2106:_rebuild_frame
WARNING:pet.gui_stall_sampler:  [t-32ms] webm_clip.py:2499:_poll <- webm_clip.py:2750:_process_frame <- window_optional_services.py:62:<lambda> <- verify_seeky_multi.py:92:observed_frame <- window.py:1917:_on_frame <- window.py:2124:_rebuild_frame
WARNING:root:GUI 卡顿 117ms state=IDLE anim=待机呼吸休闲 physics=None
WARNING:pet.gui_stall_sampler:GUI 冻结现场（117ms，2 个采样点，旧→新）：
WARNING:pet.gui_stall_sampler:  [t-135ms] verify_seeky_multi.py:308:<module> <- verify_seeky_multi.py:244:main
WARNING:pet.gui_stall_sampler:  [t-20ms] webm_clip.py:2499:_poll <- webm_clip.py:2750:_process_frame <- window_optional_services.py:62:<lambda> <- verify_seeky_multi.py:92:observed_frame <- window.py:1917:_on_frame <- window.py:2099:_rebuild_frame
WARNING:root:GUI 卡顿 119ms state=IDLE anim=待机呼吸休闲 physics=None
WARNING:pet.gui_stall_sampler:GUI 冻结现场（119ms，2 个采样点，旧→新）：
WARNING:pet.gui_stall_sampler:  [t-136ms] verify_seeky_multi.py:308:<module> <- verify_seeky_multi.py:244:main
WARNING:pet.gui_stall_sampler:  [t-21ms] webm_clip.py:2499:_poll <- webm_clip.py:2750:_process_frame <- window_optional_services.py:62:<lambda> <- verify_seeky_multi.py:92:observed_frame <- window.py:1917:_on_frame <- window.py:2099:_rebuild_frame
WARNING:root:GUI 卡顿 119ms state=IDLE anim=待机呼吸休闲 physics=None
WARNING:pet.gui_stall_sampler:GUI 冻结现场（119ms，2 个采样点，旧→新）：
WARNING:pet.gui_stall_sampler:  [t-136ms] verify_seeky_multi.py:308:<module> <- verify_seeky_multi.py:244:main
WARNING:pet.gui_stall_sampler:  [t-21ms] webm_clip.py:2499:_poll <- webm_clip.py:2750:_process_frame <- window_optional_services.py:62:<lambda> <- verify_seeky_multi.py:92:observed_frame <- window.py:1917:_on_frame <- window.py:2099:_rebuild_frame
WARNING:root:GUI 卡顿 131ms state=IDLE anim=待机呼吸休闲 physics=None
WARNING:pet.gui_stall_sampler:GUI 冻结现场（131ms，2 个采样点，旧→新）：
WARNING:pet.gui_stall_sampler:  [t-129ms] verify_seeky_multi.py:308:<module> <- verify_seeky_multi.py:244:main
WARNING:pet.gui_stall_sampler:  [t-15ms] webm_clip.py:2499:_poll <- webm_clip.py:2750:_process_frame <- window_optional_services.py:62:<lambda> <- verify_seeky_multi.py:92:observed_frame <- window.py:1917:_on_frame <- window.py:2106:_rebuild_frame
WARNING:root:GUI 卡顿 132ms state=IDLE anim=待机呼吸休闲 physics=None
WARNING:pet.gui_stall_sampler:GUI 冻结现场（132ms，2 个采样点，旧→新）：
WARNING:pet.gui_stall_sampler:  [t-129ms] verify_seeky_multi.py:308:<module> <- verify_seeky_multi.py:244:main
WARNING:pet.gui_stall_sampler:  [t-16ms] webm_clip.py:2499:_poll <- webm_clip.py:2750:_process_frame <- window_optional_services.py:62:<lambda> <- verify_seeky_multi.py:92:observed_frame <- window.py:1917:_on_frame <- window.py:2106:_rebuild_frame
WARNING:root:GUI 卡顿 133ms state=IDLE anim=待机呼吸休闲 physics=None
WARNING:pet.gui_stall_sampler:GUI 冻结现场（133ms，2 个采样点，旧→新）：
WARNING:pet.gui_stall_sampler:  [t-131ms] verify_seeky_multi.py:308:<module> <- verify_seeky_multi.py:244:main
WARNING:pet.gui_stall_sampler:  [t-17ms] webm_clip.py:2499:_poll <- webm_clip.py:2750:_process_frame <- window_optional_services.py:62:<lambda> <- verify_seeky_multi.py:92:observed_frame <- window.py:1917:_on_frame <- window.py:2106:_rebuild_frame
WARNING:root:GUI 卡顿 146ms state=IDLE anim=待机呼吸休闲 physics=None
WARNING:pet.gui_stall_sampler:GUI 冻结现场（146ms，2 个采样点，旧→新）：
WARNING:pet.gui_stall_sampler:  [t-124ms] verify_seeky_multi.py:308:<module> <- verify_seeky_multi.py:244:main <- webm_clip.py:2499:_poll <- webm_clip.py:2724:_process_frame
WARNING:pet.gui_stall_sampler:  [t-22ms] webm_clip.py:2499:_poll <- webm_clip.py:2750:_process_frame <- window_optional_services.py:62:<lambda> <- verify_seeky_multi.py:92:observed_frame <- window.py:1917:_on_frame <- window.py:2106:_rebuild_frame
WARNING:root:GUI 卡顿 147ms state=IDLE anim=待机呼吸休闲 physics=None
WARNING:pet.gui_stall_sampler:GUI 冻结现场（147ms，2 个采样点，旧→新）：
WARNING:pet.gui_stall_sampler:  [t-125ms] verify_seeky_multi.py:308:<module> <- verify_seeky_multi.py:244:main <- webm_clip.py:2499:_poll <- webm_clip.py:2724:_process_frame
WARNING:pet.gui_stall_sampler:  [t-23ms] webm_clip.py:2499:_poll <- webm_clip.py:2750:_process_frame <- window_optional_services.py:62:<lambda> <- verify_seeky_multi.py:92:observed_frame <- window.py:1917:_on_frame <- window.py:2106:_rebuild_frame
WARNING:root:GUI 卡顿 147ms state=IDLE anim=待机呼吸休闲 physics=None
WARNING:pet.gui_stall_sampler:GUI 冻结现场（147ms，2 个采样点，旧→新）：
WARNING:pet.gui_stall_sampler:  [t-125ms] verify_seeky_multi.py:308:<module> <- verify_seeky_multi.py:244:main <- webm_clip.py:2499:_poll <- webm_clip.py:2724:_process_frame
WARNING:pet.gui_stall_sampler:  [t-23ms] webm_clip.py:2499:_poll <- webm_clip.py:2750:_process_frame <- window_optional_services.py:62:<lambda> <- verify_seeky_multi.py:92:observed_frame <- window.py:1917:_on_frame <- window.py:2106:_rebuild_frame
WARNING:root:GUI 卡顿 158ms state=IDLE anim=待机呼吸休闲 physics=None
WARNING:pet.gui_stall_sampler:GUI 冻结现场（158ms，3 个采样点，旧→新）：
WARNING:pet.gui_stall_sampler:  [t-161ms] verify_seeky_multi.py:308:<module> <- verify_seeky_multi.py:244:main
WARNING:pet.gui_stall_sampler:  [t-90ms] webm_clip.py:2499:_poll <- webm_clip.py:2750:_process_frame <- window_optional_services.py:62:<lambda> <- verify_seeky_multi.py:92:observed_frame <- window.py:1917:_on_frame <- window.py:2106:_rebuild_frame
WARNING:pet.gui_stall_sampler:  [t-30ms] verify_seeky_multi.py:308:<module> <- verify_seeky_multi.py:244:main
WARNING:root:GUI 卡顿 160ms state=IDLE anim=待机呼吸休闲 physics=None
WARNING:pet.gui_stall_sampler:GUI 冻结现场（160ms，3 个采样点，旧→新）：
WARNING:pet.gui_stall_sampler:  [t-163ms] verify_seeky_multi.py:308:<module> <- verify_seeky_multi.py:244:main
WARNING:pet.gui_stall_sampler:  [t-91ms] webm_clip.py:2499:_poll <- webm_clip.py:2750:_process_frame <- window_optional_services.py:62:<lambda> <- verify_seeky_multi.py:92:observed_frame <- window.py:1917:_on_frame <- window.py:2106:_rebuild_frame
WARNING:pet.gui_stall_sampler:  [t-31ms] verify_seeky_multi.py:308:<module> <- verify_seeky_multi.py:244:main
WARNING:root:GUI 卡顿 161ms state=IDLE anim=待机呼吸休闲 physics=None
WARNING:pet.gui_stall_sampler:GUI 冻结现场（161ms，3 个采样点，旧→新）：
WARNING:pet.gui_stall_sampler:  [t-164ms] verify_seeky_multi.py:308:<module> <- verify_seeky_multi.py:244:main
WARNING:pet.gui_stall_sampler:  [t-92ms] webm_clip.py:2499:_poll <- webm_clip.py:2750:_process_frame <- window_optional_services.py:62:<lambda> <- verify_seeky_multi.py:92:observed_frame <- window.py:1917:_on_frame <- window.py:2106:_rebuild_frame
WARNING:pet.gui_stall_sampler:  [t-32ms] verify_seeky_multi.py:308:<module> <- verify_seeky_multi.py:244:main
WARNING:root:GUI 卡顿 178ms state=IDLE anim=待机呼吸休闲 physics=None
WARNING:pet.gui_stall_sampler:GUI 冻结现场（178ms，3 个采样点，旧→新）：
WARNING:pet.gui_stall_sampler:  [t-187ms] verify_seeky_multi.py:308:<module> <- verify_seeky_multi.py:244:main
WARNING:pet.gui_stall_sampler:  [t-118ms] webm_clip.py:2499:_poll <- webm_clip.py:2750:_process_frame <- window_optional_services.py:62:<lambda> <- verify_seeky_multi.py:92:observed_frame <- window.py:1917:_on_frame <- window.py:2106:_rebuild_frame
WARNING:root:GUI 卡顿 179ms state=IDLE anim=待机呼吸休闲 physics=None
WARNING:pet.gui_stall_sampler:GUI 冻结现场（179ms，3 个采样点，旧→新）：
WARNING:pet.gui_stall_sampler:  [t-188ms] verify_seeky_multi.py:308:<module> <- verify_seeky_multi.py:244:main
WARNING:pet.gui_stall_sampler:  [t-119ms] webm_clip.py:2499:_poll <- webm_clip.py:2750:_process_frame <- window_optional_services.py:62:<lambda> <- verify_seeky_multi.py:92:observed_frame <- window.py:1917:_on_frame <- window.py:2106:_rebuild_frame
WARNING:root:GUI 卡顿 179ms state=IDLE anim=待机呼吸休闲 physics=None
WARNING:pet.gui_stall_sampler:GUI 冻结现场（179ms，3 个采样点，旧→新）：
WARNING:pet.gui_stall_sampler:  [t-188ms] verify_seeky_multi.py:308:<module> <- verify_seeky_multi.py:244:main
WARNING:pet.gui_stall_sampler:  [t-119ms] webm_clip.py:2499:_poll <- webm_clip.py:2750:_process_frame <- window_optional_services.py:62:<lambda> <- verify_seeky_multi.py:92:observed_frame <- window.py:1917:_on_frame <- window.py:2106:_rebuild_frame
WARNING:root:GUI 卡顿 169ms state=IDLE anim=待机呼吸休闲 physics=None
WARNING:pet.gui_stall_sampler:GUI 冻结现场（169ms，3 个采样点，旧→新）：
WARNING:pet.gui_stall_sampler:  [t-197ms] verify_seeky_multi.py:308:<module> <- verify_seeky_multi.py:244:main
WARNING:pet.gui_stall_sampler:  [t-115ms] window.py:1705:switch_clip <- window.py:1669:_switch <- webm_clip.py:1634:start <- threading.py:979:start <- threading.py:659:wait <- threading.py:359:wait
WARNING:pet.gui_stall_sampler:  [t-4ms] webm_clip.py:2499:_poll <- webm_clip.py:2750:_process_frame <- window_optional_services.py:62:<lambda> <- verify_seeky_multi.py:92:observed_frame <- window.py:1917:_on_frame <- window.py:2106:_rebuild_frame
WARNING:root:GUI 卡顿 171ms state=IDLE anim=待机呼吸休闲 physics=None
WARNING:pet.gui_stall_sampler:GUI 冻结现场（171ms，3 个采样点，旧→新）：
WARNING:pet.gui_stall_sampler:  [t-198ms] verify_seeky_multi.py:308:<module> <- verify_seeky_multi.py:244:main
WARNING:pet.gui_stall_sampler:  [t-116ms] window.py:1705:switch_clip <- window.py:1669:_switch <- webm_clip.py:1634:start <- threading.py:979:start <- threading.py:659:wait <- threading.py:359:wait
WARNING:pet.gui_stall_sampler:  [t-6ms] webm_clip.py:2499:_poll <- webm_clip.py:2750:_process_frame <- window_optional_services.py:62:<lambda> <- verify_seeky_multi.py:92:observed_frame <- window.py:1917:_on_frame <- window.py:2106:_rebuild_frame
WARNING:root:GUI 卡顿 173ms state=IDLE anim=待机呼吸休闲 physics=None
WARNING:pet.gui_stall_sampler:GUI 冻结现场（173ms，3 个采样点，旧→新）：
WARNING:pet.gui_stall_sampler:  [t-200ms] verify_seeky_multi.py:308:<module> <- verify_seeky_multi.py:244:main
WARNING:pet.gui_stall_sampler:  [t-118ms] window.py:1705:switch_clip <- window.py:1669:_switch <- webm_clip.py:1634:start <- threading.py:979:start <- threading.py:659:wait <- threading.py:359:wait
WARNING:pet.gui_stall_sampler:  [t-8ms] webm_clip.py:2499:_poll <- webm_clip.py:2750:_process_frame <- window_optional_services.py:62:<lambda> <- verify_seeky_multi.py:92:observed_frame <- window.py:1917:_on_frame <- window.py:2106:_rebuild_frame
WARNING:root:GUI 卡顿 142ms state=IDLE anim=待机呼吸休闲 physics=None
WARNING:pet.gui_stall_sampler:GUI 冻结现场（142ms，3 个采样点，旧→新）：
WARNING:pet.gui_stall_sampler:  [t-156ms] verify_seeky_multi.py:308:<module> <- verify_seeky_multi.py:244:main
WARNING:pet.gui_stall_sampler:  [t-66ms] webm_clip.py:2499:_poll <- webm_clip.py:2750:_process_frame <- window_optional_services.py:62:<lambda> <- verify_seeky_multi.py:92:observed_frame <- window.py:1917:_on_frame <- window.py:2106:_rebuild_frame
WARNING:pet.gui_stall_sampler:  [t-5ms] verify_seeky_multi.py:308:<module> <- verify_seeky_multi.py:244:main
WARNING:root:GUI 卡顿 144ms state=IDLE anim=待机呼吸休闲 physics=None
WARNING:pet.gui_stall_sampler:GUI 冻结现场（144ms，3 个采样点，旧→新）：
WARNING:pet.gui_stall_sampler:  [t-157ms] verify_seeky_multi.py:308:<module> <- verify_seeky_multi.py:244:main
WARNING:pet.gui_stall_sampler:  [t-67ms] webm_clip.py:2499:_poll <- webm_clip.py:2750:_process_frame <- window_optional_services.py:62:<lambda> <- verify_seeky_multi.py:92:observed_frame <- window.py:1917:_on_frame <- window.py:2106:_rebuild_frame
WARNING:pet.gui_stall_sampler:  [t-6ms] verify_seeky_multi.py:308:<module> <- verify_seeky_multi.py:244:main
WARNING:root:GUI 卡顿 145ms state=IDLE anim=待机呼吸休闲 physics=None
WARNING:pet.gui_stall_sampler:GUI 冻结现场（145ms，3 个采样点，旧→新）：
WARNING:pet.gui_stall_sampler:  [t-157ms] verify_seeky_multi.py:308:<module> <- verify_seeky_multi.py:244:main
WARNING:pet.gui_stall_sampler:  [t-68ms] webm_clip.py:2499:_poll <- webm_clip.py:2750:_process_frame <- window_optional_services.py:62:<lambda> <- verify_seeky_multi.py:92:observed_frame <- window.py:1917:_on_frame <- window.py:2106:_rebuild_frame
WARNING:pet.gui_stall_sampler:  [t-7ms] verify_seeky_multi.py:308:<module> <- verify_seeky_multi.py:244:main
WARNING:root:GUI 卡顿 145ms state=IDLE anim=待机呼吸休闲 physics=None
WARNING:pet.gui_stall_sampler:GUI 冻结现场（145ms，3 个采样点，旧→新）：
WARNING:pet.gui_stall_sampler:  [t-191ms] verify_seeky_multi.py:308:<module> <- verify_seeky_multi.py:244:main
WARNING:pet.gui_stall_sampler:  [t-127ms] verify_seeky_multi.py:308:<module> <- verify_seeky_multi.py:244:main <- webm_clip.py:2499:_poll <- webm_clip.py:2724:_process_frame
WARNING:pet.gui_stall_sampler:  [t-17ms] webm_clip.py:2499:_poll <- webm_clip.py:2750:_process_frame <- window_optional_services.py:62:<lambda> <- verify_seeky_multi.py:92:observed_frame <- window.py:1917:_on_frame <- window.py:2106:_rebuild_frame
WARNING:root:GUI 卡顿 146ms state=IDLE anim=待机呼吸休闲 physics=None
WARNING:pet.gui_stall_sampler:GUI 冻结现场（146ms，3 个采样点，旧→新）：
WARNING:pet.gui_stall_sampler:  [t-191ms] verify_seeky_multi.py:308:<module> <- verify_seeky_multi.py:244:main
WARNING:pet.gui_stall_sampler:  [t-128ms] verify_seeky_multi.py:308:<module> <- verify_seeky_multi.py:244:main <- webm_clip.py:2499:_poll <- webm_clip.py:2724:_process_frame
WARNING:pet.gui_stall_sampler:  [t-17ms] webm_clip.py:2499:_poll <- webm_clip.py:2750:_process_frame <- window_optional_services.py:62:<lambda> <- verify_seeky_multi.py:92:observed_frame <- window.py:1917:_on_frame <- window.py:2106:_rebuild_frame
WARNING:root:GUI 卡顿 146ms state=IDLE anim=待机呼吸休闲 physics=None
WARNING:pet.gui_stall_sampler:GUI 冻结现场（146ms，3 个采样点，旧→新）：
WARNING:pet.gui_stall_sampler:  [t-192ms] verify_seeky_multi.py:308:<module> <- verify_seeky_multi.py:244:main
WARNING:pet.gui_stall_sampler:  [t-128ms] verify_seeky_multi.py:308:<module> <- verify_seeky_multi.py:244:main <- webm_clip.py:2499:_poll <- webm_clip.py:2724:_process_frame
WARNING:pet.gui_stall_sampler:  [t-18ms] webm_clip.py:2499:_poll <- webm_clip.py:2750:_process_frame <- window_optional_services.py:62:<lambda> <- verify_seeky_multi.py:92:observed_frame <- window.py:1917:_on_frame <- window.py:2106:_rebuild_frame
WARNING:root:GUI 卡顿 157ms state=IDLE anim=待机呼吸休闲 physics=None
WARNING:pet.gui_stall_sampler:GUI 冻结现场（157ms，1 个采样点，旧→新）：
WARNING:pet.gui_stall_sampler:  [t-9ms] webm_clip.py:2499:_poll <- webm_clip.py:2750:_process_frame <- window_optional_services.py:62:<lambda> <- verify_seeky_multi.py:92:observed_frame <- window.py:1917:_on_frame <- window.py:2106:_rebuild_frame
WARNING:root:GUI 卡顿 157ms state=IDLE anim=待机呼吸休闲 physics=None
WARNING:pet.gui_stall_sampler:GUI 冻结现场（157ms，1 个采样点，旧→新）：
WARNING:pet.gui_stall_sampler:  [t-10ms] webm_clip.py:2499:_poll <- webm_clip.py:2750:_process_frame <- window_optional_services.py:62:<lambda> <- verify_seeky_multi.py:92:observed_frame <- window.py:1917:_on_frame <- window.py:2106:_rebuild_frame
WARNING:root:GUI 卡顿 158ms state=IDLE anim=待机呼吸休闲 physics=None
WARNING:pet.gui_stall_sampler:GUI 冻结现场（158ms，1 个采样点，旧→新）：
WARNING:pet.gui_stall_sampler:  [t-10ms] webm_clip.py:2499:_poll <- webm_clip.py:2750:_process_frame <- window_optional_services.py:62:<lambda> <- verify_seeky_multi.py:92:observed_frame <- window.py:1917:_on_frame <- window.py:2106:_rebuild_frame
WARNING:root:GUI 卡顿 175ms state=IDLE anim=待机呼吸休闲 physics=None
WARNING:pet.gui_stall_sampler:GUI 冻结现场（175ms，2 个采样点，旧→新）：
WARNING:pet.gui_stall_sampler:  [t-205ms] verify_seeky_multi.py:308:<module> <- verify_seeky_multi.py:244:main
WARNING:pet.gui_stall_sampler:  [t-37ms] webm_clip.py:2499:_poll <- webm_clip.py:2750:_process_frame <- window_optional_services.py:62:<lambda> <- verify_seeky_multi.py:92:observed_frame <- window.py:1917:_on_frame <- window.py:2106:_rebuild_frame
WARNING:root:GUI 卡顿 177ms state=IDLE anim=待机呼吸休闲 physics=None
WARNING:pet.gui_stall_sampler:GUI 冻结现场（177ms，2 个采样点，旧→新）：
WARNING:pet.gui_stall_sampler:  [t-205ms] verify_seeky_multi.py:308:<module> <- verify_seeky_multi.py:244:main
WARNING:pet.gui_stall_sampler:  [t-37ms] webm_clip.py:2499:_poll <- webm_clip.py:2750:_process_frame <- window_optional_services.py:62:<lambda> <- verify_seeky_multi.py:92:observed_frame <- window.py:1917:_on_frame <- window.py:2106:_rebuild_frame
WARNING:root:GUI 卡顿 177ms state=IDLE anim=待机呼吸休闲 physics=None
WARNING:pet.gui_stall_sampler:GUI 冻结现场（177ms，2 个采样点，旧→新）：
WARNING:pet.gui_stall_sampler:  [t-205ms] verify_seeky_multi.py:308:<module> <- verify_seeky_multi.py:244:main
WARNING:pet.gui_stall_sampler:  [t-38ms] webm_clip.py:2499:_poll <- webm_clip.py:2750:_process_frame <- window_optional_services.py:62:<lambda> <- verify_seeky_multi.py:92:observed_frame <- window.py:1917:_on_frame <- window.py:2106:_rebuild_frame
WARNING:root:GUI 卡顿 143ms state=IDLE anim=待机呼吸休闲 physics=None
WARNING:pet.gui_stall_sampler:GUI 冻结现场（143ms，3 个采样点，旧→新）：
WARNING:pet.gui_stall_sampler:  [t-170ms] verify_seeky_multi.py:308:<module> <- verify_seeky_multi.py:244:main
WARNING:pet.gui_stall_sampler:  [t-77ms] verify_seeky_multi.py:308:<module> <- verify_seeky_multi.py:244:main <- webm_clip.py:2499:_poll <- webm_clip.py:2724:_process_frame
WARNING:pet.gui_stall_sampler:  [t-13ms] webm_clip.py:2499:_poll <- webm_clip.py:2750:_process_frame <- window_optional_services.py:62:<lambda> <- verify_seeky_multi.py:92:observed_frame <- window.py:1917:_on_frame <- window.py:2121:_rebuild_frame
WARNING:root:GUI 卡顿 144ms state=IDLE anim=待机呼吸休闲 physics=None
WARNING:pet.gui_stall_sampler:GUI 冻结现场（144ms，3 个采样点，旧→新）：
WARNING:pet.gui_stall_sampler:  [t-171ms] verify_seeky_multi.py:308:<module> <- verify_seeky_multi.py:244:main
WARNING:pet.gui_stall_sampler:  [t-78ms] verify_seeky_multi.py:308:<module> <- verify_seeky_multi.py:244:main <- webm_clip.py:2499:_poll <- webm_clip.py:2724:_process_frame
WARNING:pet.gui_stall_sampler:  [t-13ms] webm_clip.py:2499:_poll <- webm_clip.py:2750:_process_frame <- window_optional_services.py:62:<lambda> <- verify_seeky_multi.py:92:observed_frame <- window.py:1917:_on_frame <- window.py:2121:_rebuild_frame
WARNING:root:GUI 卡顿 144ms state=IDLE anim=待机呼吸休闲 physics=None
WARNING:pet.gui_stall_sampler:GUI 冻结现场（144ms，3 个采样点，旧→新）：
WARNING:pet.gui_stall_sampler:  [t-171ms] verify_seeky_multi.py:308:<module> <- verify_seeky_multi.py:244:main
WARNING:pet.gui_stall_sampler:  [t-78ms] verify_seeky_multi.py:308:<module> <- verify_seeky_multi.py:244:main <- webm_clip.py:2499:_poll <- webm_clip.py:2724:_process_frame
WARNING:pet.gui_stall_sampler:  [t-13ms] webm_clip.py:2499:_poll <- webm_clip.py:2750:_process_frame <- window_optional_services.py:62:<lambda> <- verify_seeky_multi.py:92:observed_frame <- window.py:1917:_on_frame <- window.py:2121:_rebuild_frame
WARNING:root:GUI 卡顿 158ms state=IDLE anim=待机呼吸休闲 physics=None
WARNING:pet.gui_stall_sampler:GUI 冻结现场（158ms，2 个采样点，旧→新）：
WARNING:pet.gui_stall_sampler:  [t-70ms] verify_seeky_multi.py:308:<module> <- verify_seeky_multi.py:244:main <- webm_clip.py:2499:_poll <- webm_clip.py:2750:_process_frame
WARNING:pet.gui_stall_sampler:  [t-12ms] verify_seeky_multi.py:308:<module> <- verify_seeky_multi.py:244:main
WARNING:root:GUI 卡顿 160ms state=IDLE anim=待机呼吸休闲 physics=None
WARNING:pet.gui_stall_sampler:GUI 冻结现场（160ms，2 个采样点，旧→新）：
WARNING:pet.gui_stall_sampler:  [t-72ms] verify_seeky_multi.py:308:<module> <- verify_seeky_multi.py:244:main <- webm_clip.py:2499:_poll <- webm_clip.py:2750:_process_frame
WARNING:pet.gui_stall_sampler:  [t-14ms] verify_seeky_multi.py:308:<module> <- verify_seeky_multi.py:244:main
WARNING:root:GUI 卡顿 161ms state=IDLE anim=待机呼吸休闲 physics=None
WARNING:pet.gui_stall_sampler:GUI 冻结现场（161ms，2 个采样点，旧→新）：
WARNING:pet.gui_stall_sampler:  [t-73ms] verify_seeky_multi.py:308:<module> <- verify_seeky_multi.py:244:main <- webm_clip.py:2499:_poll <- webm_clip.py:2750:_process_frame
WARNING:pet.gui_stall_sampler:  [t-14ms] verify_seeky_multi.py:308:<module> <- verify_seeky_multi.py:244:main
WARNING:root:GUI 卡顿 170ms state=IDLE anim=待机呼吸休闲 physics=None
WARNING:pet.gui_stall_sampler:GUI 冻结现场（170ms，1 个采样点，旧→新）：
WARNING:pet.gui_stall_sampler:  [t-46ms] webm_clip.py:2499:_poll <- webm_clip.py:2750:_process_frame <- window_optional_services.py:62:<lambda> <- verify_seeky_multi.py:92:observed_frame <- window.py:1917:_on_frame <- window.py:2124:_rebuild_frame
WARNING:root:GUI 卡顿 172ms state=IDLE anim=待机呼吸休闲 physics=None
WARNING:pet.gui_stall_sampler:GUI 冻结现场（172ms，1 个采样点，旧→新）：
WARNING:pet.gui_stall_sampler:  [t-47ms] webm_clip.py:2499:_poll <- webm_clip.py:2750:_process_frame <- window_optional_services.py:62:<lambda> <- verify_seeky_multi.py:92:observed_frame <- window.py:1917:_on_frame <- window.py:2124:_rebuild_frame
WARNING:root:GUI 卡顿 172ms state=IDLE anim=待机呼吸休闲 physics=None
WARNING:pet.gui_stall_sampler:GUI 冻结现场（172ms，1 个采样点，旧→新）：
WARNING:pet.gui_stall_sampler:  [t-47ms] webm_clip.py:2499:_poll <- webm_clip.py:2750:_process_frame <- window_optional_services.py:62:<lambda> <- verify_seeky_multi.py:92:observed_frame <- window.py:1917:_on_frame <- window.py:2124:_rebuild_frame
WARNING:root:GUI 卡顿 124ms state=IDLE anim=待机呼吸休闲 physics=None
WARNING:pet.gui_stall_sampler:GUI 冻结现场（124ms，2 个采样点，旧→新）：
WARNING:pet.gui_stall_sampler:  [t-152ms] verify_seeky_multi.py:308:<module> <- verify_seeky_multi.py:244:main
WARNING:pet.gui_stall_sampler:  [t-59ms] verify_seeky_multi.py:92:observed_frame <- window.py:1917:_on_frame <- window.py:2124:_rebuild_frame <- window.py:2270:_sync_mask <- window_optional_services.py:42:effects_coverage <- frame_edges.py:27:coverage_region
WARNING:root:GUI 卡顿 125ms state=IDLE anim=待机呼吸休闲 physics=None
WARNING:pet.gui_stall_sampler:GUI 冻结现场（125ms，2 个采样点，旧→新）：
WARNING:pet.gui_stall_sampler:  [t-152ms] verify_seeky_multi.py:308:<module> <- verify_seeky_multi.py:244:main
WARNING:pet.gui_stall_sampler:  [t-60ms] verify_seeky_multi.py:92:observed_frame <- window.py:1917:_on_frame <- window.py:2124:_rebuild_frame <- window.py:2270:_sync_mask <- window_optional_services.py:42:effects_coverage <- frame_edges.py:27:coverage_region
WARNING:root:GUI 卡顿 125ms state=IDLE anim=待机呼吸休闲 physics=None
WARNING:pet.gui_stall_sampler:GUI 冻结现场（125ms，2 个采样点，旧→新）：
WARNING:pet.gui_stall_sampler:  [t-153ms] verify_seeky_multi.py:308:<module> <- verify_seeky_multi.py:244:main
WARNING:pet.gui_stall_sampler:  [t-60ms] verify_seeky_multi.py:92:observed_frame <- window.py:1917:_on_frame <- window.py:2124:_rebuild_frame <- window.py:2270:_sync_mask <- window_optional_services.py:42:effects_coverage <- frame_edges.py:27:coverage_region
WARNING:root:GUI 卡顿 149ms state=IDLE anim=待机呼吸休闲 physics=None
WARNING:pet.gui_stall_sampler:GUI 冻结现场（149ms，2 个采样点，旧→新）：
WARNING:pet.gui_stall_sampler:  [t-191ms] __init__.py:1531:warning <- __init__.py:1664:_log <- __init__.py:1680:handle <- __init__.py:1741:callHandlers <- __init__.py:1027:handle <- __init__.py:1154:emit
WARNING:pet.gui_stall_sampler:  [t-59ms] webm_clip.py:2499:_poll <- webm_clip.py:2750:_process_frame <- window_optional_services.py:62:<lambda> <- verify_seeky_multi.py:92:observed_frame <- window.py:1917:_on_frame <- window.py:2124:_rebuild_frame
WARNING:root:GUI 卡顿 154ms state=IDLE anim=待机呼吸休闲 physics=None
WARNING:pet.gui_stall_sampler:GUI 冻结现场（154ms，2 个采样点，旧→新）：
WARNING:pet.gui_stall_sampler:  [t-192ms] __init__.py:1531:warning <- __init__.py:1664:_log <- __init__.py:1680:handle <- __init__.py:1741:callHandlers <- __init__.py:1027:handle <- __init__.py:1154:emit
WARNING:pet.gui_stall_sampler:  [t-60ms] webm_clip.py:2499:_poll <- webm_clip.py:2750:_process_frame <- window_optional_services.py:62:<lambda> <- verify_seeky_multi.py:92:observed_frame <- window.py:1917:_on_frame <- window.py:2124:_rebuild_frame
WARNING:root:GUI 卡顿 154ms state=IDLE anim=待机呼吸休闲 physics=None
WARNING:pet.gui_stall_sampler:GUI 冻结现场（154ms，2 个采样点，旧→新）：
WARNING:pet.gui_stall_sampler:  [t-192ms] __init__.py:1531:warning <- __init__.py:1664:_log <- __init__.py:1680:handle <- __init__.py:1741:callHandlers <- __init__.py:1027:handle <- __init__.py:1154:emit
WARNING:pet.gui_stall_sampler:  [t-60ms] webm_clip.py:2499:_poll <- webm_clip.py:2750:_process_frame <- window_optional_services.py:62:<lambda> <- verify_seeky_multi.py:92:observed_frame <- window.py:1917:_on_frame <- window.py:2124:_rebuild_frame
WARNING:root:GUI 卡顿 131ms state=IDLE anim=待机呼吸休闲 physics=None
WARNING:pet.gui_stall_sampler:GUI 冻结现场（131ms，2 个采样点，旧→新）：
WARNING:pet.gui_stall_sampler:  [t-164ms] __init__.py:1531:warning <- __init__.py:1664:_log <- __init__.py:1680:handle <- __init__.py:1736:callHandlers <- __init__.py:1026:handle <- __init__.py:1153:emit
WARNING:pet.gui_stall_sampler:  [t-41ms] webm_clip.py:2499:_poll <- webm_clip.py:2750:_process_frame <- window_optional_services.py:62:<lambda> <- verify_seeky_multi.py:92:observed_frame <- window.py:1917:_on_frame <- window.py:2106:_rebuild_frame
WARNING:root:GUI 卡顿 133ms state=IDLE anim=待机呼吸休闲 physics=None
WARNING:pet.gui_stall_sampler:GUI 冻结现场（133ms，2 个采样点，旧→新）：
WARNING:pet.gui_stall_sampler:  [t-165ms] __init__.py:1531:warning <- __init__.py:1664:_log <- __init__.py:1680:handle <- __init__.py:1736:callHandlers <- __init__.py:1026:handle <- __init__.py:1153:emit
WARNING:pet.gui_stall_sampler:  [t-42ms] webm_clip.py:2499:_poll <- webm_clip.py:2750:_process_frame <- window_optional_services.py:62:<lambda> <- verify_seeky_multi.py:92:observed_frame <- window.py:1917:_on_frame <- window.py:2106:_rebuild_frame
WARNING:root:GUI 卡顿 134ms state=IDLE anim=待机呼吸休闲 physics=None
WARNING:pet.gui_stall_sampler:GUI 冻结现场（134ms，2 个采样点，旧→新）：
WARNING:pet.gui_stall_sampler:  [t-166ms] __init__.py:1531:warning <- __init__.py:1664:_log <- __init__.py:1680:handle <- __init__.py:1736:callHandlers <- __init__.py:1026:handle <- __init__.py:1153:emit
WARNING:pet.gui_stall_sampler:  [t-43ms] webm_clip.py:2499:_poll <- webm_clip.py:2750:_process_frame <- window_optional_services.py:62:<lambda> <- verify_seeky_multi.py:92:observed_frame <- window.py:1917:_on_frame <- window.py:2106:_rebuild_frame
WARNING:root:GUI 卡顿 122ms state=IDLE anim=待机呼吸休闲 physics=None
WARNING:pet.gui_stall_sampler:GUI 冻结现场（122ms，2 个采样点，旧→新）：
WARNING:pet.gui_stall_sampler:  [t-170ms] webm_clip.py:2499:_poll <- webm_clip.py:2750:_process_frame <- window_optional_services.py:62:<lambda> <- verify_seeky_multi.py:92:observed_frame <- window.py:1917:_on_frame <- window.py:2106:_rebuild_frame
WARNING:pet.gui_stall_sampler:  [t-10ms] webm_clip.py:2499:_poll <- webm_clip.py:2750:_process_frame <- window_optional_services.py:62:<lambda> <- verify_seeky_multi.py:92:observed_frame <- window.py:1919:_on_frame <- window.py:2126:_rebuild_frame
WARNING:root:GUI 卡顿 123ms state=IDLE anim=待机呼吸休闲 physics=None
WARNING:pet.gui_stall_sampler:GUI 冻结现场（123ms，2 个采样点，旧→新）：
WARNING:pet.gui_stall_sampler:  [t-171ms] webm_clip.py:2499:_poll <- webm_clip.py:2750:_process_frame <- window_optional_services.py:62:<lambda> <- verify_seeky_multi.py:92:observed_frame <- window.py:1917:_on_frame <- window.py:2106:_rebuild_frame
WARNING:pet.gui_stall_sampler:  [t-11ms] webm_clip.py:2499:_poll <- webm_clip.py:2750:_process_frame <- window_optional_services.py:62:<lambda> <- verify_seeky_multi.py:92:observed_frame <- window.py:1919:_on_frame <- window.py:2126:_rebuild_frame
WARNING:root:GUI 卡顿 123ms state=IDLE anim=待机呼吸休闲 physics=None
WARNING:pet.gui_stall_sampler:GUI 冻结现场（123ms，2 个采样点，旧→新）：
WARNING:pet.gui_stall_sampler:  [t-171ms] webm_clip.py:2499:_poll <- webm_clip.py:2750:_process_frame <- window_optional_services.py:62:<lambda> <- verify_seeky_multi.py:92:observed_frame <- window.py:1917:_on_frame <- window.py:2106:_rebuild_frame
WARNING:pet.gui_stall_sampler:  [t-11ms] webm_clip.py:2499:_poll <- webm_clip.py:2750:_process_frame <- window_optional_services.py:62:<lambda> <- verify_seeky_multi.py:92:observed_frame <- window.py:1919:_on_frame <- window.py:2126:_rebuild_frame
WARNING:root:GUI 卡顿 133ms state=IDLE anim=待机呼吸休闲 physics=None
WARNING:pet.gui_stall_sampler:GUI 冻结现场（133ms，2 个采样点，旧→新）：
WARNING:pet.gui_stall_sampler:  [t-63ms] webm_clip.py:2499:_poll <- webm_clip.py:2750:_process_frame <- window_optional_services.py:62:<lambda> <- verify_seeky_multi.py:92:observed_frame <- window.py:1919:_on_frame <- window.py:2126:_rebuild_frame
WARNING:pet.gui_stall_sampler:  [t-1ms] verify_seeky_multi.py:308:<module> <- verify_seeky_multi.py:244:main
WARNING:root:GUI 卡顿 134ms state=IDLE anim=待机呼吸休闲 physics=None
WARNING:pet.gui_stall_sampler:GUI 冻结现场（134ms，2 个采样点，旧→新）：
WARNING:pet.gui_stall_sampler:  [t-64ms] webm_clip.py:2499:_poll <- webm_clip.py:2750:_process_frame <- window_optional_services.py:62:<lambda> <- verify_seeky_multi.py:92:observed_frame <- window.py:1919:_on_frame <- window.py:2126:_rebuild_frame
WARNING:pet.gui_stall_sampler:  [t-2ms] verify_seeky_multi.py:308:<module> <- verify_seeky_multi.py:244:main
WARNING:root:GUI 卡顿 135ms state=IDLE anim=待机呼吸休闲 physics=None
WARNING:pet.gui_stall_sampler:GUI 冻结现场（135ms，2 个采样点，旧→新）：
WARNING:pet.gui_stall_sampler:  [t-64ms] webm_clip.py:2499:_poll <- webm_clip.py:2750:_process_frame <- window_optional_services.py:62:<lambda> <- verify_seeky_multi.py:92:observed_frame <- window.py:1919:_on_frame <- window.py:2126:_rebuild_frame
WARNING:pet.gui_stall_sampler:  [t-2ms] verify_seeky_multi.py:308:<module> <- verify_seeky_multi.py:244:main
WARNING:root:GUI 卡顿 111ms state=IDLE anim=待机呼吸休闲 physics=None
WARNING:pet.gui_stall_sampler:GUI 冻结现场（111ms，2 个采样点，旧→新）：
WARNING:pet.gui_stall_sampler:  [t-153ms] verify_seeky_multi.py:308:<module> <- verify_seeky_multi.py:244:main
WARNING:pet.gui_stall_sampler:  [t-61ms] webm_clip.py:2499:_poll <- webm_clip.py:2750:_process_frame <- window_optional_services.py:62:<lambda> <- verify_seeky_multi.py:92:observed_frame <- window.py:1917:_on_frame <- window.py:2106:_rebuild_frame
WARNING:root:GUI 卡顿 112ms state=IDLE anim=待机呼吸休闲 physics=None
WARNING:pet.gui_stall_sampler:GUI 冻结现场（112ms，2 个采样点，旧→新）：
WARNING:pet.gui_stall_sampler:  [t-154ms] verify_seeky_multi.py:308:<module> <- verify_seeky_multi.py:244:main
WARNING:pet.gui_stall_sampler:  [t-62ms] webm_clip.py:2499:_poll <- webm_clip.py:2750:_process_frame <- window_optional_services.py:62:<lambda> <- verify_seeky_multi.py:92:observed_frame <- window.py:1917:_on_frame <- window.py:2106:_rebuild_frame
WARNING:root:GUI 卡顿 112ms state=IDLE anim=待机呼吸休闲 physics=None
WARNING:pet.gui_stall_sampler:GUI 冻结现场（112ms，2 个采样点，旧→新）：
WARNING:pet.gui_stall_sampler:  [t-154ms] verify_seeky_multi.py:308:<module> <- verify_seeky_multi.py:244:main
WARNING:pet.gui_stall_sampler:  [t-62ms] webm_clip.py:2499:_poll <- webm_clip.py:2750:_process_frame <- window_optional_services.py:62:<lambda> <- verify_seeky_multi.py:92:observed_frame <- window.py:1917:_on_frame <- window.py:2106:_rebuild_frame
WARNING:root:GUI 卡顿 118ms state=IDLE anim=待机呼吸休闲 physics=None
WARNING:pet.gui_stall_sampler:GUI 冻结现场（118ms，1 个采样点，旧→新）：
WARNING:pet.gui_stall_sampler:  [t-41ms] webm_clip.py:2750:_process_frame <- window_optional_services.py:62:<lambda> <- verify_seeky_multi.py:92:observed_frame <- window.py:1917:_on_frame <- window.py:2068:_rebuild_frame <- window.py:1990:_frame_signature
WARNING:root:GUI 卡顿 119ms state=IDLE anim=待机呼吸休闲 physics=None
WARNING:pet.gui_stall_sampler:GUI 冻结现场（119ms，1 个采样点，旧→新）：
WARNING:pet.gui_stall_sampler:  [t-41ms] webm_clip.py:2750:_process_frame <- window_optional_services.py:62:<lambda> <- verify_seeky_multi.py:92:observed_frame <- window.py:1917:_on_frame <- window.py:2068:_rebuild_frame <- window.py:1990:_frame_signature
WARNING:root:GUI 卡顿 119ms state=IDLE anim=待机呼吸休闲 physics=None
WARNING:pet.gui_stall_sampler:GUI 冻结现场（119ms，1 个采样点，旧→新）：
WARNING:pet.gui_stall_sampler:  [t-41ms] webm_clip.py:2750:_process_frame <- window_optional_services.py:62:<lambda> <- verify_seeky_multi.py:92:observed_frame <- window.py:1917:_on_frame <- window.py:2068:_rebuild_frame <- window.py:1990:_frame_signature
WARNING:root:GUI 卡顿 114ms state=IDLE anim=待机呼吸休闲 physics=None
WARNING:pet.gui_stall_sampler:GUI 冻结现场（114ms，2 个采样点，旧→新）：
WARNING:pet.gui_stall_sampler:  [t-145ms] verify_seeky_multi.py:308:<module> <- verify_seeky_multi.py:244:main
WARNING:pet.gui_stall_sampler:  [t-39ms] webm_clip.py:2499:_poll <- webm_clip.py:2750:_process_frame <- window_optional_services.py:62:<lambda> <- verify_seeky_multi.py:92:observed_frame <- window.py:1917:_on_frame <- window.py:2106:_rebuild_frame
WARNING:root:GUI 卡顿 115ms state=IDLE anim=待机呼吸休闲 physics=None
WARNING:pet.gui_stall_sampler:GUI 冻结现场（115ms，2 个采样点，旧→新）：
WARNING:pet.gui_stall_sampler:  [t-146ms] verify_seeky_multi.py:308:<module> <- verify_seeky_multi.py:244:main
WARNING:pet.gui_stall_sampler:  [t-40ms] webm_clip.py:2499:_poll <- webm_clip.py:2750:_process_frame <- window_optional_services.py:62:<lambda> <- verify_seeky_multi.py:92:observed_frame <- window.py:1917:_on_frame <- window.py:2106:_rebuild_frame
WARNING:root:GUI 卡顿 115ms state=IDLE anim=待机呼吸休闲 physics=None
WARNING:pet.gui_stall_sampler:GUI 冻结现场（115ms，2 个采样点，旧→新）：
WARNING:pet.gui_stall_sampler:  [t-146ms] verify_seeky_multi.py:308:<module> <- verify_seeky_multi.py:244:main
WARNING:pet.gui_stall_sampler:  [t-40ms] webm_clip.py:2499:_poll <- webm_clip.py:2750:_process_frame <- window_optional_services.py:62:<lambda> <- verify_seeky_multi.py:92:observed_frame <- window.py:1917:_on_frame <- window.py:2106:_rebuild_frame
WARNING:root:GUI 卡顿 112ms state=IDLE anim=待机呼吸休闲 physics=None
WARNING:pet.gui_stall_sampler:GUI 冻结现场（112ms，2 个采样点，旧→新）：
WARNING:pet.gui_stall_sampler:  [t-131ms] verify_seeky_multi.py:308:<module> <- verify_seeky_multi.py:244:main
WARNING:pet.gui_stall_sampler:  [t-52ms] verify_seeky_multi.py:308:<module> <- verify_seeky_multi.py:244:main <- webm_clip.py:2499:_poll <- webm_clip.py:2724:_process_frame
WARNING:root:GUI 卡顿 113ms state=IDLE anim=待机呼吸休闲 physics=None
WARNING:pet.gui_stall_sampler:GUI 冻结现场（113ms，2 个采样点，旧→新）：
WARNING:pet.gui_stall_sampler:  [t-132ms] verify_seeky_multi.py:308:<module> <- verify_seeky_multi.py:244:main
WARNING:pet.gui_stall_sampler:  [t-53ms] verify_seeky_multi.py:308:<module> <- verify_seeky_multi.py:244:main <- webm_clip.py:2499:_poll <- webm_clip.py:2724:_process_frame
WARNING:root:GUI 卡顿 114ms state=IDLE anim=待机呼吸休闲 physics=None
WARNING:pet.gui_stall_sampler:GUI 冻结现场（114ms，2 个采样点，旧→新）：
WARNING:pet.gui_stall_sampler:  [t-133ms] verify_seeky_multi.py:308:<module> <- verify_seeky_multi.py:244:main
WARNING:pet.gui_stall_sampler:  [t-53ms] verify_seeky_multi.py:308:<module> <- verify_seeky_multi.py:244:main <- webm_clip.py:2499:_poll <- webm_clip.py:2724:_process_frame
WARNING:root:GUI 卡顿 123ms state=IDLE anim=待机呼吸休闲 physics=None
WARNING:pet.gui_stall_sampler:GUI 冻结现场（123ms，2 个采样点，旧→新）：
WARNING:pet.gui_stall_sampler:  [t-158ms] verify_seeky_multi.py:308:<module> <- verify_seeky_multi.py:244:main <- collision_client.py:84:<lambda> <- collision_client.py:267:_submit_collision_state
WARNING:pet.gui_stall_sampler:  [t-45ms] webm_clip.py:2499:_poll <- webm_clip.py:2750:_process_frame <- window_optional_services.py:62:<lambda> <- verify_seeky_multi.py:92:observed_frame <- window.py:1917:_on_frame <- window.py:2106:_rebuild_frame
WARNING:root:GUI 卡顿 124ms state=IDLE anim=待机呼吸休闲 physics=None
WARNING:pet.gui_stall_sampler:GUI 冻结现场（124ms，2 个采样点，旧→新）：
WARNING:pet.gui_stall_sampler:  [t-159ms] verify_seeky_multi.py:308:<module> <- verify_seeky_multi.py:244:main <- collision_client.py:84:<lambda> <- collision_client.py:267:_submit_collision_state
WARNING:pet.gui_stall_sampler:  [t-45ms] webm_clip.py:2499:_poll <- webm_clip.py:2750:_process_frame <- window_optional_services.py:62:<lambda> <- verify_seeky_multi.py:92:observed_frame <- window.py:1917:_on_frame <- window.py:2106:_rebuild_frame
WARNING:root:GUI 卡顿 125ms state=IDLE anim=待机呼吸休闲 physics=None
WARNING:pet.gui_stall_sampler:GUI 冻结现场（125ms，2 个采样点，旧→新）：
WARNING:pet.gui_stall_sampler:  [t-159ms] verify_seeky_multi.py:308:<module> <- verify_seeky_multi.py:244:main <- collision_client.py:84:<lambda> <- collision_client.py:267:_submit_collision_state
WARNING:pet.gui_stall_sampler:  [t-46ms] webm_clip.py:2499:_poll <- webm_clip.py:2750:_process_frame <- window_optional_services.py:62:<lambda> <- verify_seeky_multi.py:92:observed_frame <- window.py:1917:_on_frame <- window.py:2106:_rebuild_frame
WARNING:root:GUI 卡顿 128ms state=IDLE anim=待机呼吸休闲 physics=None
WARNING:pet.gui_stall_sampler:GUI 冻结现场（128ms，3 个采样点，旧→新）：
WARNING:pet.gui_stall_sampler:  [t-150ms] verify_seeky_multi.py:308:<module> <- verify_seeky_multi.py:244:main
WARNING:pet.gui_stall_sampler:  [t-77ms] webm_clip.py:2499:_poll <- webm_clip.py:2750:_process_frame <- window_optional_services.py:62:<lambda> <- verify_seeky_multi.py:92:observed_frame <- window.py:1917:_on_frame <- window.py:2106:_rebuild_frame
WARNING:pet.gui_stall_sampler:  [t-14ms] window_optional_services.py:62:<lambda> <- verify_seeky_multi.py:92:observed_frame <- window.py:1917:_on_frame <- window.py:2124:_rebuild_frame <- window.py:2270:_sync_mask <- window_optional_services.py:42:effects_coverage
WARNING:root:GUI 卡顿 129ms state=IDLE anim=待机呼吸休闲 physics=None
WARNING:pet.gui_stall_sampler:GUI 冻结现场（129ms，3 个采样点，旧→新）：
WARNING:pet.gui_stall_sampler:  [t-151ms] verify_seeky_multi.py:308:<module> <- verify_seeky_multi.py:244:main
WARNING:pet.gui_stall_sampler:  [t-78ms] webm_clip.py:2499:_poll <- webm_clip.py:2750:_process_frame <- window_optional_services.py:62:<lambda> <- verify_seeky_multi.py:92:observed_frame <- window.py:1917:_on_frame <- window.py:2106:_rebuild_frame
WARNING:pet.gui_stall_sampler:  [t-15ms] window_optional_services.py:62:<lambda> <- verify_seeky_multi.py:92:observed_frame <- window.py:1917:_on_frame <- window.py:2124:_rebuild_frame <- window.py:2270:_sync_mask <- window_optional_services.py:42:effects_coverage
WARNING:root:GUI 卡顿 129ms state=IDLE anim=待机呼吸休闲 physics=None
WARNING:pet.gui_stall_sampler:GUI 冻结现场（129ms，3 个采样点，旧→新）：
WARNING:pet.gui_stall_sampler:  [t-151ms] verify_seeky_multi.py:308:<module> <- verify_seeky_multi.py:244:main
WARNING:pet.gui_stall_sampler:  [t-79ms] webm_clip.py:2499:_poll <- webm_clip.py:2750:_process_frame <- window_optional_services.py:62:<lambda> <- verify_seeky_multi.py:92:observed_frame <- window.py:1917:_on_frame <- window.py:2106:_rebuild_frame
WARNING:pet.gui_stall_sampler:  [t-15ms] window_optional_services.py:62:<lambda> <- verify_seeky_multi.py:92:observed_frame <- window.py:1917:_on_frame <- window.py:2124:_rebuild_frame <- window.py:2270:_sync_mask <- window_optional_services.py:42:effects_coverage
WARNING:root:GUI 卡顿 102ms state=IDLE anim=待机呼吸休闲 physics=None
WARNING:pet.gui_stall_sampler:GUI 冻结现场（102ms，2 个采样点，旧→新）：
WARNING:pet.gui_stall_sampler:  [t-109ms] verify_seeky_multi.py:308:<module> <- verify_seeky_multi.py:244:main
WARNING:pet.gui_stall_sampler:  [t-14ms] verify_seeky_multi.py:92:observed_frame <- window.py:1917:_on_frame <- window.py:2124:_rebuild_frame <- window.py:2270:_sync_mask <- window_optional_services.py:42:effects_coverage <- frame_edges.py:34:coverage_region
WARNING:root:GUI 卡顿 108ms state=IDLE anim=待机呼吸休闲 physics=None
WARNING:pet.gui_stall_sampler:GUI 冻结现场（108ms，2 个采样点，旧→新）：
WARNING:pet.gui_stall_sampler:  [t-111ms] verify_seeky_multi.py:308:<module> <- verify_seeky_multi.py:244:main
WARNING:pet.gui_stall_sampler:  [t-16ms] verify_seeky_multi.py:92:observed_frame <- window.py:1917:_on_frame <- window.py:2124:_rebuild_frame <- window.py:2270:_sync_mask <- window_optional_services.py:42:effects_coverage <- frame_edges.py:34:coverage_region
WARNING:root:GUI 卡顿 108ms state=IDLE anim=待机呼吸休闲 physics=None
WARNING:pet.gui_stall_sampler:GUI 冻结现场（108ms，2 个采样点，旧→新）：
WARNING:pet.gui_stall_sampler:  [t-111ms] verify_seeky_multi.py:308:<module> <- verify_seeky_multi.py:244:main
WARNING:pet.gui_stall_sampler:  [t-16ms] verify_seeky_multi.py:92:observed_frame <- window.py:1917:_on_frame <- window.py:2124:_rebuild_frame <- window.py:2270:_sync_mask <- window_optional_services.py:42:effects_coverage <- frame_edges.py:34:coverage_region
WARNING:root:GUI 卡顿 127ms state=IDLE anim=待机呼吸休闲 physics=None
WARNING:pet.gui_stall_sampler:GUI 冻结现场（127ms，2 个采样点，旧→新）：
WARNING:pet.gui_stall_sampler:  [t-135ms] verify_seeky_multi.py:308:<module> <- verify_seeky_multi.py:244:main
WARNING:pet.gui_stall_sampler:  [t-31ms] webm_clip.py:2750:_process_frame <- window_optional_services.py:62:<lambda> <- verify_seeky_multi.py:92:observed_frame <- window.py:1917:_on_frame <- window.py:2068:_rebuild_frame <- window.py:1990:_frame_signature
WARNING:root:GUI 卡顿 128ms state=IDLE anim=待机呼吸休闲 physics=None
WARNING:pet.gui_stall_sampler:GUI 冻结现场（128ms，2 个采样点，旧→新）：
WARNING:pet.gui_stall_sampler:  [t-136ms] verify_seeky_multi.py:308:<module> <- verify_seeky_multi.py:244:main
WARNING:pet.gui_stall_sampler:  [t-32ms] webm_clip.py:2750:_process_frame <- window_optional_services.py:62:<lambda> <- verify_seeky_multi.py:92:observed_frame <- window.py:1917:_on_frame <- window.py:2068:_rebuild_frame <- window.py:1990:_frame_signature
WARNING:root:GUI 卡顿 128ms state=IDLE anim=待机呼吸休闲 physics=None
WARNING:pet.gui_stall_sampler:GUI 冻结现场（128ms，2 个采样点，旧→新）：
WARNING:pet.gui_stall_sampler:  [t-136ms] verify_seeky_multi.py:308:<module> <- verify_seeky_multi.py:244:main
WARNING:pet.gui_stall_sampler:  [t-32ms] webm_clip.py:2750:_process_frame <- window_optional_services.py:62:<lambda> <- verify_seeky_multi.py:92:observed_frame <- window.py:1917:_on_frame <- window.py:2068:_rebuild_frame <- window.py:1990:_frame_signature
WARNING:root:GUI 卡顿 102ms state=IDLE anim=待机呼吸休闲 physics=None
WARNING:pet.gui_stall_sampler:GUI 冻结现场（102ms，2 个采样点，旧→新）：
WARNING:pet.gui_stall_sampler:  [t-115ms] verify_seeky_multi.py:308:<module> <- verify_seeky_multi.py:244:main
WARNING:pet.gui_stall_sampler:  [t-12ms] webm_clip.py:2499:_poll <- webm_clip.py:2750:_process_frame <- window_optional_services.py:62:<lambda> <- verify_seeky_multi.py:92:observed_frame <- window.py:1917:_on_frame <- window.py:2106:_rebuild_frame
WARNING:root:GUI 卡顿 103ms state=IDLE anim=待机呼吸休闲 physics=None
WARNING:pet.gui_stall_sampler:GUI 冻结现场（103ms，2 个采样点，旧→新）：
WARNING:pet.gui_stall_sampler:  [t-115ms] verify_seeky_multi.py:308:<module> <- verify_seeky_multi.py:244:main
WARNING:pet.gui_stall_sampler:  [t-13ms] webm_clip.py:2499:_poll <- webm_clip.py:2750:_process_frame <- window_optional_services.py:62:<lambda> <- verify_seeky_multi.py:92:observed_frame <- window.py:1917:_on_frame <- window.py:2106:_rebuild_frame
WARNING:root:GUI 卡顿 103ms state=IDLE anim=待机呼吸休闲 physics=None
WARNING:pet.gui_stall_sampler:GUI 冻结现场（103ms，2 个采样点，旧→新）：
WARNING:pet.gui_stall_sampler:  [t-115ms] verify_seeky_multi.py:308:<module> <- verify_seeky_multi.py:244:main
WARNING:pet.gui_stall_sampler:  [t-13ms] webm_clip.py:2499:_poll <- webm_clip.py:2750:_process_frame <- window_optional_services.py:62:<lambda> <- verify_seeky_multi.py:92:observed_frame <- window.py:1917:_on_frame <- window.py:2106:_rebuild_frame
WARNING:root:GUI 卡顿 104ms state=IDLE anim=待机呼吸休闲 physics=None
WARNING:pet.gui_stall_sampler:GUI 冻结现场（104ms，2 个采样点，旧→新）：
WARNING:pet.gui_stall_sampler:  [t-106ms] verify_seeky_multi.py:308:<module> <- verify_seeky_multi.py:244:main
WARNING:pet.gui_stall_sampler:  [t-23ms] verify_seeky_multi.py:308:<module> <- verify_seeky_multi.py:244:main <- webm_clip.py:2499:_poll <- webm_clip.py:2750:_process_frame
WARNING:root:GUI 卡顿 105ms state=IDLE anim=待机呼吸休闲 physics=None
WARNING:pet.gui_stall_sampler:GUI 冻结现场（105ms，2 个采样点，旧→新）：
WARNING:pet.gui_stall_sampler:  [t-106ms] verify_seeky_multi.py:308:<module> <- verify_seeky_multi.py:244:main
WARNING:pet.gui_stall_sampler:  [t-24ms] verify_seeky_multi.py:308:<module> <- verify_seeky_multi.py:244:main <- webm_clip.py:2499:_poll <- webm_clip.py:2750:_process_frame
WARNING:root:GUI 卡顿 105ms state=IDLE anim=待机呼吸休闲 physics=None
WARNING:pet.gui_stall_sampler:GUI 冻结现场（105ms，2 个采样点，旧→新）：
WARNING:pet.gui_stall_sampler:  [t-106ms] verify_seeky_multi.py:308:<module> <- verify_seeky_multi.py:244:main
WARNING:pet.gui_stall_sampler:  [t-24ms] verify_seeky_multi.py:308:<module> <- verify_seeky_multi.py:244:main <- webm_clip.py:2499:_poll <- webm_clip.py:2750:_process_frame
WARNING:root:GUI 卡顿 152ms state=IDLE anim=待机呼吸休闲 physics=None
WARNING:pet.gui_stall_sampler:GUI 冻结现场（152ms，2 个采样点，旧→新）：
WARNING:pet.gui_stall_sampler:  [t-155ms] verify_seeky_multi.py:308:<module> <- verify_seeky_multi.py:244:main
WARNING:pet.gui_stall_sampler:  [t-48ms] webm_clip.py:2499:_poll <- webm_clip.py:2750:_process_frame <- window_optional_services.py:62:<lambda> <- verify_seeky_multi.py:92:observed_frame <- window.py:1917:_on_frame <- window.py:2099:_rebuild_frame
WARNING:root:GUI 卡顿 153ms state=IDLE anim=待机呼吸休闲 physics=None
WARNING:pet.gui_stall_sampler:GUI 冻结现场（153ms，2 个采样点，旧→新）：
WARNING:pet.gui_stall_sampler:  [t-156ms] verify_seeky_multi.py:308:<module> <- verify_seeky_multi.py:244:main
WARNING:pet.gui_stall_sampler:  [t-49ms] webm_clip.py:2499:_poll <- webm_clip.py:2750:_process_frame <- window_optional_services.py:62:<lambda> <- verify_seeky_multi.py:92:observed_frame <- window.py:1917:_on_frame <- window.py:2099:_rebuild_frame
WARNING:root:GUI 卡顿 153ms state=IDLE anim=待机呼吸休闲 physics=None
WARNING:pet.gui_stall_sampler:GUI 冻结现场（153ms，2 个采样点，旧→新）：
WARNING:pet.gui_stall_sampler:  [t-156ms] verify_seeky_multi.py:308:<module> <- verify_seeky_multi.py:244:main
WARNING:pet.gui_stall_sampler:  [t-49ms] webm_clip.py:2499:_poll <- webm_clip.py:2750:_process_frame <- window_optional_services.py:62:<lambda> <- verify_seeky_multi.py:92:observed_frame <- window.py:1917:_on_frame <- window.py:2099:_rebuild_frame
WARNING:root:GUI 卡顿 141ms state=IDLE anim=待机呼吸休闲 physics=None
WARNING:pet.gui_stall_sampler:GUI 冻结现场（141ms，3 个采样点，旧→新）：
WARNING:pet.gui_stall_sampler:  [t-174ms] verify_seeky_multi.py:308:<module> <- verify_seeky_multi.py:244:main
WARNING:pet.gui_stall_sampler:  [t-79ms] window_optional_services.py:62:<lambda> <- verify_seeky_multi.py:92:observed_frame <- window.py:1917:_on_frame <- window.py:2124:_rebuild_frame <- window.py:2270:_sync_mask <- window_optional_services.py:42:effects_coverage
WARNING:pet.gui_stall_sampler:  [t-9ms] verify_seeky_multi.py:308:<module> <- verify_seeky_multi.py:244:main <- window.py:2464:paintEvent
WARNING:root:GUI 卡顿 144ms state=IDLE anim=待机呼吸休闲 physics=None
WARNING:pet.gui_stall_sampler:GUI 冻结现场（144ms，3 个采样点，旧→新）：
WARNING:pet.gui_stall_sampler:  [t-175ms] verify_seeky_multi.py:308:<module> <- verify_seeky_multi.py:244:main
WARNING:pet.gui_stall_sampler:  [t-80ms] window_optional_services.py:62:<lambda> <- verify_seeky_multi.py:92:observed_frame <- window.py:1917:_on_frame <- window.py:2124:_rebuild_frame <- window.py:2270:_sync_mask <- window_optional_services.py:42:effects_coverage
WARNING:pet.gui_stall_sampler:  [t-10ms] verify_seeky_multi.py:308:<module> <- verify_seeky_multi.py:244:main <- window.py:2464:paintEvent
WARNING:root:GUI 卡顿 144ms state=IDLE anim=待机呼吸休闲 physics=None
WARNING:pet.gui_stall_sampler:GUI 冻结现场（144ms，3 个采样点，旧→新）：
WARNING:pet.gui_stall_sampler:  [t-175ms] verify_seeky_multi.py:308:<module> <- verify_seeky_multi.py:244:main
WARNING:pet.gui_stall_sampler:  [t-80ms] window_optional_services.py:62:<lambda> <- verify_seeky_multi.py:92:observed_frame <- window.py:1917:_on_frame <- window.py:2124:_rebuild_frame <- window.py:2270:_sync_mask <- window_optional_services.py:42:effects_coverage
WARNING:pet.gui_stall_sampler:  [t-11ms] verify_seeky_multi.py:308:<module> <- verify_seeky_multi.py:244:main <- window.py:2464:paintEvent
WARNING:root:GUI 卡顿 100ms state=IDLE anim=待机呼吸休闲 physics=None
WARNING:pet.gui_stall_sampler:GUI 冻结现场（100ms，2 个采样点，旧→新）：
WARNING:pet.gui_stall_sampler:  [t-148ms] verify_seeky_multi.py:308:<module> <- verify_seeky_multi.py:244:main <- window.py:2464:paintEvent
WARNING:pet.gui_stall_sampler:  [t-57ms] verify_seeky_multi.py:308:<module> <- verify_seeky_multi.py:244:main <- webm_clip.py:2499:_poll <- webm_clip.py:2750:_process_frame
WARNING:root:GUI 卡顿 101ms state=IDLE anim=待机呼吸休闲 physics=None
WARNING:pet.gui_stall_sampler:GUI 冻结现场（101ms，2 个采样点，旧→新）：
WARNING:pet.gui_stall_sampler:  [t-149ms] verify_seeky_multi.py:308:<module> <- verify_seeky_multi.py:244:main <- window.py:2464:paintEvent
WARNING:pet.gui_stall_sampler:  [t-57ms] verify_seeky_multi.py:308:<module> <- verify_seeky_multi.py:244:main <- webm_clip.py:2499:_poll <- webm_clip.py:2750:_process_frame
WARNING:root:GUI 卡顿 101ms state=IDLE anim=待机呼吸休闲 physics=None
WARNING:pet.gui_stall_sampler:GUI 冻结现场（101ms，2 个采样点，旧→新）：
WARNING:pet.gui_stall_sampler:  [t-149ms] verify_seeky_multi.py:308:<module> <- verify_seeky_multi.py:244:main <- window.py:2464:paintEvent
WARNING:pet.gui_stall_sampler:  [t-58ms] verify_seeky_multi.py:308:<module> <- verify_seeky_multi.py:244:main <- webm_clip.py:2499:_poll <- webm_clip.py:2750:_process_frame
WARNING:root:GUI 卡顿 103ms state=IDLE anim=待机呼吸休闲 physics=None
WARNING:pet.gui_stall_sampler:GUI 冻结现场（103ms，2 个采样点，旧→新）：
WARNING:pet.gui_stall_sampler:  [t-150ms] verify_seeky_multi.py:308:<module> <- verify_seeky_multi.py:244:main
WARNING:pet.gui_stall_sampler:  [t-24ms] webm_clip.py:2750:_process_frame <- window_optional_services.py:62:<lambda> <- verify_seeky_multi.py:92:observed_frame <- window.py:1917:_on_frame <- window.py:2068:_rebuild_frame <- window.py:1990:_frame_signature
WARNING:root:GUI 卡顿 103ms state=IDLE anim=待机呼吸休闲 physics=None
WARNING:pet.gui_stall_sampler:GUI 冻结现场（103ms，2 个采样点，旧→新）：
WARNING:pet.gui_stall_sampler:  [t-150ms] verify_seeky_multi.py:308:<module> <- verify_seeky_multi.py:244:main
WARNING:pet.gui_stall_sampler:  [t-25ms] webm_clip.py:2750:_process_frame <- window_optional_services.py:62:<lambda> <- verify_seeky_multi.py:92:observed_frame <- window.py:1917:_on_frame <- window.py:2068:_rebuild_frame <- window.py:1990:_frame_signature
WARNING:root:GUI 卡顿 104ms state=IDLE anim=待机呼吸休闲 physics=None
WARNING:pet.gui_stall_sampler:GUI 冻结现场（104ms，2 个采样点，旧→新）：
WARNING:pet.gui_stall_sampler:  [t-151ms] verify_seeky_multi.py:308:<module> <- verify_seeky_multi.py:244:main
WARNING:pet.gui_stall_sampler:  [t-25ms] webm_clip.py:2750:_process_frame <- window_optional_services.py:62:<lambda> <- verify_seeky_multi.py:92:observed_frame <- window.py:1917:_on_frame <- window.py:2068:_rebuild_frame <- window.py:1990:_frame_signature
WARNING:root:GUI 卡顿 130ms state=IDLE anim=待机呼吸休闲 physics=None
WARNING:pet.gui_stall_sampler:GUI 冻结现场（130ms，2 个采样点，旧→新）：
WARNING:pet.gui_stall_sampler:  [t-122ms] verify_seeky_multi.py:308:<module> <- verify_seeky_multi.py:244:main <- webm_clip.py:2499:_poll <- webm_clip.py:2723:_process_frame
WARNING:pet.gui_stall_sampler:  [t-25ms] window_optional_services.py:62:<lambda> <- verify_seeky_multi.py:92:observed_frame <- window.py:1917:_on_frame <- window.py:2124:_rebuild_frame <- window.py:2270:_sync_mask <- window_optional_services.py:42:effects_coverage
WARNING:root:GUI 卡顿 131ms state=IDLE anim=待机呼吸休闲 physics=None
WARNING:pet.gui_stall_sampler:GUI 冻结现场（131ms，2 个采样点，旧→新）：
WARNING:pet.gui_stall_sampler:  [t-123ms] verify_seeky_multi.py:308:<module> <- verify_seeky_multi.py:244:main <- webm_clip.py:2499:_poll <- webm_clip.py:2723:_process_frame
WARNING:pet.gui_stall_sampler:  [t-26ms] window_optional_services.py:62:<lambda> <- verify_seeky_multi.py:92:observed_frame <- window.py:1917:_on_frame <- window.py:2124:_rebuild_frame <- window.py:2270:_sync_mask <- window_optional_services.py:42:effects_coverage
WARNING:root:GUI 卡顿 131ms state=IDLE anim=待机呼吸休闲 physics=None
WARNING:pet.gui_stall_sampler:GUI 冻结现场（131ms，2 个采样点，旧→新）：
WARNING:pet.gui_stall_sampler:  [t-123ms] verify_seeky_multi.py:308:<module> <- verify_seeky_multi.py:244:main <- webm_clip.py:2499:_poll <- webm_clip.py:2723:_process_frame
WARNING:pet.gui_stall_sampler:  [t-26ms] window_optional_services.py:62:<lambda> <- verify_seeky_multi.py:92:observed_frame <- window.py:1917:_on_frame <- window.py:2124:_rebuild_frame <- window.py:2270:_sync_mask <- window_optional_services.py:42:effects_coverage
WARNING:root:GUI 卡顿 135ms state=IDLE anim=待机呼吸休闲 physics=None
WARNING:pet.gui_stall_sampler:GUI 冻结现场（135ms，2 个采样点，旧→新）：
WARNING:pet.gui_stall_sampler:  [t-161ms] window_optional_services.py:62:<lambda> <- verify_seeky_multi.py:92:observed_frame <- window.py:1917:_on_frame <- window.py:2124:_rebuild_frame <- window.py:2270:_sync_mask <- window_optional_services.py:42:effects_coverage
WARNING:pet.gui_stall_sampler:  [t-42ms] window_optional_services.py:62:<lambda> <- verify_seeky_multi.py:92:observed_frame <- window.py:1919:_on_frame <- window.py:2126:_rebuild_frame <- window.py:2291:_sync_mask <- window_optional_services.py:44:effects_coverage
WARNING:root:GUI 卡顿 136ms state=IDLE anim=待机呼吸休闲 physics=None
WARNING:pet.gui_stall_sampler:GUI 冻结现场（136ms，2 个采样点，旧→新）：
WARNING:pet.gui_stall_sampler:  [t-162ms] window_optional_services.py:62:<lambda> <- verify_seeky_multi.py:92:observed_frame <- window.py:1917:_on_frame <- window.py:2124:_rebuild_frame <- window.py:2270:_sync_mask <- window_optional_services.py:42:effects_coverage
WARNING:pet.gui_stall_sampler:  [t-43ms] window_optional_services.py:62:<lambda> <- verify_seeky_multi.py:92:observed_frame <- window.py:1919:_on_frame <- window.py:2126:_rebuild_frame <- window.py:2291:_sync_mask <- window_optional_services.py:44:effects_coverage
WARNING:root:GUI 卡顿 136ms state=IDLE anim=待机呼吸休闲 physics=None
WARNING:pet.gui_stall_sampler:GUI 冻结现场（136ms，2 个采样点，旧→新）：
WARNING:pet.gui_stall_sampler:  [t-162ms] window_optional_services.py:62:<lambda> <- verify_seeky_multi.py:92:observed_frame <- window.py:1917:_on_frame <- window.py:2124:_rebuild_frame <- window.py:2270:_sync_mask <- window_optional_services.py:42:effects_coverage
WARNING:pet.gui_stall_sampler:  [t-44ms] window_optional_services.py:62:<lambda> <- verify_seeky_multi.py:92:observed_frame <- window.py:1919:_on_frame <- window.py:2126:_rebuild_frame <- window.py:2291:_sync_mask <- window_optional_services.py:44:effects_coverage
WARNING:root:GUI 卡顿 116ms state=IDLE anim=待机呼吸休闲 physics=None
WARNING:pet.gui_stall_sampler:GUI 冻结现场（116ms，2 个采样点，旧→新）：
WARNING:pet.gui_stall_sampler:  [t-120ms] verify_seeky_multi.py:308:<module> <- verify_seeky_multi.py:244:main
WARNING:pet.gui_stall_sampler:  [t-41ms] webm_clip.py:2499:_poll <- webm_clip.py:2750:_process_frame <- window_optional_services.py:62:<lambda> <- verify_seeky_multi.py:92:observed_frame <- window.py:1917:_on_frame <- window.py:2106:_rebuild_frame
WARNING:root:GUI 卡顿 117ms state=IDLE anim=待机呼吸休闲 physics=None
WARNING:pet.gui_stall_sampler:GUI 冻结现场（117ms，2 个采样点，旧→新）：
WARNING:pet.gui_stall_sampler:  [t-120ms] verify_seeky_multi.py:308:<module> <- verify_seeky_multi.py:244:main
WARNING:pet.gui_stall_sampler:  [t-41ms] webm_clip.py:2499:_poll <- webm_clip.py:2750:_process_frame <- window_optional_services.py:62:<lambda> <- verify_seeky_multi.py:92:observed_frame <- window.py:1917:_on_frame <- window.py:2106:_rebuild_frame
WARNING:root:GUI 卡顿 117ms state=IDLE anim=待机呼吸休闲 physics=None
WARNING:pet.gui_stall_sampler:GUI 冻结现场（117ms，2 个采样点，旧→新）：
WARNING:pet.gui_stall_sampler:  [t-120ms] verify_seeky_multi.py:308:<module> <- verify_seeky_multi.py:244:main
WARNING:pet.gui_stall_sampler:  [t-42ms] webm_clip.py:2499:_poll <- webm_clip.py:2750:_process_frame <- window_optional_services.py:62:<lambda> <- verify_seeky_multi.py:92:observed_frame <- window.py:1917:_on_frame <- window.py:2106:_rebuild_frame
WARNING:root:GUI 卡顿 114ms state=IDLE anim=待机呼吸休闲 physics=None
WARNING:pet.gui_stall_sampler:GUI 冻结现场（114ms，2 个采样点，旧→新）：
WARNING:pet.gui_stall_sampler:  [t-135ms] verify_seeky_multi.py:308:<module> <- verify_seeky_multi.py:244:main
WARNING:pet.gui_stall_sampler:  [t-45ms] window_optional_services.py:62:<lambda> <- verify_seeky_multi.py:92:observed_frame <- window.py:1917:_on_frame <- window.py:2124:_rebuild_frame <- window.py:2270:_sync_mask <- window_optional_services.py:42:effects_coverage
WARNING:root:GUI 卡顿 115ms state=IDLE anim=待机呼吸休闲 physics=None
WARNING:pet.gui_stall_sampler:GUI 冻结现场（115ms，2 个采样点，旧→新）：
WARNING:pet.gui_stall_sampler:  [t-136ms] verify_seeky_multi.py:308:<module> <- verify_seeky_multi.py:244:main
WARNING:pet.gui_stall_sampler:  [t-46ms] window_optional_services.py:62:<lambda> <- verify_seeky_multi.py:92:observed_frame <- window.py:1917:_on_frame <- window.py:2124:_rebuild_frame <- window.py:2270:_sync_mask <- window_optional_services.py:42:effects_coverage
WARNING:root:GUI 卡顿 116ms state=IDLE anim=待机呼吸休闲 physics=None
WARNING:pet.gui_stall_sampler:GUI 冻结现场（116ms，2 个采样点，旧→新）：
WARNING:pet.gui_stall_sampler:  [t-136ms] verify_seeky_multi.py:308:<module> <- verify_seeky_multi.py:244:main
WARNING:pet.gui_stall_sampler:  [t-46ms] window_optional_services.py:62:<lambda> <- verify_seeky_multi.py:92:observed_frame <- window.py:1917:_on_frame <- window.py:2124:_rebuild_frame <- window.py:2270:_sync_mask <- window_optional_services.py:42:effects_coverage
WARNING:root:GUI 卡顿 110ms state=IDLE anim=待机呼吸休闲 physics=None
WARNING:pet.gui_stall_sampler:GUI 冻结现场（110ms，2 个采样点，旧→新）：
WARNING:pet.gui_stall_sampler:  [t-141ms] verify_seeky_multi.py:308:<module> <- verify_seeky_multi.py:244:main
WARNING:pet.gui_stall_sampler:  [t-37ms] window_optional_services.py:62:<lambda> <- verify_seeky_multi.py:92:observed_frame <- window.py:1917:_on_frame <- window.py:2124:_rebuild_frame <- window.py:2270:_sync_mask <- window_optional_services.py:42:effects_coverage
WARNING:root:GUI 卡顿 111ms state=IDLE anim=待机呼吸休闲 physics=None
WARNING:pet.gui_stall_sampler:GUI 冻结现场（111ms，2 个采样点，旧→新）：
WARNING:pet.gui_stall_sampler:  [t-141ms] verify_seeky_multi.py:308:<module> <- verify_seeky_multi.py:244:main
WARNING:pet.gui_stall_sampler:  [t-37ms] window_optional_services.py:62:<lambda> <- verify_seeky_multi.py:92:observed_frame <- window.py:1917:_on_frame <- window.py:2124:_rebuild_frame <- window.py:2270:_sync_mask <- window_optional_services.py:42:effects_coverage
WARNING:root:GUI 卡顿 112ms state=IDLE anim=待机呼吸休闲 physics=None
WARNING:pet.gui_stall_sampler:GUI 冻结现场（112ms，2 个采样点，旧→新）：
WARNING:pet.gui_stall_sampler:  [t-142ms] verify_seeky_multi.py:308:<module> <- verify_seeky_multi.py:244:main
WARNING:pet.gui_stall_sampler:  [t-37ms] window_optional_services.py:62:<lambda> <- verify_seeky_multi.py:92:observed_frame <- window.py:1917:_on_frame <- window.py:2124:_rebuild_frame <- window.py:2270:_sync_mask <- window_optional_services.py:42:effects_coverage
WARNING:root:GUI 卡顿 128ms state=IDLE anim=待机呼吸休闲 physics=None
WARNING:pet.gui_stall_sampler:GUI 冻结现场（128ms，2 个采样点，旧→新）：
WARNING:pet.gui_stall_sampler:  [t-178ms] verify_seeky_multi.py:92:observed_frame <- window.py:1919:_on_frame <- window.py:2126:_rebuild_frame <- window.py:2291:_sync_mask <- window_optional_services.py:44:effects_coverage <- frame_edges.py:39:coverage_region
WARNING:pet.gui_stall_sampler:  [t-43ms] verify_seeky_multi.py:308:<module> <- verify_seeky_multi.py:244:main <- webm_clip.py:2499:_poll <- webm_clip.py:2750:_process_frame
WARNING:root:GUI 卡顿 129ms state=IDLE anim=待机呼吸休闲 physics=None
WARNING:pet.gui_stall_sampler:GUI 冻结现场（129ms，2 个采样点，旧→新）：
WARNING:pet.gui_stall_sampler:  [t-178ms] verify_seeky_multi.py:92:observed_frame <- window.py:1919:_on_frame <- window.py:2126:_rebuild_frame <- window.py:2291:_sync_mask <- window_optional_services.py:44:effects_coverage <- frame_edges.py:39:coverage_region
WARNING:pet.gui_stall_sampler:  [t-44ms] verify_seeky_multi.py:308:<module> <- verify_seeky_multi.py:244:main <- webm_clip.py:2499:_poll <- webm_clip.py:2750:_process_frame
WARNING:root:GUI 卡顿 129ms state=IDLE anim=待机呼吸休闲 physics=None
WARNING:pet.gui_stall_sampler:GUI 冻结现场（129ms，2 个采样点，旧→新）：
WARNING:pet.gui_stall_sampler:  [t-179ms] verify_seeky_multi.py:92:observed_frame <- window.py:1919:_on_frame <- window.py:2126:_rebuild_frame <- window.py:2291:_sync_mask <- window_optional_services.py:44:effects_coverage <- frame_edges.py:39:coverage_region
WARNING:pet.gui_stall_sampler:  [t-44ms] verify_seeky_multi.py:308:<module> <- verify_seeky_multi.py:244:main <- webm_clip.py:2499:_poll <- webm_clip.py:2750:_process_frame
WARNING:root:GUI 卡顿 142ms state=IDLE anim=待机呼吸休闲 physics=None
WARNING:pet.gui_stall_sampler:GUI 冻结现场（142ms，3 个采样点，旧→新）：
WARNING:pet.gui_stall_sampler:  [t-152ms] verify_seeky_multi.py:308:<module> <- verify_seeky_multi.py:244:main
WARNING:pet.gui_stall_sampler:  [t-66ms] webm_clip.py:2499:_poll <- webm_clip.py:2750:_process_frame <- window_optional_services.py:62:<lambda> <- verify_seeky_multi.py:92:observed_frame <- window.py:1917:_on_frame <- window.py:2106:_rebuild_frame
WARNING:pet.gui_stall_sampler:  [t-5ms] verify_seeky_multi.py:308:<module> <- verify_seeky_multi.py:244:main
WARNING:root:GUI 卡顿 144ms state=IDLE anim=待机呼吸休闲 physics=None
WARNING:pet.gui_stall_sampler:GUI 冻结现场（144ms，3 个采样点，旧→新）：
WARNING:pet.gui_stall_sampler:  [t-154ms] verify_seeky_multi.py:308:<module> <- verify_seeky_multi.py:244:main
WARNING:pet.gui_stall_sampler:  [t-67ms] webm_clip.py:2499:_poll <- webm_clip.py:2750:_process_frame <- window_optional_services.py:62:<lambda> <- verify_seeky_multi.py:92:observed_frame <- window.py:1917:_on_frame <- window.py:2106:_rebuild_frame
WARNING:pet.gui_stall_sampler:  [t-7ms] verify_seeky_multi.py:308:<module> <- verify_seeky_multi.py:244:main
WARNING:root:GUI 卡顿 144ms state=IDLE anim=待机呼吸休闲 physics=None
WARNING:pet.gui_stall_sampler:GUI 冻结现场（144ms，3 个采样点，旧→新）：
WARNING:pet.gui_stall_sampler:  [t-154ms] verify_seeky_multi.py:308:<module> <- verify_seeky_multi.py:244:main
WARNING:pet.gui_stall_sampler:  [t-68ms] webm_clip.py:2499:_poll <- webm_clip.py:2750:_process_frame <- window_optional_services.py:62:<lambda> <- verify_seeky_multi.py:92:observed_frame <- window.py:1917:_on_frame <- window.py:2106:_rebuild_frame
WARNING:pet.gui_stall_sampler:  [t-7ms] verify_seeky_multi.py:308:<module> <- verify_seeky_multi.py:244:main
WARNING:root:GUI 卡顿 129ms state=IDLE anim=待机呼吸休闲 physics=None
WARNING:pet.gui_stall_sampler:GUI 冻结现场（129ms，3 个采样点，旧→新）：
WARNING:pet.gui_stall_sampler:  [t-175ms] verify_seeky_multi.py:308:<module> <- verify_seeky_multi.py:244:main
WARNING:pet.gui_stall_sampler:  [t-70ms] webm_clip.py:2499:_poll <- webm_clip.py:2750:_process_frame <- window_optional_services.py:62:<lambda> <- verify_seeky_multi.py:92:observed_frame <- window.py:1917:_on_frame <- window.py:2106:_rebuild_frame
WARNING:pet.gui_stall_sampler:  [t-10ms] window_optional_services.py:62:<lambda> <- verify_seeky_multi.py:92:observed_frame <- window.py:1917:_on_frame <- window.py:2124:_rebuild_frame <- window.py:2270:_sync_mask <- window_optional_services.py:42:effects_coverage
WARNING:root:GUI 卡顿 130ms state=IDLE anim=待机呼吸休闲 physics=None
WARNING:pet.gui_stall_sampler:GUI 冻结现场（130ms，3 个采样点，旧→新）：
WARNING:pet.gui_stall_sampler:  [t-175ms] verify_seeky_multi.py:308:<module> <- verify_seeky_multi.py:244:main
WARNING:pet.gui_stall_sampler:  [t-71ms] webm_clip.py:2499:_poll <- webm_clip.py:2750:_process_frame <- window_optional_services.py:62:<lambda> <- verify_seeky_multi.py:92:observed_frame <- window.py:1917:_on_frame <- window.py:2106:_rebuild_frame
WARNING:pet.gui_stall_sampler:  [t-11ms] window_optional_services.py:62:<lambda> <- verify_seeky_multi.py:92:observed_frame <- window.py:1917:_on_frame <- window.py:2124:_rebuild_frame <- window.py:2270:_sync_mask <- window_optional_services.py:42:effects_coverage
WARNING:root:GUI 卡顿 130ms state=IDLE anim=待机呼吸休闲 physics=None
WARNING:pet.gui_stall_sampler:GUI 冻结现场（130ms，3 个采样点，旧→新）：
WARNING:pet.gui_stall_sampler:  [t-176ms] verify_seeky_multi.py:308:<module> <- verify_seeky_multi.py:244:main
WARNING:pet.gui_stall_sampler:  [t-71ms] webm_clip.py:2499:_poll <- webm_clip.py:2750:_process_frame <- window_optional_services.py:62:<lambda> <- verify_seeky_multi.py:92:observed_frame <- window.py:1917:_on_frame <- window.py:2106:_rebuild_frame
WARNING:pet.gui_stall_sampler:  [t-11ms] window_optional_services.py:62:<lambda> <- verify_seeky_multi.py:92:observed_frame <- window.py:1917:_on_frame <- window.py:2124:_rebuild_frame <- window.py:2270:_sync_mask <- window_optional_services.py:42:effects_coverage
WARNING:root:GUI 卡顿 119ms state=IDLE anim=待机呼吸休闲 physics=None
WARNING:pet.gui_stall_sampler:GUI 冻结现场（119ms，2 个采样点，旧→新）：
WARNING:pet.gui_stall_sampler:  [t-127ms] verify_seeky_multi.py:308:<module> <- verify_seeky_multi.py:244:main
WARNING:pet.gui_stall_sampler:  [t-38ms] window_optional_services.py:62:<lambda> <- verify_seeky_multi.py:92:observed_frame <- window.py:1917:_on_frame <- window.py:2068:_rebuild_frame <- window.py:1993:_frame_signature <- window.py:2030:_frame_content_fingerprint
WARNING:root:GUI 卡顿 121ms state=IDLE anim=待机呼吸休闲 physics=None
WARNING:pet.gui_stall_sampler:GUI 冻结现场（121ms，2 个采样点，旧→新）：
WARNING:pet.gui_stall_sampler:  [t-129ms] verify_seeky_multi.py:308:<module> <- verify_seeky_multi.py:244:main
WARNING:pet.gui_stall_sampler:  [t-39ms] window_optional_services.py:62:<lambda> <- verify_seeky_multi.py:92:observed_frame <- window.py:1917:_on_frame <- window.py:2068:_rebuild_frame <- window.py:1993:_frame_signature <- window.py:2030:_frame_content_fingerprint
WARNING:root:GUI 卡顿 121ms state=IDLE anim=待机呼吸休闲 physics=None
WARNING:pet.gui_stall_sampler:GUI 冻结现场（121ms，2 个采样点，旧→新）：
WARNING:pet.gui_stall_sampler:  [t-130ms] verify_seeky_multi.py:308:<module> <- verify_seeky_multi.py:244:main
WARNING:pet.gui_stall_sampler:  [t-40ms] window_optional_services.py:62:<lambda> <- verify_seeky_multi.py:92:observed_frame <- window.py:1917:_on_frame <- window.py:2068:_rebuild_frame <- window.py:1993:_frame_signature <- window.py:2030:_frame_content_fingerprint
WARNING:root:GUI 卡顿 157ms state=IDLE anim=待机呼吸休闲 physics=None
WARNING:pet.gui_stall_sampler:GUI 冻结现场（157ms，3 个采样点，旧→新）：
WARNING:pet.gui_stall_sampler:  [t-204ms] verify_seeky_multi.py:308:<module> <- verify_seeky_multi.py:244:main
WARNING:pet.gui_stall_sampler:  [t-125ms] webm_clip.py:2499:_poll <- webm_clip.py:2750:_process_frame <- window_optional_services.py:62:<lambda> <- verify_seeky_multi.py:92:observed_frame <- window.py:1917:_on_frame <- window.py:2106:_rebuild_frame
WARNING:root:GUI 卡顿 159ms state=IDLE anim=待机呼吸休闲 physics=None
WARNING:pet.gui_stall_sampler:GUI 冻结现场（159ms，3 个采样点，旧→新）：
WARNING:pet.gui_stall_sampler:  [t-205ms] verify_seeky_multi.py:308:<module> <- verify_seeky_multi.py:244:main
WARNING:pet.gui_stall_sampler:  [t-126ms] webm_clip.py:2499:_poll <- webm_clip.py:2750:_process_frame <- window_optional_services.py:62:<lambda> <- verify_seeky_multi.py:92:observed_frame <- window.py:1917:_on_frame <- window.py:2106:_rebuild_frame
WARNING:root:GUI 卡顿 159ms state=IDLE anim=待机呼吸休闲 physics=None
WARNING:pet.gui_stall_sampler:GUI 冻结现场（159ms，3 个采样点，旧→新）：
WARNING:pet.gui_stall_sampler:  [t-205ms] verify_seeky_multi.py:308:<module> <- verify_seeky_multi.py:244:main
WARNING:pet.gui_stall_sampler:  [t-126ms] webm_clip.py:2499:_poll <- webm_clip.py:2750:_process_frame <- window_optional_services.py:62:<lambda> <- verify_seeky_multi.py:92:observed_frame <- window.py:1917:_on_frame <- window.py:2106:_rebuild_frame
WARNING:root:GUI 卡顿 108ms state=IDLE anim=待机呼吸休闲 physics=None
WARNING:pet.gui_stall_sampler:GUI 冻结现场（108ms，2 个采样点，旧→新）：
WARNING:pet.gui_stall_sampler:  [t-157ms] webm_clip.py:2499:_poll <- webm_clip.py:2750:_process_frame <- window_optional_services.py:62:<lambda> <- verify_seeky_multi.py:92:observed_frame <- window.py:1917:_on_frame <- window.py:2106:_rebuild_frame
WARNING:root:GUI 卡顿 109ms state=IDLE anim=待机呼吸休闲 physics=None
WARNING:pet.gui_stall_sampler:GUI 冻结现场（109ms，2 个采样点，旧→新）：
WARNING:pet.gui_stall_sampler:  [t-158ms] webm_clip.py:2499:_poll <- webm_clip.py:2750:_process_frame <- window_optional_services.py:62:<lambda> <- verify_seeky_multi.py:92:observed_frame <- window.py:1917:_on_frame <- window.py:2106:_rebuild_frame
WARNING:root:GUI 卡顿 109ms state=IDLE anim=待机呼吸休闲 physics=None
WARNING:pet.gui_stall_sampler:GUI 冻结现场（109ms，2 个采样点，旧→新）：
WARNING:pet.gui_stall_sampler:  [t-158ms] webm_clip.py:2499:_poll <- webm_clip.py:2750:_process_frame <- window_optional_services.py:62:<lambda> <- verify_seeky_multi.py:92:observed_frame <- window.py:1917:_on_frame <- window.py:2106:_rebuild_frame
WARNING:root:GUI 卡顿 103ms state=IDLE anim=待机呼吸休闲 physics=None
WARNING:pet.gui_stall_sampler:GUI 冻结现场（103ms，2 个采样点，旧→新）：
WARNING:pet.gui_stall_sampler:  [t-131ms] verify_seeky_multi.py:308:<module> <- verify_seeky_multi.py:244:main
WARNING:pet.gui_stall_sampler:  [t-33ms] window_optional_services.py:62:<lambda> <- verify_seeky_multi.py:92:observed_frame <- window.py:1917:_on_frame <- window.py:2124:_rebuild_frame <- window.py:2270:_sync_mask <- window_optional_services.py:42:effects_coverage
WARNING:root:GUI 卡顿 103ms state=IDLE anim=待机呼吸休闲 physics=None
WARNING:pet.gui_stall_sampler:GUI 冻结现场（103ms，2 个采样点，旧→新）：
WARNING:pet.gui_stall_sampler:  [t-131ms] verify_seeky_multi.py:308:<module> <- verify_seeky_multi.py:244:main
WARNING:pet.gui_stall_sampler:  [t-34ms] window_optional_services.py:62:<lambda> <- verify_seeky_multi.py:92:observed_frame <- window.py:1917:_on_frame <- window.py:2124:_rebuild_frame <- window.py:2270:_sync_mask <- window_optional_services.py:42:effects_coverage
WARNING:root:GUI 卡顿 104ms state=IDLE anim=待机呼吸休闲 physics=None
WARNING:pet.gui_stall_sampler:GUI 冻结现场（104ms，2 个采样点，旧→新）：
WARNING:pet.gui_stall_sampler:  [t-132ms] verify_seeky_multi.py:308:<module> <- verify_seeky_multi.py:244:main
WARNING:pet.gui_stall_sampler:  [t-34ms] window_optional_services.py:62:<lambda> <- verify_seeky_multi.py:92:observed_frame <- window.py:1917:_on_frame <- window.py:2124:_rebuild_frame <- window.py:2270:_sync_mask <- window_optional_services.py:42:effects_coverage
WARNING:root:GUI 卡顿 120ms state=IDLE anim=待机呼吸休闲 physics=None
WARNING:pet.gui_stall_sampler:GUI 冻结现场（120ms，2 个采样点，旧→新）：
WARNING:pet.gui_stall_sampler:  [t-145ms] verify_seeky_multi.py:308:<module> <- verify_seeky_multi.py:244:main
WARNING:pet.gui_stall_sampler:  [t-31ms] webm_clip.py:2499:_poll <- webm_clip.py:2750:_process_frame <- window_optional_services.py:62:<lambda> <- verify_seeky_multi.py:92:observed_frame <- window.py:1917:_on_frame <- window.py:2099:_rebuild_frame
WARNING:root:GUI 卡顿 121ms state=IDLE anim=待机呼吸休闲 physics=None
WARNING:pet.gui_stall_sampler:GUI 冻结现场（121ms，2 个采样点，旧→新）：
WARNING:pet.gui_stall_sampler:  [t-145ms] verify_seeky_multi.py:308:<module> <- verify_seeky_multi.py:244:main
WARNING:pet.gui_stall_sampler:  [t-32ms] webm_clip.py:2499:_poll <- webm_clip.py:2750:_process_frame <- window_optional_services.py:62:<lambda> <- verify_seeky_multi.py:92:observed_frame <- window.py:1917:_on_frame <- window.py:2099:_rebuild_frame
WARNING:root:GUI 卡顿 121ms state=IDLE anim=待机呼吸休闲 physics=None
WARNING:pet.gui_stall_sampler:GUI 冻结现场（121ms，2 个采样点，旧→新）：
WARNING:pet.gui_stall_sampler:  [t-146ms] verify_seeky_multi.py:308:<module> <- verify_seeky_multi.py:244:main
WARNING:pet.gui_stall_sampler:  [t-32ms] webm_clip.py:2499:_poll <- webm_clip.py:2750:_process_frame <- window_optional_services.py:62:<lambda> <- verify_seeky_multi.py:92:observed_frame <- window.py:1917:_on_frame <- window.py:2099:_rebuild_frame
WARNING:root:GUI 卡顿 110ms state=IDLE anim=待机呼吸休闲 physics=None
WARNING:pet.gui_stall_sampler:GUI 冻结现场（110ms，2 个采样点，旧→新）：
WARNING:pet.gui_stall_sampler:  [t-121ms] verify_seeky_multi.py:308:<module> <- verify_seeky_multi.py:244:main
WARNING:pet.gui_stall_sampler:  [t-34ms] webm_clip.py:2499:_poll <- webm_clip.py:2750:_process_frame <- window_optional_services.py:62:<lambda> <- verify_seeky_multi.py:92:observed_frame <- window.py:1917:_on_frame <- window.py:2099:_rebuild_frame
WARNING:root:GUI 卡顿 111ms state=IDLE anim=待机呼吸休闲 physics=None
WARNING:pet.gui_stall_sampler:GUI 冻结现场（111ms，2 个采样点，旧→新）：
WARNING:pet.gui_stall_sampler:  [t-122ms] verify_seeky_multi.py:308:<module> <- verify_seeky_multi.py:244:main
WARNING:pet.gui_stall_sampler:  [t-35ms] webm_clip.py:2499:_poll <- webm_clip.py:2750:_process_frame <- window_optional_services.py:62:<lambda> <- verify_seeky_multi.py:92:observed_frame <- window.py:1917:_on_frame <- window.py:2099:_rebuild_frame
WARNING:root:GUI 卡顿 111ms state=IDLE anim=待机呼吸休闲 physics=None
WARNING:pet.gui_stall_sampler:GUI 冻结现场（111ms，2 个采样点，旧→新）：
WARNING:pet.gui_stall_sampler:  [t-122ms] verify_seeky_multi.py:308:<module> <- verify_seeky_multi.py:244:main
WARNING:pet.gui_stall_sampler:  [t-35ms] webm_clip.py:2499:_poll <- webm_clip.py:2750:_process_frame <- window_optional_services.py:62:<lambda> <- verify_seeky_multi.py:92:observed_frame <- window.py:1917:_on_frame <- window.py:2099:_rebuild_frame
WARNING:root:GUI 卡顿 120ms state=IDLE anim=待机呼吸休闲 physics=None
WARNING:pet.gui_stall_sampler:GUI 冻结现场（120ms，2 个采样点，旧→新）：
WARNING:pet.gui_stall_sampler:  [t-139ms] verify_seeky_multi.py:308:<module> <- verify_seeky_multi.py:244:main
WARNING:pet.gui_stall_sampler:  [t-38ms] webm_clip.py:2499:_poll <- webm_clip.py:2750:_process_frame <- window_optional_services.py:62:<lambda> <- verify_seeky_multi.py:92:observed_frame <- window.py:1917:_on_frame <- window.py:2106:_rebuild_frame
WARNING:root:GUI 卡顿 121ms state=IDLE anim=待机呼吸休闲 physics=None
WARNING:pet.gui_stall_sampler:GUI 冻结现场（121ms，2 个采样点，旧→新）：
WARNING:pet.gui_stall_sampler:  [t-140ms] verify_seeky_multi.py:308:<module> <- verify_seeky_multi.py:244:main
WARNING:pet.gui_stall_sampler:  [t-38ms] webm_clip.py:2499:_poll <- webm_clip.py:2750:_process_frame <- window_optional_services.py:62:<lambda> <- verify_seeky_multi.py:92:observed_frame <- window.py:1917:_on_frame <- window.py:2106:_rebuild_frame
WARNING:root:GUI 卡顿 121ms state=IDLE anim=待机呼吸休闲 physics=None
WARNING:pet.gui_stall_sampler:GUI 冻结现场（121ms，2 个采样点，旧→新）：
WARNING:pet.gui_stall_sampler:  [t-140ms] verify_seeky_multi.py:308:<module> <- verify_seeky_multi.py:244:main
WARNING:pet.gui_stall_sampler:  [t-39ms] webm_clip.py:2499:_poll <- webm_clip.py:2750:_process_frame <- window_optional_services.py:62:<lambda> <- verify_seeky_multi.py:92:observed_frame <- window.py:1917:_on_frame <- window.py:2106:_rebuild_frame
WARNING:root:GUI 卡顿 133ms state=IDLE anim=待机呼吸休闲 physics=None
WARNING:pet.gui_stall_sampler:GUI 冻结现场（133ms，2 个采样点，旧→新）：
WARNING:pet.gui_stall_sampler:  [t-151ms] verify_seeky_multi.py:308:<module> <- verify_seeky_multi.py:244:main
WARNING:pet.gui_stall_sampler:  [t-40ms] webm_clip.py:2499:_poll <- webm_clip.py:2750:_process_frame <- window_optional_services.py:62:<lambda> <- verify_seeky_multi.py:92:observed_frame <- window.py:1917:_on_frame <- window.py:2106:_rebuild_frame
WARNING:root:GUI 卡顿 133ms state=IDLE anim=待机呼吸休闲 physics=None
WARNING:pet.gui_stall_sampler:GUI 冻结现场（133ms，2 个采样点，旧→新）：
WARNING:pet.gui_stall_sampler:  [t-152ms] verify_seeky_multi.py:308:<module> <- verify_seeky_multi.py:244:main
WARNING:pet.gui_stall_sampler:  [t-40ms] webm_clip.py:2499:_poll <- webm_clip.py:2750:_process_frame <- window_optional_services.py:62:<lambda> <- verify_seeky_multi.py:92:observed_frame <- window.py:1917:_on_frame <- window.py:2106:_rebuild_frame
WARNING:root:GUI 卡顿 134ms state=IDLE anim=待机呼吸休闲 physics=None
WARNING:pet.gui_stall_sampler:GUI 冻结现场（134ms，2 个采样点，旧→新）：
WARNING:pet.gui_stall_sampler:  [t-152ms] verify_seeky_multi.py:308:<module> <- verify_seeky_multi.py:244:main
WARNING:pet.gui_stall_sampler:  [t-41ms] webm_clip.py:2499:_poll <- webm_clip.py:2750:_process_frame <- window_optional_services.py:62:<lambda> <- verify_seeky_multi.py:92:observed_frame <- window.py:1917:_on_frame <- window.py:2106:_rebuild_frame
{'max_first_frame_decoders': 2, 'steady_mib': 756.5649261474609, 'peak_mib': 1515.3478927612305, 'growth_mib': 201.35169982910156, 'playback': {0: {'fps': 14.131830249877924, 'forward_gaps': 0, 'frames': 875, 'ten_second_bins': [{'start': 0, 'fps': 23.711937512070556, 'frames': 222}, {'start': 10, 'fps': 23.786725797510456, 'frames': 237}, {'start': 20, 'fps': 23.795658547360386, 'frames': 238}, {'start': 30, 'fps': 23.79900385604112, 'frames': 238}, {'start': 40, 'fps': 23.590351044500437, 'frames': 236}, {'start': 50, 'fps': 23.006289055436113, 'frames': 230}, {'start': 60, 'fps': 14.436715697656815, 'frames': 144}, {'start': 70, 'fps': 6.349531466024887, 'frames': 63}, {'start': 80, 'fps': 7.8787082958758035, 'frames': 79}, {'start': 90, 'fps': 5.873776733550801, 'frames': 57}]}, 1: {'fps': 14.115032671294156, 'forward_gaps': 0, 'frames': 875, 'ten_second_bins': [{'start': 0, 'fps': 23.745277927684835, 'frames': 221}, {'start': 10, 'fps': 23.673862450846638, 'frames': 237}, {'start': 20, 'fps': 23.781332155973427, 'frames': 238}, {'start': 30, 'fps': 23.608599557966645, 'frames': 236}, {'start': 40, 'fps': 23.680276136101373, 'frames': 237}, {'start': 50, 'fps': 23.115810209147813, 'frames': 231}, {'start': 60, 'fps': 14.557374379021104, 'frames': 144}, {'start': 70, 'fps': 6.325745785346361, 'frames': 64}, {'start': 80, 'fps': 7.602921987855878, 'frames': 75}, {'start': 90, 'fps': 5.865286927741756, 'frames': 57}]}, 2: {'fps': 14.223442040684532, 'forward_gaps': 0, 'frames': 882, 'ten_second_bins': [{'start': 0, 'fps': 23.812874105664218, 'frames': 221}, {'start': 10, 'fps': 23.526820575456025, 'frames': 236}, {'start': 20, 'fps': 23.76636455186304, 'frames': 237}, {'start': 30, 'fps': 23.676475014296166, 'frames': 237}, {'start': 40, 'fps': 23.57071213640923, 'frames': 236}, {'start': 50, 'fps': 23.50709752923255, 'frames': 234}, {'start': 60, 'fps': 14.680868297424263, 'frames': 146}, {'start': 70, 'fps': 6.346216835899108, 'frames': 63}, {'start': 80, 'fps': 7.8822114655860585, 'frames': 79}, {'start': 90, 'fps': 5.871313391836773, 'frames': 57}]}}, 'queue_drops': 0, 'duplicate_first_images': [], 'lifecycle': {}, 'shared_process_enabled': True, 'source_widths': [2560, 2560, 2560], 'actions': {0: '待机呼吸休闲', 1: '待机呼吸休闲', 2: '待机呼吸休闲'}, 'initial_decode_routes': {0: {'idle_eligible': True, 'broker_active': True, 'feed': False, 'publish': True, 'path': '/Users/ray/Documents/New project/dsr-pet/assets/characters_hq/shenshen/videos/idle/待机呼吸休闲.webm'}, 1: {'idle_eligible': True, 'broker_active': True, 'feed': True, 'publish': False, 'path': '/Users/ray/Documents/New project/dsr-pet/assets/characters_hq/shenshen/videos/idle/待机呼吸休闲.webm'}, 2: {'idle_eligible': True, 'broker_active': True, 'feed': True, 'publish': False, 'path': '/Users/ray/Documents/New project/dsr-pet/assets/characters_hq/shenshen/videos/idle/待机呼吸休闲.webm'}}, 'live_ffmpeg_after_cleanup': []} ['Pet 0: fps=14.13, skipped source frames=0', 'Pet 1: fps=14.12, skipped source frames=0', 'Pet 2: fps=14.22, skipped source frames=0']
